route,t_s,t_ambient_c,t_device_c,power_w,ppm
passive,0.001000,-40.000000,-40.000000,0.00000000e+00,-1.36151679e+03
passive,0.051000,-40.000000,-40.000000,0.00000000e+00,-1.36151679e+03
passive,0.101000,-40.000000,-40.000000,0.00000000e+00,-1.36151679e+03
passive,0.151000,-40.000000,-40.000000,0.00000000e+00,-1.36151679e+03
passive,0.201000,-40.000000,-40.000000,0.00000000e+00,-1.36151679e+03
passive,0.251000,-40.000000,-40.000000,0.00000000e+00,-1.36151679e+03
passive,0.301000,-40.000000,-40.000000,0.00000000e+00,-1.36151679e+03
passive,0.351000,-40.000000,-40.000000,0.00000000e+00,-1.36151679e+03
passive,0.401000,-40.000000,-40.000000,0.00000000e+00,-1.36151679e+03
passive,0.451000,-40.000000,-40.000000,0.00000000e+00,-1.36151679e+03
passive,0.501000,-40.000000,-40.000000,0.00000000e+00,-1.36151679e+03
passive,0.551000,-40.000000,-40.000000,0.00000000e+00,-1.36151679e+03
passive,0.601000,-40.000000,-40.000000,0.00000000e+00,-1.36151679e+03
passive,0.651000,-40.000000,-40.000000,0.00000000e+00,-1.36151679e+03
passive,0.701000,-40.000000,-40.000000,0.00000000e+00,-1.36151679e+03
passive,0.751000,-40.000000,-40.000000,0.00000000e+00,-1.36151679e+03
passive,0.801000,-40.000000,-40.000000,0.00000000e+00,-1.36151679e+03
passive,0.851000,-40.000000,-40.000000,0.00000000e+00,-1.36151679e+03
passive,0.901000,-40.000000,-40.000000,0.00000000e+00,-1.36151679e+03
passive,0.951000,-40.000000,-40.000000,0.00000000e+00,-1.36151679e+03
passive,1.001000,-40.000000,-40.000000,0.00000000e+00,-1.36151679e+03
passive,1.051000,-40.000000,-40.000000,0.00000000e+00,-1.36151679e+03
passive,1.101000,-40.000000,-40.000000,0.00000000e+00,-1.36151679e+03
passive,1.151000,-40.000000,-40.000000,0.00000000e+00,-1.36151679e+03
passive,1.201000,-40.000000,-40.000000,0.00000000e+00,-1.36151679e+03
passive,1.251000,-40.000000,-40.000000,0.00000000e+00,-1.36151679e+03
passive,1.301000,-40.000000,-40.000000,0.00000000e+00,-1.36151679e+03
passive,1.351000,-40.000000,-40.000000,0.00000000e+00,-1.36151679e+03
passive,1.401000,-40.000000,-40.000000,0.00000000e+00,-1.36151679e+03
passive,1.451000,-40.000000,-40.000000,0.00000000e+00,-1.36151679e+03
passive,1.501000,-40.000000,-40.000000,0.00000000e+00,-1.36151679e+03
passive,1.551000,-40.000000,-40.000000,0.00000000e+00,-1.36151679e+03
passive,1.601000,-40.000000,-40.000000,0.00000000e+00,-1.36151679e+03
passive,1.651000,-40.000000,-40.000000,0.00000000e+00,-1.36151679e+03
passive,1.701000,-40.000000,-40.000000,0.00000000e+00,-1.36151679e+03
passive,1.751000,-40.000000,-40.000000,0.00000000e+00,-1.36151679e+03
passive,1.801000,-40.000000,-40.000000,0.00000000e+00,-1.36151679e+03
passive,1.851000,-40.000000,-40.000000,0.00000000e+00,-1.36151679e+03
passive,1.901000,-40.000000,-40.000000,0.00000000e+00,-1.36151679e+03
passive,1.951000,-40.000000,-40.000000,0.00000000e+00,-1.36151679e+03
passive,2.001000,-40.000000,-39.999935,0.00000000e+00,-1.36151585e+03
passive,2.051000,-39.758333,-39.887270,0.00000000e+00,-1.35989099e+03
passive,2.101000,-39.516667,-39.679000,0.00000000e+00,-1.35688973e+03
passive,2.151000,-39.275000,-39.445980,0.00000000e+00,-1.35353547e+03
passive,2.201000,-39.033333,-39.206551,0.00000000e+00,-1.35009303e+03
passive,2.251000,-38.791667,-38.965464,0.00000000e+00,-1.34663087e+03
passive,2.301000,-38.550000,-38.723948,0.00000000e+00,-1.34316673e+03
passive,2.351000,-38.308333,-38.482320,0.00000000e+00,-1.33970516e+03
passive,2.401000,-38.066667,-38.240663,0.00000000e+00,-1.33624737e+03
passive,2.451000,-37.825000,-37.998999,0.00000000e+00,-1.33279364e+03
passive,2.501000,-37.583333,-37.757333,0.00000000e+00,-1.32934407e+03
passive,2.551000,-37.341667,-37.515667,0.00000000e+00,-1.32589868e+03
passive,2.601000,-37.100000,-37.274000,0.00000000e+00,-1.32245746e+03
passive,2.651000,-36.858333,-37.032333,0.00000000e+00,-1.31902042e+03
passive,2.701000,-36.616667,-36.790667,0.00000000e+00,-1.31558756e+03
passive,2.751000,-36.375000,-36.549000,0.00000000e+00,-1.31215888e+03
passive,2.801000,-36.133333,-36.307333,0.00000000e+00,-1.30873438e+03
passive,2.851000,-35.891667,-36.065667,0.00000000e+00,-1.30531406e+03
passive,2.901000,-35.650000,-35.824000,0.00000000e+00,-1.30189792e+03
passive,2.951000,-35.408333,-35.582333,0.00000000e+00,-1.29848596e+03
passive,3.001000,-35.166667,-35.340667,0.00000000e+00,-1.29507818e+03
passive,3.051000,-34.925000,-35.099000,0.00000000e+00,-1.29167458e+03
passive,3.101000,-34.683333,-34.857333,0.00000000e+00,-1.28827515e+03
passive,3.151000,-34.441667,-34.615667,0.00000000e+00,-1.28487991e+03
passive,3.201000,-34.200000,-34.374000,0.00000000e+00,-1.28148884e+03
passive,3.251000,-33.958333,-34.132333,0.00000000e+00,-1.27810196e+03
passive,3.301000,-33.716667,-33.890667,0.00000000e+00,-1.27471925e+03
passive,3.351000,-33.475000,-33.649000,0.00000000e+00,-1.27134073e+03
passive,3.401000,-33.233333,-33.407333,0.00000000e+00,-1.26796638e+03
passive,3.451000,-32.991667,-33.165667,0.00000000e+00,-1.26459621e+03
passive,3.501000,-32.750000,-32.924000,0.00000000e+00,-1.26123021e+03
passive,3.551000,-32.508333,-32.682333,0.00000000e+00,-1.25786840e+03
passive,3.601000,-32.266667,-32.440667,0.00000000e+00,-1.25451077e+03
passive,3.651000,-32.025000,-32.199000,0.00000000e+00,-1.25115731e+03
passive,3.701000,-31.783333,-31.957333,0.00000000e+00,-1.24780803e+03
passive,3.751000,-31.541667,-31.715667,0.00000000e+00,-1.24446293e+03
passive,3.801000,-31.300000,-31.474000,0.00000000e+00,-1.24112201e+03
passive,3.851000,-31.058333,-31.232333,0.00000000e+00,-1.23778527e+03
passive,3.901000,-30.816667,-30.990667,0.00000000e+00,-1.23445270e+03
passive,3.951000,-30.575000,-30.749000,0.00000000e+00,-1.23112431e+03
passive,4.001000,-30.333333,-30.507333,0.00000000e+00,-1.22780010e+03
passive,4.051000,-30.091667,-30.265667,0.00000000e+00,-1.22448007e+03
passive,4.101000,-29.850000,-30.024000,0.00000000e+00,-1.22116422e+03
passive,4.151000,-29.608333,-29.782333,0.00000000e+00,-1.21785254e+03
passive,4.201000,-29.366667,-29.540667,0.00000000e+00,-1.21454504e+03
passive,4.251000,-29.125000,-29.299000,0.00000000e+00,-1.21124172e+03
passive,4.301000,-28.883333,-29.057333,0.00000000e+00,-1.20794257e+03
passive,4.351000,-28.641667,-28.815667,0.00000000e+00,-1.20464760e+03
passive,4.401000,-28.400000,-28.574000,0.00000000e+00,-1.20135681e+03
passive,4.451000,-28.158333,-28.332333,0.00000000e+00,-1.19807020e+03
passive,4.501000,-27.916667,-28.090667,0.00000000e+00,-1.19478776e+03
passive,4.551000,-27.675000,-27.849000,0.00000000e+00,-1.19150950e+03
passive,4.601000,-27.433333,-27.607333,0.00000000e+00,-1.18823542e+03
passive,4.651000,-27.191667,-27.365667,0.00000000e+00,-1.18496551e+03
passive,4.701000,-26.950000,-27.124000,0.00000000e+00,-1.18169978e+03
passive,4.751000,-26.708333,-26.882333,0.00000000e+00,-1.17843823e+03
passive,4.801000,-26.466667,-26.640667,0.00000000e+00,-1.17518085e+03
passive,4.851000,-26.225000,-26.399000,0.00000000e+00,-1.17192765e+03
passive,4.901000,-25.983333,-26.157333,0.00000000e+00,-1.16867863e+03
passive,4.951000,-25.741667,-25.915667,0.00000000e+00,-1.16543378e+03
passive,5.001000,-25.500000,-25.674000,0.00000000e+00,-1.16219311e+03
passive,5.051000,-25.258333,-25.432333,0.00000000e+00,-1.15895662e+03
passive,5.101000,-25.016667,-25.190667,0.00000000e+00,-1.15572430e+03
passive,5.151000,-24.775000,-24.949000,0.00000000e+00,-1.15249615e+03
passive,5.201000,-24.533333,-24.707333,0.00000000e+00,-1.14927218e+03
passive,5.251000,-24.291667,-24.465667,0.00000000e+00,-1.14605239e+03
passive,5.301000,-24.050000,-24.224000,0.00000000e+00,-1.14283678e+03
passive,5.351000,-23.808333,-23.982333,0.00000000e+00,-1.13962533e+03
passive,5.401000,-23.566667,-23.740667,0.00000000e+00,-1.13641807e+03
passive,5.451000,-23.325000,-23.499000,0.00000000e+00,-1.13321498e+03
passive,5.501000,-23.083333,-23.257333,0.00000000e+00,-1.13001606e+03
passive,5.551000,-22.841667,-23.015667,0.00000000e+00,-1.12682133e+03
passive,5.601000,-22.600000,-22.774000,0.00000000e+00,-1.12363076e+03
passive,5.651000,-22.358333,-22.532333,0.00000000e+00,-1.12044437e+03
passive,5.701000,-22.116667,-22.290667,0.00000000e+00,-1.11726216e+03
passive,5.751000,-21.875000,-22.049000,0.00000000e+00,-1.11408412e+03
passive,5.801000,-21.633333,-21.807333,0.00000000e+00,-1.11091025e+03
passive,5.851000,-21.391667,-21.565667,0.00000000e+00,-1.10774057e+03
passive,5.901000,-21.150000,-21.324000,0.00000000e+00,-1.10457505e+03
passive,5.951000,-20.908333,-21.082333,0.00000000e+00,-1.10141371e+03
passive,6.001000,-20.666667,-20.840667,0.00000000e+00,-1.09825654e+03
passive,6.051000,-20.425000,-20.599000,0.00000000e+00,-1.09510355e+03
passive,6.101000,-20.183333,-20.357333,0.00000000e+00,-1.09195474e+03
passive,6.151000,-19.941667,-20.115667,0.00000000e+00,-1.08881009e+03
passive,6.201000,-19.700000,-19.874000,0.00000000e+00,-1.08566963e+03
passive,6.251000,-19.458333,-19.632333,0.00000000e+00,-1.08253333e+03
passive,6.301000,-19.216667,-19.390667,0.00000000e+00,-1.07940121e+03
passive,6.351000,-18.975000,-19.149000,0.00000000e+00,-1.07627327e+03
passive,6.401000,-18.733333,-18.907333,0.00000000e+00,-1.07314949e+03
passive,6.451000,-18.491667,-18.665667,0.00000000e+00,-1.07002990e+03
passive,6.501000,-18.250000,-18.424000,0.00000000e+00,-1.06691447e+03
passive,6.551000,-18.008333,-18.182333,0.00000000e+00,-1.06380322e+03
passive,6.601000,-17.766667,-17.940667,0.00000000e+00,-1.06069614e+03
passive,6.651000,-17.525000,-17.699000,0.00000000e+00,-1.05759324e+03
passive,6.701000,-17.283333,-17.457333,0.00000000e+00,-1.05449451e+03
passive,6.751000,-17.041667,-17.215667,0.00000000e+00,-1.05139995e+03
passive,6.801000,-16.800000,-16.974000,0.00000000e+00,-1.04830957e+03
passive,6.851000,-16.558333,-16.732333,0.00000000e+00,-1.04522336e+03
passive,6.901000,-16.316667,-16.490667,0.00000000e+00,-1.04214132e+03
passive,6.951000,-16.075000,-16.249000,0.00000000e+00,-1.03906345e+03
passive,7.001000,-15.833333,-16.007333,0.00000000e+00,-1.03598976e+03
passive,7.051000,-15.591667,-15.765667,0.00000000e+00,-1.03292024e+03
passive,7.101000,-15.350000,-15.524000,0.00000000e+00,-1.02985490e+03
passive,7.151000,-15.108333,-15.282333,0.00000000e+00,-1.02679373e+03
passive,7.201000,-14.866667,-15.040667,0.00000000e+00,-1.02373672e+03
passive,7.251000,-14.625000,-14.799000,0.00000000e+00,-1.02068390e+03
passive,7.301000,-14.383333,-14.557333,0.00000000e+00,-1.01763524e+03
passive,7.351000,-14.141667,-14.315667,0.00000000e+00,-1.01459076e+03
passive,7.401000,-13.900000,-14.074000,0.00000000e+00,-1.01155045e+03
passive,7.451000,-13.658333,-13.832333,0.00000000e+00,-1.00851431e+03
passive,7.501000,-13.416667,-13.590667,0.00000000e+00,-1.00548234e+03
passive,7.551000,-13.175000,-13.349000,0.00000000e+00,-1.00245455e+03
passive,7.601000,-12.933333,-13.107333,0.00000000e+00,-9.99430926e+02
passive,7.651000,-12.691667,-12.865667,0.00000000e+00,-9.96411476e+02
passive,7.701000,-12.450000,-12.624000,0.00000000e+00,-9.93396197e+02
passive,7.751000,-12.208333,-12.382333,0.00000000e+00,-9.90385091e+02
passive,7.801000,-11.966667,-12.140667,0.00000000e+00,-9.87378156e+02
passive,7.851000,-11.725000,-11.899000,0.00000000e+00,-9.84375392e+02
passive,7.901000,-11.483333,-11.657333,0.00000000e+00,-9.81376801e+02
passive,7.951000,-11.241667,-11.415667,0.00000000e+00,-9.78382380e+02
passive,8.001000,-11.000000,-11.174000,0.00000000e+00,-9.75392131e+02
passive,8.051000,-10.758333,-10.932333,0.00000000e+00,-9.72406054e+02
passive,8.101000,-10.516667,-10.690667,0.00000000e+00,-9.69424147e+02
passive,8.151000,-10.275000,-10.449000,0.00000000e+00,-9.66446412e+02
passive,8.201000,-10.033333,-10.207333,0.00000000e+00,-9.63472848e+02
passive,8.251000,-9.791667,-9.965667,0.00000000e+00,-9.60503455e+02
passive,8.301000,-9.550000,-9.724000,0.00000000e+00,-9.57538233e+02
passive,8.351000,-9.308333,-9.482333,0.00000000e+00,-9.54577181e+02
passive,8.401000,-9.066667,-9.240667,0.00000000e+00,-9.51620301e+02
passive,8.451000,-8.825000,-8.999000,0.00000000e+00,-9.48667591e+02
passive,8.501000,-8.583333,-8.757333,0.00000000e+00,-9.45719052e+02
passive,8.551000,-8.341667,-8.515667,0.00000000e+00,-9.42774683e+02
passive,8.601000,-8.100000,-8.274000,0.00000000e+00,-9.39834485e+02
passive,8.651000,-7.858333,-8.032333,0.00000000e+00,-9.36898457e+02
passive,8.701000,-7.616667,-7.790667,0.00000000e+00,-9.33966600e+02
passive,8.751000,-7.375000,-7.549000,0.00000000e+00,-9.31038912e+02
passive,8.801000,-7.133333,-7.307333,0.00000000e+00,-9.28115395e+02
passive,8.851000,-6.891667,-7.065667,0.00000000e+00,-9.25196048e+02
passive,8.901000,-6.650000,-6.824000,0.00000000e+00,-9.22280871e+02
passive,8.951000,-6.408333,-6.582333,0.00000000e+00,-9.19369864e+02
passive,9.001000,-6.166667,-6.340667,0.00000000e+00,-9.16463027e+02
passive,9.051000,-5.925000,-6.099000,0.00000000e+00,-9.13560360e+02
passive,9.101000,-5.683333,-5.857333,0.00000000e+00,-9.10661862e+02
passive,9.151000,-5.441667,-5.615667,0.00000000e+00,-9.07767534e+02
passive,9.201000,-5.200000,-5.374000,0.00000000e+00,-9.04877375e+02
passive,9.251000,-4.958333,-5.132333,0.00000000e+00,-9.01991386e+02
passive,9.301000,-4.716667,-4.890667,0.00000000e+00,-8.99109567e+02
passive,9.351000,-4.475000,-4.649000,0.00000000e+00,-8.96231916e+02
passive,9.401000,-4.233333,-4.407333,0.00000000e+00,-8.93358435e+02
passive,9.451000,-3.991667,-4.165667,0.00000000e+00,-8.90489124e+02
passive,9.501000,-3.750000,-3.924000,0.00000000e+00,-8.87623981e+02
passive,9.551000,-3.508333,-3.682333,0.00000000e+00,-8.84763007e+02
passive,9.601000,-3.266667,-3.440667,0.00000000e+00,-8.81906202e+02
passive,9.651000,-3.025000,-3.199000,0.00000000e+00,-8.79053566e+02
passive,9.701000,-2.783333,-2.957333,0.00000000e+00,-8.76205099e+02
passive,9.751000,-2.541667,-2.715667,0.00000000e+00,-8.73360801e+02
passive,9.801000,-2.300000,-2.474000,0.00000000e+00,-8.70520671e+02
passive,9.851000,-2.058333,-2.232333,0.00000000e+00,-8.67684710e+02
passive,9.901000,-1.816667,-1.990667,0.00000000e+00,-8.64852917e+02
passive,9.951000,-1.575000,-1.749000,0.00000000e+00,-8.62025293e+02
passive,10.001000,-1.333333,-1.507333,0.00000000e+00,-8.59201837e+02
passive,10.051000,-1.091667,-1.265667,0.00000000e+00,-8.56382550e+02
passive,10.101000,-0.850000,-1.024000,0.00000000e+00,-8.53567430e+02
passive,10.151000,-0.608333,-0.782333,0.00000000e+00,-8.50756479e+02
passive,10.201000,-0.366667,-0.540667,0.00000000e+00,-8.47949696e+02
passive,10.251000,-0.125000,-0.299000,0.00000000e+00,-8.45147081e+02
passive,10.301000,0.116667,-0.057333,0.00000000e+00,-8.42348633e+02
passive,10.351000,0.358333,0.184333,0.00000000e+00,-8.39554354e+02
passive,10.401000,0.600000,0.426000,0.00000000e+00,-8.36764242e+02
passive,10.451000,0.841667,0.667667,0.00000000e+00,-8.33978298e+02
passive,10.501000,1.083333,0.909333,0.00000000e+00,-8.31196521e+02
passive,10.551000,1.325000,1.151000,0.00000000e+00,-8.28418913e+02
passive,10.601000,1.566667,1.392667,0.00000000e+00,-8.25645471e+02
passive,10.651000,1.808333,1.634333,0.00000000e+00,-8.22876197e+02
passive,10.701000,2.050000,1.876000,0.00000000e+00,-8.20111090e+02
passive,10.751000,2.291667,2.117667,0.00000000e+00,-8.17350151e+02
passive,10.801000,2.533333,2.359333,0.00000000e+00,-8.14593378e+02
passive,10.851000,2.775000,2.601000,0.00000000e+00,-8.11840773e+02
passive,10.901000,3.016667,2.842667,0.00000000e+00,-8.09092335e+02
passive,10.951000,3.258333,3.084333,0.00000000e+00,-8.06348063e+02
passive,11.001000,3.500000,3.326000,0.00000000e+00,-8.03607959e+02
passive,11.051000,3.741667,3.567667,0.00000000e+00,-8.00872021e+02
passive,11.101000,3.983333,3.809333,0.00000000e+00,-7.98140250e+02
passive,11.151000,4.225000,4.051000,0.00000000e+00,-7.95412646e+02
passive,11.201000,4.466667,4.292667,0.00000000e+00,-7.92689208e+02
passive,11.251000,4.708333,4.534333,0.00000000e+00,-7.89969937e+02
passive,11.301000,4.950000,4.776000,0.00000000e+00,-7.87254832e+02
passive,11.351000,5.191667,5.017667,0.00000000e+00,-7.84543894e+02
passive,11.401000,5.433333,5.259333,0.00000000e+00,-7.81837122e+02
passive,11.451000,5.675000,5.501000,0.00000000e+00,-7.79134516e+02
passive,11.501000,5.916667,5.742667,0.00000000e+00,-7.76436076e+02
passive,11.551000,6.158333,5.984333,0.00000000e+00,-7.73741802e+02
passive,11.601000,6.400000,6.226000,0.00000000e+00,-7.71051695e+02
passive,11.651000,6.641667,6.467667,0.00000000e+00,-7.68365753e+02
passive,11.701000,6.883333,6.709333,0.00000000e+00,-7.65683977e+02
passive,11.751000,7.125000,6.951000,0.00000000e+00,-7.63006367e+02
passive,11.801000,7.366667,7.192667,0.00000000e+00,-7.60332922e+02
passive,11.851000,7.608333,7.434333,0.00000000e+00,-7.57663643e+02
passive,11.901000,7.850000,7.676000,0.00000000e+00,-7.54998530e+02
passive,11.951000,8.091667,7.917667,0.00000000e+00,-7.52337582e+02
passive,12.001000,8.333333,8.159333,0.00000000e+00,-7.49680800e+02
passive,12.051000,8.575000,8.401000,0.00000000e+00,-7.47028183e+02
passive,12.101000,8.816667,8.642667,0.00000000e+00,-7.44379731e+02
passive,12.151000,9.058333,8.884333,0.00000000e+00,-7.41735444e+02
passive,12.201000,9.300000,9.126000,0.00000000e+00,-7.39095323e+02
passive,12.251000,9.541667,9.367667,0.00000000e+00,-7.36459366e+02
passive,12.301000,9.783333,9.609333,0.00000000e+00,-7.33827575e+02
passive,12.351000,10.025000,9.851000,0.00000000e+00,-7.31199948e+02
passive,12.401000,10.266667,10.092667,0.00000000e+00,-7.28576486e+02
passive,12.451000,10.508333,10.334333,0.00000000e+00,-7.25957189e+02
passive,12.501000,10.750000,10.576000,0.00000000e+00,-7.23342057e+02
passive,12.551000,10.991667,10.817667,0.00000000e+00,-7.20731089e+02
passive,12.601000,11.233333,11.059333,0.00000000e+00,-7.18124286e+02
passive,12.651000,11.475000,11.301000,0.00000000e+00,-7.15521648e+02
passive,12.701000,11.716667,11.542667,0.00000000e+00,-7.12923173e+02
passive,12.751000,11.958333,11.784333,0.00000000e+00,-7.10328864e+02
passive,12.801000,12.200000,12.026000,0.00000000e+00,-7.07738718e+02
passive,12.851000,12.441667,12.267667,0.00000000e+00,-7.05152737e+02
passive,12.901000,12.683333,12.509333,0.00000000e+00,-7.02570919e+02
passive,12.951000,12.925000,12.751000,0.00000000e+00,-6.99993266e+02
passive,13.001000,13.166667,12.992667,0.00000000e+00,-6.97419777e+02
passive,13.051000,13.408333,13.234333,0.00000000e+00,-6.94850451e+02
passive,13.101000,13.650000,13.476000,0.00000000e+00,-6.92285290e+02
passive,13.151000,13.891667,13.717667,0.00000000e+00,-6.89724292e+02
passive,13.201000,14.133333,13.959333,0.00000000e+00,-6.87167458e+02
passive,13.251000,14.375000,14.201000,0.00000000e+00,-6.84614787e+02
passive,13.301000,14.616667,14.442667,0.00000000e+00,-6.82066281e+02
passive,13.351000,14.858333,14.684333,0.00000000e+00,-6.79521937e+02
passive,13.401000,15.100000,14.926000,0.00000000e+00,-6.76981757e+02
passive,13.451000,15.341667,15.167667,0.00000000e+00,-6.74445741e+02
passive,13.501000,15.583333,15.409333,0.00000000e+00,-6.71913887e+02
passive,13.551000,15.825000,15.651000,0.00000000e+00,-6.69386197e+02
passive,13.601000,16.066667,15.892667,0.00000000e+00,-6.66862670e+02
passive,13.651000,16.308333,16.134333,0.00000000e+00,-6.64343306e+02
passive,13.701000,16.550000,16.376000,0.00000000e+00,-6.61828105e+02
passive,13.751000,16.791667,16.617667,0.00000000e+00,-6.59317067e+02
passive,13.801000,17.033333,16.859333,0.00000000e+00,-6.56810192e+02
passive,13.851000,17.275000,17.101000,0.00000000e+00,-6.54307479e+02
passive,13.901000,17.516667,17.342667,0.00000000e+00,-6.51808929e+02
passive,13.951000,17.758333,17.584333,0.00000000e+00,-6.49314542e+02
passive,14.001000,18.000000,17.826000,0.00000000e+00,-6.46824318e+02
passive,14.051000,18.241667,18.067667,0.00000000e+00,-6.44338256e+02
passive,14.101000,18.483333,18.309333,0.00000000e+00,-6.41856356e+02
passive,14.151000,18.725000,18.551000,0.00000000e+00,-6.39378619e+02
passive,14.201000,18.966667,18.792667,0.00000000e+00,-6.36905044e+02
passive,14.251000,19.208333,19.034333,0.00000000e+00,-6.34435631e+02
passive,14.301000,19.450000,19.276000,0.00000000e+00,-6.31970381e+02
passive,14.351000,19.691667,19.517667,0.00000000e+00,-6.29509292e+02
passive,14.401000,19.933333,19.759333,0.00000000e+00,-6.27052366e+02
passive,14.451000,20.175000,20.001000,0.00000000e+00,-6.24599601e+02
passive,14.501000,20.416667,20.242667,0.00000000e+00,-6.22150999e+02
passive,14.551000,20.658333,20.484333,0.00000000e+00,-6.19706558e+02
passive,14.601000,20.900000,20.726000,0.00000000e+00,-6.17266279e+02
passive,14.651000,21.141667,20.967667,0.00000000e+00,-6.14830161e+02
passive,14.701000,21.383333,21.209333,0.00000000e+00,-6.12398206e+02
passive,14.751000,21.625000,21.451000,0.00000000e+00,-6.09970411e+02
passive,14.801000,21.866667,21.692667,0.00000000e+00,-6.07546779e+02
passive,14.851000,22.108333,21.934333,0.00000000e+00,-6.05127307e+02
passive,14.901000,22.350000,22.176000,0.00000000e+00,-6.02711997e+02
passive,14.951000,22.591667,22.417667,0.00000000e+00,-6.00300848e+02
passive,15.001000,22.833333,22.659333,0.00000000e+00,-5.97893861e+02
passive,15.051000,23.075000,22.901000,0.00000000e+00,-5.95491034e+02
passive,15.101000,23.316667,23.142667,0.00000000e+00,-5.93092369e+02
passive,15.151000,23.558333,23.384333,0.00000000e+00,-5.90697864e+02
passive,15.201000,23.800000,23.626000,0.00000000e+00,-5.88307521e+02
passive,15.251000,24.041667,23.867667,0.00000000e+00,-5.85921338e+02
passive,15.301000,24.283333,24.109333,0.00000000e+00,-5.83539316e+02
passive,15.351000,24.525000,24.351000,0.00000000e+00,-5.81161455e+02
passive,15.401000,24.766667,24.592667,0.00000000e+00,-5.78787754e+02
passive,15.451000,25.008333,24.834333,0.00000000e+00,-5.76418214e+02
passive,15.501000,25.250000,25.076000,0.00000000e+00,-5.74052835e+02
passive,15.551000,25.491667,25.317667,0.00000000e+00,-5.71691616e+02
passive,15.601000,25.733333,25.559333,0.00000000e+00,-5.69334557e+02
passive,15.651000,25.975000,25.801000,0.00000000e+00,-5.66981659e+02
passive,15.701000,26.216667,26.042667,0.00000000e+00,-5.64632920e+02
passive,15.751000,26.458333,26.284333,0.00000000e+00,-5.62288343e+02
passive,15.801000,26.700000,26.526000,0.00000000e+00,-5.59947925e+02
passive,15.851000,26.941667,26.767667,0.00000000e+00,-5.57611667e+02
passive,15.901000,27.183333,27.009333,0.00000000e+00,-5.55279569e+02
passive,15.951000,27.425000,27.251000,0.00000000e+00,-5.52951631e+02
passive,16.001000,27.666667,27.492667,0.00000000e+00,-5.50627853e+02
passive,16.051000,27.908333,27.734333,0.00000000e+00,-5.48308235e+02
passive,16.101000,28.150000,27.976000,0.00000000e+00,-5.45992776e+02
passive,16.151000,28.391667,28.217667,0.00000000e+00,-5.43681477e+02
passive,16.201000,28.633333,28.459333,0.00000000e+00,-5.41374337e+02
passive,16.251000,28.875000,28.701000,0.00000000e+00,-5.39071357e+02
passive,16.301000,29.116667,28.942667,0.00000000e+00,-5.36772537e+02
passive,16.351000,29.358333,29.184333,0.00000000e+00,-5.34477876e+02
passive,16.401000,29.600000,29.426000,0.00000000e+00,-5.32187374e+02
passive,16.451000,29.841667,29.667667,0.00000000e+00,-5.29901031e+02
passive,16.501000,30.083333,29.909333,0.00000000e+00,-5.27618848e+02
passive,16.551000,30.325000,30.151000,0.00000000e+00,-5.25340823e+02
passive,16.601000,30.566667,30.392667,0.00000000e+00,-5.23066958e+02
passive,16.651000,30.808333,30.634333,0.00000000e+00,-5.20797252e+02
passive,16.701000,31.050000,30.876000,0.00000000e+00,-5.18531704e+02
passive,16.751000,31.291667,31.117667,0.00000000e+00,-5.16270316e+02
passive,16.801000,31.533333,31.359333,0.00000000e+00,-5.14013086e+02
passive,16.851000,31.775000,31.601000,0.00000000e+00,-5.11760015e+02
passive,16.901000,32.016667,31.842667,0.00000000e+00,-5.09511102e+02
passive,16.951000,32.258333,32.084333,0.00000000e+00,-5.07266348e+02
passive,17.001000,32.500000,32.326000,0.00000000e+00,-5.05025753e+02
passive,17.051000,32.741667,32.567667,0.00000000e+00,-5.02789316e+02
passive,17.101000,32.983333,32.809333,0.00000000e+00,-5.00557037e+02
passive,17.151000,33.225000,33.051000,0.00000000e+00,-4.98328917e+02
passive,17.201000,33.466667,33.292667,0.00000000e+00,-4.96104954e+02
passive,17.251000,33.708333,33.534333,0.00000000e+00,-4.93885150e+02
passive,17.301000,33.950000,33.776000,0.00000000e+00,-4.91669505e+02
passive,17.351000,34.191667,34.017667,0.00000000e+00,-4.89458017e+02
passive,17.401000,34.433333,34.259333,0.00000000e+00,-4.87250687e+02
passive,17.451000,34.675000,34.501000,0.00000000e+00,-4.85047515e+02
passive,17.501000,34.916667,34.742667,0.00000000e+00,-4.82848501e+02
passive,17.551000,35.158333,34.984333,0.00000000e+00,-4.80653645e+02
passive,17.601000,35.400000,35.226000,0.00000000e+00,-4.78462946e+02
passive,17.651000,35.641667,35.467667,0.00000000e+00,-4.76276405e+02
passive,17.701000,35.883333,35.709333,0.00000000e+00,-4.74094022e+02
passive,17.751000,36.125000,35.951000,0.00000000e+00,-4.71915796e+02
passive,17.801000,36.366667,36.192667,0.00000000e+00,-4.69741728e+02
passive,17.851000,36.608333,36.434333,0.00000000e+00,-4.67571817e+02
passive,17.901000,36.850000,36.676000,0.00000000e+00,-4.65406063e+02
passive,17.951000,37.091667,36.917667,0.00000000e+00,-4.63244467e+02
passive,18.001000,37.333333,37.159333,0.00000000e+00,-4.61087027e+02
passive,18.051000,37.575000,37.401000,0.00000000e+00,-4.58933745e+02
passive,18.101000,37.816667,37.642667,0.00000000e+00,-4.56784620e+02
passive,18.151000,38.058333,37.884333,0.00000000e+00,-4.54639652e+02
passive,18.201000,38.300000,38.126000,0.00000000e+00,-4.52498841e+02
passive,18.251000,38.541667,38.367667,0.00000000e+00,-4.50362187e+02
passive,18.301000,38.783333,38.609333,0.00000000e+00,-4.48229690e+02
passive,18.351000,39.025000,38.851000,0.00000000e+00,-4.46101349e+02
passive,18.401000,39.266667,39.092667,0.00000000e+00,-4.43977165e+02
passive,18.451000,39.508333,39.334333,0.00000000e+00,-4.41857138e+02
passive,18.501000,39.750000,39.576000,0.00000000e+00,-4.39741267e+02
passive,18.551000,39.991667,39.817667,0.00000000e+00,-4.37629553e+02
passive,18.601000,40.233333,40.059333,0.00000000e+00,-4.35521995e+02
passive,18.651000,40.475000,40.301000,0.00000000e+00,-4.33418593e+02
passive,18.701000,40.716667,40.542667,0.00000000e+00,-4.31319348e+02
passive,18.751000,40.958333,40.784333,0.00000000e+00,-4.29224259e+02
passive,18.801000,41.200000,41.026000,0.00000000e+00,-4.27133326e+02
passive,18.851000,41.441667,41.267667,0.00000000e+00,-4.25046550e+02
passive,18.901000,41.683333,41.509333,0.00000000e+00,-4.22963929e+02
passive,18.951000,41.925000,41.751000,0.00000000e+00,-4.20885464e+02
passive,19.001000,42.166667,41.992667,0.00000000e+00,-4.18811155e+02
passive,19.051000,42.408333,42.234333,0.00000000e+00,-4.16741002e+02
passive,19.101000,42.650000,42.476000,0.00000000e+00,-4.14675005e+02
passive,19.151000,42.891667,42.717667,0.00000000e+00,-4.12613164e+02
passive,19.201000,43.133333,42.959333,0.00000000e+00,-4.10555478e+02
passive,19.251000,43.375000,43.201000,0.00000000e+00,-4.08501948e+02
passive,19.301000,43.616667,43.442667,0.00000000e+00,-4.06452573e+02
passive,19.351000,43.858333,43.684333,0.00000000e+00,-4.04407354e+02
passive,19.401000,44.100000,43.926000,0.00000000e+00,-4.02366290e+02
passive,19.451000,44.341667,44.167667,0.00000000e+00,-4.00329382e+02
passive,19.501000,44.583333,44.409333,0.00000000e+00,-3.98296629e+02
passive,19.551000,44.825000,44.651000,0.00000000e+00,-3.96268031e+02
passive,19.601000,45.066667,44.892667,0.00000000e+00,-3.94243588e+02
passive,19.651000,45.308333,45.134333,0.00000000e+00,-3.92223301e+02
passive,19.701000,45.550000,45.376000,0.00000000e+00,-3.90207168e+02
passive,19.751000,45.791667,45.617667,0.00000000e+00,-3.88195190e+02
passive,19.801000,46.033333,45.859333,0.00000000e+00,-3.86187367e+02
passive,19.851000,46.275000,46.101000,0.00000000e+00,-3.84183700e+02
passive,19.901000,46.516667,46.342667,0.00000000e+00,-3.82184186e+02
passive,19.951000,46.758333,46.584333,0.00000000e+00,-3.80188828e+02
passive,20.001000,47.000000,46.826000,0.00000000e+00,-3.78197624e+02
passive,20.051000,47.241667,47.067667,0.00000000e+00,-3.76210575e+02
passive,20.101000,47.483333,47.309333,0.00000000e+00,-3.74227681e+02
passive,20.151000,47.725000,47.551000,0.00000000e+00,-3.72248940e+02
passive,20.201000,47.966667,47.792667,0.00000000e+00,-3.70274355e+02
passive,20.251000,48.208333,48.034333,0.00000000e+00,-3.68303923e+02
passive,20.301000,48.450000,48.276000,0.00000000e+00,-3.66337646e+02
passive,20.351000,48.691667,48.517667,0.00000000e+00,-3.64375523e+02
passive,20.401000,48.933333,48.759333,0.00000000e+00,-3.62417555e+02
passive,20.451000,49.175000,49.001000,0.00000000e+00,-3.60463740e+02
passive,20.501000,49.416667,49.242667,0.00000000e+00,-3.58514079e+02
passive,20.551000,49.658333,49.484333,0.00000000e+00,-3.56568573e+02
passive,20.601000,49.900000,49.726000,0.00000000e+00,-3.54627220e+02
passive,20.651000,50.141667,49.967667,0.00000000e+00,-3.52690021e+02
passive,20.701000,50.383333,50.209333,0.00000000e+00,-3.50756976e+02
passive,20.751000,50.625000,50.451000,0.00000000e+00,-3.48828085e+02
passive,20.801000,50.866667,50.692667,0.00000000e+00,-3.46903347e+02
passive,20.851000,51.108333,50.934333,0.00000000e+00,-3.44982763e+02
passive,20.901000,51.350000,51.176000,0.00000000e+00,-3.43066333e+02
passive,20.951000,51.591667,51.417667,0.00000000e+00,-3.41154056e+02
passive,21.001000,51.833333,51.659333,0.00000000e+00,-3.39245932e+02
passive,21.051000,52.075000,51.901000,0.00000000e+00,-3.37341962e+02
passive,21.101000,52.316667,52.142667,0.00000000e+00,-3.35442145e+02
passive,21.151000,52.558333,52.384333,0.00000000e+00,-3.33546481e+02
passive,21.201000,52.800000,52.626000,0.00000000e+00,-3.31654971e+02
passive,21.251000,53.041667,52.867667,0.00000000e+00,-3.29767614e+02
passive,21.301000,53.283333,53.109333,0.00000000e+00,-3.27884409e+02
passive,21.351000,53.525000,53.351000,0.00000000e+00,-3.26005358e+02
passive,21.401000,53.766667,53.592667,0.00000000e+00,-3.24130460e+02
passive,21.451000,54.008333,53.834333,0.00000000e+00,-3.22259714e+02
passive,21.501000,54.250000,54.076000,0.00000000e+00,-3.20393121e+02
passive,21.551000,54.491667,54.317667,0.00000000e+00,-3.18530682e+02
passive,21.601000,54.733333,54.559333,0.00000000e+00,-3.16672394e+02
passive,21.651000,54.975000,54.801000,0.00000000e+00,-3.14818260e+02
passive,21.701000,55.216667,55.042667,0.00000000e+00,-3.12968278e+02
passive,21.751000,55.458333,55.284333,0.00000000e+00,-3.11122448e+02
passive,21.801000,55.700000,55.526000,0.00000000e+00,-3.09280771e+02
passive,21.851000,55.941667,55.767667,0.00000000e+00,-3.07443247e+02
passive,21.901000,56.183333,56.009333,0.00000000e+00,-3.05609874e+02
passive,21.951000,56.425000,56.251000,0.00000000e+00,-3.03780655e+02
passive,22.001000,56.666667,56.492667,0.00000000e+00,-3.01955587e+02
passive,22.051000,56.908333,56.734333,0.00000000e+00,-3.00134671e+02
passive,22.101000,57.150000,56.976000,0.00000000e+00,-2.98317908e+02
passive,22.151000,57.391667,57.217667,0.00000000e+00,-2.96505296e+02
passive,22.201000,57.633333,57.459333,0.00000000e+00,-2.94696837e+02
passive,22.251000,57.875000,57.701000,0.00000000e+00,-2.92892529e+02
passive,22.301000,58.116667,57.942667,0.00000000e+00,-2.91092373e+02
passive,22.351000,58.358333,58.184333,0.00000000e+00,-2.89296369e+02
passive,22.401000,58.600000,58.426000,0.00000000e+00,-2.87504517e+02
passive,22.451000,58.841667,58.667667,0.00000000e+00,-2.85716817e+02
passive,22.501000,59.083333,58.909333,0.00000000e+00,-2.83933268e+02
passive,22.551000,59.325000,59.151000,0.00000000e+00,-2.82153871e+02
passive,22.601000,59.566667,59.392667,0.00000000e+00,-2.80378625e+02
passive,22.651000,59.808333,59.634333,0.00000000e+00,-2.78607531e+02
passive,22.701000,60.050000,59.876000,0.00000000e+00,-2.76840588e+02
passive,22.751000,60.291667,60.117667,0.00000000e+00,-2.75077796e+02
passive,22.801000,60.533333,60.359333,0.00000000e+00,-2.73319156e+02
passive,22.851000,60.775000,60.601000,0.00000000e+00,-2.71564667e+02
passive,22.901000,61.016667,60.842667,0.00000000e+00,-2.69814329e+02
passive,22.951000,61.258333,61.084333,0.00000000e+00,-2.68068142e+02
passive,23.001000,61.500000,61.326000,0.00000000e+00,-2.66326106e+02
passive,23.051000,61.741667,61.567667,0.00000000e+00,-2.64588221e+02
passive,23.101000,61.983333,61.809333,0.00000000e+00,-2.62854487e+02
passive,23.151000,62.225000,62.051000,0.00000000e+00,-2.61124904e+02
passive,23.201000,62.466667,62.292667,0.00000000e+00,-2.59399472e+02
passive,23.251000,62.708333,62.534333,0.00000000e+00,-2.57678190e+02
passive,23.301000,62.950000,62.776000,0.00000000e+00,-2.55961059e+02
passive,23.351000,63.191667,63.017667,0.00000000e+00,-2.54248079e+02
passive,23.401000,63.433333,63.259333,0.00000000e+00,-2.52539250e+02
passive,23.451000,63.675000,63.501000,0.00000000e+00,-2.50834571e+02
passive,23.501000,63.916667,63.742667,0.00000000e+00,-2.49134042e+02
passive,23.551000,64.158333,63.984333,0.00000000e+00,-2.47437664e+02
passive,23.601000,64.400000,64.226000,0.00000000e+00,-2.45745436e+02
passive,23.651000,64.641667,64.467667,0.00000000e+00,-2.44057358e+02
passive,23.701000,64.883333,64.709333,0.00000000e+00,-2.42373431e+02
passive,23.751000,65.125000,64.951000,0.00000000e+00,-2.40693653e+02
passive,23.801000,65.366667,65.192667,0.00000000e+00,-2.39018026e+02
passive,23.851000,65.608333,65.434333,0.00000000e+00,-2.37346549e+02
passive,23.901000,65.850000,65.676000,0.00000000e+00,-2.35679222e+02
passive,23.951000,66.091667,65.917667,0.00000000e+00,-2.34016045e+02
passive,24.001000,66.333333,66.159333,0.00000000e+00,-2.32357018e+02
passive,24.051000,66.575000,66.401000,0.00000000e+00,-2.30702140e+02
passive,24.101000,66.816667,66.642667,0.00000000e+00,-2.29051412e+02
passive,24.151000,67.058333,66.884333,0.00000000e+00,-2.27404834e+02
passive,24.201000,67.300000,67.126000,0.00000000e+00,-2.25762406e+02
passive,24.251000,67.541667,67.367667,0.00000000e+00,-2.24124127e+02
passive,24.301000,67.783333,67.609333,0.00000000e+00,-2.22489998e+02
passive,24.351000,68.025000,67.851000,0.00000000e+00,-2.20860018e+02
passive,24.401000,68.266667,68.092667,0.00000000e+00,-2.19234188e+02
passive,24.451000,68.508333,68.334333,0.00000000e+00,-2.17612507e+02
passive,24.501000,68.750000,68.576000,0.00000000e+00,-2.15994976e+02
passive,24.551000,68.991667,68.817667,0.00000000e+00,-2.14381593e+02
passive,24.601000,69.233333,69.059333,0.00000000e+00,-2.12772360e+02
passive,24.651000,69.475000,69.301000,0.00000000e+00,-2.11167276e+02
passive,24.701000,69.716667,69.542667,0.00000000e+00,-2.09566341e+02
passive,24.751000,69.958333,69.784333,0.00000000e+00,-2.07969555e+02
passive,24.801000,70.200000,70.026000,0.00000000e+00,-2.06376918e+02
passive,24.851000,70.441667,70.267667,0.00000000e+00,-2.04788430e+02
passive,24.901000,70.683333,70.509333,0.00000000e+00,-2.03204091e+02
passive,24.951000,70.925000,70.751000,0.00000000e+00,-2.01623901e+02
passive,25.001000,71.166667,70.992667,0.00000000e+00,-2.00047859e+02
passive,25.051000,71.408333,71.234333,0.00000000e+00,-1.98475966e+02
passive,25.101000,71.650000,71.476000,0.00000000e+00,-1.96908222e+02
passive,25.151000,71.891667,71.717667,0.00000000e+00,-1.95344626e+02
passive,25.201000,72.133333,71.959333,0.00000000e+00,-1.93785179e+02
passive,25.251000,72.375000,72.201000,0.00000000e+00,-1.92229881e+02
passive,25.301000,72.616667,72.442667,0.00000000e+00,-1.90678730e+02
passive,25.351000,72.858333,72.684333,0.00000000e+00,-1.89131728e+02
passive,25.401000,73.100000,72.926000,0.00000000e+00,-1.87588875e+02
passive,25.451000,73.341667,73.167667,0.00000000e+00,-1.86050169e+02
passive,25.501000,73.583333,73.409333,0.00000000e+00,-1.84515612e+02
passive,25.551000,73.825000,73.651000,0.00000000e+00,-1.82985203e+02
passive,25.601000,74.066667,73.892667,0.00000000e+00,-1.81458942e+02
passive,25.651000,74.308333,74.134333,0.00000000e+00,-1.79936829e+02
passive,25.701000,74.550000,74.376000,0.00000000e+00,-1.78418864e+02
passive,25.751000,74.791667,74.617667,0.00000000e+00,-1.76905047e+02
passive,25.801000,75.033333,74.859333,0.00000000e+00,-1.75395378e+02
passive,25.851000,75.275000,75.101000,0.00000000e+00,-1.73889857e+02
passive,25.901000,75.516667,75.342667,0.00000000e+00,-1.72388483e+02
passive,25.951000,75.758333,75.584333,0.00000000e+00,-1.70891257e+02
passive,26.001000,76.000000,75.826000,0.00000000e+00,-1.69398179e+02
passive,26.051000,76.241667,76.067667,0.00000000e+00,-1.67909248e+02
passive,26.101000,76.483333,76.309333,0.00000000e+00,-1.66424465e+02
passive,26.151000,76.725000,76.551000,0.00000000e+00,-1.64943829e+02
passive,26.201000,76.966667,76.792667,0.00000000e+00,-1.63467341e+02
passive,26.251000,77.208333,77.034333,0.00000000e+00,-1.61995000e+02
passive,26.301000,77.450000,77.276000,0.00000000e+00,-1.60526806e+02
passive,26.351000,77.691667,77.517667,0.00000000e+00,-1.59062760e+02
passive,26.401000,77.933333,77.759333,0.00000000e+00,-1.57602861e+02
passive,26.451000,78.175000,78.001000,0.00000000e+00,-1.56147109e+02
passive,26.501000,78.416667,78.242667,0.00000000e+00,-1.54695504e+02
passive,26.551000,78.658333,78.484333,0.00000000e+00,-1.53248046e+02
passive,26.601000,78.900000,78.726000,0.00000000e+00,-1.51804735e+02
passive,26.651000,79.141667,78.967667,0.00000000e+00,-1.50365571e+02
passive,26.701000,79.383333,79.209333,0.00000000e+00,-1.48930554e+02
passive,26.751000,79.625000,79.451000,0.00000000e+00,-1.47499684e+02
passive,26.801000,79.866667,79.692667,0.00000000e+00,-1.46072961e+02
passive,26.851000,80.108333,79.934333,0.00000000e+00,-1.44650384e+02
passive,26.901000,80.350000,80.176000,0.00000000e+00,-1.43231954e+02
passive,26.951000,80.591667,80.417667,0.00000000e+00,-1.41817671e+02
passive,27.001000,80.833333,80.659333,0.00000000e+00,-1.40407534e+02
passive,27.051000,81.075000,80.901000,0.00000000e+00,-1.39001543e+02
passive,27.101000,81.316667,81.142667,0.00000000e+00,-1.37599699e+02
passive,27.151000,81.558333,81.384333,0.00000000e+00,-1.36202002e+02
passive,27.201000,81.800000,81.626000,0.00000000e+00,-1.34808451e+02
passive,27.251000,82.041667,81.867667,0.00000000e+00,-1.33419046e+02
passive,27.301000,82.283333,82.109333,0.00000000e+00,-1.32033787e+02
passive,27.351000,82.525000,82.351000,0.00000000e+00,-1.30652675e+02
passive,27.401000,82.766667,82.592667,0.00000000e+00,-1.29275708e+02
passive,27.451000,83.008333,82.834333,0.00000000e+00,-1.27902888e+02
passive,27.501000,83.250000,83.076000,0.00000000e+00,-1.26534214e+02
passive,27.551000,83.491667,83.317667,0.00000000e+00,-1.25169685e+02
passive,27.601000,83.733333,83.559333,0.00000000e+00,-1.23809303e+02
passive,27.651000,83.975000,83.801000,0.00000000e+00,-1.22453067e+02
passive,27.701000,84.216667,84.042667,0.00000000e+00,-1.21100976e+02
passive,27.751000,84.458333,84.284333,0.00000000e+00,-1.19753031e+02
passive,27.801000,84.700000,84.526000,0.00000000e+00,-1.18409232e+02
passive,27.851000,84.941667,84.767667,0.00000000e+00,-1.17069578e+02
passive,27.901000,85.183333,85.009333,0.00000000e+00,-1.15734070e+02
passive,27.951000,85.425000,85.251000,0.00000000e+00,-1.14402708e+02
passive,28.001000,85.666667,85.492667,0.00000000e+00,-1.13075491e+02
passive,28.051000,85.908333,85.734333,0.00000000e+00,-1.11752420e+02
passive,28.101000,86.150000,85.976000,0.00000000e+00,-1.10433494e+02
passive,28.151000,86.391667,86.217667,0.00000000e+00,-1.09118713e+02
passive,28.201000,86.633333,86.459333,0.00000000e+00,-1.07808078e+02
passive,28.251000,86.875000,86.701000,0.00000000e+00,-1.06501587e+02
passive,28.301000,87.116667,86.942667,0.00000000e+00,-1.05199242e+02
passive,28.351000,87.358333,87.184333,0.00000000e+00,-1.03901043e+02
passive,28.401000,87.600000,87.426000,0.00000000e+00,-1.02606988e+02
passive,28.451000,87.841667,87.667667,0.00000000e+00,-1.01317078e+02
passive,28.501000,88.083333,87.909333,0.00000000e+00,-1.00031313e+02
passive,28.551000,88.325000,88.151000,0.00000000e+00,-9.87496937e+01
passive,28.601000,88.566667,88.392667,0.00000000e+00,-9.74722187e+01
passive,28.651000,88.808333,88.634333,0.00000000e+00,-9.61988886e+01
passive,28.701000,89.050000,88.876000,0.00000000e+00,-9.49297033e+01
passive,28.751000,89.291667,89.117667,0.00000000e+00,-9.36646627e+01
passive,28.801000,89.533333,89.359333,0.00000000e+00,-9.24037668e+01
passive,28.851000,89.775000,89.601000,0.00000000e+00,-9.11470155e+01
passive,28.901000,90.016667,89.842667,0.00000000e+00,-8.98944087e+01
passive,28.951000,90.258333,90.084333,0.00000000e+00,-8.86459465e+01
passive,29.001000,90.500000,90.326000,0.00000000e+00,-8.74016287e+01
passive,29.051000,90.741667,90.567667,0.00000000e+00,-8.61614554e+01
passive,29.101000,90.983333,90.809333,0.00000000e+00,-8.49254264e+01
passive,29.151000,91.225000,91.051000,0.00000000e+00,-8.36935418e+01
passive,29.201000,91.466667,91.292667,0.00000000e+00,-8.24658014e+01
passive,29.251000,91.708333,91.534333,0.00000000e+00,-8.12422052e+01
passive,29.301000,91.950000,91.776000,0.00000000e+00,-8.00227532e+01
passive,29.351000,92.191667,92.017667,0.00000000e+00,-7.88074452e+01
passive,29.401000,92.433333,92.259333,0.00000000e+00,-7.75962814e+01
passive,29.451000,92.675000,92.501000,0.00000000e+00,-7.63892615e+01
passive,29.501000,92.916667,92.742667,0.00000000e+00,-7.51863857e+01
passive,29.551000,93.158333,92.984333,0.00000000e+00,-7.39876537e+01
passive,29.601000,93.400000,93.226000,0.00000000e+00,-7.27930656e+01
passive,29.651000,93.641667,93.467667,0.00000000e+00,-7.16026213e+01
passive,29.701000,93.883333,93.709333,0.00000000e+00,-7.04163207e+01
passive,29.751000,94.125000,93.951000,0.00000000e+00,-6.92341639e+01
passive,29.801000,94.366667,94.192667,0.00000000e+00,-6.80561507e+01
passive,29.851000,94.608333,94.434333,0.00000000e+00,-6.68822811e+01
passive,29.901000,94.850000,94.676000,0.00000000e+00,-6.57125551e+01
passive,29.951000,95.091667,94.917667,0.00000000e+00,-6.45469726e+01
passive,30.001000,95.333333,95.159333,0.00000000e+00,-6.33855336e+01
passive,30.051000,95.575000,95.401000,0.00000000e+00,-6.22282379e+01
passive,30.101000,95.816667,95.642667,0.00000000e+00,-6.10750856e+01
passive,30.151000,96.058333,95.884333,0.00000000e+00,-5.99260767e+01
passive,30.201000,96.300000,96.126000,0.00000000e+00,-5.87812109e+01
passive,30.251000,96.541667,96.367667,0.00000000e+00,-5.76404884e+01
passive,30.301000,96.783333,96.609333,0.00000000e+00,-5.65039091e+01
passive,30.351000,97.025000,96.851000,0.00000000e+00,-5.53714729e+01
passive,30.401000,97.266667,97.092667,0.00000000e+00,-5.42431797e+01
passive,30.451000,97.508333,97.334333,0.00000000e+00,-5.31190295e+01
passive,30.501000,97.750000,97.576000,0.00000000e+00,-5.19990224e+01
passive,30.551000,97.991667,97.817667,0.00000000e+00,-5.08831581e+01
passive,30.601000,98.233333,98.059333,0.00000000e+00,-4.97714367e+01
passive,30.651000,98.475000,98.301000,0.00000000e+00,-4.86638581e+01
passive,30.701000,98.716667,98.542667,0.00000000e+00,-4.75604222e+01
passive,30.751000,98.958333,98.784333,0.00000000e+00,-4.64611291e+01
passive,30.801000,99.200000,99.026000,0.00000000e+00,-4.53659787e+01
passive,30.851000,99.441667,99.267667,0.00000000e+00,-4.42749709e+01
passive,30.901000,99.683333,99.509333,0.00000000e+00,-4.31881056e+01
passive,30.951000,99.925000,99.751000,0.00000000e+00,-4.21053829e+01
passive,31.001000,100.166667,99.992667,0.00000000e+00,-4.10268026e+01
passive,31.051000,100.408333,100.234333,0.00000000e+00,-3.99523648e+01
passive,31.101000,100.650000,100.476000,0.00000000e+00,-3.88820693e+01
passive,31.151000,100.891667,100.717667,0.00000000e+00,-3.78159162e+01
passive,31.201000,101.133333,100.959333,0.00000000e+00,-3.67539054e+01
passive,31.251000,101.375000,101.201000,0.00000000e+00,-3.56960368e+01
passive,31.301000,101.616667,101.442667,0.00000000e+00,-3.46423103e+01
passive,31.351000,101.858333,101.684333,0.00000000e+00,-3.35927260e+01
passive,31.401000,102.100000,101.926000,0.00000000e+00,-3.25472838e+01
passive,31.451000,102.341667,102.167667,0.00000000e+00,-3.15059837e+01
passive,31.501000,102.583333,102.409333,0.00000000e+00,-3.04688255e+01
passive,31.551000,102.825000,102.651000,0.00000000e+00,-2.94358093e+01
passive,31.601000,103.066667,102.892667,0.00000000e+00,-2.84069349e+01
passive,31.651000,103.308333,103.134333,0.00000000e+00,-2.73822025e+01
passive,31.701000,103.550000,103.376000,0.00000000e+00,-2.63616118e+01
passive,31.751000,103.791667,103.617667,0.00000000e+00,-2.53451628e+01
passive,31.801000,104.033333,103.859333,0.00000000e+00,-2.43328556e+01
passive,31.851000,104.275000,104.101000,0.00000000e+00,-2.33246900e+01
passive,31.901000,104.516667,104.342667,0.00000000e+00,-2.23206661e+01
passive,31.951000,104.758333,104.584333,0.00000000e+00,-2.13207837e+01
passive,32.001000,105.000000,104.825935,0.00000000e+00,-2.03253090e+01
passive,32.051000,105.000000,104.954936,0.00000000e+00,-1.97954797e+01
passive,32.101000,105.000000,104.988333,0.00000000e+00,-1.96585044e+01
passive,32.151000,105.000000,104.996980,0.00000000e+00,-1.96230557e+01
passive,32.201000,105.000000,104.999218,0.00000000e+00,-1.96138793e+01
passive,32.251000,105.000000,104.999798,0.00000000e+00,-1.96115036e+01
passive,32.301000,105.000000,104.999948,0.00000000e+00,-1.96108886e+01
passive,32.351000,105.000000,104.999986,0.00000000e+00,-1.96107294e+01
passive,32.401000,105.000000,104.999996,0.00000000e+00,-1.96106882e+01
passive,32.451000,105.000000,104.999999,0.00000000e+00,-1.96106775e+01
passive,32.501000,105.000000,105.000000,0.00000000e+00,-1.96106747e+01
passive,32.551000,105.000000,105.000000,0.00000000e+00,-1.96106740e+01
passive,32.601000,105.000000,105.000000,0.00000000e+00,-1.96106738e+01
passive,32.651000,105.000000,105.000000,0.00000000e+00,-1.96106738e+01
passive,32.701000,105.000000,105.000000,0.00000000e+00,-1.96106738e+01
passive,32.751000,105.000000,105.000000,0.00000000e+00,-1.96106738e+01
passive,32.801000,105.000000,105.000000,0.00000000e+00,-1.96106738e+01
passive,32.851000,105.000000,105.000000,0.00000000e+00,-1.96106738e+01
passive,32.901000,105.000000,105.000000,0.00000000e+00,-1.96106738e+01
passive,32.951000,105.000000,105.000000,0.00000000e+00,-1.96106738e+01
passive,33.001000,105.000000,105.000000,0.00000000e+00,-1.96106738e+01
passive,33.051000,105.000000,105.000000,0.00000000e+00,-1.96106738e+01
passive,33.101000,105.000000,105.000000,0.00000000e+00,-1.96106738e+01
passive,33.151000,105.000000,105.000000,0.00000000e+00,-1.96106738e+01
passive,33.201000,105.000000,105.000000,0.00000000e+00,-1.96106738e+01
passive,33.251000,105.000000,105.000000,0.00000000e+00,-1.96106738e+01
passive,33.301000,105.000000,105.000000,0.00000000e+00,-1.96106738e+01
passive,33.351000,105.000000,105.000000,0.00000000e+00,-1.96106738e+01
passive,33.401000,105.000000,105.000000,0.00000000e+00,-1.96106738e+01
passive,33.451000,105.000000,105.000000,0.00000000e+00,-1.96106738e+01
passive,33.501000,105.000000,105.000000,0.00000000e+00,-1.96106738e+01
passive,33.551000,105.000000,105.000000,0.00000000e+00,-1.96106738e+01
passive,33.601000,105.000000,105.000000,0.00000000e+00,-1.96106738e+01
passive,33.651000,105.000000,105.000000,0.00000000e+00,-1.96106738e+01
passive,33.701000,105.000000,105.000000,0.00000000e+00,-1.96106738e+01
passive,33.751000,105.000000,105.000000,0.00000000e+00,-1.96106738e+01
passive,33.801000,105.000000,105.000000,0.00000000e+00,-1.96106738e+01
passive,33.851000,105.000000,105.000000,0.00000000e+00,-1.96106738e+01
passive,33.901000,105.000000,105.000000,0.00000000e+00,-1.96106738e+01
passive,33.951000,105.000000,105.000000,0.00000000e+00,-1.96106738e+01
passive,34.001000,105.000000,105.000000,0.00000000e+00,-1.96106738e+01
passive,34.051000,105.000000,105.000000,0.00000000e+00,-1.96106738e+01
passive,34.101000,105.000000,105.000000,0.00000000e+00,-1.96106738e+01
passive,34.151000,105.000000,105.000000,0.00000000e+00,-1.96106738e+01
passive,34.201000,105.000000,105.000000,0.00000000e+00,-1.96106738e+01
passive,34.251000,105.000000,105.000000,0.00000000e+00,-1.96106738e+01
passive,34.301000,105.000000,105.000000,0.00000000e+00,-1.96106738e+01
passive,34.351000,105.000000,105.000000,0.00000000e+00,-1.96106738e+01
passive,34.401000,105.000000,105.000000,0.00000000e+00,-1.96106738e+01
passive,34.451000,105.000000,105.000000,0.00000000e+00,-1.96106738e+01
passive,34.501000,105.000000,105.000000,0.00000000e+00,-1.96106738e+01
passive,34.551000,105.000000,105.000000,0.00000000e+00,-1.96106738e+01
passive,34.601000,105.000000,105.000000,0.00000000e+00,-1.96106738e+01
passive,34.651000,105.000000,105.000000,0.00000000e+00,-1.96106738e+01
passive,34.701000,105.000000,105.000000,0.00000000e+00,-1.96106738e+01
passive,34.751000,105.000000,105.000000,0.00000000e+00,-1.96106738e+01
passive,34.801000,105.000000,105.000000,0.00000000e+00,-1.96106738e+01
passive,34.851000,105.000000,105.000000,0.00000000e+00,-1.96106738e+01
passive,34.901000,105.000000,105.000000,0.00000000e+00,-1.96106738e+01
passive,34.951000,105.000000,105.000000,0.00000000e+00,-1.96106738e+01
passive,35.001000,105.000000,105.000000,0.00000000e+00,-1.96106738e+01
passive,35.051000,105.000000,105.000000,0.00000000e+00,-1.96106738e+01
passive,35.101000,105.000000,105.000000,0.00000000e+00,-1.96106738e+01
passive,35.151000,105.000000,105.000000,0.00000000e+00,-1.96106738e+01
passive,35.201000,105.000000,105.000000,0.00000000e+00,-1.96106738e+01
passive,35.251000,105.000000,105.000000,0.00000000e+00,-1.96106738e+01
passive,35.301000,105.000000,105.000000,0.00000000e+00,-1.96106738e+01
passive,35.351000,105.000000,105.000000,0.00000000e+00,-1.96106738e+01
passive,35.401000,105.000000,105.000000,0.00000000e+00,-1.96106738e+01
passive,35.451000,105.000000,105.000000,0.00000000e+00,-1.96106738e+01
passive,35.501000,105.000000,105.000000,0.00000000e+00,-1.96106738e+01
passive,35.551000,105.000000,105.000000,0.00000000e+00,-1.96106738e+01
passive,35.601000,105.000000,105.000000,0.00000000e+00,-1.96106738e+01
passive,35.651000,105.000000,105.000000,0.00000000e+00,-1.96106738e+01
passive,35.701000,105.000000,105.000000,0.00000000e+00,-1.96106738e+01
passive,35.751000,105.000000,105.000000,0.00000000e+00,-1.96106738e+01
passive,35.801000,105.000000,105.000000,0.00000000e+00,-1.96106738e+01
passive,35.851000,105.000000,105.000000,0.00000000e+00,-1.96106738e+01
passive,35.901000,105.000000,105.000000,0.00000000e+00,-1.96106738e+01
passive,35.951000,105.000000,105.000000,0.00000000e+00,-1.96106738e+01
passive,36.001000,105.000000,105.000000,0.00000000e+00,-1.96106738e+01
passive,36.051000,105.000000,105.000000,0.00000000e+00,-1.96106738e+01
passive,36.101000,105.000000,105.000000,0.00000000e+00,-1.96106738e+01
passive,36.151000,105.000000,105.000000,0.00000000e+00,-1.96106738e+01
passive,36.201000,105.000000,105.000000,0.00000000e+00,-1.96106738e+01
passive,36.251000,105.000000,105.000000,0.00000000e+00,-1.96106738e+01
passive,36.301000,105.000000,105.000000,0.00000000e+00,-1.96106738e+01
passive,36.351000,105.000000,105.000000,0.00000000e+00,-1.96106738e+01
passive,36.401000,105.000000,105.000000,0.00000000e+00,-1.96106738e+01
passive,36.451000,105.000000,105.000000,0.00000000e+00,-1.96106738e+01
passive,36.501000,105.000000,105.000000,0.00000000e+00,-1.96106738e+01
passive,36.551000,105.000000,105.000000,0.00000000e+00,-1.96106738e+01
passive,36.601000,105.000000,105.000000,0.00000000e+00,-1.96106738e+01
passive,36.651000,105.000000,105.000000,0.00000000e+00,-1.96106738e+01
passive,36.701000,105.000000,105.000000,0.00000000e+00,-1.96106738e+01
passive,36.751000,105.000000,105.000000,0.00000000e+00,-1.96106738e+01
passive,36.801000,105.000000,105.000000,0.00000000e+00,-1.96106738e+01
passive,36.851000,105.000000,105.000000,0.00000000e+00,-1.96106738e+01
passive,36.901000,105.000000,105.000000,0.00000000e+00,-1.96106738e+01
passive,36.951000,105.000000,105.000000,0.00000000e+00,-1.96106738e+01
passive,37.001000,105.000000,104.999935,0.00000000e+00,-1.96109391e+01
passive,37.051000,104.758333,104.887270,0.00000000e+00,-2.00732510e+01
passive,37.101000,104.516667,104.679000,0.00000000e+00,-2.09302340e+01
passive,37.151000,104.275000,104.445980,0.00000000e+00,-2.18927076e+01
passive,37.201000,104.033333,104.206551,0.00000000e+00,-2.28856587e+01
passive,37.251000,103.791667,103.965464,0.00000000e+00,-2.38895972e+01
passive,37.301000,103.550000,103.723948,0.00000000e+00,-2.48994570e+01
passive,37.351000,103.308333,103.482320,0.00000000e+00,-2.59139211e+01
passive,37.401000,103.066667,103.240663,0.00000000e+00,-2.69326471e+01
passive,37.451000,102.825000,102.998999,0.00000000e+00,-2.79555462e+01
passive,37.501000,102.583333,102.757333,0.00000000e+00,-2.89825953e+01
passive,37.551000,102.341667,102.515667,0.00000000e+00,-3.00137883e+01
passive,37.601000,102.100000,102.274000,0.00000000e+00,-3.10491239e+01
passive,37.651000,101.858333,102.032333,0.00000000e+00,-3.20886015e+01
passive,37.701000,101.616667,101.790667,0.00000000e+00,-3.31322212e+01
passive,37.751000,101.375000,101.549000,0.00000000e+00,-3.41799829e+01
passive,37.801000,101.133333,101.307333,0.00000000e+00,-3.52318868e+01
passive,37.851000,100.891667,101.065667,0.00000000e+00,-3.62879329e+01
passive,37.901000,100.650000,100.824000,0.00000000e+00,-3.73481211e+01
passive,37.951000,100.408333,100.582333,0.00000000e+00,-3.84124516e+01
passive,38.001000,100.166667,100.340667,0.00000000e+00,-3.94809245e+01
passive,38.051000,99.925000,100.099000,0.00000000e+00,-4.05535396e+01
passive,38.101000,99.683333,99.857333,0.00000000e+00,-4.16302972e+01
passive,38.151000,99.441667,99.615667,0.00000000e+00,-4.27111972e+01
passive,38.201000,99.200000,99.374000,0.00000000e+00,-4.37962398e+01
passive,38.251000,98.958333,99.132333,0.00000000e+00,-4.48854249e+01
passive,38.301000,98.716667,98.890667,0.00000000e+00,-4.59787526e+01
passive,38.351000,98.475000,98.649000,0.00000000e+00,-4.70762229e+01
passive,38.401000,98.233333,98.407333,0.00000000e+00,-4.81778359e+01
passive,38.451000,97.991667,98.165667,0.00000000e+00,-4.92835917e+01
passive,38.501000,97.750000,97.924000,0.00000000e+00,-5.03934903e+01
passive,38.551000,97.508333,97.682333,0.00000000e+00,-5.15075317e+01
passive,38.601000,97.266667,97.440667,0.00000000e+00,-5.26257160e+01
passive,38.651000,97.025000,97.199000,0.00000000e+00,-5.37480432e+01
passive,38.701000,96.783333,96.957333,0.00000000e+00,-5.48745135e+01
passive,38.751000,96.541667,96.715667,0.00000000e+00,-5.60051267e+01
passive,38.801000,96.300000,96.474000,0.00000000e+00,-5.71398831e+01
passive,38.851000,96.058333,96.232333,0.00000000e+00,-5.82787826e+01
passive,38.901000,95.816667,95.990667,0.00000000e+00,-5.94218253e+01
passive,38.951000,95.575000,95.749000,0.00000000e+00,-6.05690112e+01
passive,39.001000,95.333333,95.507333,0.00000000e+00,-6.17203405e+01
passive,39.051000,95.091667,95.265667,0.00000000e+00,-6.28758130e+01
passive,39.101000,94.850000,95.024000,0.00000000e+00,-6.40354289e+01
passive,39.151000,94.608333,94.782333,0.00000000e+00,-6.51991883e+01
passive,39.201000,94.366667,94.540667,0.00000000e+00,-6.63670912e+01
passive,39.251000,94.125000,94.299000,0.00000000e+00,-6.75391376e+01
passive,39.301000,93.883333,94.057333,0.00000000e+00,-6.87153276e+01
passive,39.351000,93.641667,93.815667,0.00000000e+00,-6.98956612e+01
passive,39.401000,93.400000,93.574000,0.00000000e+00,-7.10801385e+01
passive,39.451000,93.158333,93.332333,0.00000000e+00,-7.22687596e+01
passive,39.501000,92.916667,93.090667,0.00000000e+00,-7.34615244e+01
passive,39.551000,92.675000,92.849000,0.00000000e+00,-7.46584331e+01
passive,39.601000,92.433333,92.607333,0.00000000e+00,-7.58594856e+01
passive,39.651000,92.191667,92.365667,0.00000000e+00,-7.70646821e+01
passive,39.701000,91.950000,92.124000,0.00000000e+00,-7.82740226e+01
passive,39.751000,91.708333,91.882333,0.00000000e+00,-7.94875071e+01
passive,39.801000,91.466667,91.640667,0.00000000e+00,-8.07051357e+01
passive,39.851000,91.225000,91.399000,0.00000000e+00,-8.19269085e+01
passive,39.901000,90.983333,91.157333,0.00000000e+00,-8.31528254e+01
passive,39.951000,90.741667,90.915667,0.00000000e+00,-8.43828866e+01
passive,40.001000,90.500000,90.674000,0.00000000e+00,-8.56170921e+01
passive,40.051000,90.258333,90.432333,0.00000000e+00,-8.68554419e+01
passive,40.101000,90.016667,90.190667,0.00000000e+00,-8.80979361e+01
passive,40.151000,89.775000,89.949000,0.00000000e+00,-8.93445747e+01
passive,40.201000,89.533333,89.707333,0.00000000e+00,-9.05953579e+01
passive,40.251000,89.291667,89.465667,0.00000000e+00,-9.18502856e+01
passive,40.301000,89.050000,89.224000,0.00000000e+00,-9.31093579e+01
passive,40.351000,88.808333,88.982333,0.00000000e+00,-9.43725748e+01
passive,40.401000,88.566667,88.740667,0.00000000e+00,-9.56399365e+01
passive,40.451000,88.325000,88.499000,0.00000000e+00,-9.69114429e+01
passive,40.501000,88.083333,88.257333,0.00000000e+00,-9.81870941e+01
passive,40.551000,87.841667,88.015667,0.00000000e+00,-9.94668901e+01
passive,40.601000,87.600000,87.774000,0.00000000e+00,-1.00750831e+02
passive,40.651000,87.358333,87.532333,0.00000000e+00,-1.02038917e+02
passive,40.701000,87.116667,87.290667,0.00000000e+00,-1.03331148e+02
passive,40.751000,86.875000,87.049000,0.00000000e+00,-1.04627524e+02
passive,40.801000,86.633333,86.807333,0.00000000e+00,-1.05928045e+02
passive,40.851000,86.391667,86.565667,0.00000000e+00,-1.07232711e+02
passive,40.901000,86.150000,86.324000,0.00000000e+00,-1.08541523e+02
passive,40.951000,85.908333,86.082333,0.00000000e+00,-1.09854479e+02
passive,41.001000,85.666667,85.840667,0.00000000e+00,-1.11171582e+02
passive,41.051000,85.425000,85.599000,0.00000000e+00,-1.12492829e+02
passive,41.101000,85.183333,85.357333,0.00000000e+00,-1.13818222e+02
passive,41.151000,84.941667,85.115667,0.00000000e+00,-1.15147760e+02
passive,41.201000,84.700000,84.874000,0.00000000e+00,-1.16481444e+02
passive,41.251000,84.458333,84.632333,0.00000000e+00,-1.17819274e+02
passive,41.301000,84.216667,84.390667,0.00000000e+00,-1.19161249e+02
passive,41.351000,83.975000,84.149000,0.00000000e+00,-1.20507369e+02
passive,41.401000,83.733333,83.907333,0.00000000e+00,-1.21857636e+02
passive,41.451000,83.491667,83.665667,0.00000000e+00,-1.23212048e+02
passive,41.501000,83.250000,83.424000,0.00000000e+00,-1.24570606e+02
passive,41.551000,83.008333,83.182333,0.00000000e+00,-1.25933310e+02
passive,41.601000,82.766667,82.940667,0.00000000e+00,-1.27300160e+02
passive,41.651000,82.525000,82.699000,0.00000000e+00,-1.28671156e+02
passive,41.701000,82.283333,82.457333,0.00000000e+00,-1.30046299e+02
passive,41.751000,82.041667,82.215667,0.00000000e+00,-1.31425587e+02
passive,41.801000,81.800000,81.974000,0.00000000e+00,-1.32809021e+02
passive,41.851000,81.558333,81.732333,0.00000000e+00,-1.34196602e+02
passive,41.901000,81.316667,81.490667,0.00000000e+00,-1.35588328e+02
passive,41.951000,81.075000,81.249000,0.00000000e+00,-1.36984202e+02
passive,42.001000,80.833333,81.007333,0.00000000e+00,-1.38384221e+02
passive,42.051000,80.591667,80.765667,0.00000000e+00,-1.39788387e+02
passive,42.101000,80.350000,80.524000,0.00000000e+00,-1.41196699e+02
passive,42.151000,80.108333,80.282333,0.00000000e+00,-1.42609158e+02
passive,42.201000,79.866667,80.040667,0.00000000e+00,-1.44025764e+02
passive,42.251000,79.625000,79.799000,0.00000000e+00,-1.45446516e+02
passive,42.301000,79.383333,79.557333,0.00000000e+00,-1.46871415e+02
passive,42.351000,79.141667,79.315667,0.00000000e+00,-1.48300461e+02
passive,42.401000,78.900000,79.074000,0.00000000e+00,-1.49733653e+02
passive,42.451000,78.658333,78.832333,0.00000000e+00,-1.51170992e+02
passive,42.501000,78.416667,78.590667,0.00000000e+00,-1.52612479e+02
passive,42.551000,78.175000,78.349000,0.00000000e+00,-1.54058112e+02
passive,42.601000,77.933333,78.107333,0.00000000e+00,-1.55507892e+02
passive,42.651000,77.691667,77.865667,0.00000000e+00,-1.56961819e+02
passive,42.701000,77.450000,77.624000,0.00000000e+00,-1.58419894e+02
passive,42.751000,77.208333,77.382333,0.00000000e+00,-1.59882115e+02
passive,42.801000,76.966667,77.140667,0.00000000e+00,-1.61348484e+02
passive,42.851000,76.725000,76.899000,0.00000000e+00,-1.62819000e+02
passive,42.901000,76.483333,76.657333,0.00000000e+00,-1.64293663e+02
passive,42.951000,76.241667,76.415667,0.00000000e+00,-1.65772474e+02
passive,43.001000,76.000000,76.174000,0.00000000e+00,-1.67255433e+02
passive,43.051000,75.758333,75.932333,0.00000000e+00,-1.68742538e+02
passive,43.101000,75.516667,75.690667,0.00000000e+00,-1.70233792e+02
passive,43.151000,75.275000,75.449000,0.00000000e+00,-1.71729193e+02
passive,43.201000,75.033333,75.207333,0.00000000e+00,-1.73228741e+02
passive,43.251000,74.791667,74.965667,0.00000000e+00,-1.74732438e+02
passive,43.301000,74.550000,74.724000,0.00000000e+00,-1.76240282e+02
passive,43.351000,74.308333,74.482333,0.00000000e+00,-1.77752274e+02
passive,43.401000,74.066667,74.240667,0.00000000e+00,-1.79268414e+02
passive,43.451000,73.825000,73.999000,0.00000000e+00,-1.80788701e+02
passive,43.501000,73.583333,73.757333,0.00000000e+00,-1.82313137e+02
passive,43.551000,73.341667,73.515667,0.00000000e+00,-1.83841721e+02
passive,43.601000,73.100000,73.274000,0.00000000e+00,-1.85374453e+02
passive,43.651000,72.858333,73.032333,0.00000000e+00,-1.86911333e+02
passive,43.701000,72.616667,72.790667,0.00000000e+00,-1.88452362e+02
passive,43.751000,72.375000,72.549000,0.00000000e+00,-1.89997538e+02
passive,43.801000,72.133333,72.307333,0.00000000e+00,-1.91546863e+02
passive,43.851000,71.891667,72.065667,0.00000000e+00,-1.93100337e+02
passive,43.901000,71.650000,71.824000,0.00000000e+00,-1.94657959e+02
passive,43.951000,71.408333,71.582333,0.00000000e+00,-1.96219729e+02
passive,44.001000,71.166667,71.340667,0.00000000e+00,-1.97785648e+02
passive,44.051000,70.925000,71.099000,0.00000000e+00,-1.99355715e+02
passive,44.101000,70.683333,70.857333,0.00000000e+00,-2.00929931e+02
passive,44.151000,70.441667,70.615667,0.00000000e+00,-2.02508296e+02
passive,44.201000,70.200000,70.374000,0.00000000e+00,-2.04090810e+02
passive,44.251000,69.958333,70.132333,0.00000000e+00,-2.05677473e+02
passive,44.301000,69.716667,69.890667,0.00000000e+00,-2.07268284e+02
passive,44.351000,69.475000,69.649000,0.00000000e+00,-2.08863244e+02
passive,44.401000,69.233333,69.407333,0.00000000e+00,-2.10462354e+02
passive,44.451000,68.991667,69.165667,0.00000000e+00,-2.12065612e+02
passive,44.501000,68.750000,68.924000,0.00000000e+00,-2.13673020e+02
passive,44.551000,68.508333,68.682333,0.00000000e+00,-2.15284576e+02
passive,44.601000,68.266667,68.440667,0.00000000e+00,-2.16900282e+02
passive,44.651000,68.025000,68.199000,0.00000000e+00,-2.18520137e+02
passive,44.701000,67.783333,67.957333,0.00000000e+00,-2.20144142e+02
passive,44.751000,67.541667,67.715667,0.00000000e+00,-2.21772296e+02
passive,44.801000,67.300000,67.474000,0.00000000e+00,-2.23404599e+02
passive,44.851000,67.058333,67.232333,0.00000000e+00,-2.25041052e+02
passive,44.901000,66.816667,66.990667,0.00000000e+00,-2.26681655e+02
passive,44.951000,66.575000,66.749000,0.00000000e+00,-2.28326407e+02
passive,45.001000,66.333333,66.507333,0.00000000e+00,-2.29975309e+02
passive,45.051000,66.091667,66.265667,0.00000000e+00,-2.31628360e+02
passive,45.101000,65.850000,66.024000,0.00000000e+00,-2.33285562e+02
passive,45.151000,65.608333,65.782333,0.00000000e+00,-2.34946913e+02
passive,45.201000,65.366667,65.540667,0.00000000e+00,-2.36612414e+02
passive,45.251000,65.125000,65.299000,0.00000000e+00,-2.38282065e+02
passive,45.301000,64.883333,65.057333,0.00000000e+00,-2.39955866e+02
passive,45.351000,64.641667,64.815667,0.00000000e+00,-2.41633817e+02
passive,45.401000,64.400000,64.574000,0.00000000e+00,-2.43315919e+02
passive,45.451000,64.158333,64.332333,0.00000000e+00,-2.45002170e+02
passive,45.501000,63.916667,64.090667,0.00000000e+00,-2.46692572e+02
passive,45.551000,63.675000,63.849000,0.00000000e+00,-2.48387124e+02
passive,45.601000,63.433333,63.607333,0.00000000e+00,-2.50085827e+02
passive,45.651000,63.191667,63.365667,0.00000000e+00,-2.51788679e+02
passive,45.701000,62.950000,63.124000,0.00000000e+00,-2.53495683e+02
passive,45.751000,62.708333,62.882333,0.00000000e+00,-2.55206837e+02
passive,45.801000,62.466667,62.640667,0.00000000e+00,-2.56922141e+02
passive,45.851000,62.225000,62.399000,0.00000000e+00,-2.58641597e+02
passive,45.901000,61.983333,62.157333,0.00000000e+00,-2.60365203e+02
passive,45.951000,61.741667,61.915667,0.00000000e+00,-2.62092959e+02
passive,46.001000,61.500000,61.674000,0.00000000e+00,-2.63824867e+02
passive,46.051000,61.258333,61.432333,0.00000000e+00,-2.65560925e+02
passive,46.101000,61.016667,61.190667,0.00000000e+00,-2.67301135e+02
passive,46.151000,60.775000,60.949000,0.00000000e+00,-2.69045495e+02
passive,46.201000,60.533333,60.707333,0.00000000e+00,-2.70794007e+02
passive,46.251000,60.291667,60.465667,0.00000000e+00,-2.72546669e+02
passive,46.301000,60.050000,60.224000,0.00000000e+00,-2.74303483e+02
passive,46.351000,59.808333,59.982333,0.00000000e+00,-2.76064448e+02
passive,46.401000,59.566667,59.740667,0.00000000e+00,-2.77829564e+02
passive,46.451000,59.325000,59.499000,0.00000000e+00,-2.79598832e+02
passive,46.501000,59.083333,59.257333,0.00000000e+00,-2.81372251e+02
passive,46.551000,58.841667,59.015667,0.00000000e+00,-2.83149822e+02
passive,46.601000,58.600000,58.774000,0.00000000e+00,-2.84931544e+02
passive,46.651000,58.358333,58.532333,0.00000000e+00,-2.86717418e+02
passive,46.701000,58.116667,58.290667,0.00000000e+00,-2.88507443e+02
passive,46.751000,57.875000,58.049000,0.00000000e+00,-2.90301620e+02
passive,46.801000,57.633333,57.807333,0.00000000e+00,-2.92099949e+02
passive,46.851000,57.391667,57.565667,0.00000000e+00,-2.93902430e+02
passive,46.901000,57.150000,57.324000,0.00000000e+00,-2.95709062e+02
passive,46.951000,56.908333,57.082333,0.00000000e+00,-2.97519847e+02
passive,47.001000,56.666667,56.840667,0.00000000e+00,-2.99334784e+02
passive,47.051000,56.425000,56.599000,0.00000000e+00,-3.01153872e+02
passive,47.101000,56.183333,56.357333,0.00000000e+00,-3.02977113e+02
passive,47.151000,55.941667,56.115667,0.00000000e+00,-3.04804506e+02
passive,47.201000,55.700000,55.874000,0.00000000e+00,-3.06636051e+02
passive,47.251000,55.458333,55.632333,0.00000000e+00,-3.08471749e+02
passive,47.301000,55.216667,55.390667,0.00000000e+00,-3.10311599e+02
passive,47.351000,54.975000,55.149000,0.00000000e+00,-3.12155601e+02
passive,47.401000,54.733333,54.907333,0.00000000e+00,-3.14003756e+02
passive,47.451000,54.491667,54.665667,0.00000000e+00,-3.15856064e+02
passive,47.501000,54.250000,54.424000,0.00000000e+00,-3.17712524e+02
passive,47.551000,54.008333,54.182333,0.00000000e+00,-3.19573136e+02
passive,47.601000,53.766667,53.940667,0.00000000e+00,-3.21437902e+02
passive,47.651000,53.525000,53.699000,0.00000000e+00,-3.23306820e+02
passive,47.701000,53.283333,53.457333,0.00000000e+00,-3.25179891e+02
passive,47.751000,53.041667,53.215667,0.00000000e+00,-3.27057115e+02
passive,47.801000,52.800000,52.974000,0.00000000e+00,-3.28938492e+02
passive,47.851000,52.558333,52.732333,0.00000000e+00,-3.30824022e+02
passive,47.901000,52.316667,52.490667,0.00000000e+00,-3.32713705e+02
passive,47.951000,52.075000,52.249000,0.00000000e+00,-3.34607541e+02
passive,48.001000,51.833333,52.007333,0.00000000e+00,-3.36505531e+02
passive,48.051000,51.591667,51.765667,0.00000000e+00,-3.38407674e+02
passive,48.101000,51.350000,51.524000,0.00000000e+00,-3.40313970e+02
passive,48.151000,51.108333,51.282333,0.00000000e+00,-3.42224419e+02
passive,48.201000,50.866667,51.040667,0.00000000e+00,-3.44139022e+02
passive,48.251000,50.625000,50.799000,0.00000000e+00,-3.46057779e+02
passive,48.301000,50.383333,50.557333,0.00000000e+00,-3.47980689e+02
passive,48.351000,50.141667,50.315667,0.00000000e+00,-3.49907752e+02
passive,48.401000,49.900000,50.074000,0.00000000e+00,-3.51838970e+02
passive,48.451000,49.658333,49.832333,0.00000000e+00,-3.53774341e+02
passive,48.501000,49.416667,49.590667,0.00000000e+00,-3.55713866e+02
passive,48.551000,49.175000,49.349000,0.00000000e+00,-3.57657545e+02
passive,48.601000,48.933333,49.107333,0.00000000e+00,-3.59605377e+02
passive,48.651000,48.691667,48.865667,0.00000000e+00,-3.61557364e+02
passive,48.701000,48.450000,48.624000,0.00000000e+00,-3.63513505e+02
passive,48.751000,48.208333,48.382333,0.00000000e+00,-3.65473800e+02
passive,48.801000,47.966667,48.140667,0.00000000e+00,-3.67438250e+02
passive,48.851000,47.725000,47.899000,0.00000000e+00,-3.69406853e+02
passive,48.901000,47.483333,47.657333,0.00000000e+00,-3.71379611e+02
passive,48.951000,47.241667,47.415667,0.00000000e+00,-3.73356523e+02
passive,49.001000,47.000000,47.174000,0.00000000e+00,-3.75337590e+02
passive,49.051000,46.758333,46.932333,0.00000000e+00,-3.77322811e+02
passive,49.101000,46.516667,46.690667,0.00000000e+00,-3.79312187e+02
passive,49.151000,46.275000,46.449000,0.00000000e+00,-3.81305717e+02
passive,49.201000,46.033333,46.207333,0.00000000e+00,-3.83303402e+02
passive,49.251000,45.791667,45.965667,0.00000000e+00,-3.85305242e+02
passive,49.301000,45.550000,45.724000,0.00000000e+00,-3.87311236e+02
passive,49.351000,45.308333,45.482333,0.00000000e+00,-3.89321386e+02
passive,49.401000,45.066667,45.240667,0.00000000e+00,-3.91335690e+02
passive,49.451000,44.825000,44.999000,0.00000000e+00,-3.93354150e+02
passive,49.501000,44.583333,44.757333,0.00000000e+00,-3.95376764e+02
passive,49.551000,44.341667,44.515667,0.00000000e+00,-3.97403534e+02
passive,49.601000,44.100000,44.274000,0.00000000e+00,-3.99434459e+02
passive,49.651000,43.858333,44.032333,0.00000000e+00,-4.01469539e+02
passive,49.701000,43.616667,43.790667,0.00000000e+00,-4.03508774e+02
passive,49.751000,43.375000,43.549000,0.00000000e+00,-4.05552165e+02
passive,49.801000,43.133333,43.307333,0.00000000e+00,-4.07599711e+02
passive,49.851000,42.891667,43.065667,0.00000000e+00,-4.09651413e+02
passive,49.901000,42.650000,42.824000,0.00000000e+00,-4.11707270e+02
passive,49.951000,42.408333,42.582333,0.00000000e+00,-4.13767283e+02
passive,50.001000,42.166667,42.340667,0.00000000e+00,-4.15831452e+02
passive,50.051000,41.925000,42.099000,0.00000000e+00,-4.17899776e+02
passive,50.101000,41.683333,41.857333,0.00000000e+00,-4.19972256e+02
passive,50.151000,41.441667,41.615667,0.00000000e+00,-4.22048892e+02
passive,50.201000,41.200000,41.374000,0.00000000e+00,-4.24129684e+02
passive,50.251000,40.958333,41.132333,0.00000000e+00,-4.26214632e+02
passive,50.301000,40.716667,40.890667,0.00000000e+00,-4.28303737e+02
passive,50.351000,40.475000,40.649000,0.00000000e+00,-4.30396997e+02
passive,50.401000,40.233333,40.407333,0.00000000e+00,-4.32494413e+02
passive,50.451000,39.991667,40.165667,0.00000000e+00,-4.34595986e+02
passive,50.501000,39.750000,39.924000,0.00000000e+00,-4.36701715e+02
passive,50.551000,39.508333,39.682333,0.00000000e+00,-4.38811601e+02
passive,50.601000,39.266667,39.440667,0.00000000e+00,-4.40925643e+02
passive,50.651000,39.025000,39.199000,0.00000000e+00,-4.43043841e+02
passive,50.701000,38.783333,38.957333,0.00000000e+00,-4.45166196e+02
passive,50.751000,38.541667,38.715667,0.00000000e+00,-4.47292708e+02
passive,50.801000,38.300000,38.474000,0.00000000e+00,-4.49423376e+02
passive,50.851000,38.058333,38.232333,0.00000000e+00,-4.51558201e+02
passive,50.901000,37.816667,37.990667,0.00000000e+00,-4.53697183e+02
passive,50.951000,37.575000,37.749000,0.00000000e+00,-4.55840322e+02
passive,51.001000,37.333333,37.507333,0.00000000e+00,-4.57987618e+02
passive,51.051000,37.091667,37.265667,0.00000000e+00,-4.60139071e+02
passive,51.101000,36.850000,37.024000,0.00000000e+00,-4.62294681e+02
passive,51.151000,36.608333,36.782333,0.00000000e+00,-4.64454448e+02
passive,51.201000,36.366667,36.540667,0.00000000e+00,-4.66618373e+02
passive,51.251000,36.125000,36.299000,0.00000000e+00,-4.68786455e+02
passive,51.301000,35.883333,36.057333,0.00000000e+00,-4.70958694e+02
passive,51.351000,35.641667,35.815667,0.00000000e+00,-4.73135090e+02
passive,51.401000,35.400000,35.574000,0.00000000e+00,-4.75315644e+02
passive,51.451000,35.158333,35.332333,0.00000000e+00,-4.77500356e+02
passive,51.501000,34.916667,35.090667,0.00000000e+00,-4.79689225e+02
passive,51.551000,34.675000,34.849000,0.00000000e+00,-4.81882252e+02
passive,51.601000,34.433333,34.607333,0.00000000e+00,-4.84079437e+02
passive,51.651000,34.191667,34.365667,0.00000000e+00,-4.86280779e+02
passive,51.701000,33.950000,34.124000,0.00000000e+00,-4.88486279e+02
passive,51.751000,33.708333,33.882333,0.00000000e+00,-4.90695938e+02
passive,51.801000,33.466667,33.640667,0.00000000e+00,-4.92909754e+02
passive,51.851000,33.225000,33.399000,0.00000000e+00,-4.95127728e+02
passive,51.901000,32.983333,33.157333,0.00000000e+00,-4.97349861e+02
passive,51.951000,32.741667,32.915667,0.00000000e+00,-4.99576152e+02
passive,52.001000,32.500000,32.674000,0.00000000e+00,-5.01806601e+02
passive,52.051000,32.258333,32.432333,0.00000000e+00,-5.04041208e+02
passive,52.101000,32.016667,32.190667,0.00000000e+00,-5.06279974e+02
passive,52.151000,31.775000,31.949000,0.00000000e+00,-5.08522898e+02
passive,52.201000,31.533333,31.707333,0.00000000e+00,-5.10769981e+02
passive,52.251000,31.291667,31.465667,0.00000000e+00,-5.13021222e+02
passive,52.301000,31.050000,31.224000,0.00000000e+00,-5.15276622e+02
passive,52.351000,30.808333,30.982333,0.00000000e+00,-5.17536181e+02
passive,52.401000,30.566667,30.740667,0.00000000e+00,-5.19799898e+02
passive,52.451000,30.325000,30.499000,0.00000000e+00,-5.22067775e+02
passive,52.501000,30.083333,30.257333,0.00000000e+00,-5.24339810e+02
passive,52.551000,29.841667,30.015667,0.00000000e+00,-5.26616005e+02
passive,52.601000,29.600000,29.774000,0.00000000e+00,-5.28896358e+02
passive,52.651000,29.358333,29.532333,0.00000000e+00,-5.31180871e+02
passive,52.701000,29.116667,29.290667,0.00000000e+00,-5.33469543e+02
passive,52.751000,28.875000,29.049000,0.00000000e+00,-5.35762374e+02
passive,52.801000,28.633333,28.807333,0.00000000e+00,-5.38059364e+02
passive,52.851000,28.391667,28.565667,0.00000000e+00,-5.40360514e+02
passive,52.901000,28.150000,28.324000,0.00000000e+00,-5.42665823e+02
passive,52.951000,27.908333,28.082333,0.00000000e+00,-5.44975292e+02
passive,53.001000,27.666667,27.840667,0.00000000e+00,-5.47288920e+02
passive,53.051000,27.425000,27.599000,0.00000000e+00,-5.49606708e+02
passive,53.101000,27.183333,27.357333,0.00000000e+00,-5.51928656e+02
passive,53.151000,26.941667,27.115667,0.00000000e+00,-5.54254764e+02
passive,53.201000,26.700000,26.874000,0.00000000e+00,-5.56585031e+02
passive,53.251000,26.458333,26.632333,0.00000000e+00,-5.58919459e+02
passive,53.301000,26.216667,26.390667,0.00000000e+00,-5.61258046e+02
passive,53.351000,25.975000,26.149000,0.00000000e+00,-5.63600794e+02
passive,53.401000,25.733333,25.907333,0.00000000e+00,-5.65947701e+02
passive,53.451000,25.491667,25.665667,0.00000000e+00,-5.68298769e+02
passive,53.501000,25.250000,25.424000,0.00000000e+00,-5.70653997e+02
passive,53.551000,25.008333,25.182333,0.00000000e+00,-5.73013386e+02
passive,53.601000,24.766667,24.940667,0.00000000e+00,-5.75376935e+02
passive,53.651000,24.525000,24.699000,0.00000000e+00,-5.77744644e+02
passive,53.701000,24.283333,24.457333,0.00000000e+00,-5.80116514e+02
passive,53.751000,24.041667,24.215667,0.00000000e+00,-5.82492544e+02
passive,53.801000,23.800000,23.974000,0.00000000e+00,-5.84872736e+02
passive,53.851000,23.558333,23.732333,0.00000000e+00,-5.87257088e+02
passive,53.901000,23.316667,23.490667,0.00000000e+00,-5.89645600e+02
passive,53.951000,23.075000,23.249000,0.00000000e+00,-5.92038274e+02
passive,54.001000,22.833333,23.007333,0.00000000e+00,-5.94435109e+02
passive,54.051000,22.591667,22.765667,0.00000000e+00,-5.96836104e+02
passive,54.101000,22.350000,22.524000,0.00000000e+00,-5.99241261e+02
passive,54.151000,22.108333,22.282333,0.00000000e+00,-6.01650579e+02
passive,54.201000,21.866667,22.040667,0.00000000e+00,-6.04064058e+02
passive,54.251000,21.625000,21.799000,0.00000000e+00,-6.06481698e+02
passive,54.301000,21.383333,21.557333,0.00000000e+00,-6.08903500e+02
passive,54.351000,21.141667,21.315667,0.00000000e+00,-6.11329463e+02
passive,54.401000,20.900000,21.074000,0.00000000e+00,-6.13759588e+02
passive,54.451000,20.658333,20.832333,0.00000000e+00,-6.16193874e+02
passive,54.501000,20.416667,20.590667,0.00000000e+00,-6.18632322e+02
passive,54.551000,20.175000,20.349000,0.00000000e+00,-6.21074932e+02
passive,54.601000,19.933333,20.107333,0.00000000e+00,-6.23521703e+02
passive,54.651000,19.691667,19.865667,0.00000000e+00,-6.25972637e+02
passive,54.701000,19.450000,19.624000,0.00000000e+00,-6.28427732e+02
passive,54.751000,19.208333,19.382333,0.00000000e+00,-6.30886989e+02
passive,54.801000,18.966667,19.140667,0.00000000e+00,-6.33350408e+02
passive,54.851000,18.725000,18.899000,0.00000000e+00,-6.35817990e+02
passive,54.901000,18.483333,18.657333,0.00000000e+00,-6.38289733e+02
passive,54.951000,18.241667,18.415667,0.00000000e+00,-6.40765639e+02
passive,55.001000,18.000000,18.174000,0.00000000e+00,-6.43245707e+02
passive,55.051000,17.758333,17.932333,0.00000000e+00,-6.45729938e+02
passive,55.101000,17.516667,17.690667,0.00000000e+00,-6.48218331e+02
passive,55.151000,17.275000,17.449000,0.00000000e+00,-6.50710886e+02
passive,55.201000,17.033333,17.207333,0.00000000e+00,-6.53207604e+02
passive,55.251000,16.791667,16.965667,0.00000000e+00,-6.55708485e+02
passive,55.301000,16.550000,16.724000,0.00000000e+00,-6.58213529e+02
passive,55.351000,16.308333,16.482333,0.00000000e+00,-6.60722735e+02
passive,55.401000,16.066667,16.240667,0.00000000e+00,-6.63236105e+02
passive,55.451000,15.825000,15.999000,0.00000000e+00,-6.65753637e+02
passive,55.501000,15.583333,15.757333,0.00000000e+00,-6.68275332e+02
passive,55.551000,15.341667,15.515667,0.00000000e+00,-6.70801191e+02
passive,55.601000,15.100000,15.274000,0.00000000e+00,-6.73331212e+02
passive,55.651000,14.858333,15.032333,0.00000000e+00,-6.75865397e+02
passive,55.701000,14.616667,14.790667,0.00000000e+00,-6.78403745e+02
passive,55.751000,14.375000,14.549000,0.00000000e+00,-6.80946257e+02
passive,55.801000,14.133333,14.307333,0.00000000e+00,-6.83492931e+02
passive,55.851000,13.891667,14.065667,0.00000000e+00,-6.86043770e+02
passive,55.901000,13.650000,13.824000,0.00000000e+00,-6.88598772e+02
passive,55.951000,13.408333,13.582333,0.00000000e+00,-6.91157938e+02
passive,56.001000,13.166667,13.340667,0.00000000e+00,-6.93721267e+02
passive,56.051000,12.925000,13.099000,0.00000000e+00,-6.96288761e+02
passive,56.101000,12.683333,12.857333,0.00000000e+00,-6.98860418e+02
passive,56.151000,12.441667,12.615667,0.00000000e+00,-7.01436239e+02
passive,56.201000,12.200000,12.374000,0.00000000e+00,-7.04016224e+02
passive,56.251000,11.958333,12.132333,0.00000000e+00,-7.06600373e+02
passive,56.301000,11.716667,11.890667,0.00000000e+00,-7.09188687e+02
passive,56.351000,11.475000,11.649000,0.00000000e+00,-7.11781164e+02
passive,56.401000,11.233333,11.407333,0.00000000e+00,-7.14377806e+02
passive,56.451000,10.991667,11.165667,0.00000000e+00,-7.16978612e+02
passive,56.501000,10.750000,10.924000,0.00000000e+00,-7.19583583e+02
passive,56.551000,10.508333,10.682333,0.00000000e+00,-7.22192718e+02
passive,56.601000,10.266667,10.440667,0.00000000e+00,-7.24806018e+02
passive,56.651000,10.025000,10.199000,0.00000000e+00,-7.27423483e+02
passive,56.701000,9.783333,9.957333,0.00000000e+00,-7.30045112e+02
passive,56.751000,9.541667,9.715667,0.00000000e+00,-7.32670906e+02
passive,56.801000,9.300000,9.474000,0.00000000e+00,-7.35300865e+02
passive,56.851000,9.058333,9.232333,0.00000000e+00,-7.37934989e+02
passive,56.901000,8.816667,8.990667,0.00000000e+00,-7.40573277e+02
passive,56.951000,8.575000,8.749000,0.00000000e+00,-7.43215731e+02
passive,57.001000,8.333333,8.507333,0.00000000e+00,-7.45862351e+02
passive,57.051000,8.091667,8.265667,0.00000000e+00,-7.48513135e+02
passive,57.101000,7.850000,8.024000,0.00000000e+00,-7.51168085e+02
passive,57.151000,7.608333,7.782333,0.00000000e+00,-7.53827200e+02
passive,57.201000,7.366667,7.540667,0.00000000e+00,-7.56490480e+02
passive,57.251000,7.125000,7.299000,0.00000000e+00,-7.59157926e+02
passive,57.301000,6.883333,7.057333,0.00000000e+00,-7.61829538e+02
passive,57.351000,6.641667,6.815667,0.00000000e+00,-7.64505315e+02
passive,57.401000,6.400000,6.574000,0.00000000e+00,-7.67185258e+02
passive,57.451000,6.158333,6.332333,0.00000000e+00,-7.69869367e+02
passive,57.501000,5.916667,6.090667,0.00000000e+00,-7.72557642e+02
passive,57.551000,5.675000,5.849000,0.00000000e+00,-7.75250082e+02
passive,57.601000,5.433333,5.607333,0.00000000e+00,-7.77946689e+02
passive,57.651000,5.191667,5.365667,0.00000000e+00,-7.80647462e+02
passive,57.701000,4.950000,5.124000,0.00000000e+00,-7.83352401e+02
passive,57.751000,4.708333,4.882333,0.00000000e+00,-7.86061506e+02
passive,57.801000,4.466667,4.640667,0.00000000e+00,-7.88774778e+02
passive,57.851000,4.225000,4.399000,0.00000000e+00,-7.91492216e+02
passive,57.901000,3.983333,4.157333,0.00000000e+00,-7.94213820e+02
passive,57.951000,3.741667,3.915667,0.00000000e+00,-7.96939591e+02
passive,58.001000,3.500000,3.674000,0.00000000e+00,-7.99669529e+02
passive,58.051000,3.258333,3.432333,0.00000000e+00,-8.02403633e+02
passive,58.101000,3.016667,3.190667,0.00000000e+00,-8.05141904e+02
passive,58.151000,2.775000,2.949000,0.00000000e+00,-8.07884342e+02
passive,58.201000,2.533333,2.707333,0.00000000e+00,-8.10630947e+02
passive,58.251000,2.291667,2.465667,0.00000000e+00,-8.13381719e+02
passive,58.301000,2.050000,2.224000,0.00000000e+00,-8.16136657e+02
passive,58.351000,1.808333,1.982333,0.00000000e+00,-8.18895763e+02
passive,58.401000,1.566667,1.740667,0.00000000e+00,-8.21659037e+02
passive,58.451000,1.325000,1.499000,0.00000000e+00,-8.24426477e+02
passive,58.501000,1.083333,1.257333,0.00000000e+00,-8.27198085e+02
passive,58.551000,0.841667,1.015667,0.00000000e+00,-8.29973860e+02
passive,58.601000,0.600000,0.774000,0.00000000e+00,-8.32753803e+02
passive,58.651000,0.358333,0.532333,0.00000000e+00,-8.35537913e+02
passive,58.701000,0.116667,0.290667,0.00000000e+00,-8.38326191e+02
passive,58.751000,-0.125000,0.049000,0.00000000e+00,-8.41118637e+02
passive,58.801000,-0.366667,-0.192667,0.00000000e+00,-8.43915250e+02
passive,58.851000,-0.608333,-0.434333,0.00000000e+00,-8.46716032e+02
passive,58.901000,-0.850000,-0.676000,0.00000000e+00,-8.49520981e+02
passive,58.951000,-1.091667,-0.917667,0.00000000e+00,-8.52330098e+02
passive,59.001000,-1.333333,-1.159333,0.00000000e+00,-8.55143384e+02
passive,59.051000,-1.575000,-1.401000,0.00000000e+00,-8.57960837e+02
passive,59.101000,-1.816667,-1.642667,0.00000000e+00,-8.60782459e+02
passive,59.151000,-2.058333,-1.884333,0.00000000e+00,-8.63608249e+02
passive,59.201000,-2.300000,-2.126000,0.00000000e+00,-8.66438208e+02
passive,59.251000,-2.541667,-2.367667,0.00000000e+00,-8.69272335e+02
passive,59.301000,-2.783333,-2.609333,0.00000000e+00,-8.72110630e+02
passive,59.351000,-3.025000,-2.851000,0.00000000e+00,-8.74953094e+02
passive,59.401000,-3.266667,-3.092667,0.00000000e+00,-8.77799727e+02
passive,59.451000,-3.508333,-3.334333,0.00000000e+00,-8.80650529e+02
passive,59.501000,-3.750000,-3.576000,0.00000000e+00,-8.83505499e+02
passive,59.551000,-3.991667,-3.817667,0.00000000e+00,-8.86364639e+02
passive,59.601000,-4.233333,-4.059333,0.00000000e+00,-8.89227947e+02
passive,59.651000,-4.475000,-4.301000,0.00000000e+00,-8.92095425e+02
passive,59.701000,-4.716667,-4.542667,0.00000000e+00,-8.94967071e+02
passive,59.751000,-4.958333,-4.784333,0.00000000e+00,-8.97842887e+02
passive,59.801000,-5.200000,-5.026000,0.00000000e+00,-9.00722872e+02
passive,59.851000,-5.441667,-5.267667,0.00000000e+00,-9.03607027e+02
passive,59.901000,-5.683333,-5.509333,0.00000000e+00,-9.06495351e+02
passive,59.951000,-5.925000,-5.751000,0.00000000e+00,-9.09387844e+02
passive,60.001000,-6.166667,-5.992667,0.00000000e+00,-9.12284507e+02
passive,60.051000,-6.408333,-6.234333,0.00000000e+00,-9.15185340e+02
passive,60.101000,-6.650000,-6.476000,0.00000000e+00,-9.18090342e+02
passive,60.151000,-6.891667,-6.717667,0.00000000e+00,-9.20999515e+02
passive,60.201000,-7.133333,-6.959333,0.00000000e+00,-9.23912857e+02
passive,60.251000,-7.375000,-7.201000,0.00000000e+00,-9.26830369e+02
passive,60.301000,-7.616667,-7.442667,0.00000000e+00,-9.29752051e+02
passive,60.351000,-7.858333,-7.684333,0.00000000e+00,-9.32677904e+02
passive,60.401000,-8.100000,-7.926000,0.00000000e+00,-9.35607926e+02
passive,60.451000,-8.341667,-8.167667,0.00000000e+00,-9.38542119e+02
passive,60.501000,-8.583333,-8.409333,0.00000000e+00,-9.41480482e+02
passive,60.551000,-8.825000,-8.651000,0.00000000e+00,-9.44423016e+02
passive,60.601000,-9.066667,-8.892667,0.00000000e+00,-9.47369720e+02
passive,60.651000,-9.308333,-9.134333,0.00000000e+00,-9.50320595e+02
passive,60.701000,-9.550000,-9.376000,0.00000000e+00,-9.53275640e+02
passive,60.751000,-9.791667,-9.617667,0.00000000e+00,-9.56234856e+02
passive,60.801000,-10.033333,-9.859333,0.00000000e+00,-9.59198243e+02
passive,60.851000,-10.275000,-10.101000,0.00000000e+00,-9.62165801e+02
passive,60.901000,-10.516667,-10.342667,0.00000000e+00,-9.65137530e+02
passive,60.951000,-10.758333,-10.584333,0.00000000e+00,-9.68113430e+02
passive,61.001000,-11.000000,-10.826000,0.00000000e+00,-9.71093501e+02
passive,61.051000,-11.241667,-11.067667,0.00000000e+00,-9.74077743e+02
passive,61.101000,-11.483333,-11.309333,0.00000000e+00,-9.77066157e+02
passive,61.151000,-11.725000,-11.551000,0.00000000e+00,-9.80058742e+02
passive,61.201000,-11.966667,-11.792667,0.00000000e+00,-9.83055498e+02
passive,61.251000,-12.208333,-12.034333,0.00000000e+00,-9.86056426e+02
passive,61.301000,-12.450000,-12.276000,0.00000000e+00,-9.89061525e+02
passive,61.351000,-12.691667,-12.517667,0.00000000e+00,-9.92070796e+02
passive,61.401000,-12.933333,-12.759333,0.00000000e+00,-9.95084239e+02
passive,61.451000,-13.175000,-13.001000,0.00000000e+00,-9.98101854e+02
passive,61.501000,-13.416667,-13.242667,0.00000000e+00,-1.00112364e+03
passive,61.551000,-13.658333,-13.484333,0.00000000e+00,-1.00414960e+03
passive,61.601000,-13.900000,-13.726000,0.00000000e+00,-1.00717973e+03
passive,61.651000,-14.141667,-13.967667,0.00000000e+00,-1.01021403e+03
passive,61.701000,-14.383333,-14.209333,0.00000000e+00,-1.01325251e+03
passive,61.751000,-14.625000,-14.451000,0.00000000e+00,-1.01629515e+03
passive,61.801000,-14.866667,-14.692667,0.00000000e+00,-1.01934197e+03
passive,61.851000,-15.108333,-14.934333,0.00000000e+00,-1.02239297e+03
passive,61.901000,-15.350000,-15.176000,0.00000000e+00,-1.02544813e+03
passive,61.951000,-15.591667,-15.417667,0.00000000e+00,-1.02850747e+03
passive,62.001000,-15.833333,-15.659333,0.00000000e+00,-1.03157098e+03
passive,62.051000,-16.075000,-15.901000,0.00000000e+00,-1.03463866e+03
passive,62.101000,-16.316667,-16.142667,0.00000000e+00,-1.03771052e+03
passive,62.151000,-16.558333,-16.384333,0.00000000e+00,-1.04078654e+03
passive,62.201000,-16.800000,-16.626000,0.00000000e+00,-1.04386675e+03
passive,62.251000,-17.041667,-16.867667,0.00000000e+00,-1.04695112e+03
passive,62.301000,-17.283333,-17.109333,0.00000000e+00,-1.05003967e+03
passive,62.351000,-17.525000,-17.351000,0.00000000e+00,-1.05313239e+03
passive,62.401000,-17.766667,-17.592667,0.00000000e+00,-1.05622928e+03
passive,62.451000,-18.008333,-17.834333,0.00000000e+00,-1.05933035e+03
passive,62.501000,-18.250000,-18.076000,0.00000000e+00,-1.06243559e+03
passive,62.551000,-18.491667,-18.317667,0.00000000e+00,-1.06554501e+03
passive,62.601000,-18.733333,-18.559333,0.00000000e+00,-1.06865859e+03
passive,62.651000,-18.975000,-18.801000,0.00000000e+00,-1.07177636e+03
passive,62.701000,-19.216667,-19.042667,0.00000000e+00,-1.07489829e+03
passive,62.751000,-19.458333,-19.284333,0.00000000e+00,-1.07802440e+03
passive,62.801000,-19.700000,-19.526000,0.00000000e+00,-1.08115468e+03
passive,62.851000,-19.941667,-19.767667,0.00000000e+00,-1.08428914e+03
passive,62.901000,-20.183333,-20.009333,0.00000000e+00,-1.08742777e+03
passive,62.951000,-20.425000,-20.251000,0.00000000e+00,-1.09057058e+03
passive,63.001000,-20.666667,-20.492667,0.00000000e+00,-1.09371756e+03
passive,63.051000,-20.908333,-20.734333,0.00000000e+00,-1.09686871e+03
passive,63.101000,-21.150000,-20.976000,0.00000000e+00,-1.10002404e+03
passive,63.151000,-21.391667,-21.217667,0.00000000e+00,-1.10318355e+03
passive,63.201000,-21.633333,-21.459333,0.00000000e+00,-1.10634722e+03
passive,63.251000,-21.875000,-21.701000,0.00000000e+00,-1.10951508e+03
passive,63.301000,-22.116667,-21.942667,0.00000000e+00,-1.11268710e+03
passive,63.351000,-22.358333,-22.184333,0.00000000e+00,-1.11586331e+03
passive,63.401000,-22.600000,-22.426000,0.00000000e+00,-1.11904368e+03
passive,63.451000,-22.841667,-22.667667,0.00000000e+00,-1.12222824e+03
passive,63.501000,-23.083333,-22.909333,0.00000000e+00,-1.12541696e+03
passive,63.551000,-23.325000,-23.151000,0.00000000e+00,-1.12860987e+03
passive,63.601000,-23.566667,-23.392667,0.00000000e+00,-1.13180694e+03
passive,63.651000,-23.808333,-23.634333,0.00000000e+00,-1.13500820e+03
passive,63.701000,-24.050000,-23.876000,0.00000000e+00,-1.13821362e+03
passive,63.751000,-24.291667,-24.117667,0.00000000e+00,-1.14142323e+03
passive,63.801000,-24.533333,-24.359333,0.00000000e+00,-1.14463701e+03
passive,63.851000,-24.775000,-24.601000,0.00000000e+00,-1.14785496e+03
passive,63.901000,-25.016667,-24.842667,0.00000000e+00,-1.15107709e+03
passive,63.951000,-25.258333,-25.084333,0.00000000e+00,-1.15430340e+03
passive,64.001000,-25.500000,-25.326000,0.00000000e+00,-1.15753388e+03
passive,64.051000,-25.741667,-25.567667,0.00000000e+00,-1.16076854e+03
passive,64.101000,-25.983333,-25.809333,0.00000000e+00,-1.16400737e+03
passive,64.151000,-26.225000,-26.051000,0.00000000e+00,-1.16725038e+03
passive,64.201000,-26.466667,-26.292667,0.00000000e+00,-1.17049757e+03
passive,64.251000,-26.708333,-26.534333,0.00000000e+00,-1.17374893e+03
passive,64.301000,-26.950000,-26.776000,0.00000000e+00,-1.17700447e+03
passive,64.351000,-27.191667,-27.017667,0.00000000e+00,-1.18026419e+03
passive,64.401000,-27.433333,-27.259333,0.00000000e+00,-1.18352808e+03
passive,64.451000,-27.675000,-27.501000,0.00000000e+00,-1.18679615e+03
passive,64.501000,-27.916667,-27.742667,0.00000000e+00,-1.19006839e+03
passive,64.551000,-28.158333,-27.984333,0.00000000e+00,-1.19334481e+03
passive,64.601000,-28.400000,-28.226000,0.00000000e+00,-1.19662541e+03
passive,64.651000,-28.641667,-28.467667,0.00000000e+00,-1.19991019e+03
passive,64.701000,-28.883333,-28.709333,0.00000000e+00,-1.20319914e+03
passive,64.751000,-29.125000,-28.951000,0.00000000e+00,-1.20649227e+03
passive,64.801000,-29.366667,-29.192667,0.00000000e+00,-1.20978958e+03
passive,64.851000,-29.608333,-29.434333,0.00000000e+00,-1.21309106e+03
passive,64.901000,-29.850000,-29.676000,0.00000000e+00,-1.21639672e+03
passive,64.951000,-30.091667,-29.917667,0.00000000e+00,-1.21970656e+03
passive,65.001000,-30.333333,-30.159333,0.00000000e+00,-1.22302058e+03
passive,65.051000,-30.575000,-30.401000,0.00000000e+00,-1.22633877e+03
passive,65.101000,-30.816667,-30.642667,0.00000000e+00,-1.22966115e+03
passive,65.151000,-31.058333,-30.884333,0.00000000e+00,-1.23298770e+03
passive,65.201000,-31.300000,-31.126000,0.00000000e+00,-1.23631842e+03
passive,65.251000,-31.541667,-31.367667,0.00000000e+00,-1.23965333e+03
passive,65.301000,-31.783333,-31.609333,0.00000000e+00,-1.24299241e+03
passive,65.351000,-32.025000,-31.851000,0.00000000e+00,-1.24633567e+03
passive,65.401000,-32.266667,-32.092667,0.00000000e+00,-1.24968311e+03
passive,65.451000,-32.508333,-32.334333,0.00000000e+00,-1.25303473e+03
passive,65.501000,-32.750000,-32.576000,0.00000000e+00,-1.25639053e+03
passive,65.551000,-32.991667,-32.817667,0.00000000e+00,-1.25975050e+03
passive,65.601000,-33.233333,-33.059333,0.00000000e+00,-1.26311465e+03
passive,65.651000,-33.475000,-33.301000,0.00000000e+00,-1.26648299e+03
passive,65.701000,-33.716667,-33.542667,0.00000000e+00,-1.26985550e+03
passive,65.751000,-33.958333,-33.784333,0.00000000e+00,-1.27323219e+03
passive,65.801000,-34.200000,-34.026000,0.00000000e+00,-1.27661305e+03
passive,65.851000,-34.441667,-34.267667,0.00000000e+00,-1.27999810e+03
passive,65.901000,-34.683333,-34.509333,0.00000000e+00,-1.28338733e+03
passive,65.951000,-34.925000,-34.751000,0.00000000e+00,-1.28678073e+03
passive,66.001000,-35.166667,-34.992667,0.00000000e+00,-1.29017831e+03
passive,66.051000,-35.408333,-35.234333,0.00000000e+00,-1.29358008e+03
passive,66.101000,-35.650000,-35.476000,0.00000000e+00,-1.29698602e+03
passive,66.151000,-35.891667,-35.717667,0.00000000e+00,-1.30039614e+03
passive,66.201000,-36.133333,-35.959333,0.00000000e+00,-1.30381044e+03
passive,66.251000,-36.375000,-36.201000,0.00000000e+00,-1.30722892e+03
passive,66.301000,-36.616667,-36.442667,0.00000000e+00,-1.31065159e+03
passive,66.351000,-36.858333,-36.684333,0.00000000e+00,-1.31407843e+03
passive,66.401000,-37.100000,-36.926000,0.00000000e+00,-1.31750945e+03
passive,66.451000,-37.341667,-37.167667,0.00000000e+00,-1.32094465e+03
passive,66.501000,-37.583333,-37.409333,0.00000000e+00,-1.32438403e+03
passive,66.551000,-37.825000,-37.651000,0.00000000e+00,-1.32782759e+03
passive,66.601000,-38.066667,-37.892667,0.00000000e+00,-1.33127533e+03
passive,66.651000,-38.308333,-38.134333,0.00000000e+00,-1.33472725e+03
passive,66.701000,-38.550000,-38.376000,0.00000000e+00,-1.33818335e+03
passive,66.751000,-38.791667,-38.617667,0.00000000e+00,-1.34164363e+03
passive,66.801000,-39.033333,-38.859333,0.00000000e+00,-1.34510809e+03
passive,66.851000,-39.275000,-39.101000,0.00000000e+00,-1.34857673e+03
passive,66.901000,-39.516667,-39.342667,0.00000000e+00,-1.35204956e+03
passive,66.951000,-39.758333,-39.584333,0.00000000e+00,-1.35552656e+03
passive,67.001000,-40.000000,-39.825935,0.00000000e+00,-1.35900681e+03
passive,67.051000,-40.000000,-39.954936,0.00000000e+00,-1.36086677e+03
passive,67.101000,-40.000000,-39.988333,0.00000000e+00,-1.36134849e+03
passive,67.151000,-40.000000,-39.996980,0.00000000e+00,-1.36147322e+03
passive,67.201000,-40.000000,-39.999218,0.00000000e+00,-1.36150551e+03
passive,67.251000,-40.000000,-39.999798,0.00000000e+00,-1.36151387e+03
passive,67.301000,-40.000000,-39.999948,0.00000000e+00,-1.36151603e+03
passive,67.351000,-40.000000,-39.999986,0.00000000e+00,-1.36151659e+03
passive,67.401000,-40.000000,-39.999996,0.00000000e+00,-1.36151674e+03
passive,67.451000,-40.000000,-39.999999,0.00000000e+00,-1.36151677e+03
passive,67.501000,-40.000000,-40.000000,0.00000000e+00,-1.36151678e+03
passive,67.551000,-40.000000,-40.000000,0.00000000e+00,-1.36151679e+03
passive,67.601000,-40.000000,-40.000000,0.00000000e+00,-1.36151679e+03
passive,67.651000,-40.000000,-40.000000,0.00000000e+00,-1.36151679e+03
passive,67.701000,-40.000000,-40.000000,0.00000000e+00,-1.36151679e+03
passive,67.751000,-40.000000,-40.000000,0.00000000e+00,-1.36151679e+03
passive,67.801000,-40.000000,-40.000000,0.00000000e+00,-1.36151679e+03
passive,67.851000,-40.000000,-40.000000,0.00000000e+00,-1.36151679e+03
passive,67.901000,-40.000000,-40.000000,0.00000000e+00,-1.36151679e+03
passive,67.951000,-40.000000,-40.000000,0.00000000e+00,-1.36151679e+03
passive,68.001000,-40.000000,-40.000000,0.00000000e+00,-1.36151679e+03
passive,68.051000,-40.000000,-40.000000,0.00000000e+00,-1.36151679e+03
passive,68.101000,-40.000000,-40.000000,0.00000000e+00,-1.36151679e+03
passive,68.151000,-40.000000,-40.000000,0.00000000e+00,-1.36151679e+03
passive,68.201000,-40.000000,-40.000000,0.00000000e+00,-1.36151679e+03
passive,68.251000,-40.000000,-40.000000,0.00000000e+00,-1.36151679e+03
passive,68.301000,-40.000000,-40.000000,0.00000000e+00,-1.36151679e+03
passive,68.351000,-40.000000,-40.000000,0.00000000e+00,-1.36151679e+03
passive,68.401000,-40.000000,-40.000000,0.00000000e+00,-1.36151679e+03
passive,68.451000,-40.000000,-40.000000,0.00000000e+00,-1.36151679e+03
passive,68.501000,-40.000000,-40.000000,0.00000000e+00,-1.36151679e+03
passive,68.551000,-40.000000,-40.000000,0.00000000e+00,-1.36151679e+03
passive,68.601000,-40.000000,-40.000000,0.00000000e+00,-1.36151679e+03
passive,68.651000,-40.000000,-40.000000,0.00000000e+00,-1.36151679e+03
passive,68.701000,-40.000000,-40.000000,0.00000000e+00,-1.36151679e+03
passive,68.751000,-40.000000,-40.000000,0.00000000e+00,-1.36151679e+03
passive,68.801000,-40.000000,-40.000000,0.00000000e+00,-1.36151679e+03
passive,68.851000,-40.000000,-40.000000,0.00000000e+00,-1.36151679e+03
passive,68.901000,-40.000000,-40.000000,0.00000000e+00,-1.36151679e+03
passive,68.951000,-40.000000,-40.000000,0.00000000e+00,-1.36151679e+03
passive,69.001000,-40.000000,-40.000000,0.00000000e+00,-1.36151679e+03
passive,69.051000,-40.000000,-40.000000,0.00000000e+00,-1.36151679e+03
passive,69.101000,-40.000000,-40.000000,0.00000000e+00,-1.36151679e+03
passive,69.151000,-40.000000,-40.000000,0.00000000e+00,-1.36151679e+03
passive,69.201000,-40.000000,-40.000000,0.00000000e+00,-1.36151679e+03
passive,69.251000,-40.000000,-40.000000,0.00000000e+00,-1.36151679e+03
passive,69.301000,-40.000000,-40.000000,0.00000000e+00,-1.36151679e+03
passive,69.351000,-40.000000,-40.000000,0.00000000e+00,-1.36151679e+03
passive,69.401000,-40.000000,-40.000000,0.00000000e+00,-1.36151679e+03
passive,69.451000,-40.000000,-40.000000,0.00000000e+00,-1.36151679e+03
passive,69.501000,-40.000000,-40.000000,0.00000000e+00,-1.36151679e+03
passive,69.551000,-40.000000,-40.000000,0.00000000e+00,-1.36151679e+03
passive,69.601000,-40.000000,-40.000000,0.00000000e+00,-1.36151679e+03
passive,69.651000,-40.000000,-40.000000,0.00000000e+00,-1.36151679e+03
passive,69.701000,-40.000000,-40.000000,0.00000000e+00,-1.36151679e+03
passive,69.751000,-40.000000,-40.000000,0.00000000e+00,-1.36151679e+03
passive,69.801000,-40.000000,-40.000000,0.00000000e+00,-1.36151679e+03
passive,69.851000,-40.000000,-40.000000,0.00000000e+00,-1.36151679e+03
passive,69.901000,-40.000000,-40.000000,0.00000000e+00,-1.36151679e+03
passive,69.951000,-40.000000,-40.000000,0.00000000e+00,-1.36151679e+03
passive,70.001000,-40.000000,-40.000000,0.00000000e+00,-1.36151679e+03
passive,70.051000,-40.000000,-40.000000,0.00000000e+00,-1.36151679e+03
passive,70.101000,-40.000000,-40.000000,0.00000000e+00,-1.36151679e+03
passive,70.151000,-40.000000,-40.000000,0.00000000e+00,-1.36151679e+03
passive,70.201000,-40.000000,-40.000000,0.00000000e+00,-1.36151679e+03
passive,70.251000,-40.000000,-40.000000,0.00000000e+00,-1.36151679e+03
passive,70.301000,-40.000000,-40.000000,0.00000000e+00,-1.36151679e+03
passive,70.351000,-40.000000,-40.000000,0.00000000e+00,-1.36151679e+03
passive,70.401000,-40.000000,-40.000000,0.00000000e+00,-1.36151679e+03
passive,70.451000,-40.000000,-40.000000,0.00000000e+00,-1.36151679e+03
passive,70.501000,-40.000000,-40.000000,0.00000000e+00,-1.36151679e+03
passive,70.551000,-40.000000,-40.000000,0.00000000e+00,-1.36151679e+03
passive,70.601000,-40.000000,-40.000000,0.00000000e+00,-1.36151679e+03
passive,70.651000,-40.000000,-40.000000,0.00000000e+00,-1.36151679e+03
passive,70.701000,-40.000000,-40.000000,0.00000000e+00,-1.36151679e+03
passive,70.751000,-40.000000,-40.000000,0.00000000e+00,-1.36151679e+03
passive,70.801000,-40.000000,-40.000000,0.00000000e+00,-1.36151679e+03
passive,70.851000,-40.000000,-40.000000,0.00000000e+00,-1.36151679e+03
passive,70.901000,-40.000000,-40.000000,0.00000000e+00,-1.36151679e+03
passive,70.951000,-40.000000,-40.000000,0.00000000e+00,-1.36151679e+03
passive,71.001000,-40.000000,-40.000000,0.00000000e+00,-1.36151679e+03
passive,71.051000,-40.000000,-40.000000,0.00000000e+00,-1.36151679e+03
passive,71.101000,-40.000000,-40.000000,0.00000000e+00,-1.36151679e+03
passive,71.151000,-40.000000,-40.000000,0.00000000e+00,-1.36151679e+03
passive,71.201000,-40.000000,-40.000000,0.00000000e+00,-1.36151679e+03
passive,71.251000,-40.000000,-40.000000,0.00000000e+00,-1.36151679e+03
passive,71.301000,-40.000000,-40.000000,0.00000000e+00,-1.36151679e+03
passive,71.351000,-40.000000,-40.000000,0.00000000e+00,-1.36151679e+03
passive,71.401000,-40.000000,-40.000000,0.00000000e+00,-1.36151679e+03
passive,71.451000,-40.000000,-40.000000,0.00000000e+00,-1.36151679e+03
passive,71.501000,-40.000000,-40.000000,0.00000000e+00,-1.36151679e+03
passive,71.551000,-40.000000,-40.000000,0.00000000e+00,-1.36151679e+03
passive,71.601000,-40.000000,-40.000000,0.00000000e+00,-1.36151679e+03
passive,71.651000,-40.000000,-40.000000,0.00000000e+00,-1.36151679e+03
passive,71.701000,-40.000000,-40.000000,0.00000000e+00,-1.36151679e+03
passive,71.751000,-40.000000,-40.000000,0.00000000e+00,-1.36151679e+03
passive,71.801000,-40.000000,-40.000000,0.00000000e+00,-1.36151679e+03
passive,71.851000,-40.000000,-40.000000,0.00000000e+00,-1.36151679e+03
passive,71.901000,-40.000000,-40.000000,0.00000000e+00,-1.36151679e+03
passive,71.951000,-40.000000,-40.000000,0.00000000e+00,-1.36151679e+03
active,0.001000,-40.000000,-35.996240,3.90000000e-02,-1.30433224e+03
active,0.051000,-40.000000,72.314175,3.90000000e-02,-1.91502947e+02
active,0.101000,-40.000000,100.354677,3.90000000e-02,-3.94188696e+01
active,0.151000,-40.000000,107.614087,3.90000000e-02,-9.13676121e+00
active,0.201000,-40.000000,109.493477,3.90000000e-02,-1.90596405e+00
active,0.251000,-40.000000,109.980033,3.90000000e-02,-7.47894859e-02
active,0.301000,-40.000000,110.000000,3.89610337e-02,-9.18604415e-07
active,0.351000,-40.000000,110.000000,3.89610390e-02,2.86437298e-10
active,0.401000,-40.000000,110.000000,3.89610390e-02,0.00000000e+00
active,0.451000,-40.000000,110.000000,3.89610390e-02,0.00000000e+00
active,0.501000,-40.000000,110.000000,3.89610390e-02,0.00000000e+00
active,0.551000,-40.000000,110.000000,3.89610390e-02,0.00000000e+00
active,0.601000,-40.000000,110.000000,3.89610390e-02,0.00000000e+00
active,0.651000,-40.000000,110.000000,3.89610390e-02,0.00000000e+00
active,0.701000,-40.000000,110.000000,3.89610390e-02,0.00000000e+00
active,0.751000,-40.000000,110.000000,3.89610390e-02,0.00000000e+00
active,0.801000,-40.000000,110.000000,3.89610390e-02,0.00000000e+00
active,0.851000,-40.000000,110.000000,3.89610390e-02,0.00000000e+00
active,0.901000,-40.000000,110.000000,3.89610390e-02,0.00000000e+00
active,0.951000,-40.000000,110.000000,3.89610390e-02,0.00000000e+00
active,1.001000,-40.000000,110.000000,3.89610390e-02,0.00000000e+00
active,1.051000,-40.000000,110.000000,3.89610390e-02,0.00000000e+00
active,1.101000,-40.000000,110.000000,3.89610390e-02,0.00000000e+00
active,1.151000,-40.000000,110.000000,3.89610390e-02,0.00000000e+00
active,1.201000,-40.000000,110.000000,3.89610390e-02,0.00000000e+00
active,1.251000,-40.000000,110.000000,3.89610390e-02,0.00000000e+00
active,1.301000,-40.000000,110.000000,3.89610390e-02,0.00000000e+00
active,1.351000,-40.000000,110.000000,3.89610390e-02,0.00000000e+00
active,1.401000,-40.000000,110.000000,3.89610390e-02,0.00000000e+00
active,1.451000,-40.000000,110.000000,3.89610390e-02,0.00000000e+00
active,1.501000,-40.000000,110.000000,3.89610390e-02,0.00000000e+00
active,1.551000,-40.000000,110.000000,3.89610390e-02,0.00000000e+00
active,1.601000,-40.000000,110.000000,3.89610390e-02,0.00000000e+00
active,1.651000,-40.000000,110.000000,3.89610390e-02,0.00000000e+00
active,1.701000,-40.000000,110.000000,3.89610390e-02,0.00000000e+00
active,1.751000,-40.000000,110.000000,3.89610390e-02,0.00000000e+00
active,1.801000,-40.000000,110.000000,3.89610390e-02,0.00000000e+00
active,1.851000,-40.000000,110.000000,3.89610390e-02,0.00000000e+00
active,1.901000,-40.000000,110.000000,3.89610390e-02,0.00000000e+00
active,1.951000,-40.000000,110.000000,3.89610390e-02,0.00000000e+00
active,2.001000,-40.000000,110.000065,3.89610390e-02,2.42409451e-04
active,2.051000,-39.758333,110.000071,3.88976564e-02,2.67244567e-04
active,2.101000,-39.516667,110.000071,3.88348858e-02,2.67245856e-04
active,2.151000,-39.275000,110.000071,3.87721153e-02,2.67245856e-04
active,2.201000,-39.033333,110.000071,3.87093447e-02,2.67245856e-04
active,2.251000,-38.791667,110.000071,3.86465741e-02,2.67245856e-04
active,2.301000,-38.550000,110.000071,3.85838036e-02,2.67245856e-04
active,2.351000,-38.308333,110.000071,3.85210330e-02,2.67245856e-04
active,2.401000,-38.066667,110.000071,3.84582625e-02,2.67245856e-04
active,2.451000,-37.825000,110.000071,3.83954919e-02,2.67245856e-04
active,2.501000,-37.583333,110.000071,3.83327213e-02,2.67245856e-04
active,2.551000,-37.341667,110.000071,3.82699508e-02,2.67245856e-04
active,2.601000,-37.100000,110.000071,3.82071802e-02,2.67245856e-04
active,2.651000,-36.858333,110.000071,3.81444096e-02,2.67245856e-04
active,2.701000,-36.616667,110.000071,3.80816391e-02,2.67245856e-04
active,2.751000,-36.375000,110.000071,3.80188685e-02,2.67245856e-04
active,2.801000,-36.133333,110.000071,3.79560980e-02,2.67245856e-04
active,2.851000,-35.891667,110.000071,3.78933274e-02,2.67245856e-04
active,2.901000,-35.650000,110.000071,3.78305568e-02,2.67245856e-04
active,2.951000,-35.408333,110.000071,3.77677863e-02,2.67245856e-04
active,3.001000,-35.166667,110.000071,3.77050157e-02,2.67245856e-04
active,3.051000,-34.925000,110.000071,3.76422451e-02,2.67245856e-04
active,3.101000,-34.683333,110.000071,3.75794746e-02,2.67245856e-04
active,3.151000,-34.441667,110.000071,3.75167040e-02,2.67245856e-04
active,3.201000,-34.200000,110.000071,3.74539335e-02,2.67245856e-04
active,3.251000,-33.958333,110.000071,3.73911629e-02,2.67245856e-04
active,3.301000,-33.716667,110.000071,3.73283923e-02,2.67245856e-04
active,3.351000,-33.475000,110.000071,3.72656218e-02,2.67245856e-04
active,3.401000,-33.233333,110.000071,3.72028512e-02,2.67245856e-04
active,3.451000,-32.991667,110.000071,3.71400806e-02,2.67245856e-04
active,3.501000,-32.750000,110.000071,3.70773101e-02,2.67245856e-04
active,3.551000,-32.508333,110.000071,3.70145395e-02,2.67245856e-04
active,3.601000,-32.266667,110.000071,3.69517690e-02,2.67245856e-04
active,3.651000,-32.025000,110.000071,3.68889984e-02,2.67245856e-04
active,3.701000,-31.783333,110.000071,3.68262278e-02,2.67245856e-04
active,3.751000,-31.541667,110.000071,3.67634573e-02,2.67245856e-04
active,3.801000,-31.300000,110.000071,3.67006867e-02,2.67245856e-04
active,3.851000,-31.058333,110.000071,3.66379161e-02,2.67245856e-04
active,3.901000,-30.816667,110.000071,3.65751456e-02,2.67245856e-04
active,3.951000,-30.575000,110.000071,3.65123750e-02,2.67245856e-04
active,4.001000,-30.333333,110.000071,3.64496045e-02,2.67245856e-04
active,4.051000,-30.091667,110.000071,3.63868339e-02,2.67245856e-04
active,4.101000,-29.850000,110.000071,3.63240633e-02,2.67245856e-04
active,4.151000,-29.608333,110.000071,3.62612928e-02,2.67245856e-04
active,4.201000,-29.366667,110.000071,3.61985222e-02,2.67245856e-04
active,4.251000,-29.125000,110.000071,3.61357516e-02,2.67245856e-04
active,4.301000,-28.883333,110.000071,3.60729811e-02,2.67245856e-04
active,4.351000,-28.641667,110.000071,3.60102105e-02,2.67245856e-04
active,4.401000,-28.400000,110.000071,3.59474400e-02,2.67245856e-04
active,4.451000,-28.158333,110.000071,3.58846694e-02,2.67245856e-04
active,4.501000,-27.916667,110.000071,3.58218988e-02,2.67245856e-04
active,4.551000,-27.675000,110.000071,3.57591283e-02,2.67245856e-04
active,4.601000,-27.433333,110.000071,3.56963577e-02,2.67245856e-04
active,4.651000,-27.191667,110.000071,3.56335871e-02,2.67245856e-04
active,4.701000,-26.950000,110.000071,3.55708166e-02,2.67245856e-04
active,4.751000,-26.708333,110.000071,3.55080460e-02,2.67245856e-04
active,4.801000,-26.466667,110.000071,3.54452754e-02,2.67245856e-04
active,4.851000,-26.225000,110.000071,3.53825049e-02,2.67245856e-04
active,4.901000,-25.983333,110.000071,3.53197343e-02,2.67245856e-04
active,4.951000,-25.741667,110.000071,3.52569638e-02,2.67245856e-04
active,5.001000,-25.500000,110.000071,3.51941932e-02,2.67245856e-04
active,5.051000,-25.258333,110.000071,3.51314226e-02,2.67245856e-04
active,5.101000,-25.016667,110.000071,3.50686521e-02,2.67245856e-04
active,5.151000,-24.775000,110.000071,3.50058815e-02,2.67245856e-04
active,5.201000,-24.533333,110.000071,3.49431109e-02,2.67245856e-04
active,5.251000,-24.291667,110.000071,3.48803404e-02,2.67245856e-04
active,5.301000,-24.050000,110.000071,3.48175698e-02,2.67245856e-04
active,5.351000,-23.808333,110.000071,3.47547993e-02,2.67245856e-04
active,5.401000,-23.566667,110.000071,3.46920287e-02,2.67245856e-04
active,5.451000,-23.325000,110.000071,3.46292581e-02,2.67245856e-04
active,5.501000,-23.083333,110.000071,3.45664876e-02,2.67245856e-04
active,5.551000,-22.841667,110.000071,3.45037170e-02,2.67245856e-04
active,5.601000,-22.600000,110.000071,3.44409464e-02,2.67245856e-04
active,5.651000,-22.358333,110.000071,3.43781759e-02,2.67245856e-04
active,5.701000,-22.116667,110.000071,3.43154053e-02,2.67245856e-04
active,5.751000,-21.875000,110.000071,3.42526348e-02,2.67245856e-04
active,5.801000,-21.633333,110.000071,3.41898642e-02,2.67245856e-04
active,5.851000,-21.391667,110.000071,3.41270936e-02,2.67245856e-04
active,5.901000,-21.150000,110.000071,3.40643231e-02,2.67245856e-04
active,5.951000,-20.908333,110.000071,3.40015525e-02,2.67245856e-04
active,6.001000,-20.666667,110.000071,3.39387819e-02,2.67245856e-04
active,6.051000,-20.425000,110.000071,3.38760114e-02,2.67245856e-04
active,6.101000,-20.183333,110.000071,3.38132408e-02,2.67245856e-04
active,6.151000,-19.941667,110.000071,3.37504703e-02,2.67245856e-04
active,6.201000,-19.700000,110.000071,3.36876997e-02,2.67245856e-04
active,6.251000,-19.458333,110.000071,3.36249291e-02,2.67245856e-04
active,6.301000,-19.216667,110.000071,3.35621586e-02,2.67245856e-04
active,6.351000,-18.975000,110.000071,3.34993880e-02,2.67245856e-04
active,6.401000,-18.733333,110.000071,3.34366174e-02,2.67245856e-04
active,6.451000,-18.491667,110.000071,3.33738469e-02,2.67245856e-04
active,6.501000,-18.250000,110.000071,3.33110763e-02,2.67245856e-04
active,6.551000,-18.008333,110.000071,3.32483058e-02,2.67245856e-04
active,6.601000,-17.766667,110.000071,3.31855352e-02,2.67245856e-04
active,6.651000,-17.525000,110.000071,3.31227646e-02,2.67245856e-04
active,6.701000,-17.283333,110.000071,3.30599941e-02,2.67245856e-04
active,6.751000,-17.041667,110.000071,3.29972235e-02,2.67245856e-04
active,6.801000,-16.800000,110.000071,3.29344529e-02,2.67245856e-04
active,6.851000,-16.558333,110.000071,3.28716824e-02,2.67245856e-04
active,6.901000,-16.316667,110.000071,3.28089118e-02,2.67245856e-04
active,6.951000,-16.075000,110.000071,3.27461412e-02,2.67245856e-04
active,7.001000,-15.833333,110.000071,3.26833707e-02,2.67245856e-04
active,7.051000,-15.591667,110.000071,3.26206001e-02,2.67245856e-04
active,7.101000,-15.350000,110.000071,3.25578296e-02,2.67245856e-04
active,7.151000,-15.108333,110.000071,3.24950590e-02,2.67245856e-04
active,7.201000,-14.866667,110.000071,3.24322884e-02,2.67245856e-04
active,7.251000,-14.625000,110.000071,3.23695179e-02,2.67245856e-04
active,7.301000,-14.383333,110.000071,3.23067473e-02,2.67245856e-04
active,7.351000,-14.141667,110.000071,3.22439767e-02,2.67245856e-04
active,7.401000,-13.900000,110.000071,3.21812062e-02,2.67245856e-04
active,7.451000,-13.658333,110.000071,3.21184356e-02,2.67245856e-04
active,7.501000,-13.416667,110.000071,3.20556651e-02,2.67245856e-04
active,7.551000,-13.175000,110.000071,3.19928945e-02,2.67245856e-04
active,7.601000,-12.933333,110.000071,3.19301239e-02,2.67245856e-04
active,7.651000,-12.691667,110.000071,3.18673534e-02,2.67245856e-04
active,7.701000,-12.450000,110.000071,3.18045828e-02,2.67245856e-04
active,7.751000,-12.208333,110.000071,3.17418122e-02,2.67245856e-04
active,7.801000,-11.966667,110.000071,3.16790417e-02,2.67245856e-04
active,7.851000,-11.725000,110.000071,3.16162711e-02,2.67245856e-04
active,7.901000,-11.483333,110.000071,3.15535006e-02,2.67245856e-04
active,7.951000,-11.241667,110.000071,3.14907300e-02,2.67245856e-04
active,8.001000,-11.000000,110.000071,3.14279594e-02,2.67245856e-04
active,8.051000,-10.758333,110.000071,3.13651889e-02,2.67245856e-04
active,8.101000,-10.516667,110.000071,3.13024183e-02,2.67245856e-04
active,8.151000,-10.275000,110.000071,3.12396477e-02,2.67245856e-04
active,8.201000,-10.033333,110.000071,3.11768772e-02,2.67245856e-04
active,8.251000,-9.791667,110.000071,3.11141066e-02,2.67245856e-04
active,8.301000,-9.550000,110.000071,3.10513361e-02,2.67245856e-04
active,8.351000,-9.308333,110.000071,3.09885655e-02,2.67245856e-04
active,8.401000,-9.066667,110.000071,3.09257949e-02,2.67245856e-04
active,8.451000,-8.825000,110.000071,3.08630244e-02,2.67245856e-04
active,8.501000,-8.583333,110.000071,3.08002538e-02,2.67245856e-04
active,8.551000,-8.341667,110.000071,3.07374832e-02,2.67245856e-04
active,8.601000,-8.100000,110.000071,3.06747127e-02,2.67245856e-04
active,8.651000,-7.858333,110.000071,3.06119421e-02,2.67245856e-04
active,8.701000,-7.616667,110.000071,3.05491716e-02,2.67245856e-04
active,8.751000,-7.375000,110.000071,3.04864010e-02,2.67245856e-04
active,8.801000,-7.133333,110.000071,3.04236304e-02,2.67245856e-04
active,8.851000,-6.891667,110.000071,3.03608599e-02,2.67245856e-04
active,8.901000,-6.650000,110.000071,3.02980893e-02,2.67245856e-04
active,8.951000,-6.408333,110.000071,3.02353187e-02,2.67245856e-04
active,9.001000,-6.166667,110.000071,3.01725482e-02,2.67245856e-04
active,9.051000,-5.925000,110.000071,3.01097776e-02,2.67245856e-04
active,9.101000,-5.683333,110.000071,3.00470071e-02,2.67245856e-04
active,9.151000,-5.441667,110.000071,2.99842365e-02,2.67245856e-04
active,9.201000,-5.200000,110.000071,2.99214659e-02,2.67245856e-04
active,9.251000,-4.958333,110.000071,2.98586954e-02,2.67245856e-04
active,9.301000,-4.716667,110.000071,2.97959248e-02,2.67245856e-04
active,9.351000,-4.475000,110.000071,2.97331542e-02,2.67245856e-04
active,9.401000,-4.233333,110.000071,2.96703837e-02,2.67245856e-04
active,9.451000,-3.991667,110.000071,2.96076131e-02,2.67245856e-04
active,9.501000,-3.750000,110.000071,2.95448425e-02,2.67245856e-04
active,9.551000,-3.508333,110.000071,2.94820720e-02,2.67245856e-04
active,9.601000,-3.266667,110.000071,2.94193014e-02,2.67245856e-04
active,9.651000,-3.025000,110.000071,2.93565309e-02,2.67245856e-04
active,9.701000,-2.783333,110.000071,2.92937603e-02,2.67245856e-04
active,9.751000,-2.541667,110.000071,2.92309897e-02,2.67245856e-04
active,9.801000,-2.300000,110.000071,2.91682192e-02,2.67245856e-04
active,9.851000,-2.058333,110.000071,2.91054486e-02,2.67245856e-04
active,9.901000,-1.816667,110.000071,2.90426780e-02,2.67245856e-04
active,9.951000,-1.575000,110.000071,2.89799075e-02,2.67245856e-04
active,10.001000,-1.333333,110.000071,2.89171369e-02,2.67245856e-04
active,10.051000,-1.091667,110.000071,2.88543664e-02,2.67245856e-04
active,10.101000,-0.850000,110.000071,2.87915958e-02,2.67245856e-04
active,10.151000,-0.608333,110.000071,2.87288252e-02,2.67245856e-04
active,10.201000,-0.366667,110.000071,2.86660547e-02,2.67245856e-04
active,10.251000,-0.125000,110.000071,2.86032841e-02,2.67245856e-04
active,10.301000,0.116667,110.000071,2.85405135e-02,2.67245856e-04
active,10.351000,0.358333,110.000071,2.84777430e-02,2.67245856e-04
active,10.401000,0.600000,110.000071,2.84149724e-02,2.67245856e-04
active,10.451000,0.841667,110.000071,2.83522019e-02,2.67245856e-04
active,10.501000,1.083333,110.000071,2.82894313e-02,2.67245856e-04
active,10.551000,1.325000,110.000071,2.82266607e-02,2.67245856e-04
active,10.601000,1.566667,110.000071,2.81638902e-02,2.67245856e-04
active,10.651000,1.808333,110.000071,2.81011196e-02,2.67245856e-04
active,10.701000,2.050000,110.000071,2.80383490e-02,2.67245856e-04
active,10.751000,2.291667,110.000071,2.79755785e-02,2.67245856e-04
active,10.801000,2.533333,110.000071,2.79128079e-02,2.67245856e-04
active,10.851000,2.775000,110.000071,2.78500374e-02,2.67245856e-04
active,10.901000,3.016667,110.000071,2.77872668e-02,2.67245856e-04
active,10.951000,3.258333,110.000071,2.77244962e-02,2.67245856e-04
active,11.001000,3.500000,110.000071,2.76617257e-02,2.67245856e-04
active,11.051000,3.741667,110.000071,2.75989551e-02,2.67245856e-04
active,11.101000,3.983333,110.000071,2.75361845e-02,2.67245856e-04
active,11.151000,4.225000,110.000071,2.74734140e-02,2.67245856e-04
active,11.201000,4.466667,110.000071,2.74106434e-02,2.67245856e-04
active,11.251000,4.708333,110.000071,2.73478729e-02,2.67245856e-04
active,11.301000,4.950000,110.000071,2.72851023e-02,2.67245856e-04
active,11.351000,5.191667,110.000071,2.72223317e-02,2.67245856e-04
active,11.401000,5.433333,110.000071,2.71595612e-02,2.67245856e-04
active,11.451000,5.675000,110.000071,2.70967906e-02,2.67245856e-04
active,11.501000,5.916667,110.000071,2.70340200e-02,2.67245856e-04
active,11.551000,6.158333,110.000071,2.69712495e-02,2.67245856e-04
active,11.601000,6.400000,110.000071,2.69084789e-02,2.67245856e-04
active,11.651000,6.641667,110.000071,2.68457083e-02,2.67245856e-04
active,11.701000,6.883333,110.000071,2.67829378e-02,2.67245856e-04
active,11.751000,7.125000,110.000071,2.67201672e-02,2.67245856e-04
active,11.801000,7.366667,110.000071,2.66573967e-02,2.67245856e-04
active,11.851000,7.608333,110.000071,2.65946261e-02,2.67245856e-04
active,11.901000,7.850000,110.000071,2.65318555e-02,2.67245856e-04
active,11.951000,8.091667,110.000071,2.64690850e-02,2.67245856e-04
active,12.001000,8.333333,110.000071,2.64063144e-02,2.67245856e-04
active,12.051000,8.575000,110.000071,2.63435438e-02,2.67245856e-04
active,12.101000,8.816667,110.000071,2.62807733e-02,2.67245856e-04
active,12.151000,9.058333,110.000071,2.62180027e-02,2.67245856e-04
active,12.201000,9.300000,110.000071,2.61552322e-02,2.67245856e-04
active,12.251000,9.541667,110.000071,2.60924616e-02,2.67245856e-04
active,12.301000,9.783333,110.000071,2.60296910e-02,2.67245856e-04
active,12.351000,10.025000,110.000071,2.59669205e-02,2.67245856e-04
active,12.401000,10.266667,110.000071,2.59041499e-02,2.67245856e-04
active,12.451000,10.508333,110.000071,2.58413793e-02,2.67245856e-04
active,12.501000,10.750000,110.000071,2.57786088e-02,2.67245856e-04
active,12.551000,10.991667,110.000071,2.57158382e-02,2.67245856e-04
active,12.601000,11.233333,110.000071,2.56530677e-02,2.67245856e-04
active,12.651000,11.475000,110.000071,2.55902971e-02,2.67245856e-04
active,12.701000,11.716667,110.000071,2.55275265e-02,2.67245856e-04
active,12.751000,11.958333,110.000071,2.54647560e-02,2.67245856e-04
active,12.801000,12.200000,110.000071,2.54019854e-02,2.67245856e-04
active,12.851000,12.441667,110.000071,2.53392148e-02,2.67245856e-04
active,12.901000,12.683333,110.000071,2.52764443e-02,2.67245856e-04
active,12.951000,12.925000,110.000071,2.52136737e-02,2.67245856e-04
active,13.001000,13.166667,110.000071,2.51509032e-02,2.67245856e-04
active,13.051000,13.408333,110.000071,2.50881326e-02,2.67245856e-04
active,13.101000,13.650000,110.000071,2.50253620e-02,2.67245856e-04
active,13.151000,13.891667,110.000071,2.49625915e-02,2.67245856e-04
active,13.201000,14.133333,110.000071,2.48998209e-02,2.67245856e-04
active,13.251000,14.375000,110.000071,2.48370503e-02,2.67245856e-04
active,13.301000,14.616667,110.000071,2.47742798e-02,2.67245856e-04
active,13.351000,14.858333,110.000071,2.47115092e-02,2.67245856e-04
active,13.401000,15.100000,110.000071,2.46487387e-02,2.67245856e-04
active,13.451000,15.341667,110.000071,2.45859681e-02,2.67245856e-04
active,13.501000,15.583333,110.000071,2.45231975e-02,2.67245856e-04
active,13.551000,15.825000,110.000071,2.44604270e-02,2.67245856e-04
active,13.601000,16.066667,110.000071,2.43976564e-02,2.67245856e-04
active,13.651000,16.308333,110.000071,2.43348858e-02,2.67245856e-04
active,13.701000,16.550000,110.000071,2.42721153e-02,2.67245856e-04
active,13.751000,16.791667,110.000071,2.42093447e-02,2.67245856e-04
active,13.801000,17.033333,110.000071,2.41465741e-02,2.67245856e-04
active,13.851000,17.275000,110.000071,2.40838036e-02,2.67245856e-04
active,13.901000,17.516667,110.000071,2.40210330e-02,2.67245856e-04
active,13.951000,17.758333,110.000071,2.39582625e-02,2.67245856e-04
active,14.001000,18.000000,110.000071,2.38954919e-02,2.67245856e-04
active,14.051000,18.241667,110.000071,2.38327213e-02,2.67245856e-04
active,14.101000,18.483333,110.000071,2.37699508e-02,2.67245856e-04
active,14.151000,18.725000,110.000071,2.37071802e-02,2.67245856e-04
active,14.201000,18.966667,110.000071,2.36444096e-02,2.67245856e-04
active,14.251000,19.208333,110.000071,2.35816391e-02,2.67245856e-04
active,14.301000,19.450000,110.000071,2.35188685e-02,2.67245856e-04
active,14.351000,19.691667,110.000071,2.34560980e-02,2.67245856e-04
active,14.401000,19.933333,110.000071,2.33933274e-02,2.67245856e-04
active,14.451000,20.175000,110.000071,2.33305568e-02,2.67245856e-04
active,14.501000,20.416667,110.000071,2.32677863e-02,2.67245856e-04
active,14.551000,20.658333,110.000071,2.32050157e-02,2.67245856e-04
active,14.601000,20.900000,110.000071,2.31422451e-02,2.67245856e-04
active,14.651000,21.141667,110.000071,2.30794746e-02,2.67245856e-04
active,14.701000,21.383333,110.000071,2.30167040e-02,2.67245856e-04
active,14.751000,21.625000,110.000071,2.29539335e-02,2.67245856e-04
active,14.801000,21.866667,110.000071,2.28911629e-02,2.67245856e-04
active,14.851000,22.108333,110.000071,2.28283923e-02,2.67245856e-04
active,14.901000,22.350000,110.000071,2.27656218e-02,2.67245856e-04
active,14.951000,22.591667,110.000071,2.27028512e-02,2.67245856e-04
active,15.001000,22.833333,110.000071,2.26400806e-02,2.67245856e-04
active,15.051000,23.075000,110.000071,2.25773101e-02,2.67245856e-04
active,15.101000,23.316667,110.000071,2.25145395e-02,2.67245856e-04
active,15.151000,23.558333,110.000071,2.24517690e-02,2.67245856e-04
active,15.201000,23.800000,110.000071,2.23889984e-02,2.67245856e-04
active,15.251000,24.041667,110.000071,2.23262278e-02,2.67245856e-04
active,15.301000,24.283333,110.000071,2.22634573e-02,2.67245856e-04
active,15.351000,24.525000,110.000071,2.22006867e-02,2.67245856e-04
active,15.401000,24.766667,110.000071,2.21379161e-02,2.67245856e-04
active,15.451000,25.008333,110.000071,2.20751456e-02,2.67245856e-04
active,15.501000,25.250000,110.000071,2.20123750e-02,2.67245856e-04
active,15.551000,25.491667,110.000071,2.19496045e-02,2.67245856e-04
active,15.601000,25.733333,110.000071,2.18868339e-02,2.67245856e-04
active,15.651000,25.975000,110.000071,2.18240633e-02,2.67245856e-04
active,15.701000,26.216667,110.000071,2.17612928e-02,2.67245856e-04
active,15.751000,26.458333,110.000071,2.16985222e-02,2.67245856e-04
active,15.801000,26.700000,110.000071,2.16357516e-02,2.67245856e-04
active,15.851000,26.941667,110.000071,2.15729811e-02,2.67245856e-04
active,15.901000,27.183333,110.000071,2.15102105e-02,2.67245856e-04
active,15.951000,27.425000,110.000071,2.14474400e-02,2.67245856e-04
active,16.001000,27.666667,110.000071,2.13846694e-02,2.67245856e-04
active,16.051000,27.908333,110.000071,2.13218988e-02,2.67245856e-04
active,16.101000,28.150000,110.000071,2.12591283e-02,2.67245856e-04
active,16.151000,28.391667,110.000071,2.11963577e-02,2.67245856e-04
active,16.201000,28.633333,110.000071,2.11335871e-02,2.67245856e-04
active,16.251000,28.875000,110.000071,2.10708166e-02,2.67245856e-04
active,16.301000,29.116667,110.000071,2.10080460e-02,2.67245856e-04
active,16.351000,29.358333,110.000071,2.09452754e-02,2.67245856e-04
active,16.401000,29.600000,110.000071,2.08825049e-02,2.67245856e-04
active,16.451000,29.841667,110.000071,2.08197343e-02,2.67245856e-04
active,16.501000,30.083333,110.000071,2.07569638e-02,2.67245856e-04
active,16.551000,30.325000,110.000071,2.06941932e-02,2.67245856e-04
active,16.601000,30.566667,110.000071,2.06314226e-02,2.67245856e-04
active,16.651000,30.808333,110.000071,2.05686521e-02,2.67245856e-04
active,16.701000,31.050000,110.000071,2.05058815e-02,2.67245856e-04
active,16.751000,31.291667,110.000071,2.04431109e-02,2.67245856e-04
active,16.801000,31.533333,110.000071,2.03803404e-02,2.67245856e-04
active,16.851000,31.775000,110.000071,2.03175698e-02,2.67245856e-04
active,16.901000,32.016667,110.000071,2.02547993e-02,2.67245856e-04
active,16.951000,32.258333,110.000071,2.01920287e-02,2.67245856e-04
active,17.001000,32.500000,110.000071,2.01292581e-02,2.67245856e-04
active,17.051000,32.741667,110.000071,2.00664876e-02,2.67245856e-04
active,17.101000,32.983333,110.000071,2.00037170e-02,2.67245856e-04
active,17.151000,33.225000,110.000071,1.99409464e-02,2.67245856e-04
active,17.201000,33.466667,110.000071,1.98781759e-02,2.67245856e-04
active,17.251000,33.708333,110.000071,1.98154053e-02,2.67245856e-04
active,17.301000,33.950000,110.000071,1.97526348e-02,2.67245856e-04
active,17.351000,34.191667,110.000071,1.96898642e-02,2.67245856e-04
active,17.401000,34.433333,110.000071,1.96270936e-02,2.67245856e-04
active,17.451000,34.675000,110.000071,1.95643231e-02,2.67245856e-04
active,17.501000,34.916667,110.000071,1.95015525e-02,2.67245856e-04
active,17.551000,35.158333,110.000071,1.94387819e-02,2.67245856e-04
active,17.601000,35.400000,110.000071,1.93760114e-02,2.67245856e-04
active,17.651000,35.641667,110.000071,1.93132408e-02,2.67245856e-04
active,17.701000,35.883333,110.000071,1.92504703e-02,2.67245856e-04
active,17.751000,36.125000,110.000071,1.91876997e-02,2.67245856e-04
active,17.801000,36.366667,110.000071,1.91249291e-02,2.67245856e-04
active,17.851000,36.608333,110.000071,1.90621586e-02,2.67245856e-04
active,17.901000,36.850000,110.000071,1.89993880e-02,2.67245856e-04
active,17.951000,37.091667,110.000071,1.89366174e-02,2.67245856e-04
active,18.001000,37.333333,110.000071,1.88738469e-02,2.67245856e-04
active,18.051000,37.575000,110.000071,1.88110763e-02,2.67245856e-04
active,18.101000,37.816667,110.000071,1.87483058e-02,2.67245856e-04
active,18.151000,38.058333,110.000071,1.86855352e-02,2.67245856e-04
active,18.201000,38.300000,110.000071,1.86227646e-02,2.67245856e-04
active,18.251000,38.541667,110.000071,1.85599941e-02,2.67245856e-04
active,18.301000,38.783333,110.000071,1.84972235e-02,2.67245856e-04
active,18.351000,39.025000,110.000071,1.84344529e-02,2.67245856e-04
active,18.401000,39.266667,110.000071,1.83716824e-02,2.67245856e-04
active,18.451000,39.508333,110.000071,1.83089118e-02,2.67245856e-04
active,18.501000,39.750000,110.000071,1.82461412e-02,2.67245856e-04
active,18.551000,39.991667,110.000071,1.81833707e-02,2.67245856e-04
active,18.601000,40.233333,110.000071,1.81206001e-02,2.67245856e-04
active,18.651000,40.475000,110.000071,1.80578296e-02,2.67245856e-04
active,18.701000,40.716667,110.000071,1.79950590e-02,2.67245856e-04
active,18.751000,40.958333,110.000071,1.79322884e-02,2.67245856e-04
active,18.801000,41.200000,110.000071,1.78695179e-02,2.67245856e-04
active,18.851000,41.441667,110.000071,1.78067473e-02,2.67245856e-04
active,18.901000,41.683333,110.000071,1.77439767e-02,2.67245856e-04
active,18.951000,41.925000,110.000071,1.76812062e-02,2.67245856e-04
active,19.001000,42.166667,110.000071,1.76184356e-02,2.67245856e-04
active,19.051000,42.408333,110.000071,1.75556651e-02,2.67245856e-04
active,19.101000,42.650000,110.000071,1.74928945e-02,2.67245856e-04
active,19.151000,42.891667,110.000071,1.74301239e-02,2.67245856e-04
active,19.201000,43.133333,110.000071,1.73673534e-02,2.67245856e-04
active,19.251000,43.375000,110.000071,1.73045828e-02,2.67245856e-04
active,19.301000,43.616667,110.000071,1.72418122e-02,2.67245856e-04
active,19.351000,43.858333,110.000071,1.71790417e-02,2.67245856e-04
active,19.401000,44.100000,110.000071,1.71162711e-02,2.67245856e-04
active,19.451000,44.341667,110.000071,1.70535006e-02,2.67245856e-04
active,19.501000,44.583333,110.000071,1.69907300e-02,2.67245856e-04
active,19.551000,44.825000,110.000071,1.69279594e-02,2.67245856e-04
active,19.601000,45.066667,110.000071,1.68651889e-02,2.67245856e-04
active,19.651000,45.308333,110.000071,1.68024183e-02,2.67245856e-04
active,19.701000,45.550000,110.000071,1.67396477e-02,2.67245856e-04
active,19.751000,45.791667,110.000071,1.66768772e-02,2.67245856e-04
active,19.801000,46.033333,110.000071,1.66141066e-02,2.67245856e-04
active,19.851000,46.275000,110.000071,1.65513361e-02,2.67245856e-04
active,19.901000,46.516667,110.000071,1.64885655e-02,2.67245856e-04
active,19.951000,46.758333,110.000071,1.64257949e-02,2.67245856e-04
active,20.001000,47.000000,110.000071,1.63630244e-02,2.67245856e-04
active,20.051000,47.241667,110.000071,1.63002538e-02,2.67245856e-04
active,20.101000,47.483333,110.000071,1.62374832e-02,2.67245856e-04
active,20.151000,47.725000,110.000071,1.61747127e-02,2.67245856e-04
active,20.201000,47.966667,110.000071,1.61119421e-02,2.67245856e-04
active,20.251000,48.208333,110.000071,1.60491716e-02,2.67245856e-04
active,20.301000,48.450000,110.000071,1.59864010e-02,2.67245856e-04
active,20.351000,48.691667,110.000071,1.59236304e-02,2.67245856e-04
active,20.401000,48.933333,110.000071,1.58608599e-02,2.67245856e-04
active,20.451000,49.175000,110.000071,1.57980893e-02,2.67245856e-04
active,20.501000,49.416667,110.000071,1.57353187e-02,2.67245856e-04
active,20.551000,49.658333,110.000071,1.56725482e-02,2.67245856e-04
active,20.601000,49.900000,110.000071,1.56097776e-02,2.67245856e-04
active,20.651000,50.141667,110.000071,1.55470071e-02,2.67245856e-04
active,20.701000,50.383333,110.000071,1.54842365e-02,2.67245856e-04
active,20.751000,50.625000,110.000071,1.54214659e-02,2.67245856e-04
active,20.801000,50.866667,110.000071,1.53586954e-02,2.67245856e-04
active,20.851000,51.108333,110.000071,1.52959248e-02,2.67245856e-04
active,20.901000,51.350000,110.000071,1.52331542e-02,2.67245856e-04
active,20.951000,51.591667,110.000071,1.51703837e-02,2.67245856e-04
active,21.001000,51.833333,110.000071,1.51076131e-02,2.67245856e-04
active,21.051000,52.075000,110.000071,1.50448425e-02,2.67245856e-04
active,21.101000,52.316667,110.000071,1.49820720e-02,2.67245856e-04
active,21.151000,52.558333,110.000071,1.49193014e-02,2.67245856e-04
active,21.201000,52.800000,110.000071,1.48565309e-02,2.67245856e-04
active,21.251000,53.041667,110.000071,1.47937603e-02,2.67245856e-04
active,21.301000,53.283333,110.000071,1.47309897e-02,2.67245856e-04
active,21.351000,53.525000,110.000071,1.46682192e-02,2.67245856e-04
active,21.401000,53.766667,110.000071,1.46054486e-02,2.67245856e-04
active,21.451000,54.008333,110.000071,1.45426780e-02,2.67245856e-04
active,21.501000,54.250000,110.000071,1.44799075e-02,2.67245856e-04
active,21.551000,54.491667,110.000071,1.44171369e-02,2.67245856e-04
active,21.601000,54.733333,110.000071,1.43543664e-02,2.67245856e-04
active,21.651000,54.975000,110.000071,1.42915958e-02,2.67245856e-04
active,21.701000,55.216667,110.000071,1.42288252e-02,2.67245856e-04
active,21.751000,55.458333,110.000071,1.41660547e-02,2.67245856e-04
active,21.801000,55.700000,110.000071,1.41032841e-02,2.67245856e-04
active,21.851000,55.941667,110.000071,1.40405135e-02,2.67245856e-04
active,21.901000,56.183333,110.000071,1.39777430e-02,2.67245856e-04
active,21.951000,56.425000,110.000071,1.39149724e-02,2.67245856e-04
active,22.001000,56.666667,110.000071,1.38522019e-02,2.67245856e-04
active,22.051000,56.908333,110.000071,1.37894313e-02,2.67245856e-04
active,22.101000,57.150000,110.000071,1.37266607e-02,2.67245856e-04
active,22.151000,57.391667,110.000071,1.36638902e-02,2.67245856e-04
active,22.201000,57.633333,110.000071,1.36011196e-02,2.67245856e-04
active,22.251000,57.875000,110.000071,1.35383490e-02,2.67245856e-04
active,22.301000,58.116667,110.000071,1.34755785e-02,2.67245856e-04
active,22.351000,58.358333,110.000071,1.34128079e-02,2.67245856e-04
active,22.401000,58.600000,110.000071,1.33500374e-02,2.67245856e-04
active,22.451000,58.841667,110.000071,1.32872668e-02,2.67245856e-04
active,22.501000,59.083333,110.000071,1.32244962e-02,2.67245856e-04
active,22.551000,59.325000,110.000071,1.31617257e-02,2.67245856e-04
active,22.601000,59.566667,110.000071,1.30989551e-02,2.67245856e-04
active,22.651000,59.808333,110.000071,1.30361845e-02,2.67245856e-04
active,22.701000,60.050000,110.000071,1.29734140e-02,2.67245856e-04
active,22.751000,60.291667,110.000071,1.29106434e-02,2.67245856e-04
active,22.801000,60.533333,110.000071,1.28478729e-02,2.67245856e-04
active,22.851000,60.775000,110.000071,1.27851023e-02,2.67245856e-04
active,22.901000,61.016667,110.000071,1.27223317e-02,2.67245856e-04
active,22.951000,61.258333,110.000071,1.26595612e-02,2.67245856e-04
active,23.001000,61.500000,110.000071,1.25967906e-02,2.67245856e-04
active,23.051000,61.741667,110.000071,1.25340200e-02,2.67245856e-04
active,23.101000,61.983333,110.000071,1.24712495e-02,2.67245856e-04
active,23.151000,62.225000,110.000071,1.24084789e-02,2.67245856e-04
active,23.201000,62.466667,110.000071,1.23457083e-02,2.67245856e-04
active,23.251000,62.708333,110.000071,1.22829378e-02,2.67245856e-04
active,23.301000,62.950000,110.000071,1.22201672e-02,2.67245856e-04
active,23.351000,63.191667,110.000071,1.21573967e-02,2.67245856e-04
active,23.401000,63.433333,110.000071,1.20946261e-02,2.67245856e-04
active,23.451000,63.675000,110.000071,1.20318555e-02,2.67245856e-04
active,23.501000,63.916667,110.000071,1.19690850e-02,2.67245856e-04
active,23.551000,64.158333,110.000071,1.19063144e-02,2.67245856e-04
active,23.601000,64.400000,110.000071,1.18435438e-02,2.67245856e-04
active,23.651000,64.641667,110.000071,1.17807733e-02,2.67245856e-04
active,23.701000,64.883333,110.000071,1.17180027e-02,2.67245856e-04
active,23.751000,65.125000,110.000071,1.16552322e-02,2.67245856e-04
active,23.801000,65.366667,110.000071,1.15924616e-02,2.67245856e-04
active,23.851000,65.608333,110.000071,1.15296910e-02,2.67245856e-04
active,23.901000,65.850000,110.000071,1.14669205e-02,2.67245856e-04
active,23.951000,66.091667,110.000071,1.14041499e-02,2.67245856e-04
active,24.001000,66.333333,110.000071,1.13413793e-02,2.67245856e-04
active,24.051000,66.575000,110.000071,1.12786088e-02,2.67245856e-04
active,24.101000,66.816667,110.000071,1.12158382e-02,2.67245856e-04
active,24.151000,67.058333,110.000071,1.11530677e-02,2.67245856e-04
active,24.201000,67.300000,110.000071,1.10902971e-02,2.67245856e-04
active,24.251000,67.541667,110.000071,1.10275265e-02,2.67245856e-04
active,24.301000,67.783333,110.000071,1.09647560e-02,2.67245856e-04
active,24.351000,68.025000,110.000071,1.09019854e-02,2.67245856e-04
active,24.401000,68.266667,110.000071,1.08392148e-02,2.67245856e-04
active,24.451000,68.508333,110.000071,1.07764443e-02,2.67245856e-04
active,24.501000,68.750000,110.000071,1.07136737e-02,2.67245856e-04
active,24.551000,68.991667,110.000071,1.06509032e-02,2.67245856e-04
active,24.601000,69.233333,110.000071,1.05881326e-02,2.67245856e-04
active,24.651000,69.475000,110.000071,1.05253620e-02,2.67245856e-04
active,24.701000,69.716667,110.000071,1.04625915e-02,2.67245856e-04
active,24.751000,69.958333,110.000071,1.03998209e-02,2.67245856e-04
active,24.801000,70.200000,110.000071,1.03370503e-02,2.67245856e-04
active,24.851000,70.441667,110.000071,1.02742798e-02,2.67245856e-04
active,24.901000,70.683333,110.000071,1.02115092e-02,2.67245856e-04
active,24.951000,70.925000,110.000071,1.01487387e-02,2.67245856e-04
active,25.001000,71.166667,110.000071,1.00859681e-02,2.67245856e-04
active,25.051000,71.408333,110.000071,1.00231975e-02,2.67245856e-04
active,25.101000,71.650000,110.000071,9.96042696e-03,2.67245856e-04
active,25.151000,71.891667,110.000071,9.89765640e-03,2.67245856e-04
active,25.201000,72.133333,110.000071,9.83488584e-03,2.67245856e-04
active,25.251000,72.375000,110.000071,9.77211528e-03,2.67245856e-04
active,25.301000,72.616667,110.000071,9.70934471e-03,2.67245856e-04
active,25.351000,72.858333,110.000071,9.64657415e-03,2.67245856e-04
active,25.401000,73.100000,110.000071,9.58380359e-03,2.67245856e-04
active,25.451000,73.341667,110.000071,9.52103302e-03,2.67245856e-04
active,25.501000,73.583333,110.000071,9.45826246e-03,2.67245856e-04
active,25.551000,73.825000,110.000071,9.39549190e-03,2.67245856e-04
active,25.601000,74.066667,110.000071,9.33272134e-03,2.67245856e-04
active,25.651000,74.308333,110.000071,9.26995077e-03,2.67245856e-04
active,25.701000,74.550000,110.000071,9.20718021e-03,2.67245856e-04
active,25.751000,74.791667,110.000071,9.14440965e-03,2.67245856e-04
active,25.801000,75.033333,110.000071,9.08163908e-03,2.67245856e-04
active,25.851000,75.275000,110.000071,9.01886852e-03,2.67245856e-04
active,25.901000,75.516667,110.000071,8.95609796e-03,2.67245856e-04
active,25.951000,75.758333,110.000071,8.89332740e-03,2.67245856e-04
active,26.001000,76.000000,110.000071,8.83055683e-03,2.67245856e-04
active,26.051000,76.241667,110.000071,8.76778627e-03,2.67245856e-04
active,26.101000,76.483333,110.000071,8.70501571e-03,2.67245856e-04
active,26.151000,76.725000,110.000071,8.64224515e-03,2.67245856e-04
active,26.201000,76.966667,110.000071,8.57947458e-03,2.67245856e-04
active,26.251000,77.208333,110.000071,8.51670402e-03,2.67245856e-04
active,26.301000,77.450000,110.000071,8.45393346e-03,2.67245856e-04
active,26.351000,77.691667,110.000071,8.39116289e-03,2.67245856e-04
active,26.401000,77.933333,110.000071,8.32839233e-03,2.67245856e-04
active,26.451000,78.175000,110.000071,8.26562177e-03,2.67245856e-04
active,26.501000,78.416667,110.000071,8.20285121e-03,2.67245856e-04
active,26.551000,78.658333,110.000071,8.14008064e-03,2.67245856e-04
active,26.601000,78.900000,110.000071,8.07731008e-03,2.67245856e-04
active,26.651000,79.141667,110.000071,8.01453952e-03,2.67245856e-04
active,26.701000,79.383333,110.000071,7.95176896e-03,2.67245856e-04
active,26.751000,79.625000,110.000071,7.88899839e-03,2.67245856e-04
active,26.801000,79.866667,110.000071,7.82622783e-03,2.67245856e-04
active,26.851000,80.108333,110.000071,7.76345727e-03,2.67245856e-04
active,26.901000,80.350000,110.000071,7.70068670e-03,2.67245856e-04
active,26.951000,80.591667,110.000071,7.63791614e-03,2.67245856e-04
active,27.001000,80.833333,110.000071,7.57514558e-03,2.67245856e-04
active,27.051000,81.075000,110.000071,7.51237502e-03,2.67245856e-04
active,27.101000,81.316667,110.000071,7.44960445e-03,2.67245856e-04
active,27.151000,81.558333,110.000071,7.38683389e-03,2.67245856e-04
active,27.201000,81.800000,110.000071,7.32406333e-03,2.67245856e-04
active,27.251000,82.041667,110.000071,7.26129276e-03,2.67245856e-04
active,27.301000,82.283333,110.000071,7.19852220e-03,2.67245856e-04
active,27.351000,82.525000,110.000071,7.13575164e-03,2.67245856e-04
active,27.401000,82.766667,110.000071,7.07298108e-03,2.67245856e-04
active,27.451000,83.008333,110.000071,7.01021051e-03,2.67245856e-04
active,27.501000,83.250000,110.000071,6.94743995e-03,2.67245856e-04
active,27.551000,83.491667,110.000071,6.88466939e-03,2.67245856e-04
active,27.601000,83.733333,110.000071,6.82189883e-03,2.67245856e-04
active,27.651000,83.975000,110.000071,6.75912826e-03,2.67245856e-04
active,27.701000,84.216667,110.000071,6.69635770e-03,2.67245856e-04
active,27.751000,84.458333,110.000071,6.63358714e-03,2.67245856e-04
active,27.801000,84.700000,110.000071,6.57081657e-03,2.67245856e-04
active,27.851000,84.941667,110.000071,6.50804601e-03,2.67245856e-04
active,27.901000,85.183333,110.000071,6.44527545e-03,2.67245856e-04
active,27.951000,85.425000,110.000071,6.38250489e-03,2.67245856e-04
active,28.001000,85.666667,110.000071,6.31973432e-03,2.67245856e-04
active,28.051000,85.908333,110.000071,6.25696376e-03,2.67245856e-04
active,28.101000,86.150000,110.000071,6.19419320e-03,2.67245856e-04
active,28.151000,86.391667,110.000071,6.13142263e-03,2.67245856e-04
active,28.201000,86.633333,110.000071,6.06865207e-03,2.67245856e-04
active,28.251000,86.875000,110.000071,6.00588151e-03,2.67245856e-04
active,28.301000,87.116667,110.000071,5.94311095e-03,2.67245856e-04
active,28.351000,87.358333,110.000071,5.88034038e-03,2.67245856e-04
active,28.401000,87.600000,110.000071,5.81756982e-03,2.67245856e-04
active,28.451000,87.841667,110.000071,5.75479926e-03,2.67245856e-04
active,28.501000,88.083333,110.000071,5.69202870e-03,2.67245856e-04
active,28.551000,88.325000,110.000071,5.62925813e-03,2.67245856e-04
active,28.601000,88.566667,110.000071,5.56648757e-03,2.67245856e-04
active,28.651000,88.808333,110.000071,5.50371701e-03,2.67245856e-04
active,28.701000,89.050000,110.000071,5.44094644e-03,2.67245856e-04
active,28.751000,89.291667,110.000071,5.37817588e-03,2.67245856e-04
active,28.801000,89.533333,110.000071,5.31540532e-03,2.67245856e-04
active,28.851000,89.775000,110.000071,5.25263476e-03,2.67245856e-04
active,28.901000,90.016667,110.000071,5.18986419e-03,2.67245856e-04
active,28.951000,90.258333,110.000071,5.12709363e-03,2.67245856e-04
active,29.001000,90.500000,110.000071,5.06432307e-03,2.67245856e-04
active,29.051000,90.741667,110.000071,5.00155250e-03,2.67245856e-04
active,29.101000,90.983333,110.000071,4.93878194e-03,2.67245856e-04
active,29.151000,91.225000,110.000071,4.87601138e-03,2.67245856e-04
active,29.201000,91.466667,110.000071,4.81324082e-03,2.67245856e-04
active,29.251000,91.708333,110.000071,4.75047025e-03,2.67245856e-04
active,29.301000,91.950000,110.000071,4.68769969e-03,2.67245856e-04
active,29.351000,92.191667,110.000071,4.62492913e-03,2.67245856e-04
active,29.401000,92.433333,110.000071,4.56215857e-03,2.67245856e-04
active,29.451000,92.675000,110.000071,4.49938800e-03,2.67245856e-04
active,29.501000,92.916667,110.000071,4.43661744e-03,2.67245856e-04
active,29.551000,93.158333,110.000071,4.37384688e-03,2.67245856e-04
active,29.601000,93.400000,110.000071,4.31107631e-03,2.67245856e-04
active,29.651000,93.641667,110.000071,4.24830575e-03,2.67245856e-04
active,29.701000,93.883333,110.000071,4.18553519e-03,2.67245856e-04
active,29.751000,94.125000,110.000071,4.12276463e-03,2.67245856e-04
active,29.801000,94.366667,110.000071,4.05999406e-03,2.67245856e-04
active,29.851000,94.608333,110.000071,3.99722350e-03,2.67245856e-04
active,29.901000,94.850000,110.000071,3.93445294e-03,2.67245856e-04
active,29.951000,95.091667,110.000071,3.87168238e-03,2.67245856e-04
active,30.001000,95.333333,110.000071,3.80891181e-03,2.67245856e-04
active,30.051000,95.575000,110.000071,3.74614125e-03,2.67245856e-04
active,30.101000,95.816667,110.000071,3.68337069e-03,2.67245856e-04
active,30.151000,96.058333,110.000071,3.62060012e-03,2.67245856e-04
active,30.201000,96.300000,110.000071,3.55782956e-03,2.67245856e-04
active,30.251000,96.541667,110.000071,3.49505900e-03,2.67245856e-04
active,30.301000,96.783333,110.000071,3.43228844e-03,2.67245856e-04
active,30.351000,97.025000,110.000071,3.36951787e-03,2.67245856e-04
active,30.401000,97.266667,110.000071,3.30674731e-03,2.67245856e-04
active,30.451000,97.508333,110.000071,3.24397675e-03,2.67245856e-04
active,30.501000,97.750000,110.000071,3.18120618e-03,2.67245856e-04
active,30.551000,97.991667,110.000071,3.11843562e-03,2.67245856e-04
active,30.601000,98.233333,110.000071,3.05566506e-03,2.67245856e-04
active,30.651000,98.475000,110.000071,2.99289450e-03,2.67245856e-04
active,30.701000,98.716667,110.000071,2.93012393e-03,2.67245856e-04
active,30.751000,98.958333,110.000071,2.86735337e-03,2.67245856e-04
active,30.801000,99.200000,110.000071,2.80458281e-03,2.67245856e-04
active,30.851000,99.441667,110.000071,2.74181225e-03,2.67245856e-04
active,30.901000,99.683333,110.000071,2.67904168e-03,2.67245856e-04
active,30.951000,99.925000,110.000071,2.61627112e-03,2.67245856e-04
active,31.001000,100.166667,110.000071,2.55350056e-03,2.67245856e-04
active,31.051000,100.408333,110.000071,2.49072999e-03,2.67245856e-04
active,31.101000,100.650000,110.000071,2.42795943e-03,2.67245856e-04
active,31.151000,100.891667,110.000071,2.36518887e-03,2.67245856e-04
active,31.201000,101.133333,110.000071,2.30241831e-03,2.67245856e-04
active,31.251000,101.375000,110.000071,2.23964774e-03,2.67245856e-04
active,31.301000,101.616667,110.000071,2.17687718e-03,2.67245856e-04
active,31.351000,101.858333,110.000071,2.11410662e-03,2.67245856e-04
active,31.401000,102.100000,110.000071,2.05133605e-03,2.67245856e-04
active,31.451000,102.341667,110.000071,1.98856549e-03,2.67245856e-04
active,31.501000,102.583333,110.000071,1.92579493e-03,2.67245856e-04
active,31.551000,102.825000,110.000071,1.86302437e-03,2.67245856e-04
active,31.601000,103.066667,110.000071,1.80025380e-03,2.67245856e-04
active,31.651000,103.308333,110.000071,1.73748324e-03,2.67245856e-04
active,31.701000,103.550000,110.000071,1.67471268e-03,2.67245856e-04
active,31.751000,103.791667,110.000071,1.61194212e-03,2.67245856e-04
active,31.801000,104.033333,110.000071,1.54917155e-03,2.67245856e-04
active,31.851000,104.275000,110.000071,1.48640099e-03,2.67245856e-04
active,31.901000,104.516667,110.000071,1.42363043e-03,2.67245856e-04
active,31.951000,104.758333,110.000071,1.36085986e-03,2.67245856e-04
active,32.001000,105.000000,110.000007,1.29808930e-03,2.48366917e-05
active,32.051000,105.000000,110.000000,1.29870131e-03,1.57540514e-09
active,32.101000,105.000000,110.000000,1.29870130e-03,0.00000000e+00
active,32.151000,105.000000,110.000000,1.29870130e-03,0.00000000e+00
active,32.201000,105.000000,110.000000,1.29870130e-03,0.00000000e+00
active,32.251000,105.000000,110.000000,1.29870130e-03,0.00000000e+00
active,32.301000,105.000000,110.000000,1.29870130e-03,0.00000000e+00
active,32.351000,105.000000,110.000000,1.29870130e-03,0.00000000e+00
active,32.401000,105.000000,110.000000,1.29870130e-03,0.00000000e+00
active,32.451000,105.000000,110.000000,1.29870130e-03,0.00000000e+00
active,32.501000,105.000000,110.000000,1.29870130e-03,0.00000000e+00
active,32.551000,105.000000,110.000000,1.29870130e-03,0.00000000e+00
active,32.601000,105.000000,110.000000,1.29870130e-03,0.00000000e+00
active,32.651000,105.000000,110.000000,1.29870130e-03,0.00000000e+00
active,32.701000,105.000000,110.000000,1.29870130e-03,0.00000000e+00
active,32.751000,105.000000,110.000000,1.29870130e-03,0.00000000e+00
active,32.801000,105.000000,110.000000,1.29870130e-03,0.00000000e+00
active,32.851000,105.000000,110.000000,1.29870130e-03,0.00000000e+00
active,32.901000,105.000000,110.000000,1.29870130e-03,0.00000000e+00
active,32.951000,105.000000,110.000000,1.29870130e-03,0.00000000e+00
active,33.001000,105.000000,110.000000,1.29870130e-03,0.00000000e+00
active,33.051000,105.000000,110.000000,1.29870130e-03,0.00000000e+00
active,33.101000,105.000000,110.000000,1.29870130e-03,0.00000000e+00
active,33.151000,105.000000,110.000000,1.29870130e-03,0.00000000e+00
active,33.201000,105.000000,110.000000,1.29870130e-03,0.00000000e+00
active,33.251000,105.000000,110.000000,1.29870130e-03,0.00000000e+00
active,33.301000,105.000000,110.000000,1.29870130e-03,0.00000000e+00
active,33.351000,105.000000,110.000000,1.29870130e-03,0.00000000e+00
active,33.401000,105.000000,110.000000,1.29870130e-03,0.00000000e+00
active,33.451000,105.000000,110.000000,1.29870130e-03,0.00000000e+00
active,33.501000,105.000000,110.000000,1.29870130e-03,0.00000000e+00
active,33.551000,105.000000,110.000000,1.29870130e-03,0.00000000e+00
active,33.601000,105.000000,110.000000,1.29870130e-03,0.00000000e+00
active,33.651000,105.000000,110.000000,1.29870130e-03,0.00000000e+00
active,33.701000,105.000000,110.000000,1.29870130e-03,0.00000000e+00
active,33.751000,105.000000,110.000000,1.29870130e-03,0.00000000e+00
active,33.801000,105.000000,110.000000,1.29870130e-03,0.00000000e+00
active,33.851000,105.000000,110.000000,1.29870130e-03,0.00000000e+00
active,33.901000,105.000000,110.000000,1.29870130e-03,0.00000000e+00
active,33.951000,105.000000,110.000000,1.29870130e-03,0.00000000e+00
active,34.001000,105.000000,110.000000,1.29870130e-03,0.00000000e+00
active,34.051000,105.000000,110.000000,1.29870130e-03,0.00000000e+00
active,34.101000,105.000000,110.000000,1.29870130e-03,0.00000000e+00
active,34.151000,105.000000,110.000000,1.29870130e-03,0.00000000e+00
active,34.201000,105.000000,110.000000,1.29870130e-03,0.00000000e+00
active,34.251000,105.000000,110.000000,1.29870130e-03,0.00000000e+00
active,34.301000,105.000000,110.000000,1.29870130e-03,0.00000000e+00
active,34.351000,105.000000,110.000000,1.29870130e-03,0.00000000e+00
active,34.401000,105.000000,110.000000,1.29870130e-03,0.00000000e+00
active,34.451000,105.000000,110.000000,1.29870130e-03,0.00000000e+00
active,34.501000,105.000000,110.000000,1.29870130e-03,0.00000000e+00
active,34.551000,105.000000,110.000000,1.29870130e-03,0.00000000e+00
active,34.601000,105.000000,110.000000,1.29870130e-03,0.00000000e+00
active,34.651000,105.000000,110.000000,1.29870130e-03,0.00000000e+00
active,34.701000,105.000000,110.000000,1.29870130e-03,0.00000000e+00
active,34.751000,105.000000,110.000000,1.29870130e-03,0.00000000e+00
active,34.801000,105.000000,110.000000,1.29870130e-03,0.00000000e+00
active,34.851000,105.000000,110.000000,1.29870130e-03,0.00000000e+00
active,34.901000,105.000000,110.000000,1.29870130e-03,0.00000000e+00
active,34.951000,105.000000,110.000000,1.29870130e-03,0.00000000e+00
active,35.001000,105.000000,110.000000,1.29870130e-03,0.00000000e+00
active,35.051000,105.000000,110.000000,1.29870130e-03,0.00000000e+00
active,35.101000,105.000000,110.000000,1.29870130e-03,0.00000000e+00
active,35.151000,105.000000,110.000000,1.29870130e-03,0.00000000e+00
active,35.201000,105.000000,110.000000,1.29870130e-03,0.00000000e+00
active,35.251000,105.000000,110.000000,1.29870130e-03,0.00000000e+00
active,35.301000,105.000000,110.000000,1.29870130e-03,0.00000000e+00
active,35.351000,105.000000,110.000000,1.29870130e-03,0.00000000e+00
active,35.401000,105.000000,110.000000,1.29870130e-03,0.00000000e+00
active,35.451000,105.000000,110.000000,1.29870130e-03,0.00000000e+00
active,35.501000,105.000000,110.000000,1.29870130e-03,0.00000000e+00
active,35.551000,105.000000,110.000000,1.29870130e-03,0.00000000e+00
active,35.601000,105.000000,110.000000,1.29870130e-03,0.00000000e+00
active,35.651000,105.000000,110.000000,1.29870130e-03,0.00000000e+00
active,35.701000,105.000000,110.000000,1.29870130e-03,0.00000000e+00
active,35.751000,105.000000,110.000000,1.29870130e-03,0.00000000e+00
active,35.801000,105.000000,110.000000,1.29870130e-03,0.00000000e+00
active,35.851000,105.000000,110.000000,1.29870130e-03,0.00000000e+00
active,35.901000,105.000000,110.000000,1.29870130e-03,0.00000000e+00
active,35.951000,105.000000,110.000000,1.29870130e-03,0.00000000e+00
active,36.001000,105.000000,110.000000,1.29870130e-03,0.00000000e+00
active,36.051000,105.000000,110.000000,1.29870130e-03,0.00000000e+00
active,36.101000,105.000000,110.000000,1.29870130e-03,0.00000000e+00
active,36.151000,105.000000,110.000000,1.29870130e-03,0.00000000e+00
active,36.201000,105.000000,110.000000,1.29870130e-03,0.00000000e+00
active,36.251000,105.000000,110.000000,1.29870130e-03,0.00000000e+00
active,36.301000,105.000000,110.000000,1.29870130e-03,0.00000000e+00
active,36.351000,105.000000,110.000000,1.29870130e-03,0.00000000e+00
active,36.401000,105.000000,110.000000,1.29870130e-03,0.00000000e+00
active,36.451000,105.000000,110.000000,1.29870130e-03,0.00000000e+00
active,36.501000,105.000000,110.000000,1.29870130e-03,0.00000000e+00
active,36.551000,105.000000,110.000000,1.29870130e-03,0.00000000e+00
active,36.601000,105.000000,110.000000,1.29870130e-03,0.00000000e+00
active,36.651000,105.000000,110.000000,1.29870130e-03,0.00000000e+00
active,36.701000,105.000000,110.000000,1.29870130e-03,0.00000000e+00
active,36.751000,105.000000,110.000000,1.29870130e-03,0.00000000e+00
active,36.801000,105.000000,110.000000,1.29870130e-03,0.00000000e+00
active,36.851000,105.000000,110.000000,1.29870130e-03,0.00000000e+00
active,36.901000,105.000000,110.000000,1.29870130e-03,0.00000000e+00
active,36.951000,105.000000,110.000000,1.29870130e-03,0.00000000e+00
active,37.001000,105.000000,109.999935,1.29870130e-03,-2.42409451e-04
active,37.051000,104.758333,109.999929,1.36208387e-03,-2.67244710e-04
active,37.101000,104.516667,109.999929,1.42485442e-03,-2.67245999e-04
active,37.151000,104.275000,109.999929,1.48762498e-03,-2.67245999e-04
active,37.201000,104.033333,109.999929,1.55039555e-03,-2.67245999e-04
active,37.251000,103.791667,109.999929,1.61316611e-03,-2.67245999e-04
active,37.301000,103.550000,109.999929,1.67593667e-03,-2.67245999e-04
active,37.351000,103.308333,109.999929,1.73870724e-03,-2.67245999e-04
active,37.401000,103.066667,109.999929,1.80147780e-03,-2.67245999e-04
active,37.451000,102.825000,109.999929,1.86424836e-03,-2.67245999e-04
active,37.501000,102.583333,109.999929,1.92701892e-03,-2.67245999e-04
active,37.551000,102.341667,109.999929,1.98978949e-03,-2.67245999e-04
active,37.601000,102.100000,109.999929,2.05256005e-03,-2.67245999e-04
active,37.651000,101.858333,109.999929,2.11533061e-03,-2.67245999e-04
active,37.701000,101.616667,109.999929,2.17810117e-03,-2.67245999e-04
active,37.751000,101.375000,109.999929,2.24087174e-03,-2.67245999e-04
active,37.801000,101.133333,109.999929,2.30364230e-03,-2.67245999e-04
active,37.851000,100.891667,109.999929,2.36641286e-03,-2.67245999e-04
active,37.901000,100.650000,109.999929,2.42918343e-03,-2.67245999e-04
active,37.951000,100.408333,109.999929,2.49195399e-03,-2.67245999e-04
active,38.001000,100.166667,109.999929,2.55472455e-03,-2.67245999e-04
active,38.051000,99.925000,109.999929,2.61749511e-03,-2.67245999e-04
active,38.101000,99.683333,109.999929,2.68026568e-03,-2.67245999e-04
active,38.151000,99.441667,109.999929,2.74303624e-03,-2.67245999e-04
active,38.201000,99.200000,109.999929,2.80580680e-03,-2.67245999e-04
active,38.251000,98.958333,109.999929,2.86857737e-03,-2.67245999e-04
active,38.301000,98.716667,109.999929,2.93134793e-03,-2.67245999e-04
active,38.351000,98.475000,109.999929,2.99411849e-03,-2.67245999e-04
active,38.401000,98.233333,109.999929,3.05688905e-03,-2.67245999e-04
active,38.451000,97.991667,109.999929,3.11965962e-03,-2.67245999e-04
active,38.501000,97.750000,109.999929,3.18243018e-03,-2.67245999e-04
active,38.551000,97.508333,109.999929,3.24520074e-03,-2.67245999e-04
active,38.601000,97.266667,109.999929,3.30797130e-03,-2.67245999e-04
active,38.651000,97.025000,109.999929,3.37074187e-03,-2.67245999e-04
active,38.701000,96.783333,109.999929,3.43351243e-03,-2.67245999e-04
active,38.751000,96.541667,109.999929,3.49628299e-03,-2.67245999e-04
active,38.801000,96.300000,109.999929,3.55905356e-03,-2.67245999e-04
active,38.851000,96.058333,109.999929,3.62182412e-03,-2.67245999e-04
active,38.901000,95.816667,109.999929,3.68459468e-03,-2.67245999e-04
active,38.951000,95.575000,109.999929,3.74736524e-03,-2.67245999e-04
active,39.001000,95.333333,109.999929,3.81013581e-03,-2.67245999e-04
active,39.051000,95.091667,109.999929,3.87290637e-03,-2.67245999e-04
active,39.101000,94.850000,109.999929,3.93567693e-03,-2.67245999e-04
active,39.151000,94.608333,109.999929,3.99844750e-03,-2.67245999e-04
active,39.201000,94.366667,109.999929,4.06121806e-03,-2.67245999e-04
active,39.251000,94.125000,109.999929,4.12398862e-03,-2.67245999e-04
active,39.301000,93.883333,109.999929,4.18675918e-03,-2.67245999e-04
active,39.351000,93.641667,109.999929,4.24952975e-03,-2.67245999e-04
active,39.401000,93.400000,109.999929,4.31230031e-03,-2.67245999e-04
active,39.451000,93.158333,109.999929,4.37507087e-03,-2.67245999e-04
active,39.501000,92.916667,109.999929,4.43784143e-03,-2.67245999e-04
active,39.551000,92.675000,109.999929,4.50061200e-03,-2.67245999e-04
active,39.601000,92.433333,109.999929,4.56338256e-03,-2.67245999e-04
active,39.651000,92.191667,109.999929,4.62615312e-03,-2.67245999e-04
active,39.701000,91.950000,109.999929,4.68892369e-03,-2.67245999e-04
active,39.751000,91.708333,109.999929,4.75169425e-03,-2.67245999e-04
active,39.801000,91.466667,109.999929,4.81446481e-03,-2.67245999e-04
active,39.851000,91.225000,109.999929,4.87723537e-03,-2.67245999e-04
active,39.901000,90.983333,109.999929,4.94000594e-03,-2.67245999e-04
active,39.951000,90.741667,109.999929,5.00277650e-03,-2.67245999e-04
active,40.001000,90.500000,109.999929,5.06554706e-03,-2.67245999e-04
active,40.051000,90.258333,109.999929,5.12831762e-03,-2.67245999e-04
active,40.101000,90.016667,109.999929,5.19108819e-03,-2.67245999e-04
active,40.151000,89.775000,109.999929,5.25385875e-03,-2.67245999e-04
active,40.201000,89.533333,109.999929,5.31662931e-03,-2.67245999e-04
active,40.251000,89.291667,109.999929,5.37939988e-03,-2.67245999e-04
active,40.301000,89.050000,109.999929,5.44217044e-03,-2.67245999e-04
active,40.351000,88.808333,109.999929,5.50494100e-03,-2.67245999e-04
active,40.401000,88.566667,109.999929,5.56771156e-03,-2.67245999e-04
active,40.451000,88.325000,109.999929,5.63048213e-03,-2.67245999e-04
active,40.501000,88.083333,109.999929,5.69325269e-03,-2.67245999e-04
active,40.551000,87.841667,109.999929,5.75602325e-03,-2.67245999e-04
active,40.601000,87.600000,109.999929,5.81879382e-03,-2.67245999e-04
active,40.651000,87.358333,109.999929,5.88156438e-03,-2.67245999e-04
active,40.701000,87.116667,109.999929,5.94433494e-03,-2.67245999e-04
active,40.751000,86.875000,109.999929,6.00710550e-03,-2.67245999e-04
active,40.801000,86.633333,109.999929,6.06987607e-03,-2.67245999e-04
active,40.851000,86.391667,109.999929,6.13264663e-03,-2.67245999e-04
active,40.901000,86.150000,109.999929,6.19541719e-03,-2.67245999e-04
active,40.951000,85.908333,109.999929,6.25818775e-03,-2.67245999e-04
active,41.001000,85.666667,109.999929,6.32095832e-03,-2.67245999e-04
active,41.051000,85.425000,109.999929,6.38372888e-03,-2.67245999e-04
active,41.101000,85.183333,109.999929,6.44649944e-03,-2.67245999e-04
active,41.151000,84.941667,109.999929,6.50927001e-03,-2.67245999e-04
active,41.201000,84.700000,109.999929,6.57204057e-03,-2.67245999e-04
active,41.251000,84.458333,109.999929,6.63481113e-03,-2.67245999e-04
active,41.301000,84.216667,109.999929,6.69758169e-03,-2.67245999e-04
active,41.351000,83.975000,109.999929,6.76035226e-03,-2.67245999e-04
active,41.401000,83.733333,109.999929,6.82312282e-03,-2.67245999e-04
active,41.451000,83.491667,109.999929,6.88589338e-03,-2.67245999e-04
active,41.501000,83.250000,109.999929,6.94866395e-03,-2.67245999e-04
active,41.551000,83.008333,109.999929,7.01143451e-03,-2.67245999e-04
active,41.601000,82.766667,109.999929,7.07420507e-03,-2.67245999e-04
active,41.651000,82.525000,109.999929,7.13697563e-03,-2.67245999e-04
active,41.701000,82.283333,109.999929,7.19974620e-03,-2.67245999e-04
active,41.751000,82.041667,109.999929,7.26251676e-03,-2.67245999e-04
active,41.801000,81.800000,109.999929,7.32528732e-03,-2.67245999e-04
active,41.851000,81.558333,109.999929,7.38805788e-03,-2.67245999e-04
active,41.901000,81.316667,109.999929,7.45082845e-03,-2.67245999e-04
active,41.951000,81.075000,109.999929,7.51359901e-03,-2.67245999e-04
active,42.001000,80.833333,109.999929,7.57636957e-03,-2.67245999e-04
active,42.051000,80.591667,109.999929,7.63914014e-03,-2.67245999e-04
active,42.101000,80.350000,109.999929,7.70191070e-03,-2.67245999e-04
active,42.151000,80.108333,109.999929,7.76468126e-03,-2.67245999e-04
active,42.201000,79.866667,109.999929,7.82745182e-03,-2.67245999e-04
active,42.251000,79.625000,109.999929,7.89022239e-03,-2.67245999e-04
active,42.301000,79.383333,109.999929,7.95299295e-03,-2.67245999e-04
active,42.351000,79.141667,109.999929,8.01576351e-03,-2.67245999e-04
active,42.401000,78.900000,109.999929,8.07853408e-03,-2.67245999e-04
active,42.451000,78.658333,109.999929,8.14130464e-03,-2.67245999e-04
active,42.501000,78.416667,109.999929,8.20407520e-03,-2.67245999e-04
active,42.551000,78.175000,109.999929,8.26684576e-03,-2.67245999e-04
active,42.601000,77.933333,109.999929,8.32961633e-03,-2.67245999e-04
active,42.651000,77.691667,109.999929,8.39238689e-03,-2.67245999e-04
active,42.701000,77.450000,109.999929,8.45515745e-03,-2.67245999e-04
active,42.751000,77.208333,109.999929,8.51792801e-03,-2.67245999e-04
active,42.801000,76.966667,109.999929,8.58069858e-03,-2.67245999e-04
active,42.851000,76.725000,109.999929,8.64346914e-03,-2.67245999e-04
active,42.901000,76.483333,109.999929,8.70623970e-03,-2.67245999e-04
active,42.951000,76.241667,109.999929,8.76901027e-03,-2.67245999e-04
active,43.001000,76.000000,109.999929,8.83178083e-03,-2.67245999e-04
active,43.051000,75.758333,109.999929,8.89455139e-03,-2.67245999e-04
active,43.101000,75.516667,109.999929,8.95732195e-03,-2.67245999e-04
active,43.151000,75.275000,109.999929,9.02009252e-03,-2.67245999e-04
active,43.201000,75.033333,109.999929,9.08286308e-03,-2.67245999e-04
active,43.251000,74.791667,109.999929,9.14563364e-03,-2.67245999e-04
active,43.301000,74.550000,109.999929,9.20840421e-03,-2.67245999e-04
active,43.351000,74.308333,109.999929,9.27117477e-03,-2.67245999e-04
active,43.401000,74.066667,109.999929,9.33394533e-03,-2.67245999e-04
active,43.451000,73.825000,109.999929,9.39671589e-03,-2.67245999e-04
active,43.501000,73.583333,109.999929,9.45948646e-03,-2.67245999e-04
active,43.551000,73.341667,109.999929,9.52225702e-03,-2.67245999e-04
active,43.601000,73.100000,109.999929,9.58502758e-03,-2.67245999e-04
active,43.651000,72.858333,109.999929,9.64779814e-03,-2.67245999e-04
active,43.701000,72.616667,109.999929,9.71056871e-03,-2.67245999e-04
active,43.751000,72.375000,109.999929,9.77333927e-03,-2.67245999e-04
active,43.801000,72.133333,109.999929,9.83610983e-03,-2.67245999e-04
active,43.851000,71.891667,109.999929,9.89888040e-03,-2.67245999e-04
active,43.901000,71.650000,109.999929,9.96165096e-03,-2.67245999e-04
active,43.951000,71.408333,109.999929,1.00244215e-02,-2.67245999e-04
active,44.001000,71.166667,109.999929,1.00871921e-02,-2.67245999e-04
active,44.051000,70.925000,109.999929,1.01499626e-02,-2.67245999e-04
active,44.101000,70.683333,109.999929,1.02127332e-02,-2.67245999e-04
active,44.151000,70.441667,109.999929,1.02755038e-02,-2.67245999e-04
active,44.201000,70.200000,109.999929,1.03382743e-02,-2.67245999e-04
active,44.251000,69.958333,109.999929,1.04010449e-02,-2.67245999e-04
active,44.301000,69.716667,109.999929,1.04638155e-02,-2.67245999e-04
active,44.351000,69.475000,109.999929,1.05265860e-02,-2.67245999e-04
active,44.401000,69.233333,109.999929,1.05893566e-02,-2.67245999e-04
active,44.451000,68.991667,109.999929,1.06521271e-02,-2.67245999e-04
active,44.501000,68.750000,109.999929,1.07148977e-02,-2.67245999e-04
active,44.551000,68.508333,109.999929,1.07776683e-02,-2.67245999e-04
active,44.601000,68.266667,109.999929,1.08404388e-02,-2.67245999e-04
active,44.651000,68.025000,109.999929,1.09032094e-02,-2.67245999e-04
active,44.701000,67.783333,109.999929,1.09659800e-02,-2.67245999e-04
active,44.751000,67.541667,109.999929,1.10287505e-02,-2.67245999e-04
active,44.801000,67.300000,109.999929,1.10915211e-02,-2.67245999e-04
active,44.851000,67.058333,109.999929,1.11542917e-02,-2.67245999e-04
active,44.901000,66.816667,109.999929,1.12170622e-02,-2.67245999e-04
active,44.951000,66.575000,109.999929,1.12798328e-02,-2.67245999e-04
active,45.001000,66.333333,109.999929,1.13426033e-02,-2.67245999e-04
active,45.051000,66.091667,109.999929,1.14053739e-02,-2.67245999e-04
active,45.101000,65.850000,109.999929,1.14681445e-02,-2.67245999e-04
active,45.151000,65.608333,109.999929,1.15309150e-02,-2.67245999e-04
active,45.201000,65.366667,109.999929,1.15936856e-02,-2.67245999e-04
active,45.251000,65.125000,109.999929,1.16564562e-02,-2.67245999e-04
active,45.301000,64.883333,109.999929,1.17192267e-02,-2.67245999e-04
active,45.351000,64.641667,109.999929,1.17819973e-02,-2.67245999e-04
active,45.401000,64.400000,109.999929,1.18447678e-02,-2.67245999e-04
active,45.451000,64.158333,109.999929,1.19075384e-02,-2.67245999e-04
active,45.501000,63.916667,109.999929,1.19703090e-02,-2.67245999e-04
active,45.551000,63.675000,109.999929,1.20330795e-02,-2.67245999e-04
active,45.601000,63.433333,109.999929,1.20958501e-02,-2.67245999e-04
active,45.651000,63.191667,109.999929,1.21586207e-02,-2.67245999e-04
active,45.701000,62.950000,109.999929,1.22213912e-02,-2.67245999e-04
active,45.751000,62.708333,109.999929,1.22841618e-02,-2.67245999e-04
active,45.801000,62.466667,109.999929,1.23469323e-02,-2.67245999e-04
active,45.851000,62.225000,109.999929,1.24097029e-02,-2.67245999e-04
active,45.901000,61.983333,109.999929,1.24724735e-02,-2.67245999e-04
active,45.951000,61.741667,109.999929,1.25352440e-02,-2.67245999e-04
active,46.001000,61.500000,109.999929,1.25980146e-02,-2.67245999e-04
active,46.051000,61.258333,109.999929,1.26607852e-02,-2.67245999e-04
active,46.101000,61.016667,109.999929,1.27235557e-02,-2.67245999e-04
active,46.151000,60.775000,109.999929,1.27863263e-02,-2.67245999e-04
active,46.201000,60.533333,109.999929,1.28490968e-02,-2.67245999e-04
active,46.251000,60.291667,109.999929,1.29118674e-02,-2.67245999e-04
active,46.301000,60.050000,109.999929,1.29746380e-02,-2.67245999e-04
active,46.351000,59.808333,109.999929,1.30374085e-02,-2.67245999e-04
active,46.401000,59.566667,109.999929,1.31001791e-02,-2.67245999e-04
active,46.451000,59.325000,109.999929,1.31629497e-02,-2.67245999e-04
active,46.501000,59.083333,109.999929,1.32257202e-02,-2.67245999e-04
active,46.551000,58.841667,109.999929,1.32884908e-02,-2.67245999e-04
active,46.601000,58.600000,109.999929,1.33512613e-02,-2.67245999e-04
active,46.651000,58.358333,109.999929,1.34140319e-02,-2.67245999e-04
active,46.701000,58.116667,109.999929,1.34768025e-02,-2.67245999e-04
active,46.751000,57.875000,109.999929,1.35395730e-02,-2.67245999e-04
active,46.801000,57.633333,109.999929,1.36023436e-02,-2.67245999e-04
active,46.851000,57.391667,109.999929,1.36651142e-02,-2.67245999e-04
active,46.901000,57.150000,109.999929,1.37278847e-02,-2.67245999e-04
active,46.951000,56.908333,109.999929,1.37906553e-02,-2.67245999e-04
active,47.001000,56.666667,109.999929,1.38534259e-02,-2.67245999e-04
active,47.051000,56.425000,109.999929,1.39161964e-02,-2.67245999e-04
active,47.101000,56.183333,109.999929,1.39789670e-02,-2.67245999e-04
active,47.151000,55.941667,109.999929,1.40417375e-02,-2.67245999e-04
active,47.201000,55.700000,109.999929,1.41045081e-02,-2.67245999e-04
active,47.251000,55.458333,109.999929,1.41672787e-02,-2.67245999e-04
active,47.301000,55.216667,109.999929,1.42300492e-02,-2.67245999e-04
active,47.351000,54.975000,109.999929,1.42928198e-02,-2.67245999e-04
active,47.401000,54.733333,109.999929,1.43555904e-02,-2.67245999e-04
active,47.451000,54.491667,109.999929,1.44183609e-02,-2.67245999e-04
active,47.501000,54.250000,109.999929,1.44811315e-02,-2.67245999e-04
active,47.551000,54.008333,109.999929,1.45439020e-02,-2.67245999e-04
active,47.601000,53.766667,109.999929,1.46066726e-02,-2.67245999e-04
active,47.651000,53.525000,109.999929,1.46694432e-02,-2.67245999e-04
active,47.701000,53.283333,109.999929,1.47322137e-02,-2.67245999e-04
active,47.751000,53.041667,109.999929,1.47949843e-02,-2.67245999e-04
active,47.801000,52.800000,109.999929,1.48577549e-02,-2.67245999e-04
active,47.851000,52.558333,109.999929,1.49205254e-02,-2.67245999e-04
active,47.901000,52.316667,109.999929,1.49832960e-02,-2.67245999e-04
active,47.951000,52.075000,109.999929,1.50460665e-02,-2.67245999e-04
active,48.001000,51.833333,109.999929,1.51088371e-02,-2.67245999e-04
active,48.051000,51.591667,109.999929,1.51716077e-02,-2.67245999e-04
active,48.101000,51.350000,109.999929,1.52343782e-02,-2.67245999e-04
active,48.151000,51.108333,109.999929,1.52971488e-02,-2.67245999e-04
active,48.201000,50.866667,109.999929,1.53599194e-02,-2.67245999e-04
active,48.251000,50.625000,109.999929,1.54226899e-02,-2.67245999e-04
active,48.301000,50.383333,109.999929,1.54854605e-02,-2.67245999e-04
active,48.351000,50.141667,109.999929,1.55482310e-02,-2.67245999e-04
active,48.401000,49.900000,109.999929,1.56110016e-02,-2.67245999e-04
active,48.451000,49.658333,109.999929,1.56737722e-02,-2.67245999e-04
active,48.501000,49.416667,109.999929,1.57365427e-02,-2.67245999e-04
active,48.551000,49.175000,109.999929,1.57993133e-02,-2.67245999e-04
active,48.601000,48.933333,109.999929,1.58620839e-02,-2.67245999e-04
active,48.651000,48.691667,109.999929,1.59248544e-02,-2.67245999e-04
active,48.701000,48.450000,109.999929,1.59876250e-02,-2.67245999e-04
active,48.751000,48.208333,109.999929,1.60503955e-02,-2.67245999e-04
active,48.801000,47.966667,109.999929,1.61131661e-02,-2.67245999e-04
active,48.851000,47.725000,109.999929,1.61759367e-02,-2.67245999e-04
active,48.901000,47.483333,109.999929,1.62387072e-02,-2.67245999e-04
active,48.951000,47.241667,109.999929,1.63014778e-02,-2.67245999e-04
active,49.001000,47.000000,109.999929,1.63642484e-02,-2.67245999e-04
active,49.051000,46.758333,109.999929,1.64270189e-02,-2.67245999e-04
active,49.101000,46.516667,109.999929,1.64897895e-02,-2.67245999e-04
active,49.151000,46.275000,109.999929,1.65525600e-02,-2.67245999e-04
active,49.201000,46.033333,109.999929,1.66153306e-02,-2.67245999e-04
active,49.251000,45.791667,109.999929,1.66781012e-02,-2.67245999e-04
active,49.301000,45.550000,109.999929,1.67408717e-02,-2.67245999e-04
active,49.351000,45.308333,109.999929,1.68036423e-02,-2.67245999e-04
active,49.401000,45.066667,109.999929,1.68664129e-02,-2.67245999e-04
active,49.451000,44.825000,109.999929,1.69291834e-02,-2.67245999e-04
active,49.501000,44.583333,109.999929,1.69919540e-02,-2.67245999e-04
active,49.551000,44.341667,109.999929,1.70547246e-02,-2.67245999e-04
active,49.601000,44.100000,109.999929,1.71174951e-02,-2.67245999e-04
active,49.651000,43.858333,109.999929,1.71802657e-02,-2.67245999e-04
active,49.701000,43.616667,109.999929,1.72430362e-02,-2.67245999e-04
active,49.751000,43.375000,109.999929,1.73058068e-02,-2.67245999e-04
active,49.801000,43.133333,109.999929,1.73685774e-02,-2.67245999e-04
active,49.851000,42.891667,109.999929,1.74313479e-02,-2.67245999e-04
active,49.901000,42.650000,109.999929,1.74941185e-02,-2.67245999e-04
active,49.951000,42.408333,109.999929,1.75568891e-02,-2.67245999e-04
active,50.001000,42.166667,109.999929,1.76196596e-02,-2.67245999e-04
active,50.051000,41.925000,109.999929,1.76824302e-02,-2.67245999e-04
active,50.101000,41.683333,109.999929,1.77452007e-02,-2.67245999e-04
active,50.151000,41.441667,109.999929,1.78079713e-02,-2.67245999e-04
active,50.201000,41.200000,109.999929,1.78707419e-02,-2.67245999e-04
active,50.251000,40.958333,109.999929,1.79335124e-02,-2.67245999e-04
active,50.301000,40.716667,109.999929,1.79962830e-02,-2.67245999e-04
active,50.351000,40.475000,109.999929,1.80590536e-02,-2.67245999e-04
active,50.401000,40.233333,109.999929,1.81218241e-02,-2.67245999e-04
active,50.451000,39.991667,109.999929,1.81845947e-02,-2.67245999e-04
active,50.501000,39.750000,109.999929,1.82473652e-02,-2.67245999e-04
active,50.551000,39.508333,109.999929,1.83101358e-02,-2.67245999e-04
active,50.601000,39.266667,109.999929,1.83729064e-02,-2.67245999e-04
active,50.651000,39.025000,109.999929,1.84356769e-02,-2.67245999e-04
active,50.701000,38.783333,109.999929,1.84984475e-02,-2.67245999e-04
active,50.751000,38.541667,109.999929,1.85612181e-02,-2.67245999e-04
active,50.801000,38.300000,109.999929,1.86239886e-02,-2.67245999e-04
active,50.851000,38.058333,109.999929,1.86867592e-02,-2.67245999e-04
active,50.901000,37.816667,109.999929,1.87495297e-02,-2.67245999e-04
active,50.951000,37.575000,109.999929,1.88123003e-02,-2.67245999e-04
active,51.001000,37.333333,109.999929,1.88750709e-02,-2.67245999e-04
active,51.051000,37.091667,109.999929,1.89378414e-02,-2.67245999e-04
active,51.101000,36.850000,109.999929,1.90006120e-02,-2.67245999e-04
active,51.151000,36.608333,109.999929,1.90633826e-02,-2.67245999e-04
active,51.201000,36.366667,109.999929,1.91261531e-02,-2.67245999e-04
active,51.251000,36.125000,109.999929,1.91889237e-02,-2.67245999e-04
active,51.301000,35.883333,109.999929,1.92516942e-02,-2.67245999e-04
active,51.351000,35.641667,109.999929,1.93144648e-02,-2.67245999e-04
active,51.401000,35.400000,109.999929,1.93772354e-02,-2.67245999e-04
active,51.451000,35.158333,109.999929,1.94400059e-02,-2.67245999e-04
active,51.501000,34.916667,109.999929,1.95027765e-02,-2.67245999e-04
active,51.551000,34.675000,109.999929,1.95655471e-02,-2.67245999e-04
active,51.601000,34.433333,109.999929,1.96283176e-02,-2.67245999e-04
active,51.651000,34.191667,109.999929,1.96910882e-02,-2.67245999e-04
active,51.701000,33.950000,109.999929,1.97538588e-02,-2.67245999e-04
active,51.751000,33.708333,109.999929,1.98166293e-02,-2.67245999e-04
active,51.801000,33.466667,109.999929,1.98793999e-02,-2.67245999e-04
active,51.851000,33.225000,109.999929,1.99421704e-02,-2.67245999e-04
active,51.901000,32.983333,109.999929,2.00049410e-02,-2.67245999e-04
active,51.951000,32.741667,109.999929,2.00677116e-02,-2.67245999e-04
active,52.001000,32.500000,109.999929,2.01304821e-02,-2.67245999e-04
active,52.051000,32.258333,109.999929,2.01932527e-02,-2.67245999e-04
active,52.101000,32.016667,109.999929,2.02560233e-02,-2.67245999e-04
active,52.151000,31.775000,109.999929,2.03187938e-02,-2.67245999e-04
active,52.201000,31.533333,109.999929,2.03815644e-02,-2.67245999e-04
active,52.251000,31.291667,109.999929,2.04443349e-02,-2.67245999e-04
active,52.301000,31.050000,109.999929,2.05071055e-02,-2.67245999e-04
active,52.351000,30.808333,109.999929,2.05698761e-02,-2.67245999e-04
active,52.401000,30.566667,109.999929,2.06326466e-02,-2.67245999e-04
active,52.451000,30.325000,109.999929,2.06954172e-02,-2.67245999e-04
active,52.501000,30.083333,109.999929,2.07581878e-02,-2.67245999e-04
active,52.551000,29.841667,109.999929,2.08209583e-02,-2.67245999e-04
active,52.601000,29.600000,109.999929,2.08837289e-02,-2.67245999e-04
active,52.651000,29.358333,109.999929,2.09464994e-02,-2.67245999e-04
active,52.701000,29.116667,109.999929,2.10092700e-02,-2.67245999e-04
active,52.751000,28.875000,109.999929,2.10720406e-02,-2.67245999e-04
active,52.801000,28.633333,109.999929,2.11348111e-02,-2.67245999e-04
active,52.851000,28.391667,109.999929,2.11975817e-02,-2.67245999e-04
active,52.901000,28.150000,109.999929,2.12603523e-02,-2.67245999e-04
active,52.951000,27.908333,109.999929,2.13231228e-02,-2.67245999e-04
active,53.001000,27.666667,109.999929,2.13858934e-02,-2.67245999e-04
active,53.051000,27.425000,109.999929,2.14486639e-02,-2.67245999e-04
active,53.101000,27.183333,109.999929,2.15114345e-02,-2.67245999e-04
active,53.151000,26.941667,109.999929,2.15742051e-02,-2.67245999e-04
active,53.201000,26.700000,109.999929,2.16369756e-02,-2.67245999e-04
active,53.251000,26.458333,109.999929,2.16997462e-02,-2.67245999e-04
active,53.301000,26.216667,109.999929,2.17625168e-02,-2.67245999e-04
active,53.351000,25.975000,109.999929,2.18252873e-02,-2.67245999e-04
active,53.401000,25.733333,109.999929,2.18880579e-02,-2.67245999e-04
active,53.451000,25.491667,109.999929,2.19508284e-02,-2.67245999e-04
active,53.501000,25.250000,109.999929,2.20135990e-02,-2.67245999e-04
active,53.551000,25.008333,109.999929,2.20763696e-02,-2.67245999e-04
active,53.601000,24.766667,109.999929,2.21391401e-02,-2.67245999e-04
active,53.651000,24.525000,109.999929,2.22019107e-02,-2.67245999e-04
active,53.701000,24.283333,109.999929,2.22646813e-02,-2.67245999e-04
active,53.751000,24.041667,109.999929,2.23274518e-02,-2.67245999e-04
active,53.801000,23.800000,109.999929,2.23902224e-02,-2.67245999e-04
active,53.851000,23.558333,109.999929,2.24529929e-02,-2.67245999e-04
active,53.901000,23.316667,109.999929,2.25157635e-02,-2.67245999e-04
active,53.951000,23.075000,109.999929,2.25785341e-02,-2.67245999e-04
active,54.001000,22.833333,109.999929,2.26413046e-02,-2.67245999e-04
active,54.051000,22.591667,109.999929,2.27040752e-02,-2.67245999e-04
active,54.101000,22.350000,109.999929,2.27668458e-02,-2.67245999e-04
active,54.151000,22.108333,109.999929,2.28296163e-02,-2.67245999e-04
active,54.201000,21.866667,109.999929,2.28923869e-02,-2.67245999e-04
active,54.251000,21.625000,109.999929,2.29551575e-02,-2.67245999e-04
active,54.301000,21.383333,109.999929,2.30179280e-02,-2.67245999e-04
active,54.351000,21.141667,109.999929,2.30806986e-02,-2.67245999e-04
active,54.401000,20.900000,109.999929,2.31434691e-02,-2.67245999e-04
active,54.451000,20.658333,109.999929,2.32062397e-02,-2.67245999e-04
active,54.501000,20.416667,109.999929,2.32690103e-02,-2.67245999e-04
active,54.551000,20.175000,109.999929,2.33317808e-02,-2.67245999e-04
active,54.601000,19.933333,109.999929,2.33945514e-02,-2.67245999e-04
active,54.651000,19.691667,109.999929,2.34573220e-02,-2.67245999e-04
active,54.701000,19.450000,109.999929,2.35200925e-02,-2.67245999e-04
active,54.751000,19.208333,109.999929,2.35828631e-02,-2.67245999e-04
active,54.801000,18.966667,109.999929,2.36456336e-02,-2.67245999e-04
active,54.851000,18.725000,109.999929,2.37084042e-02,-2.67245999e-04
active,54.901000,18.483333,109.999929,2.37711748e-02,-2.67245999e-04
active,54.951000,18.241667,109.999929,2.38339453e-02,-2.67245999e-04
active,55.001000,18.000000,109.999929,2.38967159e-02,-2.67245999e-04
active,55.051000,17.758333,109.999929,2.39594865e-02,-2.67245999e-04
active,55.101000,17.516667,109.999929,2.40222570e-02,-2.67245999e-04
active,55.151000,17.275000,109.999929,2.40850276e-02,-2.67245999e-04
active,55.201000,17.033333,109.999929,2.41477981e-02,-2.67245999e-04
active,55.251000,16.791667,109.999929,2.42105687e-02,-2.67245999e-04
active,55.301000,16.550000,109.999929,2.42733393e-02,-2.67245999e-04
active,55.351000,16.308333,109.999929,2.43361098e-02,-2.67245999e-04
active,55.401000,16.066667,109.999929,2.43988804e-02,-2.67245999e-04
active,55.451000,15.825000,109.999929,2.44616510e-02,-2.67245999e-04
active,55.501000,15.583333,109.999929,2.45244215e-02,-2.67245999e-04
active,55.551000,15.341667,109.999929,2.45871921e-02,-2.67245999e-04
active,55.601000,15.100000,109.999929,2.46499626e-02,-2.67245999e-04
active,55.651000,14.858333,109.999929,2.47127332e-02,-2.67245999e-04
active,55.701000,14.616667,109.999929,2.47755038e-02,-2.67245999e-04
active,55.751000,14.375000,109.999929,2.48382743e-02,-2.67245999e-04
active,55.801000,14.133333,109.999929,2.49010449e-02,-2.67245999e-04
active,55.851000,13.891667,109.999929,2.49638155e-02,-2.67245999e-04
active,55.901000,13.650000,109.999929,2.50265860e-02,-2.67245999e-04
active,55.951000,13.408333,109.999929,2.50893566e-02,-2.67245999e-04
active,56.001000,13.166667,109.999929,2.51521271e-02,-2.67245999e-04
active,56.051000,12.925000,109.999929,2.52148977e-02,-2.67245999e-04
active,56.101000,12.683333,109.999929,2.52776683e-02,-2.67245999e-04
active,56.151000,12.441667,109.999929,2.53404388e-02,-2.67245999e-04
active,56.201000,12.200000,109.999929,2.54032094e-02,-2.67245999e-04
active,56.251000,11.958333,109.999929,2.54659800e-02,-2.67245999e-04
active,56.301000,11.716667,109.999929,2.55287505e-02,-2.67245999e-04
active,56.351000,11.475000,109.999929,2.55915211e-02,-2.67245999e-04
active,56.401000,11.233333,109.999929,2.56542917e-02,-2.67245999e-04
active,56.451000,10.991667,109.999929,2.57170622e-02,-2.67245999e-04
active,56.501000,10.750000,109.999929,2.57798328e-02,-2.67245999e-04
active,56.551000,10.508333,109.999929,2.58426033e-02,-2.67245999e-04
active,56.601000,10.266667,109.999929,2.59053739e-02,-2.67245999e-04
active,56.651000,10.025000,109.999929,2.59681445e-02,-2.67245999e-04
active,56.701000,9.783333,109.999929,2.60309150e-02,-2.67245999e-04
active,56.751000,9.541667,109.999929,2.60936856e-02,-2.67245999e-04
active,56.801000,9.300000,109.999929,2.61564562e-02,-2.67245999e-04
active,56.851000,9.058333,109.999929,2.62192267e-02,-2.67245999e-04
active,56.901000,8.816667,109.999929,2.62819973e-02,-2.67245999e-04
active,56.951000,8.575000,109.999929,2.63447678e-02,-2.67245999e-04
active,57.001000,8.333333,109.999929,2.64075384e-02,-2.67245999e-04
active,57.051000,8.091667,109.999929,2.64703090e-02,-2.67245999e-04
active,57.101000,7.850000,109.999929,2.65330795e-02,-2.67245999e-04
active,57.151000,7.608333,109.999929,2.65958501e-02,-2.67245999e-04
active,57.201000,7.366667,109.999929,2.66586207e-02,-2.67245999e-04
active,57.251000,7.125000,109.999929,2.67213912e-02,-2.67245999e-04
active,57.301000,6.883333,109.999929,2.67841618e-02,-2.67245999e-04
active,57.351000,6.641667,109.999929,2.68469323e-02,-2.67245999e-04
active,57.401000,6.400000,109.999929,2.69097029e-02,-2.67245999e-04
active,57.451000,6.158333,109.999929,2.69724735e-02,-2.67245999e-04
active,57.501000,5.916667,109.999929,2.70352440e-02,-2.67245999e-04
active,57.551000,5.675000,109.999929,2.70980146e-02,-2.67245999e-04
active,57.601000,5.433333,109.999929,2.71607852e-02,-2.67245999e-04
active,57.651000,5.191667,109.999929,2.72235557e-02,-2.67245999e-04
active,57.701000,4.950000,109.999929,2.72863263e-02,-2.67245999e-04
active,57.751000,4.708333,109.999929,2.73490968e-02,-2.67245999e-04
active,57.801000,4.466667,109.999929,2.74118674e-02,-2.67245999e-04
active,57.851000,4.225000,109.999929,2.74746380e-02,-2.67245999e-04
active,57.901000,3.983333,109.999929,2.75374085e-02,-2.67245999e-04
active,57.951000,3.741667,109.999929,2.76001791e-02,-2.67245999e-04
active,58.001000,3.500000,109.999929,2.76629497e-02,-2.67245999e-04
active,58.051000,3.258333,109.999929,2.77257202e-02,-2.67245999e-04
active,58.101000,3.016667,109.999929,2.77884908e-02,-2.67245999e-04
active,58.151000,2.775000,109.999929,2.78512613e-02,-2.67245999e-04
active,58.201000,2.533333,109.999929,2.79140319e-02,-2.67245999e-04
active,58.251000,2.291667,109.999929,2.79768025e-02,-2.67245999e-04
active,58.301000,2.050000,109.999929,2.80395730e-02,-2.67245999e-04
active,58.351000,1.808333,109.999929,2.81023436e-02,-2.67245999e-04
active,58.401000,1.566667,109.999929,2.81651142e-02,-2.67245999e-04
active,58.451000,1.325000,109.999929,2.82278847e-02,-2.67245999e-04
active,58.501000,1.083333,109.999929,2.82906553e-02,-2.67245999e-04
active,58.551000,0.841667,109.999929,2.83534259e-02,-2.67245999e-04
active,58.601000,0.600000,109.999929,2.84161964e-02,-2.67245999e-04
active,58.651000,0.358333,109.999929,2.84789670e-02,-2.67245999e-04
active,58.701000,0.116667,109.999929,2.85417375e-02,-2.67245999e-04
active,58.751000,-0.125000,109.999929,2.86045081e-02,-2.67245999e-04
active,58.801000,-0.366667,109.999929,2.86672787e-02,-2.67245999e-04
active,58.851000,-0.608333,109.999929,2.87300492e-02,-2.67245999e-04
active,58.901000,-0.850000,109.999929,2.87928198e-02,-2.67245999e-04
active,58.951000,-1.091667,109.999929,2.88555904e-02,-2.67245999e-04
active,59.001000,-1.333333,109.999929,2.89183609e-02,-2.67245999e-04
active,59.051000,-1.575000,109.999929,2.89811315e-02,-2.67245999e-04
active,59.101000,-1.816667,109.999929,2.90439020e-02,-2.67245999e-04
active,59.151000,-2.058333,109.999929,2.91066726e-02,-2.67245999e-04
active,59.201000,-2.300000,109.999929,2.91694432e-02,-2.67245999e-04
active,59.251000,-2.541667,109.999929,2.92322137e-02,-2.67245999e-04
active,59.301000,-2.783333,109.999929,2.92949843e-02,-2.67245999e-04
active,59.351000,-3.025000,109.999929,2.93577549e-02,-2.67245999e-04
active,59.401000,-3.266667,109.999929,2.94205254e-02,-2.67245999e-04
active,59.451000,-3.508333,109.999929,2.94832960e-02,-2.67245999e-04
active,59.501000,-3.750000,109.999929,2.95460665e-02,-2.67245999e-04
active,59.551000,-3.991667,109.999929,2.96088371e-02,-2.67245999e-04
active,59.601000,-4.233333,109.999929,2.96716077e-02,-2.67245999e-04
active,59.651000,-4.475000,109.999929,2.97343782e-02,-2.67245999e-04
active,59.701000,-4.716667,109.999929,2.97971488e-02,-2.67245999e-04
active,59.751000,-4.958333,109.999929,2.98599194e-02,-2.67245999e-04
active,59.801000,-5.200000,109.999929,2.99226899e-02,-2.67245999e-04
active,59.851000,-5.441667,109.999929,2.99854605e-02,-2.67245999e-04
active,59.901000,-5.683333,109.999929,3.00482310e-02,-2.67245999e-04
active,59.951000,-5.925000,109.999929,3.01110016e-02,-2.67245999e-04
active,60.001000,-6.166667,109.999929,3.01737722e-02,-2.67245999e-04
active,60.051000,-6.408333,109.999929,3.02365427e-02,-2.67245999e-04
active,60.101000,-6.650000,109.999929,3.02993133e-02,-2.67245999e-04
active,60.151000,-6.891667,109.999929,3.03620839e-02,-2.67245999e-04
active,60.201000,-7.133333,109.999929,3.04248544e-02,-2.67245999e-04
active,60.251000,-7.375000,109.999929,3.04876250e-02,-2.67245999e-04
active,60.301000,-7.616667,109.999929,3.05503955e-02,-2.67245999e-04
active,60.351000,-7.858333,109.999929,3.06131661e-02,-2.67245999e-04
active,60.401000,-8.100000,109.999929,3.06759367e-02,-2.67245999e-04
active,60.451000,-8.341667,109.999929,3.07387072e-02,-2.67245999e-04
active,60.501000,-8.583333,109.999929,3.08014778e-02,-2.67245999e-04
active,60.551000,-8.825000,109.999929,3.08642484e-02,-2.67245999e-04
active,60.601000,-9.066667,109.999929,3.09270189e-02,-2.67245999e-04
active,60.651000,-9.308333,109.999929,3.09897895e-02,-2.67245999e-04
active,60.701000,-9.550000,109.999929,3.10525600e-02,-2.67245999e-04
active,60.751000,-9.791667,109.999929,3.11153306e-02,-2.67245999e-04
active,60.801000,-10.033333,109.999929,3.11781012e-02,-2.67245999e-04
active,60.851000,-10.275000,109.999929,3.12408717e-02,-2.67245999e-04
active,60.901000,-10.516667,109.999929,3.13036423e-02,-2.67245999e-04
active,60.951000,-10.758333,109.999929,3.13664129e-02,-2.67245999e-04
active,61.001000,-11.000000,109.999929,3.14291834e-02,-2.67245999e-04
active,61.051000,-11.241667,109.999929,3.14919540e-02,-2.67245999e-04
active,61.101000,-11.483333,109.999929,3.15547246e-02,-2.67245999e-04
active,61.151000,-11.725000,109.999929,3.16174951e-02,-2.67245999e-04
active,61.201000,-11.966667,109.999929,3.16802657e-02,-2.67245999e-04
active,61.251000,-12.208333,109.999929,3.17430362e-02,-2.67245999e-04
active,61.301000,-12.450000,109.999929,3.18058068e-02,-2.67245999e-04
active,61.351000,-12.691667,109.999929,3.18685774e-02,-2.67245999e-04
active,61.401000,-12.933333,109.999929,3.19313479e-02,-2.67245999e-04
active,61.451000,-13.175000,109.999929,3.19941185e-02,-2.67245999e-04
active,61.501000,-13.416667,109.999929,3.20568891e-02,-2.67245999e-04
active,61.551000,-13.658333,109.999929,3.21196596e-02,-2.67245999e-04
active,61.601000,-13.900000,109.999929,3.21824302e-02,-2.67245999e-04
active,61.651000,-14.141667,109.999929,3.22452007e-02,-2.67245999e-04
active,61.701000,-14.383333,109.999929,3.23079713e-02,-2.67245999e-04
active,61.751000,-14.625000,109.999929,3.23707419e-02,-2.67245999e-04
active,61.801000,-14.866667,109.999929,3.24335124e-02,-2.67245999e-04
active,61.851000,-15.108333,109.999929,3.24962830e-02,-2.67245999e-04
active,61.901000,-15.350000,109.999929,3.25590536e-02,-2.67245999e-04
active,61.951000,-15.591667,109.999929,3.26218241e-02,-2.67245999e-04
active,62.001000,-15.833333,109.999929,3.26845947e-02,-2.67245999e-04
active,62.051000,-16.075000,109.999929,3.27473652e-02,-2.67245999e-04
active,62.101000,-16.316667,109.999929,3.28101358e-02,-2.67245999e-04
active,62.151000,-16.558333,109.999929,3.28729064e-02,-2.67245999e-04
active,62.201000,-16.800000,109.999929,3.29356769e-02,-2.67245999e-04
active,62.251000,-17.041667,109.999929,3.29984475e-02,-2.67245999e-04
active,62.301000,-17.283333,109.999929,3.30612181e-02,-2.67245999e-04
active,62.351000,-17.525000,109.999929,3.31239886e-02,-2.67245999e-04
active,62.401000,-17.766667,109.999929,3.31867592e-02,-2.67245999e-04
active,62.451000,-18.008333,109.999929,3.32495297e-02,-2.67245999e-04
active,62.501000,-18.250000,109.999929,3.33123003e-02,-2.67245999e-04
active,62.551000,-18.491667,109.999929,3.33750709e-02,-2.67245999e-04
active,62.601000,-18.733333,109.999929,3.34378414e-02,-2.67245999e-04
active,62.651000,-18.975000,109.999929,3.35006120e-02,-2.67245999e-04
active,62.701000,-19.216667,109.999929,3.35633826e-02,-2.67245999e-04
active,62.751000,-19.458333,109.999929,3.36261531e-02,-2.67245999e-04
active,62.801000,-19.700000,109.999929,3.36889237e-02,-2.67245999e-04
active,62.851000,-19.941667,109.999929,3.37516942e-02,-2.67245999e-04
active,62.901000,-20.183333,109.999929,3.38144648e-02,-2.67245999e-04
active,62.951000,-20.425000,109.999929,3.38772354e-02,-2.67245999e-04
active,63.001000,-20.666667,109.999929,3.39400059e-02,-2.67245999e-04
active,63.051000,-20.908333,109.999929,3.40027765e-02,-2.67245999e-04
active,63.101000,-21.150000,109.999929,3.40655471e-02,-2.67245999e-04
active,63.151000,-21.391667,109.999929,3.41283176e-02,-2.67245999e-04
active,63.201000,-21.633333,109.999929,3.41910882e-02,-2.67245999e-04
active,63.251000,-21.875000,109.999929,3.42538588e-02,-2.67245999e-04
active,63.301000,-22.116667,109.999929,3.43166293e-02,-2.67245999e-04
active,63.351000,-22.358333,109.999929,3.43793999e-02,-2.67245999e-04
active,63.401000,-22.600000,109.999929,3.44421704e-02,-2.67245999e-04
active,63.451000,-22.841667,109.999929,3.45049410e-02,-2.67245999e-04
active,63.501000,-23.083333,109.999929,3.45677116e-02,-2.67245999e-04
active,63.551000,-23.325000,109.999929,3.46304821e-02,-2.67245999e-04
active,63.601000,-23.566667,109.999929,3.46932527e-02,-2.67245999e-04
active,63.651000,-23.808333,109.999929,3.47560233e-02,-2.67245999e-04
active,63.701000,-24.050000,109.999929,3.48187938e-02,-2.67245999e-04
active,63.751000,-24.291667,109.999929,3.48815644e-02,-2.67245999e-04
active,63.801000,-24.533333,109.999929,3.49443349e-02,-2.67245999e-04
active,63.851000,-24.775000,109.999929,3.50071055e-02,-2.67245999e-04
active,63.901000,-25.016667,109.999929,3.50698761e-02,-2.67245999e-04
active,63.951000,-25.258333,109.999929,3.51326466e-02,-2.67245999e-04
active,64.001000,-25.500000,109.999929,3.51954172e-02,-2.67245999e-04
active,64.051000,-25.741667,109.999929,3.52581878e-02,-2.67245999e-04
active,64.101000,-25.983333,109.999929,3.53209583e-02,-2.67245999e-04
active,64.151000,-26.225000,109.999929,3.53837289e-02,-2.67245999e-04
active,64.201000,-26.466667,109.999929,3.54464994e-02,-2.67245999e-04
active,64.251000,-26.708333,109.999929,3.55092700e-02,-2.67245999e-04
active,64.301000,-26.950000,109.999929,3.55720406e-02,-2.67245999e-04
active,64.351000,-27.191667,109.999929,3.56348111e-02,-2.67245999e-04
active,64.401000,-27.433333,109.999929,3.56975817e-02,-2.67245999e-04
active,64.451000,-27.675000,109.999929,3.57603523e-02,-2.67245999e-04
active,64.501000,-27.916667,109.999929,3.58231228e-02,-2.67245999e-04
active,64.551000,-28.158333,109.999929,3.58858934e-02,-2.67245999e-04
active,64.601000,-28.400000,109.999929,3.59486639e-02,-2.67245999e-04
active,64.651000,-28.641667,109.999929,3.60114345e-02,-2.67245999e-04
active,64.701000,-28.883333,109.999929,3.60742051e-02,-2.67245999e-04
active,64.751000,-29.125000,109.999929,3.61369756e-02,-2.67245999e-04
active,64.801000,-29.366667,109.999929,3.61997462e-02,-2.67245999e-04
active,64.851000,-29.608333,109.999929,3.62625168e-02,-2.67245999e-04
active,64.901000,-29.850000,109.999929,3.63252873e-02,-2.67245999e-04
active,64.951000,-30.091667,109.999929,3.63880579e-02,-2.67245999e-04
active,65.001000,-30.333333,109.999929,3.64508284e-02,-2.67245999e-04
active,65.051000,-30.575000,109.999929,3.65135990e-02,-2.67245999e-04
active,65.101000,-30.816667,109.999929,3.65763696e-02,-2.67245999e-04
active,65.151000,-31.058333,109.999929,3.66391401e-02,-2.67245999e-04
active,65.201000,-31.300000,109.999929,3.67019107e-02,-2.67245999e-04
active,65.251000,-31.541667,109.999929,3.67646813e-02,-2.67245999e-04
active,65.301000,-31.783333,109.999929,3.68274518e-02,-2.67245999e-04
active,65.351000,-32.025000,109.999929,3.68902224e-02,-2.67245999e-04
active,65.401000,-32.266667,109.999929,3.69529929e-02,-2.67245999e-04
active,65.451000,-32.508333,109.999929,3.70157635e-02,-2.67245999e-04
active,65.501000,-32.750000,109.999929,3.70785341e-02,-2.67245999e-04
active,65.551000,-32.991667,109.999929,3.71413046e-02,-2.67245999e-04
active,65.601000,-33.233333,109.999929,3.72040752e-02,-2.67245999e-04
active,65.651000,-33.475000,109.999929,3.72668458e-02,-2.67245999e-04
active,65.701000,-33.716667,109.999929,3.73296163e-02,-2.67245999e-04
active,65.751000,-33.958333,109.999929,3.73923869e-02,-2.67245999e-04
active,65.801000,-34.200000,109.999929,3.74551575e-02,-2.67245999e-04
active,65.851000,-34.441667,109.999929,3.75179280e-02,-2.67245999e-04
active,65.901000,-34.683333,109.999929,3.75806986e-02,-2.67245999e-04
active,65.951000,-34.925000,109.999929,3.76434691e-02,-2.67245999e-04
active,66.001000,-35.166667,109.999929,3.77062397e-02,-2.67245999e-04
active,66.051000,-35.408333,109.999929,3.77690103e-02,-2.67245999e-04
active,66.101000,-35.650000,109.999929,3.78317808e-02,-2.67245999e-04
active,66.151000,-35.891667,109.999929,3.78945514e-02,-2.67245999e-04
active,66.201000,-36.133333,109.999929,3.79573220e-02,-2.67245999e-04
active,66.251000,-36.375000,109.999929,3.80200925e-02,-2.67245999e-04
active,66.301000,-36.616667,109.999929,3.80828631e-02,-2.67245999e-04
active,66.351000,-36.858333,109.999929,3.81456336e-02,-2.67245999e-04
active,66.401000,-37.100000,109.999929,3.82084042e-02,-2.67245999e-04
active,66.451000,-37.341667,109.999929,3.82711748e-02,-2.67245999e-04
active,66.501000,-37.583333,109.999929,3.83339453e-02,-2.67245999e-04
active,66.551000,-37.825000,109.999929,3.83967159e-02,-2.67245999e-04
active,66.601000,-38.066667,109.999929,3.84594865e-02,-2.67245999e-04
active,66.651000,-38.308333,109.999929,3.85222570e-02,-2.67245999e-04
active,66.701000,-38.550000,109.999929,3.85850276e-02,-2.67245999e-04
active,66.751000,-38.791667,109.999929,3.86477981e-02,-2.67245999e-04
active,66.801000,-39.033333,109.999929,3.87105687e-02,-2.67245999e-04
active,66.851000,-39.275000,109.999929,3.87733393e-02,-2.67245999e-04
active,66.901000,-39.516667,109.999929,3.88361098e-02,-2.67245999e-04
active,66.951000,-39.758333,109.999929,3.88988804e-02,-2.67245999e-04
active,67.001000,-40.000000,109.999993,3.89616510e-02,-2.48362620e-05
active,67.051000,-40.000000,110.000000,3.89610390e-02,-1.28896784e-09
active,67.101000,-40.000000,110.000000,3.89610390e-02,0.00000000e+00
active,67.151000,-40.000000,110.000000,3.89610390e-02,0.00000000e+00
active,67.201000,-40.000000,110.000000,3.89610390e-02,0.00000000e+00
active,67.251000,-40.000000,110.000000,3.89610390e-02,0.00000000e+00
active,67.301000,-40.000000,110.000000,3.89610390e-02,0.00000000e+00
active,67.351000,-40.000000,110.000000,3.89610390e-02,0.00000000e+00
active,67.401000,-40.000000,110.000000,3.89610390e-02,0.00000000e+00
active,67.451000,-40.000000,110.000000,3.89610390e-02,0.00000000e+00
active,67.501000,-40.000000,110.000000,3.89610390e-02,0.00000000e+00
active,67.551000,-40.000000,110.000000,3.89610390e-02,0.00000000e+00
active,67.601000,-40.000000,110.000000,3.89610390e-02,0.00000000e+00
active,67.651000,-40.000000,110.000000,3.89610390e-02,0.00000000e+00
active,67.701000,-40.000000,110.000000,3.89610390e-02,0.00000000e+00
active,67.751000,-40.000000,110.000000,3.89610390e-02,0.00000000e+00
active,67.801000,-40.000000,110.000000,3.89610390e-02,0.00000000e+00
active,67.851000,-40.000000,110.000000,3.89610390e-02,0.00000000e+00
active,67.901000,-40.000000,110.000000,3.89610390e-02,0.00000000e+00
active,67.951000,-40.000000,110.000000,3.89610390e-02,0.00000000e+00
active,68.001000,-40.000000,110.000000,3.89610390e-02,0.00000000e+00
active,68.051000,-40.000000,110.000000,3.89610390e-02,0.00000000e+00
active,68.101000,-40.000000,110.000000,3.89610390e-02,0.00000000e+00
active,68.151000,-40.000000,110.000000,3.89610390e-02,0.00000000e+00
active,68.201000,-40.000000,110.000000,3.89610390e-02,0.00000000e+00
active,68.251000,-40.000000,110.000000,3.89610390e-02,0.00000000e+00
active,68.301000,-40.000000,110.000000,3.89610390e-02,0.00000000e+00
active,68.351000,-40.000000,110.000000,3.89610390e-02,0.00000000e+00
active,68.401000,-40.000000,110.000000,3.89610390e-02,0.00000000e+00
active,68.451000,-40.000000,110.000000,3.89610390e-02,0.00000000e+00
active,68.501000,-40.000000,110.000000,3.89610390e-02,0.00000000e+00
active,68.551000,-40.000000,110.000000,3.89610390e-02,0.00000000e+00
active,68.601000,-40.000000,110.000000,3.89610390e-02,0.00000000e+00
active,68.651000,-40.000000,110.000000,3.89610390e-02,0.00000000e+00
active,68.701000,-40.000000,110.000000,3.89610390e-02,0.00000000e+00
active,68.751000,-40.000000,110.000000,3.89610390e-02,0.00000000e+00
active,68.801000,-40.000000,110.000000,3.89610390e-02,0.00000000e+00
active,68.851000,-40.000000,110.000000,3.89610390e-02,0.00000000e+00
active,68.901000,-40.000000,110.000000,3.89610390e-02,0.00000000e+00
active,68.951000,-40.000000,110.000000,3.89610390e-02,0.00000000e+00
active,69.001000,-40.000000,110.000000,3.89610390e-02,0.00000000e+00
active,69.051000,-40.000000,110.000000,3.89610390e-02,0.00000000e+00
active,69.101000,-40.000000,110.000000,3.89610390e-02,0.00000000e+00
active,69.151000,-40.000000,110.000000,3.89610390e-02,0.00000000e+00
active,69.201000,-40.000000,110.000000,3.89610390e-02,0.00000000e+00
active,69.251000,-40.000000,110.000000,3.89610390e-02,0.00000000e+00
active,69.301000,-40.000000,110.000000,3.89610390e-02,0.00000000e+00
active,69.351000,-40.000000,110.000000,3.89610390e-02,0.00000000e+00
active,69.401000,-40.000000,110.000000,3.89610390e-02,0.00000000e+00
active,69.451000,-40.000000,110.000000,3.89610390e-02,0.00000000e+00
active,69.501000,-40.000000,110.000000,3.89610390e-02,0.00000000e+00
active,69.551000,-40.000000,110.000000,3.89610390e-02,0.00000000e+00
active,69.601000,-40.000000,110.000000,3.89610390e-02,0.00000000e+00
active,69.651000,-40.000000,110.000000,3.89610390e-02,0.00000000e+00
active,69.701000,-40.000000,110.000000,3.89610390e-02,0.00000000e+00
active,69.751000,-40.000000,110.000000,3.89610390e-02,0.00000000e+00
active,69.801000,-40.000000,110.000000,3.89610390e-02,0.00000000e+00
active,69.851000,-40.000000,110.000000,3.89610390e-02,0.00000000e+00
active,69.901000,-40.000000,110.000000,3.89610390e-02,0.00000000e+00
active,69.951000,-40.000000,110.000000,3.89610390e-02,0.00000000e+00
active,70.001000,-40.000000,110.000000,3.89610390e-02,0.00000000e+00
active,70.051000,-40.000000,110.000000,3.89610390e-02,0.00000000e+00
active,70.101000,-40.000000,110.000000,3.89610390e-02,0.00000000e+00
active,70.151000,-40.000000,110.000000,3.89610390e-02,0.00000000e+00
active,70.201000,-40.000000,110.000000,3.89610390e-02,0.00000000e+00
active,70.251000,-40.000000,110.000000,3.89610390e-02,0.00000000e+00
active,70.301000,-40.000000,110.000000,3.89610390e-02,0.00000000e+00
active,70.351000,-40.000000,110.000000,3.89610390e-02,0.00000000e+00
active,70.401000,-40.000000,110.000000,3.89610390e-02,0.00000000e+00
active,70.451000,-40.000000,110.000000,3.89610390e-02,0.00000000e+00
active,70.501000,-40.000000,110.000000,3.89610390e-02,0.00000000e+00
active,70.551000,-40.000000,110.000000,3.89610390e-02,0.00000000e+00
active,70.601000,-40.000000,110.000000,3.89610390e-02,0.00000000e+00
active,70.651000,-40.000000,110.000000,3.89610390e-02,0.00000000e+00
active,70.701000,-40.000000,110.000000,3.89610390e-02,0.00000000e+00
active,70.751000,-40.000000,110.000000,3.89610390e-02,0.00000000e+00
active,70.801000,-40.000000,110.000000,3.89610390e-02,0.00000000e+00
active,70.851000,-40.000000,110.000000,3.89610390e-02,0.00000000e+00
active,70.901000,-40.000000,110.000000,3.89610390e-02,0.00000000e+00
active,70.951000,-40.000000,110.000000,3.89610390e-02,0.00000000e+00
active,71.001000,-40.000000,110.000000,3.89610390e-02,0.00000000e+00
active,71.051000,-40.000000,110.000000,3.89610390e-02,0.00000000e+00
active,71.101000,-40.000000,110.000000,3.89610390e-02,0.00000000e+00
active,71.151000,-40.000000,110.000000,3.89610390e-02,0.00000000e+00
active,71.201000,-40.000000,110.000000,3.89610390e-02,0.00000000e+00
active,71.251000,-40.000000,110.000000,3.89610390e-02,0.00000000e+00
active,71.301000,-40.000000,110.000000,3.89610390e-02,0.00000000e+00
active,71.351000,-40.000000,110.000000,3.89610390e-02,0.00000000e+00
active,71.401000,-40.000000,110.000000,3.89610390e-02,0.00000000e+00
active,71.451000,-40.000000,110.000000,3.89610390e-02,0.00000000e+00
active,71.501000,-40.000000,110.000000,3.89610390e-02,0.00000000e+00
active,71.551000,-40.000000,110.000000,3.89610390e-02,0.00000000e+00
active,71.601000,-40.000000,110.000000,3.89610390e-02,0.00000000e+00
active,71.651000,-40.000000,110.000000,3.89610390e-02,0.00000000e+00
active,71.701000,-40.000000,110.000000,3.89610390e-02,0.00000000e+00
active,71.751000,-40.000000,110.000000,3.89610390e-02,0.00000000e+00
active,71.801000,-40.000000,110.000000,3.89610390e-02,0.00000000e+00
active,71.851000,-40.000000,110.000000,3.89610390e-02,0.00000000e+00
active,71.901000,-40.000000,110.000000,3.89610390e-02,0.00000000e+00
active,71.951000,-40.000000,110.000000,3.89610390e-02,0.00000000e+00
joint,0.001000,-40.000000,-35.996240,3.90000000e-02,-1.30433224e+03
joint,0.051000,-40.000000,72.314175,3.90000000e-02,-1.91502947e+02
joint,0.101000,-40.000000,100.354677,3.90000000e-02,-3.94188696e+01
joint,0.151000,-40.000000,107.614087,3.90000000e-02,-9.13676121e+00
joint,0.201000,-40.000000,109.493477,3.90000000e-02,-1.90596405e+00
joint,0.251000,-40.000000,109.980033,3.90000000e-02,-7.47894859e-02
joint,0.301000,-40.000000,109.999999,3.89609956e-02,-2.24208795e-06
joint,0.351000,-40.000000,110.000000,3.89610389e-02,-1.40354276e-08
joint,0.401000,-40.000000,110.000000,3.89610390e-02,0.00000000e+00
joint,0.451000,-40.000000,110.000000,3.89610390e-02,0.00000000e+00
joint,0.501000,-40.000000,110.000000,3.89610390e-02,0.00000000e+00
joint,0.551000,-40.000000,110.000000,3.89610390e-02,0.00000000e+00
joint,0.601000,-40.000000,110.000000,3.89610390e-02,0.00000000e+00
joint,0.651000,-40.000000,110.000000,3.89610390e-02,0.00000000e+00
joint,0.701000,-40.000000,110.000000,3.89610390e-02,0.00000000e+00
joint,0.751000,-40.000000,110.000000,3.89610390e-02,0.00000000e+00
joint,0.801000,-40.000000,110.000000,3.89610390e-02,0.00000000e+00
joint,0.851000,-40.000000,110.000000,3.89610390e-02,0.00000000e+00
joint,0.901000,-40.000000,110.000000,3.89610390e-02,0.00000000e+00
joint,0.951000,-40.000000,110.000000,3.89610390e-02,0.00000000e+00
joint,1.001000,-40.000000,110.000000,3.89610390e-02,0.00000000e+00
joint,1.051000,-40.000000,110.000000,3.89610390e-02,0.00000000e+00
joint,1.101000,-40.000000,110.000000,3.89610390e-02,0.00000000e+00
joint,1.151000,-40.000000,110.000000,3.89610390e-02,0.00000000e+00
joint,1.201000,-40.000000,110.000000,3.89610390e-02,0.00000000e+00
joint,1.251000,-40.000000,110.000000,3.89610390e-02,0.00000000e+00
joint,1.301000,-40.000000,110.000000,3.89610390e-02,0.00000000e+00
joint,1.351000,-40.000000,110.000000,3.89610390e-02,0.00000000e+00
joint,1.401000,-40.000000,110.000000,3.89610390e-02,0.00000000e+00
joint,1.451000,-40.000000,110.000000,3.89610390e-02,0.00000000e+00
joint,1.501000,-40.000000,110.000000,3.89610390e-02,0.00000000e+00
joint,1.551000,-40.000000,110.000000,3.89610390e-02,0.00000000e+00
joint,1.601000,-40.000000,110.000000,3.89610390e-02,0.00000000e+00
joint,1.651000,-40.000000,110.000000,3.89610390e-02,0.00000000e+00
joint,1.701000,-40.000000,110.000000,3.89610390e-02,0.00000000e+00
joint,1.751000,-40.000000,110.000000,3.89610390e-02,0.00000000e+00
joint,1.801000,-40.000000,110.000000,3.89610390e-02,0.00000000e+00
joint,1.851000,-40.000000,110.000000,3.89610390e-02,0.00000000e+00
joint,1.901000,-40.000000,110.000000,3.89610390e-02,0.00000000e+00
joint,1.951000,-40.000000,110.000000,3.89610390e-02,0.00000000e+00
joint,2.001000,-40.000000,110.000065,3.89610390e-02,2.42409451e-04
joint,2.051000,-39.758333,110.000042,3.88976487e-02,1.56764699e-04
joint,2.101000,-39.516667,110.000042,3.88348782e-02,1.56711994e-04
joint,2.151000,-39.275000,110.000042,3.87721076e-02,1.56712137e-04
joint,2.201000,-39.033333,110.000042,3.87093370e-02,1.56712137e-04
joint,2.251000,-38.791667,110.000042,3.86465665e-02,1.56712137e-04
joint,2.301000,-38.550000,110.000042,3.85837959e-02,1.56712137e-04
joint,2.351000,-38.308333,110.000042,3.85210254e-02,1.56712137e-04
joint,2.401000,-38.066667,110.000042,3.84582548e-02,1.56712137e-04
joint,2.451000,-37.825000,110.000042,3.83954842e-02,1.56712137e-04
joint,2.501000,-37.583333,110.000042,3.83327137e-02,1.56712137e-04
joint,2.551000,-37.341667,110.000042,3.82699431e-02,1.56712137e-04
joint,2.601000,-37.100000,110.000042,3.82071725e-02,1.56712137e-04
joint,2.651000,-36.858333,110.000042,3.81444020e-02,1.56712137e-04
joint,2.701000,-36.616667,110.000042,3.80816314e-02,1.56712137e-04
joint,2.751000,-36.375000,110.000042,3.80188609e-02,1.56712137e-04
joint,2.801000,-36.133333,110.000042,3.79560903e-02,1.56712137e-04
joint,2.851000,-35.891667,110.000042,3.78933197e-02,1.56712137e-04
joint,2.901000,-35.650000,110.000042,3.78305492e-02,1.56712137e-04
joint,2.951000,-35.408333,110.000042,3.77677786e-02,1.56712137e-04
joint,3.001000,-35.166667,110.000042,3.77050080e-02,1.56712137e-04
joint,3.051000,-34.925000,110.000042,3.76422375e-02,1.56712137e-04
joint,3.101000,-34.683333,110.000042,3.75794669e-02,1.56712137e-04
joint,3.151000,-34.441667,110.000042,3.75166964e-02,1.56712137e-04
joint,3.201000,-34.200000,110.000042,3.74539258e-02,1.56712137e-04
joint,3.251000,-33.958333,110.000042,3.73911552e-02,1.56712137e-04
joint,3.301000,-33.716667,110.000042,3.73283847e-02,1.56712137e-04
joint,3.351000,-33.475000,110.000042,3.72656141e-02,1.56712137e-04
joint,3.401000,-33.233333,110.000042,3.72028435e-02,1.56712137e-04
joint,3.451000,-32.991667,110.000042,3.71400730e-02,1.56712137e-04
joint,3.501000,-32.750000,110.000042,3.70773024e-02,1.56712137e-04
joint,3.551000,-32.508333,110.000042,3.70145319e-02,1.56712137e-04
joint,3.601000,-32.266667,110.000042,3.69517613e-02,1.56712137e-04
joint,3.651000,-32.025000,110.000042,3.68889907e-02,1.56712137e-04
joint,3.701000,-31.783333,110.000042,3.68262202e-02,1.56712137e-04
joint,3.751000,-31.541667,110.000042,3.67634496e-02,1.56712137e-04
joint,3.801000,-31.300000,110.000042,3.67006790e-02,1.56712137e-04
joint,3.851000,-31.058333,110.000042,3.66379085e-02,1.56712137e-04
joint,3.901000,-30.816667,110.000042,3.65751379e-02,1.56712137e-04
joint,3.951000,-30.575000,110.000042,3.65123673e-02,1.56712137e-04
joint,4.001000,-30.333333,110.000042,3.64495968e-02,1.56712137e-04
joint,4.051000,-30.091667,110.000042,3.63868262e-02,1.56712137e-04
joint,4.101000,-29.850000,110.000042,3.63240557e-02,1.56712137e-04
joint,4.151000,-29.608333,110.000042,3.62612851e-02,1.56712137e-04
joint,4.201000,-29.366667,110.000042,3.61985145e-02,1.56712137e-04
joint,4.251000,-29.125000,110.000042,3.61357440e-02,1.56712137e-04
joint,4.301000,-28.883333,110.000042,3.60729734e-02,1.56712137e-04
joint,4.351000,-28.641667,110.000042,3.60102028e-02,1.56712137e-04
joint,4.401000,-28.400000,110.000042,3.59474323e-02,1.56712137e-04
joint,4.451000,-28.158333,110.000042,3.58846617e-02,1.56712137e-04
joint,4.501000,-27.916667,110.000042,3.58218912e-02,1.56712137e-04
joint,4.551000,-27.675000,110.000042,3.57591206e-02,1.56712137e-04
joint,4.601000,-27.433333,110.000042,3.56963500e-02,1.56712137e-04
joint,4.651000,-27.191667,110.000042,3.56335795e-02,1.56712137e-04
joint,4.701000,-26.950000,110.000042,3.55708089e-02,1.56712137e-04
joint,4.751000,-26.708333,110.000042,3.55080383e-02,1.56712137e-04
joint,4.801000,-26.466667,110.000042,3.54452678e-02,1.56712137e-04
joint,4.851000,-26.225000,110.000042,3.53824972e-02,1.56712137e-04
joint,4.901000,-25.983333,110.000042,3.53197267e-02,1.56712137e-04
joint,4.951000,-25.741667,110.000042,3.52569561e-02,1.56712137e-04
joint,5.001000,-25.500000,110.000042,3.51941855e-02,1.56712137e-04
joint,5.051000,-25.258333,110.000042,3.51314150e-02,1.56712137e-04
joint,5.101000,-25.016667,110.000042,3.50686444e-02,1.56712137e-04
joint,5.151000,-24.775000,110.000042,3.50058738e-02,1.56712137e-04
joint,5.201000,-24.533333,110.000042,3.49431033e-02,1.56712137e-04
joint,5.251000,-24.291667,110.000042,3.48803327e-02,1.56712137e-04
joint,5.301000,-24.050000,110.000042,3.48175622e-02,1.56712137e-04
joint,5.351000,-23.808333,110.000042,3.47547916e-02,1.56712137e-04
joint,5.401000,-23.566667,110.000042,3.46920210e-02,1.56712137e-04
joint,5.451000,-23.325000,110.000042,3.46292505e-02,1.56712137e-04
joint,5.501000,-23.083333,110.000042,3.45664799e-02,1.56712137e-04
joint,5.551000,-22.841667,110.000042,3.45037093e-02,1.56712137e-04
joint,5.601000,-22.600000,110.000042,3.44409388e-02,1.56712137e-04
joint,5.651000,-22.358333,110.000042,3.43781682e-02,1.56712137e-04
joint,5.701000,-22.116667,110.000042,3.43153977e-02,1.56712137e-04
joint,5.751000,-21.875000,110.000042,3.42526271e-02,1.56712137e-04
joint,5.801000,-21.633333,110.000042,3.41898565e-02,1.56712137e-04
joint,5.851000,-21.391667,110.000042,3.41270860e-02,1.56712137e-04
joint,5.901000,-21.150000,110.000042,3.40643154e-02,1.56712137e-04
joint,5.951000,-20.908333,110.000042,3.40015448e-02,1.56712137e-04
joint,6.001000,-20.666667,110.000042,3.39387743e-02,1.56712137e-04
joint,6.051000,-20.425000,110.000042,3.38760037e-02,1.56712137e-04
joint,6.101000,-20.183333,110.000042,3.38132332e-02,1.56712137e-04
joint,6.151000,-19.941667,110.000042,3.37504626e-02,1.56712137e-04
joint,6.201000,-19.700000,110.000042,3.36876920e-02,1.56712137e-04
joint,6.251000,-19.458333,110.000042,3.36249215e-02,1.56712137e-04
joint,6.301000,-19.216667,110.000042,3.35621509e-02,1.56712137e-04
joint,6.351000,-18.975000,110.000042,3.34993803e-02,1.56712137e-04
joint,6.401000,-18.733333,110.000042,3.34366098e-02,1.56712137e-04
joint,6.451000,-18.491667,110.000042,3.33738392e-02,1.56712137e-04
joint,6.501000,-18.250000,110.000042,3.33110686e-02,1.56712137e-04
joint,6.551000,-18.008333,110.000042,3.32482981e-02,1.56712137e-04
joint,6.601000,-17.766667,110.000042,3.31855275e-02,1.56712137e-04
joint,6.651000,-17.525000,110.000042,3.31227570e-02,1.56712137e-04
joint,6.701000,-17.283333,110.000042,3.30599864e-02,1.56712137e-04
joint,6.751000,-17.041667,110.000042,3.29972158e-02,1.56712137e-04
joint,6.801000,-16.800000,110.000042,3.29344453e-02,1.56712137e-04
joint,6.851000,-16.558333,110.000042,3.28716747e-02,1.56712137e-04
joint,6.901000,-16.316667,110.000042,3.28089041e-02,1.56712137e-04
joint,6.951000,-16.075000,110.000042,3.27461336e-02,1.56712137e-04
joint,7.001000,-15.833333,110.000042,3.26833630e-02,1.56712137e-04
joint,7.051000,-15.591667,110.000042,3.26205925e-02,1.56712137e-04
joint,7.101000,-15.350000,110.000042,3.25578219e-02,1.56712137e-04
joint,7.151000,-15.108333,110.000042,3.24950513e-02,1.56712137e-04
joint,7.201000,-14.866667,110.000042,3.24322808e-02,1.56712137e-04
joint,7.251000,-14.625000,110.000042,3.23695102e-02,1.56712137e-04
joint,7.301000,-14.383333,110.000042,3.23067396e-02,1.56712137e-04
joint,7.351000,-14.141667,110.000042,3.22439691e-02,1.56712137e-04
joint,7.401000,-13.900000,110.000042,3.21811985e-02,1.56712137e-04
joint,7.451000,-13.658333,110.000042,3.21184280e-02,1.56712137e-04
joint,7.501000,-13.416667,110.000042,3.20556574e-02,1.56712137e-04
joint,7.551000,-13.175000,110.000042,3.19928868e-02,1.56712137e-04
joint,7.601000,-12.933333,110.000042,3.19301163e-02,1.56712137e-04
joint,7.651000,-12.691667,110.000042,3.18673457e-02,1.56712137e-04
joint,7.701000,-12.450000,110.000042,3.18045751e-02,1.56712137e-04
joint,7.751000,-12.208333,110.000042,3.17418046e-02,1.56712137e-04
joint,7.801000,-11.966667,110.000042,3.16790340e-02,1.56712137e-04
joint,7.851000,-11.725000,110.000042,3.16162635e-02,1.56712137e-04
joint,7.901000,-11.483333,110.000042,3.15534929e-02,1.56712137e-04
joint,7.951000,-11.241667,110.000042,3.14907223e-02,1.56712137e-04
joint,8.001000,-11.000000,110.000042,3.14279518e-02,1.56712137e-04
joint,8.051000,-10.758333,110.000042,3.13651812e-02,1.56712137e-04
joint,8.101000,-10.516667,110.000042,3.13024106e-02,1.56712137e-04
joint,8.151000,-10.275000,110.000042,3.12396401e-02,1.56712137e-04
joint,8.201000,-10.033333,110.000042,3.11768695e-02,1.56712137e-04
joint,8.251000,-9.791667,110.000042,3.11140990e-02,1.56712137e-04
joint,8.301000,-9.550000,110.000042,3.10513284e-02,1.56712137e-04
joint,8.351000,-9.308333,110.000042,3.09885578e-02,1.56712137e-04
joint,8.401000,-9.066667,110.000042,3.09257873e-02,1.56712137e-04
joint,8.451000,-8.825000,110.000042,3.08630167e-02,1.56712137e-04
joint,8.501000,-8.583333,110.000042,3.08002461e-02,1.56712137e-04
joint,8.551000,-8.341667,110.000042,3.07374756e-02,1.56712137e-04
joint,8.601000,-8.100000,110.000042,3.06747050e-02,1.56712137e-04
joint,8.651000,-7.858333,110.000042,3.06119344e-02,1.56712137e-04
joint,8.701000,-7.616667,110.000042,3.05491639e-02,1.56712137e-04
joint,8.751000,-7.375000,110.000042,3.04863933e-02,1.56712137e-04
joint,8.801000,-7.133333,110.000042,3.04236228e-02,1.56712137e-04
joint,8.851000,-6.891667,110.000042,3.03608522e-02,1.56712137e-04
joint,8.901000,-6.650000,110.000042,3.02980816e-02,1.56712137e-04
joint,8.951000,-6.408333,110.000042,3.02353111e-02,1.56712137e-04
joint,9.001000,-6.166667,110.000042,3.01725405e-02,1.56712137e-04
joint,9.051000,-5.925000,110.000042,3.01097699e-02,1.56712137e-04
joint,9.101000,-5.683333,110.000042,3.00469994e-02,1.56712137e-04
joint,9.151000,-5.441667,110.000042,2.99842288e-02,1.56712137e-04
joint,9.201000,-5.200000,110.000042,2.99214583e-02,1.56712137e-04
joint,9.251000,-4.958333,110.000042,2.98586877e-02,1.56712137e-04
joint,9.301000,-4.716667,110.000042,2.97959171e-02,1.56712137e-04
joint,9.351000,-4.475000,110.000042,2.97331466e-02,1.56712137e-04
joint,9.401000,-4.233333,110.000042,2.96703760e-02,1.56712137e-04
joint,9.451000,-3.991667,110.000042,2.96076054e-02,1.56712137e-04
joint,9.501000,-3.750000,110.000042,2.95448349e-02,1.56712137e-04
joint,9.551000,-3.508333,110.000042,2.94820643e-02,1.56712137e-04
joint,9.601000,-3.266667,110.000042,2.94192938e-02,1.56712137e-04
joint,9.651000,-3.025000,110.000042,2.93565232e-02,1.56712137e-04
joint,9.701000,-2.783333,110.000042,2.92937526e-02,1.56712137e-04
joint,9.751000,-2.541667,110.000042,2.92309821e-02,1.56712137e-04
joint,9.801000,-2.300000,110.000042,2.91682115e-02,1.56712137e-04
joint,9.851000,-2.058333,110.000042,2.91054409e-02,1.56712137e-04
joint,9.901000,-1.816667,110.000042,2.90426704e-02,1.56712137e-04
joint,9.951000,-1.575000,110.000042,2.89798998e-02,1.56712137e-04
joint,10.001000,-1.333333,110.000042,2.89171293e-02,1.56712137e-04
joint,10.051000,-1.091667,110.000042,2.88543587e-02,1.56712137e-04
joint,10.101000,-0.850000,110.000042,2.87915881e-02,1.56712137e-04
joint,10.151000,-0.608333,110.000042,2.87288176e-02,1.56712137e-04
joint,10.201000,-0.366667,110.000042,2.86660470e-02,1.56712137e-04
joint,10.251000,-0.125000,110.000042,2.86032764e-02,1.56712137e-04
joint,10.301000,0.116667,110.000042,2.85405059e-02,1.56712137e-04
joint,10.351000,0.358333,110.000042,2.84777353e-02,1.56712137e-04
joint,10.401000,0.600000,110.000042,2.84149648e-02,1.56712137e-04
joint,10.451000,0.841667,110.000042,2.83521942e-02,1.56712137e-04
joint,10.501000,1.083333,110.000042,2.82894236e-02,1.56712137e-04
joint,10.551000,1.325000,110.000042,2.82266531e-02,1.56712137e-04
joint,10.601000,1.566667,110.000042,2.81638825e-02,1.56712137e-04
joint,10.651000,1.808333,110.000042,2.81011119e-02,1.56712137e-04
joint,10.701000,2.050000,110.000042,2.80383414e-02,1.56712137e-04
joint,10.751000,2.291667,110.000042,2.79755708e-02,1.56712137e-04
joint,10.801000,2.533333,110.000042,2.79128002e-02,1.56712137e-04
joint,10.851000,2.775000,110.000042,2.78500297e-02,1.56712137e-04
joint,10.901000,3.016667,110.000042,2.77872591e-02,1.56712137e-04
joint,10.951000,3.258333,110.000042,2.77244886e-02,1.56712137e-04
joint,11.001000,3.500000,110.000042,2.76617180e-02,1.56712137e-04
joint,11.051000,3.741667,110.000042,2.75989474e-02,1.56712137e-04
joint,11.101000,3.983333,110.000042,2.75361769e-02,1.56712137e-04
joint,11.151000,4.225000,110.000042,2.74734063e-02,1.56712137e-04
joint,11.201000,4.466667,110.000042,2.74106357e-02,1.56712137e-04
joint,11.251000,4.708333,110.000042,2.73478652e-02,1.56712137e-04
joint,11.301000,4.950000,110.000042,2.72850946e-02,1.56712137e-04
joint,11.351000,5.191667,110.000042,2.72223241e-02,1.56712137e-04
joint,11.401000,5.433333,110.000042,2.71595535e-02,1.56712137e-04
joint,11.451000,5.675000,110.000042,2.70967829e-02,1.56712137e-04
joint,11.501000,5.916667,110.000042,2.70340124e-02,1.56712137e-04
joint,11.551000,6.158333,110.000042,2.69712418e-02,1.56712137e-04
joint,11.601000,6.400000,110.000042,2.69084712e-02,1.56712137e-04
joint,11.651000,6.641667,110.000042,2.68457007e-02,1.56712137e-04
joint,11.701000,6.883333,110.000042,2.67829301e-02,1.56712137e-04
joint,11.751000,7.125000,110.000042,2.67201596e-02,1.56712137e-04
joint,11.801000,7.366667,110.000042,2.66573890e-02,1.56712137e-04
joint,11.851000,7.608333,110.000042,2.65946184e-02,1.56712137e-04
joint,11.901000,7.850000,110.000042,2.65318479e-02,1.56712137e-04
joint,11.951000,8.091667,110.000042,2.64690773e-02,1.56712137e-04
joint,12.001000,8.333333,110.000042,2.64063067e-02,1.56712137e-04
joint,12.051000,8.575000,110.000042,2.63435362e-02,1.56712137e-04
joint,12.101000,8.816667,110.000042,2.62807656e-02,1.56712137e-04
joint,12.151000,9.058333,110.000042,2.62179951e-02,1.56712137e-04
joint,12.201000,9.300000,110.000042,2.61552245e-02,1.56712137e-04
joint,12.251000,9.541667,110.000042,2.60924539e-02,1.56712137e-04
joint,12.301000,9.783333,110.000042,2.60296834e-02,1.56712137e-04
joint,12.351000,10.025000,110.000042,2.59669128e-02,1.56712137e-04
joint,12.401000,10.266667,110.000042,2.59041422e-02,1.56712137e-04
joint,12.451000,10.508333,110.000042,2.58413717e-02,1.56712137e-04
joint,12.501000,10.750000,110.000042,2.57786011e-02,1.56712137e-04
joint,12.551000,10.991667,110.000042,2.57158306e-02,1.56712137e-04
joint,12.601000,11.233333,110.000042,2.56530600e-02,1.56712137e-04
joint,12.651000,11.475000,110.000042,2.55902894e-02,1.56712137e-04
joint,12.701000,11.716667,110.000042,2.55275189e-02,1.56712137e-04
joint,12.751000,11.958333,110.000042,2.54647483e-02,1.56712137e-04
joint,12.801000,12.200000,110.000042,2.54019777e-02,1.56712137e-04
joint,12.851000,12.441667,110.000042,2.53392072e-02,1.56712137e-04
joint,12.901000,12.683333,110.000042,2.52764366e-02,1.56712137e-04
joint,12.951000,12.925000,110.000042,2.52136661e-02,1.56712137e-04
joint,13.001000,13.166667,110.000042,2.51508955e-02,1.56712137e-04
joint,13.051000,13.408333,110.000042,2.50881249e-02,1.56712137e-04
joint,13.101000,13.650000,110.000042,2.50253544e-02,1.56712137e-04
joint,13.151000,13.891667,110.000042,2.49625838e-02,1.56712137e-04
joint,13.201000,14.133333,110.000042,2.48998132e-02,1.56712137e-04
joint,13.251000,14.375000,110.000042,2.48370427e-02,1.56712137e-04
joint,13.301000,14.616667,110.000042,2.47742721e-02,1.56712137e-04
joint,13.351000,14.858333,110.000042,2.47115015e-02,1.56712137e-04
joint,13.401000,15.100000,110.000042,2.46487310e-02,1.56712137e-04
joint,13.451000,15.341667,110.000042,2.45859604e-02,1.56712137e-04
joint,13.501000,15.583333,110.000042,2.45231899e-02,1.56712137e-04
joint,13.551000,15.825000,110.000042,2.44604193e-02,1.56712137e-04
joint,13.601000,16.066667,110.000042,2.43976487e-02,1.56712137e-04
joint,13.651000,16.308333,110.000042,2.43348782e-02,1.56712137e-04
joint,13.701000,16.550000,110.000042,2.42721076e-02,1.56712137e-04
joint,13.751000,16.791667,110.000042,2.42093370e-02,1.56712137e-04
joint,13.801000,17.033333,110.000042,2.41465665e-02,1.56712137e-04
joint,13.851000,17.275000,110.000042,2.40837959e-02,1.56712137e-04
joint,13.901000,17.516667,110.000042,2.40210254e-02,1.56712137e-04
joint,13.951000,17.758333,110.000042,2.39582548e-02,1.56712137e-04
joint,14.001000,18.000000,110.000042,2.38954842e-02,1.56712137e-04
joint,14.051000,18.241667,110.000042,2.38327137e-02,1.56712137e-04
joint,14.101000,18.483333,110.000042,2.37699431e-02,1.56712137e-04
joint,14.151000,18.725000,110.000042,2.37071725e-02,1.56712137e-04
joint,14.201000,18.966667,110.000042,2.36444020e-02,1.56712137e-04
joint,14.251000,19.208333,110.000042,2.35816314e-02,1.56712137e-04
joint,14.301000,19.450000,110.000042,2.35188609e-02,1.56712137e-04
joint,14.351000,19.691667,110.000042,2.34560903e-02,1.56712137e-04
joint,14.401000,19.933333,110.000042,2.33933197e-02,1.56712137e-04
joint,14.451000,20.175000,110.000042,2.33305492e-02,1.56712137e-04
joint,14.501000,20.416667,110.000042,2.32677786e-02,1.56712137e-04
joint,14.551000,20.658333,110.000042,2.32050080e-02,1.56712137e-04
joint,14.601000,20.900000,110.000042,2.31422375e-02,1.56712137e-04
joint,14.651000,21.141667,110.000042,2.30794669e-02,1.56712137e-04
joint,14.701000,21.383333,110.000042,2.30166964e-02,1.56712137e-04
joint,14.751000,21.625000,110.000042,2.29539258e-02,1.56712137e-04
joint,14.801000,21.866667,110.000042,2.28911552e-02,1.56712137e-04
joint,14.851000,22.108333,110.000042,2.28283847e-02,1.56712137e-04
joint,14.901000,22.350000,110.000042,2.27656141e-02,1.56712137e-04
joint,14.951000,22.591667,110.000042,2.27028435e-02,1.56712137e-04
joint,15.001000,22.833333,110.000042,2.26400730e-02,1.56712137e-04
joint,15.051000,23.075000,110.000042,2.25773024e-02,1.56712137e-04
joint,15.101000,23.316667,110.000042,2.25145319e-02,1.56712137e-04
joint,15.151000,23.558333,110.000042,2.24517613e-02,1.56712137e-04
joint,15.201000,23.800000,110.000042,2.23889907e-02,1.56712137e-04
joint,15.251000,24.041667,110.000042,2.23262202e-02,1.56712137e-04
joint,15.301000,24.283333,110.000042,2.22634496e-02,1.56712137e-04
joint,15.351000,24.525000,110.000042,2.22006790e-02,1.56712137e-04
joint,15.401000,24.766667,110.000042,2.21379085e-02,1.56712137e-04
joint,15.451000,25.008333,110.000042,2.20751379e-02,1.56712137e-04
joint,15.501000,25.250000,110.000042,2.20123673e-02,1.56712137e-04
joint,15.551000,25.491667,110.000042,2.19495968e-02,1.56712137e-04
joint,15.601000,25.733333,110.000042,2.18868262e-02,1.56712137e-04
joint,15.651000,25.975000,110.000042,2.18240557e-02,1.56712137e-04
joint,15.701000,26.216667,110.000042,2.17612851e-02,1.56712137e-04
joint,15.751000,26.458333,110.000042,2.16985145e-02,1.56712137e-04
joint,15.801000,26.700000,110.000042,2.16357440e-02,1.56712137e-04
joint,15.851000,26.941667,110.000042,2.15729734e-02,1.56712137e-04
joint,15.901000,27.183333,110.000042,2.15102028e-02,1.56712137e-04
joint,15.951000,27.425000,110.000042,2.14474323e-02,1.56712137e-04
joint,16.001000,27.666667,110.000042,2.13846617e-02,1.56712137e-04
joint,16.051000,27.908333,110.000042,2.13218912e-02,1.56712137e-04
joint,16.101000,28.150000,110.000042,2.12591206e-02,1.56712137e-04
joint,16.151000,28.391667,110.000042,2.11963500e-02,1.56712137e-04
joint,16.201000,28.633333,110.000042,2.11335795e-02,1.56712137e-04
joint,16.251000,28.875000,110.000042,2.10708089e-02,1.56712137e-04
joint,16.301000,29.116667,110.000042,2.10080383e-02,1.56712137e-04
joint,16.351000,29.358333,110.000042,2.09452678e-02,1.56712137e-04
joint,16.401000,29.600000,110.000042,2.08824972e-02,1.56712137e-04
joint,16.451000,29.841667,110.000042,2.08197267e-02,1.56712137e-04
joint,16.501000,30.083333,110.000042,2.07569561e-02,1.56712137e-04
joint,16.551000,30.325000,110.000042,2.06941855e-02,1.56712137e-04
joint,16.601000,30.566667,110.000042,2.06314150e-02,1.56712137e-04
joint,16.651000,30.808333,110.000042,2.05686444e-02,1.56712137e-04
joint,16.701000,31.050000,110.000042,2.05058738e-02,1.56712137e-04
joint,16.751000,31.291667,110.000042,2.04431033e-02,1.56712137e-04
joint,16.801000,31.533333,110.000042,2.03803327e-02,1.56712137e-04
joint,16.851000,31.775000,110.000042,2.03175622e-02,1.56712137e-04
joint,16.901000,32.016667,110.000042,2.02547916e-02,1.56712137e-04
joint,16.951000,32.258333,110.000042,2.01920210e-02,1.56712137e-04
joint,17.001000,32.500000,110.000042,2.01292505e-02,1.56712137e-04
joint,17.051000,32.741667,110.000042,2.00664799e-02,1.56712137e-04
joint,17.101000,32.983333,110.000042,2.00037093e-02,1.56712137e-04
joint,17.151000,33.225000,110.000042,1.99409388e-02,1.56712137e-04
joint,17.201000,33.466667,110.000042,1.98781682e-02,1.56712137e-04
joint,17.251000,33.708333,110.000042,1.98153977e-02,1.56712137e-04
joint,17.301000,33.950000,110.000042,1.97526271e-02,1.56712137e-04
joint,17.351000,34.191667,110.000042,1.96898565e-02,1.56712137e-04
joint,17.401000,34.433333,110.000042,1.96270860e-02,1.56712137e-04
joint,17.451000,34.675000,110.000042,1.95643154e-02,1.56712137e-04
joint,17.501000,34.916667,110.000042,1.95015448e-02,1.56712137e-04
joint,17.551000,35.158333,110.000042,1.94387743e-02,1.56712137e-04
joint,17.601000,35.400000,110.000042,1.93760037e-02,1.56712137e-04
joint,17.651000,35.641667,110.000042,1.93132332e-02,1.56712137e-04
joint,17.701000,35.883333,110.000042,1.92504626e-02,1.56712137e-04
joint,17.751000,36.125000,110.000042,1.91876920e-02,1.56712137e-04
joint,17.801000,36.366667,110.000042,1.91249215e-02,1.56712137e-04
joint,17.851000,36.608333,110.000042,1.90621509e-02,1.56712137e-04
joint,17.901000,36.850000,110.000042,1.89993803e-02,1.56712137e-04
joint,17.951000,37.091667,110.000042,1.89366098e-02,1.56712137e-04
joint,18.001000,37.333333,110.000042,1.88738392e-02,1.56712137e-04
joint,18.051000,37.575000,110.000042,1.88110686e-02,1.56712137e-04
joint,18.101000,37.816667,110.000042,1.87482981e-02,1.56712137e-04
joint,18.151000,38.058333,110.000042,1.86855275e-02,1.56712137e-04
joint,18.201000,38.300000,110.000042,1.86227570e-02,1.56712137e-04
joint,18.251000,38.541667,110.000042,1.85599864e-02,1.56712137e-04
joint,18.301000,38.783333,110.000042,1.84972158e-02,1.56712137e-04
joint,18.351000,39.025000,110.000042,1.84344453e-02,1.56712137e-04
joint,18.401000,39.266667,110.000042,1.83716747e-02,1.56712137e-04
joint,18.451000,39.508333,110.000042,1.83089041e-02,1.56712137e-04
joint,18.501000,39.750000,110.000042,1.82461336e-02,1.56712137e-04
joint,18.551000,39.991667,110.000042,1.81833630e-02,1.56712137e-04
joint,18.601000,40.233333,110.000042,1.81205925e-02,1.56712137e-04
joint,18.651000,40.475000,110.000042,1.80578219e-02,1.56712137e-04
joint,18.701000,40.716667,110.000042,1.79950513e-02,1.56712137e-04
joint,18.751000,40.958333,110.000042,1.79322808e-02,1.56712137e-04
joint,18.801000,41.200000,110.000042,1.78695102e-02,1.56712137e-04
joint,18.851000,41.441667,110.000042,1.78067396e-02,1.56712137e-04
joint,18.901000,41.683333,110.000042,1.77439691e-02,1.56712137e-04
joint,18.951000,41.925000,110.000042,1.76811985e-02,1.56712137e-04
joint,19.001000,42.166667,110.000042,1.76184280e-02,1.56712137e-04
joint,19.051000,42.408333,110.000042,1.75556574e-02,1.56712137e-04
joint,19.101000,42.650000,110.000042,1.74928868e-02,1.56712137e-04
joint,19.151000,42.891667,110.000042,1.74301163e-02,1.56712137e-04
joint,19.201000,43.133333,110.000042,1.73673457e-02,1.56712137e-04
joint,19.251000,43.375000,110.000042,1.73045751e-02,1.56712137e-04
joint,19.301000,43.616667,110.000042,1.72418046e-02,1.56712137e-04
joint,19.351000,43.858333,110.000042,1.71790340e-02,1.56712137e-04
joint,19.401000,44.100000,110.000042,1.71162635e-02,1.56712137e-04
joint,19.451000,44.341667,110.000042,1.70534929e-02,1.56712137e-04
joint,19.501000,44.583333,110.000042,1.69907223e-02,1.56712137e-04
joint,19.551000,44.825000,110.000042,1.69279518e-02,1.56712137e-04
joint,19.601000,45.066667,110.000042,1.68651812e-02,1.56712137e-04
joint,19.651000,45.308333,110.000042,1.68024106e-02,1.56712137e-04
joint,19.701000,45.550000,110.000042,1.67396401e-02,1.56712137e-04
joint,19.751000,45.791667,110.000042,1.66768695e-02,1.56712137e-04
joint,19.801000,46.033333,110.000042,1.66140990e-02,1.56712137e-04
joint,19.851000,46.275000,110.000042,1.65513284e-02,1.56712137e-04
joint,19.901000,46.516667,110.000042,1.64885578e-02,1.56712137e-04
joint,19.951000,46.758333,110.000042,1.64257873e-02,1.56712137e-04
joint,20.001000,47.000000,110.000042,1.63630167e-02,1.56712137e-04
joint,20.051000,47.241667,110.000042,1.63002461e-02,1.56712137e-04
joint,20.101000,47.483333,110.000042,1.62374756e-02,1.56712137e-04
joint,20.151000,47.725000,110.000042,1.61747050e-02,1.56712137e-04
joint,20.201000,47.966667,110.000042,1.61119344e-02,1.56712137e-04
joint,20.251000,48.208333,110.000042,1.60491639e-02,1.56712137e-04
joint,20.301000,48.450000,110.000042,1.59863933e-02,1.56712137e-04
joint,20.351000,48.691667,110.000042,1.59236228e-02,1.56712137e-04
joint,20.401000,48.933333,110.000042,1.58608522e-02,1.56712137e-04
joint,20.451000,49.175000,110.000042,1.57980816e-02,1.56712137e-04
joint,20.501000,49.416667,110.000042,1.57353111e-02,1.56712137e-04
joint,20.551000,49.658333,110.000042,1.56725405e-02,1.56712137e-04
joint,20.601000,49.900000,110.000042,1.56097699e-02,1.56712137e-04
joint,20.651000,50.141667,110.000042,1.55469994e-02,1.56712137e-04
joint,20.701000,50.383333,110.000042,1.54842288e-02,1.56712137e-04
joint,20.751000,50.625000,110.000042,1.54214583e-02,1.56712137e-04
joint,20.801000,50.866667,110.000042,1.53586877e-02,1.56712137e-04
joint,20.851000,51.108333,110.000042,1.52959171e-02,1.56712137e-04
joint,20.901000,51.350000,110.000042,1.52331466e-02,1.56712137e-04
joint,20.951000,51.591667,110.000042,1.51703760e-02,1.56712137e-04
joint,21.001000,51.833333,110.000042,1.51076054e-02,1.56712137e-04
joint,21.051000,52.075000,110.000042,1.50448349e-02,1.56712137e-04
joint,21.101000,52.316667,110.000042,1.49820643e-02,1.56712137e-04
joint,21.151000,52.558333,110.000042,1.49192938e-02,1.56712137e-04
joint,21.201000,52.800000,110.000042,1.48565232e-02,1.56712137e-04
joint,21.251000,53.041667,110.000042,1.47937526e-02,1.56712137e-04
joint,21.301000,53.283333,110.000042,1.47309821e-02,1.56712137e-04
joint,21.351000,53.525000,110.000042,1.46682115e-02,1.56712137e-04
joint,21.401000,53.766667,110.000042,1.46054409e-02,1.56712137e-04
joint,21.451000,54.008333,110.000042,1.45426704e-02,1.56712137e-04
joint,21.501000,54.250000,110.000042,1.44798998e-02,1.56712137e-04
joint,21.551000,54.491667,110.000042,1.44171293e-02,1.56712137e-04
joint,21.601000,54.733333,110.000042,1.43543587e-02,1.56712137e-04
joint,21.651000,54.975000,110.000042,1.42915881e-02,1.56712137e-04
joint,21.701000,55.216667,110.000042,1.42288176e-02,1.56712137e-04
joint,21.751000,55.458333,110.000042,1.41660470e-02,1.56712137e-04
joint,21.801000,55.700000,110.000042,1.41032764e-02,1.56712137e-04
joint,21.851000,55.941667,110.000042,1.40405059e-02,1.56712137e-04
joint,21.901000,56.183333,110.000042,1.39777353e-02,1.56712137e-04
joint,21.951000,56.425000,110.000042,1.39149648e-02,1.56712137e-04
joint,22.001000,56.666667,110.000042,1.38521942e-02,1.56712137e-04
joint,22.051000,56.908333,110.000042,1.37894236e-02,1.56712137e-04
joint,22.101000,57.150000,110.000042,1.37266531e-02,1.56712137e-04
joint,22.151000,57.391667,110.000042,1.36638825e-02,1.56712137e-04
joint,22.201000,57.633333,110.000042,1.36011119e-02,1.56712137e-04
joint,22.251000,57.875000,110.000042,1.35383414e-02,1.56712137e-04
joint,22.301000,58.116667,110.000042,1.34755708e-02,1.56712137e-04
joint,22.351000,58.358333,110.000042,1.34128002e-02,1.56712137e-04
joint,22.401000,58.600000,110.000042,1.33500297e-02,1.56712137e-04
joint,22.451000,58.841667,110.000042,1.32872591e-02,1.56712137e-04
joint,22.501000,59.083333,110.000042,1.32244886e-02,1.56712137e-04
joint,22.551000,59.325000,110.000042,1.31617180e-02,1.56712137e-04
joint,22.601000,59.566667,110.000042,1.30989474e-02,1.56712137e-04
joint,22.651000,59.808333,110.000042,1.30361769e-02,1.56712137e-04
joint,22.701000,60.050000,110.000042,1.29734063e-02,1.56712137e-04
joint,22.751000,60.291667,110.000042,1.29106357e-02,1.56712137e-04
joint,22.801000,60.533333,110.000042,1.28478652e-02,1.56712137e-04
joint,22.851000,60.775000,110.000042,1.27850946e-02,1.56712137e-04
joint,22.901000,61.016667,110.000042,1.27223241e-02,1.56712137e-04
joint,22.951000,61.258333,110.000042,1.26595535e-02,1.56712137e-04
joint,23.001000,61.500000,110.000042,1.25967829e-02,1.56712137e-04
joint,23.051000,61.741667,110.000042,1.25340124e-02,1.56712137e-04
joint,23.101000,61.983333,110.000042,1.24712418e-02,1.56712137e-04
joint,23.151000,62.225000,110.000042,1.24084712e-02,1.56712137e-04
joint,23.201000,62.466667,110.000042,1.23457007e-02,1.56712137e-04
joint,23.251000,62.708333,110.000042,1.22829301e-02,1.56712137e-04
joint,23.301000,62.950000,110.000042,1.22201596e-02,1.56712137e-04
joint,23.351000,63.191667,110.000042,1.21573890e-02,1.56712137e-04
joint,23.401000,63.433333,110.000042,1.20946184e-02,1.56712137e-04
joint,23.451000,63.675000,110.000042,1.20318479e-02,1.56712137e-04
joint,23.501000,63.916667,110.000042,1.19690773e-02,1.56712137e-04
joint,23.551000,64.158333,110.000042,1.19063067e-02,1.56712137e-04
joint,23.601000,64.400000,110.000042,1.18435362e-02,1.56712137e-04
joint,23.651000,64.641667,110.000042,1.17807656e-02,1.56712137e-04
joint,23.701000,64.883333,110.000042,1.17179951e-02,1.56712137e-04
joint,23.751000,65.125000,110.000042,1.16552245e-02,1.56712137e-04
joint,23.801000,65.366667,110.000042,1.15924539e-02,1.56712137e-04
joint,23.851000,65.608333,110.000042,1.15296834e-02,1.56712137e-04
joint,23.901000,65.850000,110.000042,1.14669128e-02,1.56712137e-04
joint,23.951000,66.091667,110.000042,1.14041422e-02,1.56712137e-04
joint,24.001000,66.333333,110.000042,1.13413717e-02,1.56712137e-04
joint,24.051000,66.575000,110.000042,1.12786011e-02,1.56712137e-04
joint,24.101000,66.816667,110.000042,1.12158306e-02,1.56712137e-04
joint,24.151000,67.058333,110.000042,1.11530600e-02,1.56712137e-04
joint,24.201000,67.300000,110.000042,1.10902894e-02,1.56712137e-04
joint,24.251000,67.541667,110.000042,1.10275189e-02,1.56712137e-04
joint,24.301000,67.783333,110.000042,1.09647483e-02,1.56712137e-04
joint,24.351000,68.025000,110.000042,1.09019777e-02,1.56712137e-04
joint,24.401000,68.266667,110.000042,1.08392072e-02,1.56712137e-04
joint,24.451000,68.508333,110.000042,1.07764366e-02,1.56712137e-04
joint,24.501000,68.750000,110.000042,1.07136661e-02,1.56712137e-04
joint,24.551000,68.991667,110.000042,1.06508955e-02,1.56712137e-04
joint,24.601000,69.233333,110.000042,1.05881249e-02,1.56712137e-04
joint,24.651000,69.475000,110.000042,1.05253544e-02,1.56712137e-04
joint,24.701000,69.716667,110.000042,1.04625838e-02,1.56712137e-04
joint,24.751000,69.958333,110.000042,1.03998132e-02,1.56712137e-04
joint,24.801000,70.200000,110.000042,1.03370427e-02,1.56712137e-04
joint,24.851000,70.441667,110.000042,1.02742721e-02,1.56712137e-04
joint,24.901000,70.683333,110.000042,1.02115015e-02,1.56712137e-04
joint,24.951000,70.925000,110.000042,1.01487310e-02,1.56712137e-04
joint,25.001000,71.166667,110.000042,1.00859604e-02,1.56712137e-04
joint,25.051000,71.408333,110.000042,1.00231899e-02,1.56712137e-04
joint,25.101000,71.650000,110.000042,9.96041930e-03,1.56712137e-04
joint,25.151000,71.891667,110.000042,9.89764873e-03,1.56712137e-04
joint,25.201000,72.133333,110.000042,9.83487817e-03,1.56712137e-04
joint,25.251000,72.375000,110.000042,9.77210761e-03,1.56712137e-04
joint,25.301000,72.616667,110.000042,9.70933705e-03,1.56712137e-04
joint,25.351000,72.858333,110.000042,9.64656648e-03,1.56712137e-04
joint,25.401000,73.100000,110.000042,9.58379592e-03,1.56712137e-04
joint,25.451000,73.341667,110.000042,9.52102536e-03,1.56712137e-04
joint,25.501000,73.583333,110.000042,9.45825480e-03,1.56712137e-04
joint,25.551000,73.825000,110.000042,9.39548423e-03,1.56712137e-04
joint,25.601000,74.066667,110.000042,9.33271367e-03,1.56712137e-04
joint,25.651000,74.308333,110.000042,9.26994311e-03,1.56712137e-04
joint,25.701000,74.550000,110.000042,9.20717254e-03,1.56712137e-04
joint,25.751000,74.791667,110.000042,9.14440198e-03,1.56712137e-04
joint,25.801000,75.033333,110.000042,9.08163142e-03,1.56712137e-04
joint,25.851000,75.275000,110.000042,9.01886086e-03,1.56712137e-04
joint,25.901000,75.516667,110.000042,8.95609029e-03,1.56712137e-04
joint,25.951000,75.758333,110.000042,8.89331973e-03,1.56712137e-04
joint,26.001000,76.000000,110.000042,8.83054917e-03,1.56712137e-04
joint,26.051000,76.241667,110.000042,8.76777860e-03,1.56712137e-04
joint,26.101000,76.483333,110.000042,8.70500804e-03,1.56712137e-04
joint,26.151000,76.725000,110.000042,8.64223748e-03,1.56712137e-04
joint,26.201000,76.966667,110.000042,8.57946692e-03,1.56712137e-04
joint,26.251000,77.208333,110.000042,8.51669635e-03,1.56712137e-04
joint,26.301000,77.450000,110.000042,8.45392579e-03,1.56712137e-04
joint,26.351000,77.691667,110.000042,8.39115523e-03,1.56712137e-04
joint,26.401000,77.933333,110.000042,8.32838467e-03,1.56712137e-04
joint,26.451000,78.175000,110.000042,8.26561410e-03,1.56712137e-04
joint,26.501000,78.416667,110.000042,8.20284354e-03,1.56712137e-04
joint,26.551000,78.658333,110.000042,8.14007298e-03,1.56712137e-04
joint,26.601000,78.900000,110.000042,8.07730241e-03,1.56712137e-04
joint,26.651000,79.141667,110.000042,8.01453185e-03,1.56712137e-04
joint,26.701000,79.383333,110.000042,7.95176129e-03,1.56712137e-04
joint,26.751000,79.625000,110.000042,7.88899073e-03,1.56712137e-04
joint,26.801000,79.866667,110.000042,7.82622016e-03,1.56712137e-04
joint,26.851000,80.108333,110.000042,7.76344960e-03,1.56712137e-04
joint,26.901000,80.350000,110.000042,7.70067904e-03,1.56712137e-04
joint,26.951000,80.591667,110.000042,7.63790847e-03,1.56712137e-04
joint,27.001000,80.833333,110.000042,7.57513791e-03,1.56712137e-04
joint,27.051000,81.075000,110.000042,7.51236735e-03,1.56712137e-04
joint,27.101000,81.316667,110.000042,7.44959679e-03,1.56712137e-04
joint,27.151000,81.558333,110.000042,7.38682622e-03,1.56712137e-04
joint,27.201000,81.800000,110.000042,7.32405566e-03,1.56712137e-04
joint,27.251000,82.041667,110.000042,7.26128510e-03,1.56712137e-04
joint,27.301000,82.283333,110.000042,7.19851454e-03,1.56712137e-04
joint,27.351000,82.525000,110.000042,7.13574397e-03,1.56712137e-04
joint,27.401000,82.766667,110.000042,7.07297341e-03,1.56712137e-04
joint,27.451000,83.008333,110.000042,7.01020285e-03,1.56712137e-04
joint,27.501000,83.250000,110.000042,6.94743228e-03,1.56712137e-04
joint,27.551000,83.491667,110.000042,6.88466172e-03,1.56712137e-04
joint,27.601000,83.733333,110.000042,6.82189116e-03,1.56712137e-04
joint,27.651000,83.975000,110.000042,6.75912060e-03,1.56712137e-04
joint,27.701000,84.216667,110.000042,6.69635003e-03,1.56712137e-04
joint,27.751000,84.458333,110.000042,6.63357947e-03,1.56712137e-04
joint,27.801000,84.700000,110.000042,6.57080891e-03,1.56712137e-04
joint,27.851000,84.941667,110.000042,6.50803834e-03,1.56712137e-04
joint,27.901000,85.183333,110.000042,6.44526778e-03,1.56712137e-04
joint,27.951000,85.425000,110.000042,6.38249722e-03,1.56712137e-04
joint,28.001000,85.666667,110.000042,6.31972666e-03,1.56712137e-04
joint,28.051000,85.908333,110.000042,6.25695609e-03,1.56712137e-04
joint,28.101000,86.150000,110.000042,6.19418553e-03,1.56712137e-04
joint,28.151000,86.391667,110.000042,6.13141497e-03,1.56712137e-04
joint,28.201000,86.633333,110.000042,6.06864441e-03,1.56712137e-04
joint,28.251000,86.875000,110.000042,6.00587384e-03,1.56712137e-04
joint,28.301000,87.116667,110.000042,5.94310328e-03,1.56712137e-04
joint,28.351000,87.358333,110.000042,5.88033272e-03,1.56712137e-04
joint,28.401000,87.600000,110.000042,5.81756215e-03,1.56712137e-04
joint,28.451000,87.841667,110.000042,5.75479159e-03,1.56712137e-04
joint,28.501000,88.083333,110.000042,5.69202103e-03,1.56712137e-04
joint,28.551000,88.325000,110.000042,5.62925047e-03,1.56712137e-04
joint,28.601000,88.566667,110.000042,5.56647990e-03,1.56712137e-04
joint,28.651000,88.808333,110.000042,5.50370934e-03,1.56712137e-04
joint,28.701000,89.050000,110.000042,5.44093878e-03,1.56712137e-04
joint,28.751000,89.291667,110.000042,5.37816822e-03,1.56712137e-04
joint,28.801000,89.533333,110.000042,5.31539765e-03,1.56712137e-04
joint,28.851000,89.775000,110.000042,5.25262709e-03,1.56712137e-04
joint,28.901000,90.016667,110.000042,5.18985653e-03,1.56712137e-04
joint,28.951000,90.258333,110.000042,5.12708596e-03,1.56712137e-04
joint,29.001000,90.500000,110.000042,5.06431540e-03,1.56712137e-04
joint,29.051000,90.741667,110.000042,5.00154484e-03,1.56712137e-04
joint,29.101000,90.983333,110.000042,4.93877428e-03,1.56712137e-04
joint,29.151000,91.225000,110.000042,4.87600371e-03,1.56712137e-04
joint,29.201000,91.466667,110.000042,4.81323315e-03,1.56712137e-04
joint,29.251000,91.708333,110.000042,4.75046259e-03,1.56712137e-04
joint,29.301000,91.950000,110.000042,4.68769202e-03,1.56712137e-04
joint,29.351000,92.191667,110.000042,4.62492146e-03,1.56712137e-04
joint,29.401000,92.433333,110.000042,4.56215090e-03,1.56712137e-04
joint,29.451000,92.675000,110.000042,4.49938034e-03,1.56712137e-04
joint,29.501000,92.916667,110.000042,4.43660977e-03,1.56712137e-04
joint,29.551000,93.158333,110.000042,4.37383921e-03,1.56712137e-04
joint,29.601000,93.400000,110.000042,4.31106865e-03,1.56712137e-04
joint,29.651000,93.641667,110.000042,4.24829809e-03,1.56712137e-04
joint,29.701000,93.883333,110.000042,4.18552752e-03,1.56712137e-04
joint,29.751000,94.125000,110.000042,4.12275696e-03,1.56712137e-04
joint,29.801000,94.366667,110.000042,4.05998640e-03,1.56712137e-04
joint,29.851000,94.608333,110.000042,3.99721583e-03,1.56712137e-04
joint,29.901000,94.850000,110.000042,3.93444527e-03,1.56712137e-04
joint,29.951000,95.091667,110.000042,3.87167471e-03,1.56712137e-04
joint,30.001000,95.333333,110.000042,3.80890415e-03,1.56712137e-04
joint,30.051000,95.575000,110.000042,3.74613358e-03,1.56712137e-04
joint,30.101000,95.816667,110.000042,3.68336302e-03,1.56712137e-04
joint,30.151000,96.058333,110.000042,3.62059246e-03,1.56712137e-04
joint,30.201000,96.300000,110.000042,3.55782189e-03,1.56712137e-04
joint,30.251000,96.541667,110.000042,3.49505133e-03,1.56712137e-04
joint,30.301000,96.783333,110.000042,3.43228077e-03,1.56712137e-04
joint,30.351000,97.025000,110.000042,3.36951021e-03,1.56712137e-04
joint,30.401000,97.266667,110.000042,3.30673964e-03,1.56712137e-04
joint,30.451000,97.508333,110.000042,3.24396908e-03,1.56712137e-04
joint,30.501000,97.750000,110.000042,3.18119852e-03,1.56712137e-04
joint,30.551000,97.991667,110.000042,3.11842796e-03,1.56712137e-04
joint,30.601000,98.233333,110.000042,3.05565739e-03,1.56712137e-04
joint,30.651000,98.475000,110.000042,2.99288683e-03,1.56712137e-04
joint,30.701000,98.716667,110.000042,2.93011627e-03,1.56712137e-04
joint,30.751000,98.958333,110.000042,2.86734570e-03,1.56712137e-04
joint,30.801000,99.200000,110.000042,2.80457514e-03,1.56712137e-04
joint,30.851000,99.441667,110.000042,2.74180458e-03,1.56712137e-04
joint,30.901000,99.683333,110.000042,2.67903402e-03,1.56712137e-04
joint,30.951000,99.925000,110.000042,2.61626345e-03,1.56712137e-04
joint,31.001000,100.166667,110.000042,2.55349289e-03,1.56712137e-04
joint,31.051000,100.408333,110.000042,2.49072233e-03,1.56712137e-04
joint,31.101000,100.650000,110.000042,2.42795176e-03,1.56712137e-04
joint,31.151000,100.891667,110.000042,2.36518120e-03,1.56712137e-04
joint,31.201000,101.133333,110.000042,2.30241064e-03,1.56712137e-04
joint,31.251000,101.375000,110.000042,2.23964008e-03,1.56712137e-04
joint,31.301000,101.616667,110.000042,2.17686951e-03,1.56712137e-04
joint,31.351000,101.858333,110.000042,2.11409895e-03,1.56712137e-04
joint,31.401000,102.100000,110.000042,2.05132839e-03,1.56712137e-04
joint,31.451000,102.341667,110.000042,1.98855783e-03,1.56712137e-04
joint,31.501000,102.583333,110.000042,1.92578726e-03,1.56712137e-04
joint,31.551000,102.825000,110.000042,1.86301670e-03,1.56712137e-04
joint,31.601000,103.066667,110.000042,1.80024614e-03,1.56712137e-04
joint,31.651000,103.308333,110.000042,1.73747557e-03,1.56712137e-04
joint,31.701000,103.550000,110.000042,1.67470501e-03,1.56712137e-04
joint,31.751000,103.791667,110.000042,1.61193445e-03,1.56712137e-04
joint,31.801000,104.033333,110.000042,1.54916389e-03,1.56712137e-04
joint,31.851000,104.275000,110.000042,1.48639332e-03,1.56712137e-04
joint,31.901000,104.516667,110.000042,1.42362276e-03,1.56712137e-04
joint,31.951000,104.758333,110.000042,1.36085220e-03,1.56712137e-04
joint,32.001000,105.000000,109.999977,1.29808163e-03,-8.56971702e-05
joint,32.051000,105.000000,110.000000,1.29870130e-03,-5.22748069e-08
joint,32.101000,105.000000,110.000000,1.29870130e-03,2.86437298e-10
joint,32.151000,105.000000,110.000000,1.29870130e-03,0.00000000e+00
joint,32.201000,105.000000,110.000000,1.29870130e-03,0.00000000e+00
joint,32.251000,105.000000,110.000000,1.29870130e-03,0.00000000e+00
joint,32.301000,105.000000,110.000000,1.29870130e-03,0.00000000e+00
joint,32.351000,105.000000,110.000000,1.29870130e-03,0.00000000e+00
joint,32.401000,105.000000,110.000000,1.29870130e-03,0.00000000e+00
joint,32.451000,105.000000,110.000000,1.29870130e-03,0.00000000e+00
joint,32.501000,105.000000,110.000000,1.29870130e-03,0.00000000e+00
joint,32.551000,105.000000,110.000000,1.29870130e-03,0.00000000e+00
joint,32.601000,105.000000,110.000000,1.29870130e-03,0.00000000e+00
joint,32.651000,105.000000,110.000000,1.29870130e-03,0.00000000e+00
joint,32.701000,105.000000,110.000000,1.29870130e-03,0.00000000e+00
joint,32.751000,105.000000,110.000000,1.29870130e-03,0.00000000e+00
joint,32.801000,105.000000,110.000000,1.29870130e-03,0.00000000e+00
joint,32.851000,105.000000,110.000000,1.29870130e-03,0.00000000e+00
joint,32.901000,105.000000,110.000000,1.29870130e-03,0.00000000e+00
joint,32.951000,105.000000,110.000000,1.29870130e-03,0.00000000e+00
joint,33.001000,105.000000,110.000000,1.29870130e-03,0.00000000e+00
joint,33.051000,105.000000,110.000000,1.29870130e-03,0.00000000e+00
joint,33.101000,105.000000,110.000000,1.29870130e-03,0.00000000e+00
joint,33.151000,105.000000,110.000000,1.29870130e-03,0.00000000e+00
joint,33.201000,105.000000,110.000000,1.29870130e-03,0.00000000e+00
joint,33.251000,105.000000,110.000000,1.29870130e-03,0.00000000e+00
joint,33.301000,105.000000,110.000000,1.29870130e-03,0.00000000e+00
joint,33.351000,105.000000,110.000000,1.29870130e-03,0.00000000e+00
joint,33.401000,105.000000,110.000000,1.29870130e-03,0.00000000e+00
joint,33.451000,105.000000,110.000000,1.29870130e-03,0.00000000e+00
joint,33.501000,105.000000,110.000000,1.29870130e-03,0.00000000e+00
joint,33.551000,105.000000,110.000000,1.29870130e-03,0.00000000e+00
joint,33.601000,105.000000,110.000000,1.29870130e-03,0.00000000e+00
joint,33.651000,105.000000,110.000000,1.29870130e-03,0.00000000e+00
joint,33.701000,105.000000,110.000000,1.29870130e-03,0.00000000e+00
joint,33.751000,105.000000,110.000000,1.29870130e-03,0.00000000e+00
joint,33.801000,105.000000,110.000000,1.29870130e-03,0.00000000e+00
joint,33.851000,105.000000,110.000000,1.29870130e-03,0.00000000e+00
joint,33.901000,105.000000,110.000000,1.29870130e-03,0.00000000e+00
joint,33.951000,105.000000,110.000000,1.29870130e-03,0.00000000e+00
joint,34.001000,105.000000,110.000000,1.29870130e-03,0.00000000e+00
joint,34.051000,105.000000,110.000000,1.29870130e-03,0.00000000e+00
joint,34.101000,105.000000,110.000000,1.29870130e-03,0.00000000e+00
joint,34.151000,105.000000,110.000000,1.29870130e-03,0.00000000e+00
joint,34.201000,105.000000,110.000000,1.29870130e-03,0.00000000e+00
joint,34.251000,105.000000,110.000000,1.29870130e-03,0.00000000e+00
joint,34.301000,105.000000,110.000000,1.29870130e-03,0.00000000e+00
joint,34.351000,105.000000,110.000000,1.29870130e-03,0.00000000e+00
joint,34.401000,105.000000,110.000000,1.29870130e-03,0.00000000e+00
joint,34.451000,105.000000,110.000000,1.29870130e-03,0.00000000e+00
joint,34.501000,105.000000,110.000000,1.29870130e-03,0.00000000e+00
joint,34.551000,105.000000,110.000000,1.29870130e-03,0.00000000e+00
joint,34.601000,105.000000,110.000000,1.29870130e-03,0.00000000e+00
joint,34.651000,105.000000,110.000000,1.29870130e-03,0.00000000e+00
joint,34.701000,105.000000,110.000000,1.29870130e-03,0.00000000e+00
joint,34.751000,105.000000,110.000000,1.29870130e-03,0.00000000e+00
joint,34.801000,105.000000,110.000000,1.29870130e-03,0.00000000e+00
joint,34.851000,105.000000,110.000000,1.29870130e-03,0.00000000e+00
joint,34.901000,105.000000,110.000000,1.29870130e-03,0.00000000e+00
joint,34.951000,105.000000,110.000000,1.29870130e-03,0.00000000e+00
joint,35.001000,105.000000,110.000000,1.29870130e-03,0.00000000e+00
joint,35.051000,105.000000,110.000000,1.29870130e-03,0.00000000e+00
joint,35.101000,105.000000,110.000000,1.29870130e-03,0.00000000e+00
joint,35.151000,105.000000,110.000000,1.29870130e-03,0.00000000e+00
joint,35.201000,105.000000,110.000000,1.29870130e-03,0.00000000e+00
joint,35.251000,105.000000,110.000000,1.29870130e-03,0.00000000e+00
joint,35.301000,105.000000,110.000000,1.29870130e-03,0.00000000e+00
joint,35.351000,105.000000,110.000000,1.29870130e-03,0.00000000e+00
joint,35.401000,105.000000,110.000000,1.29870130e-03,0.00000000e+00
joint,35.451000,105.000000,110.000000,1.29870130e-03,0.00000000e+00
joint,35.501000,105.000000,110.000000,1.29870130e-03,0.00000000e+00
joint,35.551000,105.000000,110.000000,1.29870130e-03,0.00000000e+00
joint,35.601000,105.000000,110.000000,1.29870130e-03,0.00000000e+00
joint,35.651000,105.000000,110.000000,1.29870130e-03,0.00000000e+00
joint,35.701000,105.000000,110.000000,1.29870130e-03,0.00000000e+00
joint,35.751000,105.000000,110.000000,1.29870130e-03,0.00000000e+00
joint,35.801000,105.000000,110.000000,1.29870130e-03,0.00000000e+00
joint,35.851000,105.000000,110.000000,1.29870130e-03,0.00000000e+00
joint,35.901000,105.000000,110.000000,1.29870130e-03,0.00000000e+00
joint,35.951000,105.000000,110.000000,1.29870130e-03,0.00000000e+00
joint,36.001000,105.000000,110.000000,1.29870130e-03,0.00000000e+00
joint,36.051000,105.000000,110.000000,1.29870130e-03,0.00000000e+00
joint,36.101000,105.000000,110.000000,1.29870130e-03,0.00000000e+00
joint,36.151000,105.000000,110.000000,1.29870130e-03,0.00000000e+00
joint,36.201000,105.000000,110.000000,1.29870130e-03,0.00000000e+00
joint,36.251000,105.000000,110.000000,1.29870130e-03,0.00000000e+00
joint,36.301000,105.000000,110.000000,1.29870130e-03,0.00000000e+00
joint,36.351000,105.000000,110.000000,1.29870130e-03,0.00000000e+00
joint,36.401000,105.000000,110.000000,1.29870130e-03,0.00000000e+00
joint,36.451000,105.000000,110.000000,1.29870130e-03,0.00000000e+00
joint,36.501000,105.000000,110.000000,1.29870130e-03,0.00000000e+00
joint,36.551000,105.000000,110.000000,1.29870130e-03,0.00000000e+00
joint,36.601000,105.000000,110.000000,1.29870130e-03,0.00000000e+00
joint,36.651000,105.000000,110.000000,1.29870130e-03,0.00000000e+00
joint,36.701000,105.000000,110.000000,1.29870130e-03,0.00000000e+00
joint,36.751000,105.000000,110.000000,1.29870130e-03,0.00000000e+00
joint,36.801000,105.000000,110.000000,1.29870130e-03,0.00000000e+00
joint,36.851000,105.000000,110.000000,1.29870130e-03,0.00000000e+00
joint,36.901000,105.000000,110.000000,1.29870130e-03,0.00000000e+00
joint,36.951000,105.000000,110.000000,1.29870130e-03,0.00000000e+00
joint,37.001000,105.000000,109.999935,1.29870130e-03,-2.42409451e-04
joint,37.051000,104.758333,109.999958,1.36209153e-03,-1.56764699e-04
joint,37.101000,104.516667,109.999958,1.42486209e-03,-1.56711994e-04
joint,37.151000,104.275000,109.999958,1.48763265e-03,-1.56712281e-04
joint,37.201000,104.033333,109.999958,1.55040321e-03,-1.56712281e-04
joint,37.251000,103.791667,109.999958,1.61317378e-03,-1.56712281e-04
joint,37.301000,103.550000,109.999958,1.67594434e-03,-1.56712281e-04
joint,37.351000,103.308333,109.999958,1.73871490e-03,-1.56712281e-04
joint,37.401000,103.066667,109.999958,1.80148546e-03,-1.56712281e-04
joint,37.451000,102.825000,109.999958,1.86425603e-03,-1.56712281e-04
joint,37.501000,102.583333,109.999958,1.92702659e-03,-1.56712281e-04
joint,37.551000,102.341667,109.999958,1.98979715e-03,-1.56712281e-04
joint,37.601000,102.100000,109.999958,2.05256772e-03,-1.56712281e-04
joint,37.651000,101.858333,109.999958,2.11533828e-03,-1.56712281e-04
joint,37.701000,101.616667,109.999958,2.17810884e-03,-1.56712281e-04
joint,37.751000,101.375000,109.999958,2.24087940e-03,-1.56712281e-04
joint,37.801000,101.133333,109.999958,2.30364997e-03,-1.56712281e-04
joint,37.851000,100.891667,109.999958,2.36642053e-03,-1.56712281e-04
joint,37.901000,100.650000,109.999958,2.42919109e-03,-1.56712281e-04
joint,37.951000,100.408333,109.999958,2.49196166e-03,-1.56712281e-04
joint,38.001000,100.166667,109.999958,2.55473222e-03,-1.56712281e-04
joint,38.051000,99.925000,109.999958,2.61750278e-03,-1.56712281e-04
joint,38.101000,99.683333,109.999958,2.68027334e-03,-1.56712281e-04
joint,38.151000,99.441667,109.999958,2.74304391e-03,-1.56712281e-04
joint,38.201000,99.200000,109.999958,2.80581447e-03,-1.56712281e-04
joint,38.251000,98.958333,109.999958,2.86858503e-03,-1.56712281e-04
joint,38.301000,98.716667,109.999958,2.93135559e-03,-1.56712281e-04
joint,38.351000,98.475000,109.999958,2.99412616e-03,-1.56712281e-04
joint,38.401000,98.233333,109.999958,3.05689672e-03,-1.56712281e-04
joint,38.451000,97.991667,109.999958,3.11966728e-03,-1.56712281e-04
joint,38.501000,97.750000,109.999958,3.18243785e-03,-1.56712281e-04
joint,38.551000,97.508333,109.999958,3.24520841e-03,-1.56712281e-04
joint,38.601000,97.266667,109.999958,3.30797897e-03,-1.56712281e-04
joint,38.651000,97.025000,109.999958,3.37074953e-03,-1.56712281e-04
joint,38.701000,96.783333,109.999958,3.43352010e-03,-1.56712281e-04
joint,38.751000,96.541667,109.999958,3.49629066e-03,-1.56712281e-04
joint,38.801000,96.300000,109.999958,3.55906122e-03,-1.56712281e-04
joint,38.851000,96.058333,109.999958,3.62183178e-03,-1.56712281e-04
joint,38.901000,95.816667,109.999958,3.68460235e-03,-1.56712281e-04
joint,38.951000,95.575000,109.999958,3.74737291e-03,-1.56712281e-04
joint,39.001000,95.333333,109.999958,3.81014347e-03,-1.56712281e-04
joint,39.051000,95.091667,109.999958,3.87291404e-03,-1.56712281e-04
joint,39.101000,94.850000,109.999958,3.93568460e-03,-1.56712281e-04
joint,39.151000,94.608333,109.999958,3.99845516e-03,-1.56712281e-04
joint,39.201000,94.366667,109.999958,4.06122572e-03,-1.56712281e-04
joint,39.251000,94.125000,109.999958,4.12399629e-03,-1.56712281e-04
joint,39.301000,93.883333,109.999958,4.18676685e-03,-1.56712281e-04
joint,39.351000,93.641667,109.999958,4.24953741e-03,-1.56712281e-04
joint,39.401000,93.400000,109.999958,4.31230798e-03,-1.56712281e-04
joint,39.451000,93.158333,109.999958,4.37507854e-03,-1.56712281e-04
joint,39.501000,92.916667,109.999958,4.43784910e-03,-1.56712281e-04
joint,39.551000,92.675000,109.999958,4.50061966e-03,-1.56712281e-04
joint,39.601000,92.433333,109.999958,4.56339023e-03,-1.56712281e-04
joint,39.651000,92.191667,109.999958,4.62616079e-03,-1.56712281e-04
joint,39.701000,91.950000,109.999958,4.68893135e-03,-1.56712281e-04
joint,39.751000,91.708333,109.999958,4.75170191e-03,-1.56712281e-04
joint,39.801000,91.466667,109.999958,4.81447248e-03,-1.56712281e-04
joint,39.851000,91.225000,109.999958,4.87724304e-03,-1.56712281e-04
joint,39.901000,90.983333,109.999958,4.94001360e-03,-1.56712281e-04
joint,39.951000,90.741667,109.999958,5.00278417e-03,-1.56712281e-04
joint,40.001000,90.500000,109.999958,5.06555473e-03,-1.56712281e-04
joint,40.051000,90.258333,109.999958,5.12832529e-03,-1.56712281e-04
joint,40.101000,90.016667,109.999958,5.19109585e-03,-1.56712281e-04
joint,40.151000,89.775000,109.999958,5.25386642e-03,-1.56712281e-04
joint,40.201000,89.533333,109.999958,5.31663698e-03,-1.56712281e-04
joint,40.251000,89.291667,109.999958,5.37940754e-03,-1.56712281e-04
joint,40.301000,89.050000,109.999958,5.44217811e-03,-1.56712281e-04
joint,40.351000,88.808333,109.999958,5.50494867e-03,-1.56712281e-04
joint,40.401000,88.566667,109.999958,5.56771923e-03,-1.56712281e-04
joint,40.451000,88.325000,109.999958,5.63048979e-03,-1.56712281e-04
joint,40.501000,88.083333,109.999958,5.69326036e-03,-1.56712281e-04
joint,40.551000,87.841667,109.999958,5.75603092e-03,-1.56712281e-04
joint,40.601000,87.600000,109.999958,5.81880148e-03,-1.56712281e-04
joint,40.651000,87.358333,109.999958,5.88157204e-03,-1.56712281e-04
joint,40.701000,87.116667,109.999958,5.94434261e-03,-1.56712281e-04
joint,40.751000,86.875000,109.999958,6.00711317e-03,-1.56712281e-04
joint,40.801000,86.633333,109.999958,6.06988373e-03,-1.56712281e-04
joint,40.851000,86.391667,109.999958,6.13265430e-03,-1.56712281e-04
joint,40.901000,86.150000,109.999958,6.19542486e-03,-1.56712281e-04
joint,40.951000,85.908333,109.999958,6.25819542e-03,-1.56712281e-04
joint,41.001000,85.666667,109.999958,6.32096598e-03,-1.56712281e-04
joint,41.051000,85.425000,109.999958,6.38373655e-03,-1.56712281e-04
joint,41.101000,85.183333,109.999958,6.44650711e-03,-1.56712281e-04
joint,41.151000,84.941667,109.999958,6.50927767e-03,-1.56712281e-04
joint,41.201000,84.700000,109.999958,6.57204824e-03,-1.56712281e-04
joint,41.251000,84.458333,109.999958,6.63481880e-03,-1.56712281e-04
joint,41.301000,84.216667,109.999958,6.69758936e-03,-1.56712281e-04
joint,41.351000,83.975000,109.999958,6.76035992e-03,-1.56712281e-04
joint,41.401000,83.733333,109.999958,6.82313049e-03,-1.56712281e-04
joint,41.451000,83.491667,109.999958,6.88590105e-03,-1.56712281e-04
joint,41.501000,83.250000,109.999958,6.94867161e-03,-1.56712281e-04
joint,41.551000,83.008333,109.999958,7.01144217e-03,-1.56712281e-04
joint,41.601000,82.766667,109.999958,7.07421274e-03,-1.56712281e-04
joint,41.651000,82.525000,109.999958,7.13698330e-03,-1.56712281e-04
joint,41.701000,82.283333,109.999958,7.19975386e-03,-1.56712281e-04
joint,41.751000,82.041667,109.999958,7.26252443e-03,-1.56712281e-04
joint,41.801000,81.800000,109.999958,7.32529499e-03,-1.56712281e-04
joint,41.851000,81.558333,109.999958,7.38806555e-03,-1.56712281e-04
joint,41.901000,81.316667,109.999958,7.45083611e-03,-1.56712281e-04
joint,41.951000,81.075000,109.999958,7.51360668e-03,-1.56712281e-04
joint,42.001000,80.833333,109.999958,7.57637724e-03,-1.56712281e-04
joint,42.051000,80.591667,109.999958,7.63914780e-03,-1.56712281e-04
joint,42.101000,80.350000,109.999958,7.70191837e-03,-1.56712281e-04
joint,42.151000,80.108333,109.999958,7.76468893e-03,-1.56712281e-04
joint,42.201000,79.866667,109.999958,7.82745949e-03,-1.56712281e-04
joint,42.251000,79.625000,109.999958,7.89023005e-03,-1.56712281e-04
joint,42.301000,79.383333,109.999958,7.95300062e-03,-1.56712281e-04
joint,42.351000,79.141667,109.999958,8.01577118e-03,-1.56712281e-04
joint,42.401000,78.900000,109.999958,8.07854174e-03,-1.56712281e-04
joint,42.451000,78.658333,109.999958,8.14131230e-03,-1.56712281e-04
joint,42.501000,78.416667,109.999958,8.20408287e-03,-1.56712281e-04
joint,42.551000,78.175000,109.999958,8.26685343e-03,-1.56712281e-04
joint,42.601000,77.933333,109.999958,8.32962399e-03,-1.56712281e-04
joint,42.651000,77.691667,109.999958,8.39239456e-03,-1.56712281e-04
joint,42.701000,77.450000,109.999958,8.45516512e-03,-1.56712281e-04
joint,42.751000,77.208333,109.999958,8.51793568e-03,-1.56712281e-04
joint,42.801000,76.966667,109.999958,8.58070624e-03,-1.56712281e-04
joint,42.851000,76.725000,109.999958,8.64347681e-03,-1.56712281e-04
joint,42.901000,76.483333,109.999958,8.70624737e-03,-1.56712281e-04
joint,42.951000,76.241667,109.999958,8.76901793e-03,-1.56712281e-04
joint,43.001000,76.000000,109.999958,8.83178849e-03,-1.56712281e-04
joint,43.051000,75.758333,109.999958,8.89455906e-03,-1.56712281e-04
joint,43.101000,75.516667,109.999958,8.95732962e-03,-1.56712281e-04
joint,43.151000,75.275000,109.999958,9.02010018e-03,-1.56712281e-04
joint,43.201000,75.033333,109.999958,9.08287075e-03,-1.56712281e-04
joint,43.251000,74.791667,109.999958,9.14564131e-03,-1.56712281e-04
joint,43.301000,74.550000,109.999958,9.20841187e-03,-1.56712281e-04
joint,43.351000,74.308333,109.999958,9.27118243e-03,-1.56712281e-04
joint,43.401000,74.066667,109.999958,9.33395300e-03,-1.56712281e-04
joint,43.451000,73.825000,109.999958,9.39672356e-03,-1.56712281e-04
joint,43.501000,73.583333,109.999958,9.45949412e-03,-1.56712281e-04
joint,43.551000,73.341667,109.999958,9.52226469e-03,-1.56712281e-04
joint,43.601000,73.100000,109.999958,9.58503525e-03,-1.56712281e-04
joint,43.651000,72.858333,109.999958,9.64780581e-03,-1.56712281e-04
joint,43.701000,72.616667,109.999958,9.71057637e-03,-1.56712281e-04
joint,43.751000,72.375000,109.999958,9.77334694e-03,-1.56712281e-04
joint,43.801000,72.133333,109.999958,9.83611750e-03,-1.56712281e-04
joint,43.851000,71.891667,109.999958,9.89888806e-03,-1.56712281e-04
joint,43.901000,71.650000,109.999958,9.96165862e-03,-1.56712281e-04
joint,43.951000,71.408333,109.999958,1.00244292e-02,-1.56712281e-04
joint,44.001000,71.166667,109.999958,1.00871998e-02,-1.56712281e-04
joint,44.051000,70.925000,109.999958,1.01499703e-02,-1.56712281e-04
joint,44.101000,70.683333,109.999958,1.02127409e-02,-1.56712281e-04
joint,44.151000,70.441667,109.999958,1.02755114e-02,-1.56712281e-04
joint,44.201000,70.200000,109.999958,1.03382820e-02,-1.56712281e-04
joint,44.251000,69.958333,109.999958,1.04010526e-02,-1.56712281e-04
joint,44.301000,69.716667,109.999958,1.04638231e-02,-1.56712281e-04
joint,44.351000,69.475000,109.999958,1.05265937e-02,-1.56712281e-04
joint,44.401000,69.233333,109.999958,1.05893643e-02,-1.56712281e-04
joint,44.451000,68.991667,109.999958,1.06521348e-02,-1.56712281e-04
joint,44.501000,68.750000,109.999958,1.07149054e-02,-1.56712281e-04
joint,44.551000,68.508333,109.999958,1.07776759e-02,-1.56712281e-04
joint,44.601000,68.266667,109.999958,1.08404465e-02,-1.56712281e-04
joint,44.651000,68.025000,109.999958,1.09032171e-02,-1.56712281e-04
joint,44.701000,67.783333,109.999958,1.09659876e-02,-1.56712281e-04
joint,44.751000,67.541667,109.999958,1.10287582e-02,-1.56712281e-04
joint,44.801000,67.300000,109.999958,1.10915288e-02,-1.56712281e-04
joint,44.851000,67.058333,109.999958,1.11542993e-02,-1.56712281e-04
joint,44.901000,66.816667,109.999958,1.12170699e-02,-1.56712281e-04
joint,44.951000,66.575000,109.999958,1.12798404e-02,-1.56712281e-04
joint,45.001000,66.333333,109.999958,1.13426110e-02,-1.56712281e-04
joint,45.051000,66.091667,109.999958,1.14053816e-02,-1.56712281e-04
joint,45.101000,65.850000,109.999958,1.14681521e-02,-1.56712281e-04
joint,45.151000,65.608333,109.999958,1.15309227e-02,-1.56712281e-04
joint,45.201000,65.366667,109.999958,1.15936933e-02,-1.56712281e-04
joint,45.251000,65.125000,109.999958,1.16564638e-02,-1.56712281e-04
joint,45.301000,64.883333,109.999958,1.17192344e-02,-1.56712281e-04
joint,45.351000,64.641667,109.999958,1.17820049e-02,-1.56712281e-04
joint,45.401000,64.400000,109.999958,1.18447755e-02,-1.56712281e-04
joint,45.451000,64.158333,109.999958,1.19075461e-02,-1.56712281e-04
joint,45.501000,63.916667,109.999958,1.19703166e-02,-1.56712281e-04
joint,45.551000,63.675000,109.999958,1.20330872e-02,-1.56712281e-04
joint,45.601000,63.433333,109.999958,1.20958578e-02,-1.56712281e-04
joint,45.651000,63.191667,109.999958,1.21586283e-02,-1.56712281e-04
joint,45.701000,62.950000,109.999958,1.22213989e-02,-1.56712281e-04
joint,45.751000,62.708333,109.999958,1.22841694e-02,-1.56712281e-04
joint,45.801000,62.466667,109.999958,1.23469400e-02,-1.56712281e-04
joint,45.851000,62.225000,109.999958,1.24097106e-02,-1.56712281e-04
joint,45.901000,61.983333,109.999958,1.24724811e-02,-1.56712281e-04
joint,45.951000,61.741667,109.999958,1.25352517e-02,-1.56712281e-04
joint,46.001000,61.500000,109.999958,1.25980223e-02,-1.56712281e-04
joint,46.051000,61.258333,109.999958,1.26607928e-02,-1.56712281e-04
joint,46.101000,61.016667,109.999958,1.27235634e-02,-1.56712281e-04
joint,46.151000,60.775000,109.999958,1.27863339e-02,-1.56712281e-04
joint,46.201000,60.533333,109.999958,1.28491045e-02,-1.56712281e-04
joint,46.251000,60.291667,109.999958,1.29118751e-02,-1.56712281e-04
joint,46.301000,60.050000,109.999958,1.29746456e-02,-1.56712281e-04
joint,46.351000,59.808333,109.999958,1.30374162e-02,-1.56712281e-04
joint,46.401000,59.566667,109.999958,1.31001868e-02,-1.56712281e-04
joint,46.451000,59.325000,109.999958,1.31629573e-02,-1.56712281e-04
joint,46.501000,59.083333,109.999958,1.32257279e-02,-1.56712281e-04
joint,46.551000,58.841667,109.999958,1.32884985e-02,-1.56712281e-04
joint,46.601000,58.600000,109.999958,1.33512690e-02,-1.56712281e-04
joint,46.651000,58.358333,109.999958,1.34140396e-02,-1.56712281e-04
joint,46.701000,58.116667,109.999958,1.34768101e-02,-1.56712281e-04
joint,46.751000,57.875000,109.999958,1.35395807e-02,-1.56712281e-04
joint,46.801000,57.633333,109.999958,1.36023513e-02,-1.56712281e-04
joint,46.851000,57.391667,109.999958,1.36651218e-02,-1.56712281e-04
joint,46.901000,57.150000,109.999958,1.37278924e-02,-1.56712281e-04
joint,46.951000,56.908333,109.999958,1.37906630e-02,-1.56712281e-04
joint,47.001000,56.666667,109.999958,1.38534335e-02,-1.56712281e-04
joint,47.051000,56.425000,109.999958,1.39162041e-02,-1.56712281e-04
joint,47.101000,56.183333,109.999958,1.39789746e-02,-1.56712281e-04
joint,47.151000,55.941667,109.999958,1.40417452e-02,-1.56712281e-04
joint,47.201000,55.700000,109.999958,1.41045158e-02,-1.56712281e-04
joint,47.251000,55.458333,109.999958,1.41672863e-02,-1.56712281e-04
joint,47.301000,55.216667,109.999958,1.42300569e-02,-1.56712281e-04
joint,47.351000,54.975000,109.999958,1.42928275e-02,-1.56712281e-04
joint,47.401000,54.733333,109.999958,1.43555980e-02,-1.56712281e-04
joint,47.451000,54.491667,109.999958,1.44183686e-02,-1.56712281e-04
joint,47.501000,54.250000,109.999958,1.44811391e-02,-1.56712281e-04
joint,47.551000,54.008333,109.999958,1.45439097e-02,-1.56712281e-04
joint,47.601000,53.766667,109.999958,1.46066803e-02,-1.56712281e-04
joint,47.651000,53.525000,109.999958,1.46694508e-02,-1.56712281e-04
joint,47.701000,53.283333,109.999958,1.47322214e-02,-1.56712281e-04
joint,47.751000,53.041667,109.999958,1.47949920e-02,-1.56712281e-04
joint,47.801000,52.800000,109.999958,1.48577625e-02,-1.56712281e-04
joint,47.851000,52.558333,109.999958,1.49205331e-02,-1.56712281e-04
joint,47.901000,52.316667,109.999958,1.49833036e-02,-1.56712281e-04
joint,47.951000,52.075000,109.999958,1.50460742e-02,-1.56712281e-04
joint,48.001000,51.833333,109.999958,1.51088448e-02,-1.56712281e-04
joint,48.051000,51.591667,109.999958,1.51716153e-02,-1.56712281e-04
joint,48.101000,51.350000,109.999958,1.52343859e-02,-1.56712281e-04
joint,48.151000,51.108333,109.999958,1.52971565e-02,-1.56712281e-04
joint,48.201000,50.866667,109.999958,1.53599270e-02,-1.56712281e-04
joint,48.251000,50.625000,109.999958,1.54226976e-02,-1.56712281e-04
joint,48.301000,50.383333,109.999958,1.54854681e-02,-1.56712281e-04
joint,48.351000,50.141667,109.999958,1.55482387e-02,-1.56712281e-04
joint,48.401000,49.900000,109.999958,1.56110093e-02,-1.56712281e-04
joint,48.451000,49.658333,109.999958,1.56737798e-02,-1.56712281e-04
joint,48.501000,49.416667,109.999958,1.57365504e-02,-1.56712281e-04
joint,48.551000,49.175000,109.999958,1.57993210e-02,-1.56712281e-04
joint,48.601000,48.933333,109.999958,1.58620915e-02,-1.56712281e-04
joint,48.651000,48.691667,109.999958,1.59248621e-02,-1.56712281e-04
joint,48.701000,48.450000,109.999958,1.59876327e-02,-1.56712281e-04
joint,48.751000,48.208333,109.999958,1.60504032e-02,-1.56712281e-04
joint,48.801000,47.966667,109.999958,1.61131738e-02,-1.56712281e-04
joint,48.851000,47.725000,109.999958,1.61759443e-02,-1.56712281e-04
joint,48.901000,47.483333,109.999958,1.62387149e-02,-1.56712281e-04
joint,48.951000,47.241667,109.999958,1.63014855e-02,-1.56712281e-04
joint,49.001000,47.000000,109.999958,1.63642560e-02,-1.56712281e-04
joint,49.051000,46.758333,109.999958,1.64270266e-02,-1.56712281e-04
joint,49.101000,46.516667,109.999958,1.64897972e-02,-1.56712281e-04
joint,49.151000,46.275000,109.999958,1.65525677e-02,-1.56712281e-04
joint,49.201000,46.033333,109.999958,1.66153383e-02,-1.56712281e-04
joint,49.251000,45.791667,109.999958,1.66781088e-02,-1.56712281e-04
joint,49.301000,45.550000,109.999958,1.67408794e-02,-1.56712281e-04
joint,49.351000,45.308333,109.999958,1.68036500e-02,-1.56712281e-04
joint,49.401000,45.066667,109.999958,1.68664205e-02,-1.56712281e-04
joint,49.451000,44.825000,109.999958,1.69291911e-02,-1.56712281e-04
joint,49.501000,44.583333,109.999958,1.69919617e-02,-1.56712281e-04
joint,49.551000,44.341667,109.999958,1.70547322e-02,-1.56712281e-04
joint,49.601000,44.100000,109.999958,1.71175028e-02,-1.56712281e-04
joint,49.651000,43.858333,109.999958,1.71802733e-02,-1.56712281e-04
joint,49.701000,43.616667,109.999958,1.72430439e-02,-1.56712281e-04
joint,49.751000,43.375000,109.999958,1.73058145e-02,-1.56712281e-04
joint,49.801000,43.133333,109.999958,1.73685850e-02,-1.56712281e-04
joint,49.851000,42.891667,109.999958,1.74313556e-02,-1.56712281e-04
joint,49.901000,42.650000,109.999958,1.74941262e-02,-1.56712281e-04
joint,49.951000,42.408333,109.999958,1.75568967e-02,-1.56712281e-04
joint,50.001000,42.166667,109.999958,1.76196673e-02,-1.56712281e-04
joint,50.051000,41.925000,109.999958,1.76824378e-02,-1.56712281e-04
joint,50.101000,41.683333,109.999958,1.77452084e-02,-1.56712281e-04
joint,50.151000,41.441667,109.999958,1.78079790e-02,-1.56712281e-04
joint,50.201000,41.200000,109.999958,1.78707495e-02,-1.56712281e-04
joint,50.251000,40.958333,109.999958,1.79335201e-02,-1.56712281e-04
joint,50.301000,40.716667,109.999958,1.79962907e-02,-1.56712281e-04
joint,50.351000,40.475000,109.999958,1.80590612e-02,-1.56712281e-04
joint,50.401000,40.233333,109.999958,1.81218318e-02,-1.56712281e-04
joint,50.451000,39.991667,109.999958,1.81846023e-02,-1.56712281e-04
joint,50.501000,39.750000,109.999958,1.82473729e-02,-1.56712281e-04
joint,50.551000,39.508333,109.999958,1.83101435e-02,-1.56712281e-04
joint,50.601000,39.266667,109.999958,1.83729140e-02,-1.56712281e-04
joint,50.651000,39.025000,109.999958,1.84356846e-02,-1.56712281e-04
joint,50.701000,38.783333,109.999958,1.84984552e-02,-1.56712281e-04
joint,50.751000,38.541667,109.999958,1.85612257e-02,-1.56712281e-04
joint,50.801000,38.300000,109.999958,1.86239963e-02,-1.56712281e-04
joint,50.851000,38.058333,109.999958,1.86867668e-02,-1.56712281e-04
joint,50.901000,37.816667,109.999958,1.87495374e-02,-1.56712281e-04
joint,50.951000,37.575000,109.999958,1.88123080e-02,-1.56712281e-04
joint,51.001000,37.333333,109.999958,1.88750785e-02,-1.56712281e-04
joint,51.051000,37.091667,109.999958,1.89378491e-02,-1.56712281e-04
joint,51.101000,36.850000,109.999958,1.90006197e-02,-1.56712281e-04
joint,51.151000,36.608333,109.999958,1.90633902e-02,-1.56712281e-04
joint,51.201000,36.366667,109.999958,1.91261608e-02,-1.56712281e-04
joint,51.251000,36.125000,109.999958,1.91889314e-02,-1.56712281e-04
joint,51.301000,35.883333,109.999958,1.92517019e-02,-1.56712281e-04
joint,51.351000,35.641667,109.999958,1.93144725e-02,-1.56712281e-04
joint,51.401000,35.400000,109.999958,1.93772430e-02,-1.56712281e-04
joint,51.451000,35.158333,109.999958,1.94400136e-02,-1.56712281e-04
joint,51.501000,34.916667,109.999958,1.95027842e-02,-1.56712281e-04
joint,51.551000,34.675000,109.999958,1.95655547e-02,-1.56712281e-04
joint,51.601000,34.433333,109.999958,1.96283253e-02,-1.56712281e-04
joint,51.651000,34.191667,109.999958,1.96910959e-02,-1.56712281e-04
joint,51.701000,33.950000,109.999958,1.97538664e-02,-1.56712281e-04
joint,51.751000,33.708333,109.999958,1.98166370e-02,-1.56712281e-04
joint,51.801000,33.466667,109.999958,1.98794075e-02,-1.56712281e-04
joint,51.851000,33.225000,109.999958,1.99421781e-02,-1.56712281e-04
joint,51.901000,32.983333,109.999958,2.00049487e-02,-1.56712281e-04
joint,51.951000,32.741667,109.999958,2.00677192e-02,-1.56712281e-04
joint,52.001000,32.500000,109.999958,2.01304898e-02,-1.56712281e-04
joint,52.051000,32.258333,109.999958,2.01932604e-02,-1.56712281e-04
joint,52.101000,32.016667,109.999958,2.02560309e-02,-1.56712281e-04
joint,52.151000,31.775000,109.999958,2.03188015e-02,-1.56712281e-04
joint,52.201000,31.533333,109.999958,2.03815720e-02,-1.56712281e-04
joint,52.251000,31.291667,109.999958,2.04443426e-02,-1.56712281e-04
joint,52.301000,31.050000,109.999958,2.05071132e-02,-1.56712281e-04
joint,52.351000,30.808333,109.999958,2.05698837e-02,-1.56712281e-04
joint,52.401000,30.566667,109.999958,2.06326543e-02,-1.56712281e-04
joint,52.451000,30.325000,109.999958,2.06954249e-02,-1.56712281e-04
joint,52.501000,30.083333,109.999958,2.07581954e-02,-1.56712281e-04
joint,52.551000,29.841667,109.999958,2.08209660e-02,-1.56712281e-04
joint,52.601000,29.600000,109.999958,2.08837365e-02,-1.56712281e-04
joint,52.651000,29.358333,109.999958,2.09465071e-02,-1.56712281e-04
joint,52.701000,29.116667,109.999958,2.10092777e-02,-1.56712281e-04
joint,52.751000,28.875000,109.999958,2.10720482e-02,-1.56712281e-04
joint,52.801000,28.633333,109.999958,2.11348188e-02,-1.56712281e-04
joint,52.851000,28.391667,109.999958,2.11975894e-02,-1.56712281e-04
joint,52.901000,28.150000,109.999958,2.12603599e-02,-1.56712281e-04
joint,52.951000,27.908333,109.999958,2.13231305e-02,-1.56712281e-04
joint,53.001000,27.666667,109.999958,2.13859010e-02,-1.56712281e-04
joint,53.051000,27.425000,109.999958,2.14486716e-02,-1.56712281e-04
joint,53.101000,27.183333,109.999958,2.15114422e-02,-1.56712281e-04
joint,53.151000,26.941667,109.999958,2.15742127e-02,-1.56712281e-04
joint,53.201000,26.700000,109.999958,2.16369833e-02,-1.56712281e-04
joint,53.251000,26.458333,109.999958,2.16997539e-02,-1.56712281e-04
joint,53.301000,26.216667,109.999958,2.17625244e-02,-1.56712281e-04
joint,53.351000,25.975000,109.999958,2.18252950e-02,-1.56712281e-04
joint,53.401000,25.733333,109.999958,2.18880656e-02,-1.56712281e-04
joint,53.451000,25.491667,109.999958,2.19508361e-02,-1.56712281e-04
joint,53.501000,25.250000,109.999958,2.20136067e-02,-1.56712281e-04
joint,53.551000,25.008333,109.999958,2.20763772e-02,-1.56712281e-04
joint,53.601000,24.766667,109.999958,2.21391478e-02,-1.56712281e-04
joint,53.651000,24.525000,109.999958,2.22019184e-02,-1.56712281e-04
joint,53.701000,24.283333,109.999958,2.22646889e-02,-1.56712281e-04
joint,53.751000,24.041667,109.999958,2.23274595e-02,-1.56712281e-04
joint,53.801000,23.800000,109.999958,2.23902301e-02,-1.56712281e-04
joint,53.851000,23.558333,109.999958,2.24530006e-02,-1.56712281e-04
joint,53.901000,23.316667,109.999958,2.25157712e-02,-1.56712281e-04
joint,53.951000,23.075000,109.999958,2.25785417e-02,-1.56712281e-04
joint,54.001000,22.833333,109.999958,2.26413123e-02,-1.56712281e-04
joint,54.051000,22.591667,109.999958,2.27040829e-02,-1.56712281e-04
joint,54.101000,22.350000,109.999958,2.27668534e-02,-1.56712281e-04
joint,54.151000,22.108333,109.999958,2.28296240e-02,-1.56712281e-04
joint,54.201000,21.866667,109.999958,2.28923946e-02,-1.56712281e-04
joint,54.251000,21.625000,109.999958,2.29551651e-02,-1.56712281e-04
joint,54.301000,21.383333,109.999958,2.30179357e-02,-1.56712281e-04
joint,54.351000,21.141667,109.999958,2.30807062e-02,-1.56712281e-04
joint,54.401000,20.900000,109.999958,2.31434768e-02,-1.56712281e-04
joint,54.451000,20.658333,109.999958,2.32062474e-02,-1.56712281e-04
joint,54.501000,20.416667,109.999958,2.32690179e-02,-1.56712281e-04
joint,54.551000,20.175000,109.999958,2.33317885e-02,-1.56712281e-04
joint,54.601000,19.933333,109.999958,2.33945591e-02,-1.56712281e-04
joint,54.651000,19.691667,109.999958,2.34573296e-02,-1.56712281e-04
joint,54.701000,19.450000,109.999958,2.35201002e-02,-1.56712281e-04
joint,54.751000,19.208333,109.999958,2.35828707e-02,-1.56712281e-04
joint,54.801000,18.966667,109.999958,2.36456413e-02,-1.56712281e-04
joint,54.851000,18.725000,109.999958,2.37084119e-02,-1.56712281e-04
joint,54.901000,18.483333,109.999958,2.37711824e-02,-1.56712281e-04
joint,54.951000,18.241667,109.999958,2.38339530e-02,-1.56712281e-04
joint,55.001000,18.000000,109.999958,2.38967236e-02,-1.56712281e-04
joint,55.051000,17.758333,109.999958,2.39594941e-02,-1.56712281e-04
joint,55.101000,17.516667,109.999958,2.40222647e-02,-1.56712281e-04
joint,55.151000,17.275000,109.999958,2.40850352e-02,-1.56712281e-04
joint,55.201000,17.033333,109.999958,2.41478058e-02,-1.56712281e-04
joint,55.251000,16.791667,109.999958,2.42105764e-02,-1.56712281e-04
joint,55.301000,16.550000,109.999958,2.42733469e-02,-1.56712281e-04
joint,55.351000,16.308333,109.999958,2.43361175e-02,-1.56712281e-04
joint,55.401000,16.066667,109.999958,2.43988881e-02,-1.56712281e-04
joint,55.451000,15.825000,109.999958,2.44616586e-02,-1.56712281e-04
joint,55.501000,15.583333,109.999958,2.45244292e-02,-1.56712281e-04
joint,55.551000,15.341667,109.999958,2.45871998e-02,-1.56712281e-04
joint,55.601000,15.100000,109.999958,2.46499703e-02,-1.56712281e-04
joint,55.651000,14.858333,109.999958,2.47127409e-02,-1.56712281e-04
joint,55.701000,14.616667,109.999958,2.47755114e-02,-1.56712281e-04
joint,55.751000,14.375000,109.999958,2.48382820e-02,-1.56712281e-04
joint,55.801000,14.133333,109.999958,2.49010526e-02,-1.56712281e-04
joint,55.851000,13.891667,109.999958,2.49638231e-02,-1.56712281e-04
joint,55.901000,13.650000,109.999958,2.50265937e-02,-1.56712281e-04
joint,55.951000,13.408333,109.999958,2.50893643e-02,-1.56712281e-04
joint,56.001000,13.166667,109.999958,2.51521348e-02,-1.56712281e-04
joint,56.051000,12.925000,109.999958,2.52149054e-02,-1.56712281e-04
joint,56.101000,12.683333,109.999958,2.52776759e-02,-1.56712281e-04
joint,56.151000,12.441667,109.999958,2.53404465e-02,-1.56712281e-04
joint,56.201000,12.200000,109.999958,2.54032171e-02,-1.56712281e-04
joint,56.251000,11.958333,109.999958,2.54659876e-02,-1.56712281e-04
joint,56.301000,11.716667,109.999958,2.55287582e-02,-1.56712281e-04
joint,56.351000,11.475000,109.999958,2.55915288e-02,-1.56712281e-04
joint,56.401000,11.233333,109.999958,2.56542993e-02,-1.56712281e-04
joint,56.451000,10.991667,109.999958,2.57170699e-02,-1.56712281e-04
joint,56.501000,10.750000,109.999958,2.57798404e-02,-1.56712281e-04
joint,56.551000,10.508333,109.999958,2.58426110e-02,-1.56712281e-04
joint,56.601000,10.266667,109.999958,2.59053816e-02,-1.56712281e-04
joint,56.651000,10.025000,109.999958,2.59681521e-02,-1.56712281e-04
joint,56.701000,9.783333,109.999958,2.60309227e-02,-1.56712281e-04
joint,56.751000,9.541667,109.999958,2.60936933e-02,-1.56712281e-04
joint,56.801000,9.300000,109.999958,2.61564638e-02,-1.56712281e-04
joint,56.851000,9.058333,109.999958,2.62192344e-02,-1.56712281e-04
joint,56.901000,8.816667,109.999958,2.62820049e-02,-1.56712281e-04
joint,56.951000,8.575000,109.999958,2.63447755e-02,-1.56712281e-04
joint,57.001000,8.333333,109.999958,2.64075461e-02,-1.56712281e-04
joint,57.051000,8.091667,109.999958,2.64703166e-02,-1.56712281e-04
joint,57.101000,7.850000,109.999958,2.65330872e-02,-1.56712281e-04
joint,57.151000,7.608333,109.999958,2.65958578e-02,-1.56712281e-04
joint,57.201000,7.366667,109.999958,2.66586283e-02,-1.56712281e-04
joint,57.251000,7.125000,109.999958,2.67213989e-02,-1.56712281e-04
joint,57.301000,6.883333,109.999958,2.67841694e-02,-1.56712281e-04
joint,57.351000,6.641667,109.999958,2.68469400e-02,-1.56712281e-04
joint,57.401000,6.400000,109.999958,2.69097106e-02,-1.56712281e-04
joint,57.451000,6.158333,109.999958,2.69724811e-02,-1.56712281e-04
joint,57.501000,5.916667,109.999958,2.70352517e-02,-1.56712281e-04
joint,57.551000,5.675000,109.999958,2.70980223e-02,-1.56712281e-04
joint,57.601000,5.433333,109.999958,2.71607928e-02,-1.56712281e-04
joint,57.651000,5.191667,109.999958,2.72235634e-02,-1.56712281e-04
joint,57.701000,4.950000,109.999958,2.72863339e-02,-1.56712281e-04
joint,57.751000,4.708333,109.999958,2.73491045e-02,-1.56712281e-04
joint,57.801000,4.466667,109.999958,2.74118751e-02,-1.56712281e-04
joint,57.851000,4.225000,109.999958,2.74746456e-02,-1.56712281e-04
joint,57.901000,3.983333,109.999958,2.75374162e-02,-1.56712281e-04
joint,57.951000,3.741667,109.999958,2.76001868e-02,-1.56712281e-04
joint,58.001000,3.500000,109.999958,2.76629573e-02,-1.56712281e-04
joint,58.051000,3.258333,109.999958,2.77257279e-02,-1.56712281e-04
joint,58.101000,3.016667,109.999958,2.77884985e-02,-1.56712281e-04
joint,58.151000,2.775000,109.999958,2.78512690e-02,-1.56712281e-04
joint,58.201000,2.533333,109.999958,2.79140396e-02,-1.56712281e-04
joint,58.251000,2.291667,109.999958,2.79768101e-02,-1.56712281e-04
joint,58.301000,2.050000,109.999958,2.80395807e-02,-1.56712281e-04
joint,58.351000,1.808333,109.999958,2.81023513e-02,-1.56712281e-04
joint,58.401000,1.566667,109.999958,2.81651218e-02,-1.56712281e-04
joint,58.451000,1.325000,109.999958,2.82278924e-02,-1.56712281e-04
joint,58.501000,1.083333,109.999958,2.82906630e-02,-1.56712281e-04
joint,58.551000,0.841667,109.999958,2.83534335e-02,-1.56712281e-04
joint,58.601000,0.600000,109.999958,2.84162041e-02,-1.56712281e-04
joint,58.651000,0.358333,109.999958,2.84789746e-02,-1.56712281e-04
joint,58.701000,0.116667,109.999958,2.85417452e-02,-1.56712281e-04
joint,58.751000,-0.125000,109.999958,2.86045158e-02,-1.56712281e-04
joint,58.801000,-0.366667,109.999958,2.86672863e-02,-1.56712281e-04
joint,58.851000,-0.608333,109.999958,2.87300569e-02,-1.56712281e-04
joint,58.901000,-0.850000,109.999958,2.87928275e-02,-1.56712281e-04
joint,58.951000,-1.091667,109.999958,2.88555980e-02,-1.56712281e-04
joint,59.001000,-1.333333,109.999958,2.89183686e-02,-1.56712281e-04
joint,59.051000,-1.575000,109.999958,2.89811391e-02,-1.56712281e-04
joint,59.101000,-1.816667,109.999958,2.90439097e-02,-1.56712281e-04
joint,59.151000,-2.058333,109.999958,2.91066803e-02,-1.56712281e-04
joint,59.201000,-2.300000,109.999958,2.91694508e-02,-1.56712281e-04
joint,59.251000,-2.541667,109.999958,2.92322214e-02,-1.56712281e-04
joint,59.301000,-2.783333,109.999958,2.92949920e-02,-1.56712281e-04
joint,59.351000,-3.025000,109.999958,2.93577625e-02,-1.56712281e-04
joint,59.401000,-3.266667,109.999958,2.94205331e-02,-1.56712281e-04
joint,59.451000,-3.508333,109.999958,2.94833036e-02,-1.56712281e-04
joint,59.501000,-3.750000,109.999958,2.95460742e-02,-1.56712281e-04
joint,59.551000,-3.991667,109.999958,2.96088448e-02,-1.56712281e-04
joint,59.601000,-4.233333,109.999958,2.96716153e-02,-1.56712281e-04
joint,59.651000,-4.475000,109.999958,2.97343859e-02,-1.56712281e-04
joint,59.701000,-4.716667,109.999958,2.97971565e-02,-1.56712281e-04
joint,59.751000,-4.958333,109.999958,2.98599270e-02,-1.56712281e-04
joint,59.801000,-5.200000,109.999958,2.99226976e-02,-1.56712281e-04
joint,59.851000,-5.441667,109.999958,2.99854681e-02,-1.56712281e-04
joint,59.901000,-5.683333,109.999958,3.00482387e-02,-1.56712281e-04
joint,59.951000,-5.925000,109.999958,3.01110093e-02,-1.56712281e-04
joint,60.001000,-6.166667,109.999958,3.01737798e-02,-1.56712281e-04
joint,60.051000,-6.408333,109.999958,3.02365504e-02,-1.56712281e-04
joint,60.101000,-6.650000,109.999958,3.02993210e-02,-1.56712281e-04
joint,60.151000,-6.891667,109.999958,3.03620915e-02,-1.56712281e-04
joint,60.201000,-7.133333,109.999958,3.04248621e-02,-1.56712281e-04
joint,60.251000,-7.375000,109.999958,3.04876327e-02,-1.56712281e-04
joint,60.301000,-7.616667,109.999958,3.05504032e-02,-1.56712281e-04
joint,60.351000,-7.858333,109.999958,3.06131738e-02,-1.56712281e-04
joint,60.401000,-8.100000,109.999958,3.06759443e-02,-1.56712281e-04
joint,60.451000,-8.341667,109.999958,3.07387149e-02,-1.56712281e-04
joint,60.501000,-8.583333,109.999958,3.08014855e-02,-1.56712281e-04
joint,60.551000,-8.825000,109.999958,3.08642560e-02,-1.56712281e-04
joint,60.601000,-9.066667,109.999958,3.09270266e-02,-1.56712281e-04
joint,60.651000,-9.308333,109.999958,3.09897972e-02,-1.56712281e-04
joint,60.701000,-9.550000,109.999958,3.10525677e-02,-1.56712281e-04
joint,60.751000,-9.791667,109.999958,3.11153383e-02,-1.56712281e-04
joint,60.801000,-10.033333,109.999958,3.11781088e-02,-1.56712281e-04
joint,60.851000,-10.275000,109.999958,3.12408794e-02,-1.56712281e-04
joint,60.901000,-10.516667,109.999958,3.13036500e-02,-1.56712281e-04
joint,60.951000,-10.758333,109.999958,3.13664205e-02,-1.56712281e-04
joint,61.001000,-11.000000,109.999958,3.14291911e-02,-1.56712281e-04
joint,61.051000,-11.241667,109.999958,3.14919617e-02,-1.56712281e-04
joint,61.101000,-11.483333,109.999958,3.15547322e-02,-1.56712281e-04
joint,61.151000,-11.725000,109.999958,3.16175028e-02,-1.56712281e-04
joint,61.201000,-11.966667,109.999958,3.16802733e-02,-1.56712281e-04
joint,61.251000,-12.208333,109.999958,3.17430439e-02,-1.56712281e-04
joint,61.301000,-12.450000,109.999958,3.18058145e-02,-1.56712281e-04
joint,61.351000,-12.691667,109.999958,3.18685850e-02,-1.56712281e-04
joint,61.401000,-12.933333,109.999958,3.19313556e-02,-1.56712281e-04
joint,61.451000,-13.175000,109.999958,3.19941262e-02,-1.56712281e-04
joint,61.501000,-13.416667,109.999958,3.20568967e-02,-1.56712281e-04
joint,61.551000,-13.658333,109.999958,3.21196673e-02,-1.56712281e-04
joint,61.601000,-13.900000,109.999958,3.21824378e-02,-1.56712281e-04
joint,61.651000,-14.141667,109.999958,3.22452084e-02,-1.56712281e-04
joint,61.701000,-14.383333,109.999958,3.23079790e-02,-1.56712281e-04
joint,61.751000,-14.625000,109.999958,3.23707495e-02,-1.56712281e-04
joint,61.801000,-14.866667,109.999958,3.24335201e-02,-1.56712281e-04
joint,61.851000,-15.108333,109.999958,3.24962907e-02,-1.56712281e-04
joint,61.901000,-15.350000,109.999958,3.25590612e-02,-1.56712281e-04
joint,61.951000,-15.591667,109.999958,3.26218318e-02,-1.56712281e-04
joint,62.001000,-15.833333,109.999958,3.26846023e-02,-1.56712281e-04
joint,62.051000,-16.075000,109.999958,3.27473729e-02,-1.56712281e-04
joint,62.101000,-16.316667,109.999958,3.28101435e-02,-1.56712281e-04
joint,62.151000,-16.558333,109.999958,3.28729140e-02,-1.56712281e-04
joint,62.201000,-16.800000,109.999958,3.29356846e-02,-1.56712281e-04
joint,62.251000,-17.041667,109.999958,3.29984552e-02,-1.56712281e-04
joint,62.301000,-17.283333,109.999958,3.30612257e-02,-1.56712281e-04
joint,62.351000,-17.525000,109.999958,3.31239963e-02,-1.56712281e-04
joint,62.401000,-17.766667,109.999958,3.31867668e-02,-1.56712281e-04
joint,62.451000,-18.008333,109.999958,3.32495374e-02,-1.56712281e-04
joint,62.501000,-18.250000,109.999958,3.33123080e-02,-1.56712281e-04
joint,62.551000,-18.491667,109.999958,3.33750785e-02,-1.56712281e-04
joint,62.601000,-18.733333,109.999958,3.34378491e-02,-1.56712281e-04
joint,62.651000,-18.975000,109.999958,3.35006197e-02,-1.56712281e-04
joint,62.701000,-19.216667,109.999958,3.35633902e-02,-1.56712281e-04
joint,62.751000,-19.458333,109.999958,3.36261608e-02,-1.56712281e-04
joint,62.801000,-19.700000,109.999958,3.36889314e-02,-1.56712281e-04
joint,62.851000,-19.941667,109.999958,3.37517019e-02,-1.56712281e-04
joint,62.901000,-20.183333,109.999958,3.38144725e-02,-1.56712281e-04
joint,62.951000,-20.425000,109.999958,3.38772430e-02,-1.56712281e-04
joint,63.001000,-20.666667,109.999958,3.39400136e-02,-1.56712281e-04
joint,63.051000,-20.908333,109.999958,3.40027842e-02,-1.56712281e-04
joint,63.101000,-21.150000,109.999958,3.40655547e-02,-1.56712281e-04
joint,63.151000,-21.391667,109.999958,3.41283253e-02,-1.56712281e-04
joint,63.201000,-21.633333,109.999958,3.41910959e-02,-1.56712281e-04
joint,63.251000,-21.875000,109.999958,3.42538664e-02,-1.56712281e-04
joint,63.301000,-22.116667,109.999958,3.43166370e-02,-1.56712281e-04
joint,63.351000,-22.358333,109.999958,3.43794075e-02,-1.56712281e-04
joint,63.401000,-22.600000,109.999958,3.44421781e-02,-1.56712281e-04
joint,63.451000,-22.841667,109.999958,3.45049487e-02,-1.56712281e-04
joint,63.501000,-23.083333,109.999958,3.45677192e-02,-1.56712281e-04
joint,63.551000,-23.325000,109.999958,3.46304898e-02,-1.56712281e-04
joint,63.601000,-23.566667,109.999958,3.46932604e-02,-1.56712281e-04
joint,63.651000,-23.808333,109.999958,3.47560309e-02,-1.56712281e-04
joint,63.701000,-24.050000,109.999958,3.48188015e-02,-1.56712281e-04
joint,63.751000,-24.291667,109.999958,3.48815720e-02,-1.56712281e-04
joint,63.801000,-24.533333,109.999958,3.49443426e-02,-1.56712281e-04
joint,63.851000,-24.775000,109.999958,3.50071132e-02,-1.56712281e-04
joint,63.901000,-25.016667,109.999958,3.50698837e-02,-1.56712281e-04
joint,63.951000,-25.258333,109.999958,3.51326543e-02,-1.56712281e-04
joint,64.001000,-25.500000,109.999958,3.51954249e-02,-1.56712281e-04
joint,64.051000,-25.741667,109.999958,3.52581954e-02,-1.56712281e-04
joint,64.101000,-25.983333,109.999958,3.53209660e-02,-1.56712281e-04
joint,64.151000,-26.225000,109.999958,3.53837365e-02,-1.56712281e-04
joint,64.201000,-26.466667,109.999958,3.54465071e-02,-1.56712281e-04
joint,64.251000,-26.708333,109.999958,3.55092777e-02,-1.56712281e-04
joint,64.301000,-26.950000,109.999958,3.55720482e-02,-1.56712281e-04
joint,64.351000,-27.191667,109.999958,3.56348188e-02,-1.56712281e-04
joint,64.401000,-27.433333,109.999958,3.56975894e-02,-1.56712281e-04
joint,64.451000,-27.675000,109.999958,3.57603599e-02,-1.56712281e-04
joint,64.501000,-27.916667,109.999958,3.58231305e-02,-1.56712281e-04
joint,64.551000,-28.158333,109.999958,3.58859010e-02,-1.56712281e-04
joint,64.601000,-28.400000,109.999958,3.59486716e-02,-1.56712281e-04
joint,64.651000,-28.641667,109.999958,3.60114422e-02,-1.56712281e-04
joint,64.701000,-28.883333,109.999958,3.60742127e-02,-1.56712281e-04
joint,64.751000,-29.125000,109.999958,3.61369833e-02,-1.56712281e-04
joint,64.801000,-29.366667,109.999958,3.61997539e-02,-1.56712281e-04
joint,64.851000,-29.608333,109.999958,3.62625244e-02,-1.56712281e-04
joint,64.901000,-29.850000,109.999958,3.63252950e-02,-1.56712281e-04
joint,64.951000,-30.091667,109.999958,3.63880656e-02,-1.56712281e-04
joint,65.001000,-30.333333,109.999958,3.64508361e-02,-1.56712281e-04
joint,65.051000,-30.575000,109.999958,3.65136067e-02,-1.56712281e-04
joint,65.101000,-30.816667,109.999958,3.65763772e-02,-1.56712281e-04
joint,65.151000,-31.058333,109.999958,3.66391478e-02,-1.56712281e-04
joint,65.201000,-31.300000,109.999958,3.67019184e-02,-1.56712281e-04
joint,65.251000,-31.541667,109.999958,3.67646889e-02,-1.56712281e-04
joint,65.301000,-31.783333,109.999958,3.68274595e-02,-1.56712281e-04
joint,65.351000,-32.025000,109.999958,3.68902301e-02,-1.56712281e-04
joint,65.401000,-32.266667,109.999958,3.69530006e-02,-1.56712281e-04
joint,65.451000,-32.508333,109.999958,3.70157712e-02,-1.56712281e-04
joint,65.501000,-32.750000,109.999958,3.70785417e-02,-1.56712281e-04
joint,65.551000,-32.991667,109.999958,3.71413123e-02,-1.56712281e-04
joint,65.601000,-33.233333,109.999958,3.72040829e-02,-1.56712281e-04
joint,65.651000,-33.475000,109.999958,3.72668534e-02,-1.56712281e-04
joint,65.701000,-33.716667,109.999958,3.73296240e-02,-1.56712281e-04
joint,65.751000,-33.958333,109.999958,3.73923946e-02,-1.56712281e-04
joint,65.801000,-34.200000,109.999958,3.74551651e-02,-1.56712281e-04
joint,65.851000,-34.441667,109.999958,3.75179357e-02,-1.56712281e-04
joint,65.901000,-34.683333,109.999958,3.75807062e-02,-1.56712281e-04
joint,65.951000,-34.925000,109.999958,3.76434768e-02,-1.56712281e-04
joint,66.001000,-35.166667,109.999958,3.77062474e-02,-1.56712281e-04
joint,66.051000,-35.408333,109.999958,3.77690179e-02,-1.56712281e-04
joint,66.101000,-35.650000,109.999958,3.78317885e-02,-1.56712281e-04
joint,66.151000,-35.891667,109.999958,3.78945591e-02,-1.56712281e-04
joint,66.201000,-36.133333,109.999958,3.79573296e-02,-1.56712281e-04
joint,66.251000,-36.375000,109.999958,3.80201002e-02,-1.56712281e-04
joint,66.301000,-36.616667,109.999958,3.80828707e-02,-1.56712281e-04
joint,66.351000,-36.858333,109.999958,3.81456413e-02,-1.56712281e-04
joint,66.401000,-37.100000,109.999958,3.82084119e-02,-1.56712281e-04
joint,66.451000,-37.341667,109.999958,3.82711824e-02,-1.56712281e-04
joint,66.501000,-37.583333,109.999958,3.83339530e-02,-1.56712281e-04
joint,66.551000,-37.825000,109.999958,3.83967236e-02,-1.56712281e-04
joint,66.601000,-38.066667,109.999958,3.84594941e-02,-1.56712281e-04
joint,66.651000,-38.308333,109.999958,3.85222647e-02,-1.56712281e-04
joint,66.701000,-38.550000,109.999958,3.85850352e-02,-1.56712281e-04
joint,66.751000,-38.791667,109.999958,3.86478058e-02,-1.56712281e-04
joint,66.801000,-39.033333,109.999958,3.87105764e-02,-1.56712281e-04
joint,66.851000,-39.275000,109.999958,3.87733469e-02,-1.56712281e-04
joint,66.901000,-39.516667,109.999958,3.88361175e-02,-1.56712281e-04
joint,66.951000,-39.758333,109.999958,3.88988881e-02,-1.56712281e-04
joint,67.001000,-40.000000,110.000023,3.89616586e-02,8.56973134e-05
joint,67.051000,-40.000000,110.000000,3.89610390e-02,5.22748069e-08
joint,67.101000,-40.000000,110.000000,3.89610390e-02,1.43218649e-10
joint,67.151000,-40.000000,110.000000,3.89610390e-02,0.00000000e+00
joint,67.201000,-40.000000,110.000000,3.89610390e-02,0.00000000e+00
joint,67.251000,-40.000000,110.000000,3.89610390e-02,0.00000000e+00
joint,67.301000,-40.000000,110.000000,3.89610390e-02,0.00000000e+00
joint,67.351000,-40.000000,110.000000,3.89610390e-02,0.00000000e+00
joint,67.401000,-40.000000,110.000000,3.89610390e-02,0.00000000e+00
joint,67.451000,-40.000000,110.000000,3.89610390e-02,0.00000000e+00
joint,67.501000,-40.000000,110.000000,3.89610390e-02,0.00000000e+00
joint,67.551000,-40.000000,110.000000,3.89610390e-02,0.00000000e+00
joint,67.601000,-40.000000,110.000000,3.89610390e-02,0.00000000e+00
joint,67.651000,-40.000000,110.000000,3.89610390e-02,0.00000000e+00
joint,67.701000,-40.000000,110.000000,3.89610390e-02,0.00000000e+00
joint,67.751000,-40.000000,110.000000,3.89610390e-02,0.00000000e+00
joint,67.801000,-40.000000,110.000000,3.89610390e-02,0.00000000e+00
joint,67.851000,-40.000000,110.000000,3.89610390e-02,0.00000000e+00
joint,67.901000,-40.000000,110.000000,3.89610390e-02,0.00000000e+00
joint,67.951000,-40.000000,110.000000,3.89610390e-02,0.00000000e+00
joint,68.001000,-40.000000,110.000000,3.89610390e-02,0.00000000e+00
joint,68.051000,-40.000000,110.000000,3.89610390e-02,0.00000000e+00
joint,68.101000,-40.000000,110.000000,3.89610390e-02,0.00000000e+00
joint,68.151000,-40.000000,110.000000,3.89610390e-02,0.00000000e+00
joint,68.201000,-40.000000,110.000000,3.89610390e-02,0.00000000e+00
joint,68.251000,-40.000000,110.000000,3.89610390e-02,0.00000000e+00
joint,68.301000,-40.000000,110.000000,3.89610390e-02,0.00000000e+00
joint,68.351000,-40.000000,110.000000,3.89610390e-02,0.00000000e+00
joint,68.401000,-40.000000,110.000000,3.89610390e-02,0.00000000e+00
joint,68.451000,-40.000000,110.000000,3.89610390e-02,0.00000000e+00
joint,68.501000,-40.000000,110.000000,3.89610390e-02,0.00000000e+00
joint,68.551000,-40.000000,110.000000,3.89610390e-02,0.00000000e+00
joint,68.601000,-40.000000,110.000000,3.89610390e-02,0.00000000e+00
joint,68.651000,-40.000000,110.000000,3.89610390e-02,0.00000000e+00
joint,68.701000,-40.000000,110.000000,3.89610390e-02,0.00000000e+00
joint,68.751000,-40.000000,110.000000,3.89610390e-02,0.00000000e+00
joint,68.801000,-40.000000,110.000000,3.89610390e-02,0.00000000e+00
joint,68.851000,-40.000000,110.000000,3.89610390e-02,0.00000000e+00
joint,68.901000,-40.000000,110.000000,3.89610390e-02,0.00000000e+00
joint,68.951000,-40.000000,110.000000,3.89610390e-02,0.00000000e+00
joint,69.001000,-40.000000,110.000000,3.89610390e-02,0.00000000e+00
joint,69.051000,-40.000000,110.000000,3.89610390e-02,0.00000000e+00
joint,69.101000,-40.000000,110.000000,3.89610390e-02,0.00000000e+00
joint,69.151000,-40.000000,110.000000,3.89610390e-02,0.00000000e+00
joint,69.201000,-40.000000,110.000000,3.89610390e-02,0.00000000e+00
joint,69.251000,-40.000000,110.000000,3.89610390e-02,0.00000000e+00
joint,69.301000,-40.000000,110.000000,3.89610390e-02,0.00000000e+00
joint,69.351000,-40.000000,110.000000,3.89610390e-02,0.00000000e+00
joint,69.401000,-40.000000,110.000000,3.89610390e-02,0.00000000e+00
joint,69.451000,-40.000000,110.000000,3.89610390e-02,0.00000000e+00
joint,69.501000,-40.000000,110.000000,3.89610390e-02,0.00000000e+00
joint,69.551000,-40.000000,110.000000,3.89610390e-02,0.00000000e+00
joint,69.601000,-40.000000,110.000000,3.89610390e-02,0.00000000e+00
joint,69.651000,-40.000000,110.000000,3.89610390e-02,0.00000000e+00
joint,69.701000,-40.000000,110.000000,3.89610390e-02,0.00000000e+00
joint,69.751000,-40.000000,110.000000,3.89610390e-02,0.00000000e+00
joint,69.801000,-40.000000,110.000000,3.89610390e-02,0.00000000e+00
joint,69.851000,-40.000000,110.000000,3.89610390e-02,0.00000000e+00
joint,69.901000,-40.000000,110.000000,3.89610390e-02,0.00000000e+00
joint,69.951000,-40.000000,110.000000,3.89610390e-02,0.00000000e+00
joint,70.001000,-40.000000,110.000000,3.89610390e-02,0.00000000e+00
joint,70.051000,-40.000000,110.000000,3.89610390e-02,0.00000000e+00
joint,70.101000,-40.000000,110.000000,3.89610390e-02,0.00000000e+00
joint,70.151000,-40.000000,110.000000,3.89610390e-02,0.00000000e+00
joint,70.201000,-40.000000,110.000000,3.89610390e-02,0.00000000e+00
joint,70.251000,-40.000000,110.000000,3.89610390e-02,0.00000000e+00
joint,70.301000,-40.000000,110.000000,3.89610390e-02,0.00000000e+00
joint,70.351000,-40.000000,110.000000,3.89610390e-02,0.00000000e+00
joint,70.401000,-40.000000,110.000000,3.89610390e-02,0.00000000e+00
joint,70.451000,-40.000000,110.000000,3.89610390e-02,0.00000000e+00
joint,70.501000,-40.000000,110.000000,3.89610390e-02,0.00000000e+00
joint,70.551000,-40.000000,110.000000,3.89610390e-02,0.00000000e+00
joint,70.601000,-40.000000,110.000000,3.89610390e-02,0.00000000e+00
joint,70.651000,-40.000000,110.000000,3.89610390e-02,0.00000000e+00
joint,70.701000,-40.000000,110.000000,3.89610390e-02,0.00000000e+00
joint,70.751000,-40.000000,110.000000,3.89610390e-02,0.00000000e+00
joint,70.801000,-40.000000,110.000000,3.89610390e-02,0.00000000e+00
joint,70.851000,-40.000000,110.000000,3.89610390e-02,0.00000000e+00
joint,70.901000,-40.000000,110.000000,3.89610390e-02,0.00000000e+00
joint,70.951000,-40.000000,110.000000,3.89610390e-02,0.00000000e+00
joint,71.001000,-40.000000,110.000000,3.89610390e-02,0.00000000e+00
joint,71.051000,-40.000000,110.000000,3.89610390e-02,0.00000000e+00
joint,71.101000,-40.000000,110.000000,3.89610390e-02,0.00000000e+00
joint,71.151000,-40.000000,110.000000,3.89610390e-02,0.00000000e+00
joint,71.201000,-40.000000,110.000000,3.89610390e-02,0.00000000e+00
joint,71.251000,-40.000000,110.000000,3.89610390e-02,0.00000000e+00
joint,71.301000,-40.000000,110.000000,3.89610390e-02,0.00000000e+00
joint,71.351000,-40.000000,110.000000,3.89610390e-02,0.00000000e+00
joint,71.401000,-40.000000,110.000000,3.89610390e-02,0.00000000e+00
joint,71.451000,-40.000000,110.000000,3.89610390e-02,0.00000000e+00
joint,71.501000,-40.000000,110.000000,3.89610390e-02,0.00000000e+00
joint,71.551000,-40.000000,110.000000,3.89610390e-02,0.00000000e+00
joint,71.601000,-40.000000,110.000000,3.89610390e-02,0.00000000e+00
joint,71.651000,-40.000000,110.000000,3.89610390e-02,0.00000000e+00
joint,71.701000,-40.000000,110.000000,3.89610390e-02,0.00000000e+00
joint,71.751000,-40.000000,110.000000,3.89610390e-02,0.00000000e+00
joint,71.801000,-40.000000,110.000000,3.89610390e-02,0.00000000e+00
joint,71.851000,-40.000000,110.000000,3.89610390e-02,0.00000000e+00
joint,71.901000,-40.000000,110.000000,3.89610390e-02,0.00000000e+00
joint,71.951000,-40.000000,110.000000,3.89610390e-02,0.00000000e+00
