batch,index,a_ring_um,h_ring_um,C1_um,S1_um,C2_um,S2_um,C3_um,S3_um,C4_um,S4_um,source_kind,selected_mode_index,selected_freq_MHz,selected_Q,selected_Q_candidate,same_sign_fraction,breathing_uniformity,best_strict_mac,best_ref_label,valid_for_Q
1,1,128.537852486236,8.02865550490576,-0.7160360835875201,-0.6044255196404349,-0.26646903254817067,-0.07850429209501407,-0.004878614572664322,-0.005326418645006908,-0.021528069719972766,0.0012992523514633522,seed_from_width2,8,9.57454955251,27647261.8768,27647261.8768,1.00000000,0.99594843,0.99211857,width2_d1_m8,1
1,2,126.52742607376122,9.818784209417293,0.2734301582036661,0.8761015420079586,0.28662523261423745,-0.4841788427606163,-0.0323546412263781,0.46150643156403925,-0.21785672785879384,-0.17629860920200802,global,8,9.72606389763,18151899.9665,18151899.9665,1.00000000,0.99574162,0.99210335,width2_d1_m8,1
1,3,128.52616114168205,8.615638034263174,0.15812267213193604,0.24286358554442772,0.1161199254241278,0.04568049833511145,-0.06471783444030585,-0.004497580821195377,-0.048259952108144724,-0.06015805282919382,medium,8,9.57540466659,25981755.9622,25981755.9622,1.00000000,0.99948933,0.99925730,width2_d1_m8,1
1,4,129.24122547568868,8.816719130264545,-0.8809622750295325,0.6566048476581534,-1.0385069987291704,-0.3194141709212295,-0.3496868480104129,0.11599245613423381,-0.3117121041513414,0.03390332175982347,medium,8,9.51035613794,14803001.854,14803001.854,1.00000000,0.98801785,0.97738437,width2_d1_m8,1
1,5,128.18608523648297,8.0,0.1344487867703134,0.27401060486844403,0.05481488454202362,0.5273131086594425,-0.04792003423818317,-0.07670163520815873,0.15864723688583388,-0.10874161673887517,seed_from_width2,8,9.60884317439,35792419.0267,35792419.0267,1.00000000,0.99842671,0.99649869,width2_d1_m8,1
1,6,126.64904419099844,8.13739291256136,0.07565933084118376,-0.11717649040943151,0.2690675213538813,-0.3604984844199599,-0.003532996085837209,0.0809291354285322,0.10792653526061577,0.08868631923812517,medium,8,9.72292231827,32220057.6965,32220057.6965,1.00000000,0.99904196,0.99791581,width2_d1_m8,1
2,1,128.670527280513,8.285553632104586,0.793612281182464,-1.4682514332708454,-0.34767995844678434,-0.48295235374929285,-0.013277416443936152,-0.009261727637807325,0.03213644637957564,0.02489052919637947,seed_from_width2,8,9.56741519151,29458909.891,29458909.891,1.00000000,0.99030229,0.98072893,width2_d1_m8,1
2,2,125.44865823255725,10.064423451610427,0.20239576583888197,-0.23878594684789178,-0.03555734112885656,-0.27516250871994236,-0.03490885031874709,0.02897266025966143,-0.010445828263293003,-0.021391260668502096,near_plain,8,9.81389745336,25355089.9928,25355089.9928,1.00000000,0.99946299,0.99915882,width2_d1_m8,1
2,3,128.2216978279476,8.449320628922225,0.8362710593893166,-1.3921494913514545,-0.042437759438275435,-0.4025665295549881,0.0409489961865237,-0.011965997765073871,-0.11581218237487612,-0.017709758167860273,seed_from_width2,8,9.59535410994,23993054.9496,23993054.9496,1.00000000,0.99079161,0.98212319,width2_d1_m8,1
2,4,129.93955366290473,8.631930557775945,0.5030493567384999,0.4578527500055558,0.375161914564877,0.31821224716783303,0.018025026952596945,0.07552622414711421,0.07015407046564334,-0.005094570765968934,medium,8,9.47529354793,30875906.9508,30875906.9508,1.00000000,0.99779119,0.99554578,width2_d1_m8,1
2,5,128.05329910018705,8.324960078561695,-0.5137372905892692,-0.41478327121210734,0.6805344628570257,0.3015735748974483,0.020907360290100985,-0.137536138214931,-0.0009473372336872843,0.033435856188068214,medium,8,9.61164629367,26686843.8235,26686843.8235,1.00000000,0.99653597,0.99326510,width2_d1_m8,1
2,6,128.24684517344636,8.086964799024564,-0.15447821238908666,-1.243860749888256,-0.2995999842099907,-0.2043499631701971,0.19467785248681257,0.10979814143602185,0.033226097382216546,-0.09204013122091997,seed_from_width2,8,9.59838799362,28801826.8924,28801826.8924,1.00000000,0.99358730,0.98727427,width2_d1_m8,1
3,1,129.13209270349006,8.900806244362101,-1.3010036097313915,0.5242487100296542,-1.1212812760956765,-0.21376295257834432,-0.3761203228576464,0.012597243359461496,-0.2680689525477352,0.005724529481277399,local_width4,8,9.51760312561,14777735.0896,14777735.0896,1.00000000,0.98234297,0.96621777,width2_d1_m8,1
3,2,128.91134223402162,8.0,-0.8666095559760785,-0.8668690627294943,-0.08773661781534714,-0.18496315546602418,0.025601436441315892,0.013623815824464005,0.21402430133435899,0.12581057852614927,local_width4,8,9.55682300342,39684324.494,39684324.494,1.00000000,0.99329709,0.98613496,width2_d1_m8,1
3,3,127.31729321706901,8.696283170712487,-0.5887050990978657,-1.3018642447766442,-0.5096021692543178,-0.0008776983579762976,0.1590209148941839,0.16271175432103296,-0.08095672673880507,0.03059340763508908,seed_from_width2,8,9.66466142423,23901085.8334,23901085.8334,1.00000000,0.99274820,0.98595913,width2_d1_m8,1
3,4,128.1054146381603,8.432980708353837,0.5355475895241419,-1.6926991915026568,-0.10711764660430181,-0.13664141627362852,-0.07087352170685521,0.11259386225779819,-0.2832335001304403,-0.032469895049744686,local_width4,8,9.59725318505,17995843.0171,17995843.0171,1.00000000,0.98800607,0.97711672,width2_d1_m8,1
3,5,128.35029313559446,8.66757749772798,0.916981339289703,-1.041381413256928,-0.0986239610953007,-0.3117787278141992,0.08184781398570716,-0.13181646176468956,-0.021109150508844363,0.05367421160373273,local_width4,8,9.58985994525,26622536.0443,26622536.0443,1.00000000,0.99356448,0.98735430,width2_d1_m8,1
3,6,128.45775101480982,8.320457804218325,0.9928179525259824,-1.154301465741787,0.3878479860383129,-0.28947417935043,0.13599217548092643,-0.02947672684988972,-0.15084678195523038,-0.24547827006870548,local_width4,8,9.57551354929,20699479.4176,20699479.4176,1.00000000,0.99043827,0.98157757,width2_d1_m8,1
4,1,128.9555878874354,8.471738781355713,0.8057946941546257,-1.515125334311499,-0.33368207017289564,-0.22523846584616797,-0.12431982942182213,0.06229563767952374,0.02147736352307842,0.040379639558180636,local_width4,8,9.54575357744,28704087.9007,28704087.9007,1.00000000,0.99025945,0.98069359,width2_d1_m8,1
4,2,128.51594462841868,8.024665930170404,1.2070373704382586,-0.48566786373337545,-0.21902096618889555,0.060284743186910905,-0.004546021579130005,0.08308762264822728,-0.07059877665976133,-0.005077470576203988,seed_from_width2,8,9.57399595316,24931672.4466,24931672.4466,1.00000000,0.99237515,0.98516650,width2_d1_m8,1
4,3,127.87209320941454,8.0,0.07617212367021409,0.1506078148401806,-0.0753027947641465,0.4175497192588239,-0.1188978057486998,-0.03580008602031352,0.19584134220407734,-0.2684388034224655,local_width4,8,9.63394850078,34335814.4379,34335814.4379,1.00000000,0.99877561,0.99710253,width2_d1_m8,1
4,4,128.59687095874816,8.459494120206486,-0.36307578064714696,-0.5360525358950589,-0.4552990263099195,-0.16885321897098116,0.08244852122249868,0.057397015818006714,-0.012807275597312678,0.06075601791571217,seed_from_width2,8,9.57086133588,26574837.2538,26574837.2538,1.00000000,0.99756936,0.99534442,width2_d1_m8,1
4,5,129.278339549196,8.310388693679336,0.0022345881826783542,-0.8831458156452117,-0.4161921648546043,-0.34293702485786415,0.3939125408886425,-0.07760656242961905,-0.181970281327845,-0.2837453691717571,seed_from_width2,8,9.51528664821,19478613.8194,19478613.8194,1.00000000,0.99488517,0.99041007,width2_d1_m8,1
4,6,126.77763580958347,8.0,0.024085211550446184,-0.06550281621420637,0.1891921834802206,-0.6018839377587789,0.09936786385794583,0.08487810928444822,0.08865153978274373,0.18346194432715957,local_width4,8,9.71313355167,30037669.6219,30037669.6219,1.00000000,0.99806805,0.99597149,width2_d1_m8,1
5,1,129.18808934946205,8.497051378903627,0.8788207721556699,-1.373384725538547,-0.16828581927966035,-0.5892642501897234,-0.1898052565696035,-0.017874091724217576,-0.14715648034322698,0.1423765852068743,local_width4,8,9.52379374102,22836372.4304,22836372.4304,1.00000000,0.99098765,0.98252567,width2_d1_m8,1
5,2,125.9213315296337,10.518498042332318,-0.26378870823800454,-0.03471265714991831,-0.18183845857740016,-0.06184051246805711,0.08309729578404643,-0.0019181880862237377,-0.0253110373379329,0.052485308076562126,near_plain,8,9.77725537967,24526642.2961,24526642.2961,1.00000000,0.99957856,0.99944881,width2_d1_m8,1
5,3,128.73350740454623,8.534626354107415,-0.2509194005256438,-0.5509999176714225,-0.4164518959420146,-0.32817410821357423,0.278596319120909,-0.1193262812056379,-0.04093705181567417,-0.02347175706530684,local_width4,8,9.56083234558,25470277.8985,25470277.8985,1.00000000,0.99721482,0.99465268,width2_d1_m8,1
5,4,124.61208638266396,8.013021856360295,0.17086474159435827,-0.5903571369356699,-0.05681319882391844,-0.5495414855986086,-0.0044413922976438425,-0.09872773506126017,-0.046738334807331625,-0.018397628979223368,global,8,9.87675646126,25706384.4345,25706384.4345,1.00000000,0.99739877,0.99501262,width2_d1_m8,1
5,5,128.35944696201065,8.0,-0.4215553915704001,-0.13619751033315391,-0.0025184337997243844,0.43437075681087134,-0.08112635700325303,0.021974435259888028,-0.07085302940076518,-0.15181567004494778,local_width4,8,9.58655407744,24764942.3108,24764942.3108,1.00000000,0.99821116,0.99674645,width2_d1_m8,1
5,6,128.34088799977675,8.408412720328323,0.8161319648609436,-1.3988352323618531,0.24144810952271442,-0.4343542811730307,0.17070287725244046,-0.2417471317559359,0.003262471605399525,-0.22971506963089885,local_width4,8,9.59201915018,27301723.3813,27301723.3813,1.00000000,0.99036120,0.98088610,width2_d1_m8,1
6,1,128.29014093428486,8.178522311451966,1.868757855258482,-0.004230140921475167,0.6516989938503631,-0.26363078086669645,0.0827694521486096,0.00830392367639389,-0.03799991095794538,-0.03239190022041702,seed_from_width2,8,9.59212956824,25736981.815,25736981.815,1.00000000,0.98751049,0.97545588,width2_d1_m8,1
6,2,128.29441133762,8.443488486697651,0.948786172283003,-1.574144983673089,0.05242858250922769,-0.39659057366179407,0.13561080750213617,-0.09488609354331659,0.09656536412642315,-0.3152864161748062,local_width4,8,9.59839873101,29544118.8797,29544118.8797,1.00000000,0.98827257,0.97654548,width2_d1_m8,1
6,3,129.16753599030187,8.0,1.2360252974350543,0.009140979931863219,-0.37410619315889604,-0.49598391961400523,-0.018379922028445794,0.049667900667455564,-0.028763879389873456,-0.03467157929079928,seed_from_width2,8,9.52789145774,25430497.1664,25430497.1664,1.00000000,0.99105369,0.98238807,width2_d1_m8,1
6,4,127.28698171374188,8.005347224366021,-1.3564893327279335,-0.054215565338109784,-0.5465329860424342,0.3323955584498641,0.3959654013370639,0.31731083529368,-0.003901035398121977,0.257344083361969,medium,8,9.67255279724,22952046.5102,22952046.5102,1.00000000,0.98798908,0.97611744,width2_d1_m8,1
6,5,128.64214613830086,8.0,-0.14973726064903692,0.37190241376393973,0.06697528459155118,0.407692810402694,-0.09690135521273402,-0.044556976079042215,0.07103347191693464,0.05597173608731511,seed_from_width2,8,9.57085664585,32245987.2382,32245987.2382,1.00000000,0.99856928,0.99705648,width2_d1_m8,1
6,6,127.43556062499323,8.229169454048284,-0.28638297861123924,-1.2019264504457619,-0.6252094259006258,-0.15921246913140524,-0.01768266442009045,0.003311137620483011,-0.027252046191947155,-0.030835468259675265,seed_from_width2,8,9.65710594673,25781017.3633,25781017.3633,1.00000000,0.99342640,0.98714352,width2_d1_m8,1
7,1,127.47739082866389,8.305179130488865,-0.5769076175214265,-1.128699695561399,-0.8212325909817979,-0.46139426822455276,-0.2540256574637425,0.017573254710358567,-0.09191215180026054,-0.02230866803565075,local_width4,8,9.6507497488,21387768.2036,21387768.2036,1.00000000,0.98983052,0.98025520,width2_d1_m8,1
7,2,128.22254579051264,8.024956680324742,0.3554943604784372,0.1502045721946052,-0.058275349033452724,0.3525770503367042,-0.20338094212936306,-0.40029461138348565,0.30710633246579977,-0.13476630784728916,local_width4,8,9.61212998218,39663967.0604,39663967.0604,1.00000000,0.99777018,0.99527839,apodized_d3_m10,1
7,3,126.0,8.0,-0.08417003301865528,-0.5935732219485746,-0.3740299155376573,-0.7993699772664389,0.25941457668080375,-0.09037704485145,-0.034703512375342804,0.008163991668628013,local_width4,8,9.76950995997,25218340.4934,25218340.4934,1.00000000,0.99482356,0.98978136,width2_d1_m8,1
7,4,127.88984814302268,8.425957050599314,1.3393830184350652,-1.011040381865616,0.13636406493114478,-0.21370266013911254,-0.19354909930952305,-0.027600803938155782,-0.09787232460053386,-0.22391120557435945,local_width4,8,9.62242591194,23518461.6398,23518461.6398,1.00000000,0.98986566,0.98016068,width2_d1_m8,1
7,5,128.2010743306337,8.44391884933243,0.3823125177527591,-1.1539097303993153,-0.22143520443662218,-0.20062689960842922,-0.08934627841084464,0.04878684890523717,-0.26208673189722403,-0.13750104011029635,local_width4,8,9.59182591189,18664135.5156,18664135.5156,1.00000000,0.99411567,0.98912936,width2_d1_m8,1
7,6,127.55537844668791,8.188205853204062,0.20026046918682755,0.26199642714364635,-0.4085847041795869,0.568351392260083,-0.21856207320116194,0.03884892105496467,0.3217001456530639,-0.16268675194218926,local_width4,8,9.66309987757,41580030.7364,41580030.7364,1.00000000,0.99747825,0.99480021,apodized_d3_m10,1
8,1,128.8697326017539,8.469324835883553,0.8473587611423518,-1.4635231167999132,-0.32633885702475757,-0.7778965692348117,-0.07659990776058895,0.14368904689442577,-0.03480691957825584,-0.06537177553110471,local_width4,8,9.55030528797,24589110.0021,24589110.0021,1.00000000,0.98966224,0.97965505,width2_d1_m8,1
8,2,126.0,8.144657292979899,-0.08717815316611387,-0.7144571088083113,-0.2427724477120086,-0.6324150417218524,0.44907613278552144,-0.10773849071641065,0.03138873057648926,0.046333131754560594,local_width4,8,9.77218918186,26413464.944,26413464.944,1.00000000,0.99479907,0.98955489,width2_d1_m8,1
8,3,127.80145805724075,9.295486816639782,-0.9547292904732207,-0.6878007494293713,-0.19884593446201837,0.33706172618570607,-0.07757810238935353,-0.08691429788055094,0.06819559161983568,0.24151605551963862,medium,10,9.6346396479,27653287.0723,27653287.0723,1.00000000,0.99547510,0.99097218,width2_d1_m8,1
8,4,128.3376364110895,8.230000333483252,1.7619423317184044,0.2825174283140218,0.7917919322532296,-0.4816969583350852,0.26690900331983103,-0.06857931291343974,-0.17277928519093214,0.0704353486605168,local_width4,8,9.58219907112,19360069.3548,19360069.3548,1.00000000,0.98656562,0.97405649,width2_d1_m8,1
8,5,128.3277685707505,8.083352974069035,1.229381652754108,-0.36479344169934275,-0.10415259769133514,-0.21283165046926383,-0.18384150668014623,0.09029775482258923,-0.1682355372121409,-0.09866022107938563,local_width4,8,9.5858814493,21742353.9522,21742353.9522,1.00000000,0.99299513,0.98659015,width2_d1_m8,1
8,6,128.0040421109163,8.510301045757322,-1.3149065790417553,0.3855614180308289,0.016798342579611658,-0.050923534422043115,-0.5399880650477236,0.08950078080742052,0.12387753606271501,0.10254532789156767,medium,8,9.6177104381,26675750.6338,26675750.6338,1.00000000,0.99180280,0.98366495,width2_d1_m8,1
9,1,128.31359246704375,8.050247651151743,0.4077697614844386,-0.16894349530098973,-0.11609359401480387,0.4947120514977864,-0.0980963948897258,-0.5825599948230624,0.4381915361888452,0.0030481464417890514,local_width4,8,9.61221938492,40443419.6441,40443419.6441,1.00000000,0.99534633,0.99178224,apodized_d3_m10,1
9,2,129.18671578794732,8.0,0.9675252987349877,-0.14876572335895485,0.048043286886306824,-0.03403300866151324,-0.04128630620131668,0.04657289706412482,0.165055346004232,0.039445337342112974,seed_from_width2,8,9.53411329636,38119487.3222,38119487.3222,1.00000000,0.99625159,0.99216614,width2_d1_m8,1
9,3,128.64788659897582,8.0,-0.6079628643113831,-0.34706644020002014,-0.224519132436634,-0.07340738747099876,-0.14309366768058351,0.25680000371322353,0.1765266730214418,-0.07663091568144367,local_width4,8,9.57332072459,35766891.0251,35766891.0251,1.00000000,0.99735563,0.99441174,width2_d1_m8,1
9,4,126.840045049731,8.456672895166463,-0.03637093948212318,-1.279813840234487,-0.4918370805326814,0.22339067251949013,0.079404265037507,-0.06640502762199443,0.07563241681548227,0.048536102162718836,seed_from_width2,8,9.70745650667,30303143.1777,30303143.1777,1.00000000,0.99399695,0.98795190,width2_d1_m8,1
9,5,128.39953361494156,8.548030090109101,1.0484716320529799,-1.6893490847494606,0.20510925844823535,-0.39583634080221974,0.021662432912004037,-0.07546893015813955,-0.047423482061791325,-0.42911032675695987,local_width4,8,9.58549731297,21816938.0463,21816938.0463,1.00000000,0.98565606,0.97177085,width2_d1_m8,1
9,6,128.50847731286947,8.004510856980083,-0.23092747518713116,0.32344003406845434,-0.19333519740606575,0.4757277204424173,-0.21715213951194484,-0.018460680106808017,0.12555277525210004,0.14688848578068658,local_width4,8,9.58308022876,31824561.2334,31824561.2334,1.00000000,0.99789376,0.99555461,width2_d1_m8,1
10,1,127.31062566908288,8.541767776214146,0.079406779226876,-0.5281475958752488,0.46312238462880806,-0.4751973989053105,-0.042121382478747915,0.24521972111137585,-0.17439456317259228,-0.07385302316508902,medium,8,9.6617991817,20042829.2065,20042829.2065,1.00000000,0.99635786,0.99339025,width2_d1_m8,1
10,2,128.72549295347162,8.680925376520332,-0.02161736364637659,0.1050293769287656,0.031660379739852,0.19875755630097458,-0.02530195350781555,-0.1196802871702975,-0.026050239414566235,0.07617905731059052,local_width4,8,9.56148357754,26592053.5382,26592053.5382,1.00000000,0.99963500,0.99948879,width2_d1_m8,1
10,3,128.15778501579726,8.0,0.17588917408473462,-0.4585454575017058,-0.1958572423100789,0.28061293077184435,-0.12142347667213804,-0.3500381252932242,0.3748334865680769,-0.20157368612560583,local_width4,8,9.62062831403,42091766.2217,42091766.2217,1.00000000,0.99717594,0.99482711,apodized_d3_m10,1
10,4,128.45948478124507,8.626203797157093,-0.21161109971012038,0.4591698551131252,0.3536932957047097,-0.2980736281515939,-0.2066329545917323,-0.14701315132952086,0.10983902855750416,0.08134221893990179,medium,8,9.58550610943,30781950.8856,30781950.8856,1.00000000,0.99792650,0.99574806,width2_d1_m8,1
10,5,126.19731608577086,9.4,0.7591431316065367,0.8986283049628317,0.5577158157555202,-0.18795994112890602,0.2691547601601434,0.4091941830860228,-0.27769122472788177,-0.23953621491468996,local_width4,10,9.74738891234,13906631.2559,13906631.2559,1.00000000,0.99326568,0.98741170,width2_d1_m8,1
10,6,127.88864419232958,8.328172695720793,1.1584162666280862,-1.1170857071383489,0.15943602092526132,-0.5364967899683358,0.04689632167344784,-0.22023269810504054,-0.06324081396764922,-0.12068537894743664,local_width4,8,9.62332277743,26493486.4044,26493486.4044,1.00000000,0.99101891,0.98236543,width2_d1_m8,1
11,1,127.0679013640526,8.429729126583501,0.5527513542632259,-0.10428307976130324,0.11919949805899666,-0.6377831168704562,0.02369292160159328,-0.002782778463822827,0.10883668753432671,-0.06932217280247287,medium,8,9.69188995605,31744483.066,31744483.066,1.00000000,0.99745975,0.99471856,width2_d1_m8,1
11,2,128.7827521162391,8.121471969026334,-0.355779585883491,-0.648588528331317,-0.24078168404364653,-0.40228779822647814,0.3532642372361965,-0.05216636308391073,-0.17198791196135432,-0.017897637203335176,local_width4,8,9.55248540042,21583819.764,21583819.764,1.00000000,0.99596732,0.99248613,width2_d1_m8,1
11,3,128.15804128794247,8.92860233677346,-0.414666080883153,1.0501295553579024,0.33070486624529155,-0.22683471043289435,-0.2530767536954491,0.019939141747409017,0.03936227732051237,0.16137969806821428,local_width4,10,9.60592701997,26825562.4376,26825562.4376,1.00000000,0.99468748,0.98948821,width2_d1_m8,1
11,4,129.92540694204848,8.130893453012519,-0.22938286418007664,-0.16873301959579592,0.2696237515042394,0.5274167049060516,-0.08107914132360416,0.05530922796341031,-0.0704087188260813,-0.1547356210745461,seed_from_width2,8,9.47127322384,24181973.1916,24181973.1916,1.00000000,0.99799966,0.99631255,width2_d1_m8,1
11,5,128.45003202798307,8.0,-0.4917975556104094,-0.30066900343523545,-0.4087216977797568,-0.3517871789971729,-0.12532278062765517,-0.0048803805715117105,0.05360362596741942,-0.003466723885846991,local_width4,8,9.58378695083,29644925.8938,29644925.8938,1.00000000,0.99706449,0.99414650,width2_d1_m8,1
11,6,126.80773822689596,9.154266764054784,-0.0984826322661494,-0.3428590981338969,-0.6848830892298171,0.6250614773286274,0.2834402892129708,0.3389507474073805,-0.0015009751389674086,-0.15566640156251946,medium,10,9.70763908171,22564851.5965,22564851.5965,1.00000000,0.99657191,0.99334950,width2_d1_m8,1
12,1,127.69923614953309,9.204015045231527,0.2704715385137606,-1.3097224212223264,-0.05839854027512503,-1.2188556287306387,0.07676905262895792,0.13196813402201188,0.06634015179066283,-0.030384343878274142,medium,10,9.64474633359,27447062.6368,27447062.6368,1.00000000,0.99031067,0.98056394,width2_d1_m8,1
12,2,128.11422265441263,8.623928186728707,-0.20842708693220469,0.5265398546329186,0.311568878053909,-0.3953087547936627,0.11000588235095904,0.0434877927507025,0.07987929674762691,-0.022419154724495766,local_width4,8,9.61108206021,30531202.2897,30531202.2897,1.00000000,0.99805451,0.99603174,width2_d1_m8,1
12,3,124.56982194519132,10.495283777567384,-0.23871704783994818,0.25732863480209134,0.6949393616168964,0.705135511258103,0.440890510631081,-0.38030430469970417,-0.09556612603707093,-0.37633342199304154,global,9,9.88292432544,17730050.9531,17730050.9531,1.00000000,0.99495458,0.99038614,width2_d1_m8,1
12,4,128.95558707038808,8.0,-1.131358540071736,-1.0225993807367653,-0.17374893354390927,-0.12821264168941118,0.28683013010637476,0.1905285279366903,0.18480578595370772,0.08846097781948509,local_width4,8,9.55319727152,35233811.0559,35233811.0559,1.00000000,0.98948707,0.97861655,width2_d1_m8,1
12,5,128.31370015862828,8.0,-0.24312011400281056,0.05692319749487301,-0.33621895363372656,0.1920342703292473,0.06804671524867822,-0.14753502015381564,0.11963331953054948,0.15811229590078232,seed_from_width2,8,9.59689917205,32302272.3387,32302272.3387,1.00000000,0.99891422,0.99763486,width2_d1_m8,1
12,6,127.66693679516155,8.375263759549787,0.33482119681844996,0.22727232998001948,-0.0998692061866206,0.6569798532721444,-0.21296771497372932,0.06574257394310204,0.26513428598263133,0.06552996737804143,local_width4,8,9.65293414563,39609454.1725,39609454.1725,1.00000000,0.99761325,0.99466908,apodized_d3_m10,1
13,1,128.49184058553487,11.525279799113061,-0.6348271812061329,-0.45001185899939666,-0.7300405575439307,0.6362150132012685,0.6261243325019554,0.02278592484505637,-0.19274140824618935,-0.28848344256782654,global,10,9.58100650148,16925624.6087,16925624.6087,1.00000000,0.99629206,0.99323091,width2_d1_m8,1
13,2,127.39229778916375,9.261832348271906,-0.9707559601891091,0.11748383001247009,0.05179716520379607,-0.3811019044247639,-0.17373002494079381,-0.01983983332403369,-0.13635388739673585,0.04182847576991841,medium,10,9.65851737561,21131534.3971,21131534.3971,1.00000000,0.99629836,0.99314665,width2_d1_m8,1
13,3,128.40214929042426,8.507418139441825,1.0758232563072445,-1.4981817322433146,0.47902207216957454,-0.5300633180751627,-0.03557587690418726,0.11804459731898242,-0.1751031523112674,-0.18386522770036656,local_width4,8,9.57845949547,19189199.0114,19189199.0114,1.00000000,0.98567441,0.97225735,width2_d1_m8,1
13,4,129.00659595822444,8.073384588721849,-0.9479131684225747,-1.0738520041193795,0.02690042930811909,0.017339702810125812,-0.01661266296922259,-0.017409775983487058,0.12682858416358653,0.11874736358122268,local_width4,8,9.54589977846,34271910.1642,34271910.1642,1.00000000,0.99197322,0.98377560,width2_d1_m8,1
13,5,128.67812770912775,9.373868433108203,0.9752092525098399,-0.9605109925128628,0.20806553595900112,0.05794218424408859,-0.1654023786640819,0.2295988445339019,0.1153852111749375,-0.019482779189530314,medium,10,9.57017817849,29108874.5649,29108874.5649,1.00000000,0.99387254,0.98767524,width2_d1_m8,1
13,6,126.45328297809509,9.24098381010076,-0.11946120116705278,-0.221580467367502,-0.792439668805754,0.43167522078258025,0.14896992113889068,0.2827704882124419,-0.11540263112616414,-0.18254829416475515,local_width4,10,9.73073441991,19837126.6423,19837126.6423,1.00000000,0.99676541,0.99406820,width2_d1_m8,1
14,1,128.6841734774297,8.058010671898513,-0.03214336075222887,-0.12322823079734291,-0.15864218225116272,0.5832266281329278,-0.1310869892947169,-0.2800086648235848,0.38820318499369716,-0.18196665379564775,local_width4,8,9.58159153957,43836402.1385,43836402.1385,1.00000000,0.99744412,0.99542459,apodized_d3_m10,1
14,2,128.38135357017623,8.453122134034478,-0.6715581403543921,-0.5174114605760062,0.9175800423359843,0.20462630083864164,0.029897410228510817,-0.20526890862081132,0.22702331453564745,-0.05317038649325445,local_width4,8,9.59522726133,34486617.8844,34486617.8844,1.00000000,0.99468048,0.98898772,width2_d1_m8,1
14,3,128.13247660028503,8.040081559192874,0.007758223933925471,0.44061640962176524,-0.03367610948500591,0.66719253256557,0.03562108730128746,-0.11159628279200437,0.07800980015799261,0.04787517801212124,seed_from_width2,8,9.61003462785,32102509.4844,32102509.4844,1.00000000,0.99737958,0.99462048,width2_d1_m8,1
14,4,128.70435248898175,8.637485064281403,-0.21088206833237466,-0.1590495738907424,-0.055460630300457184,0.0758599480522995,-0.09314923261978938,-0.16062986715218208,0.07655042774707661,0.014998045737958793,local_width4,8,9.56658037501,30924023.3747,30924023.3747,1.00000000,0.99959472,0.99913332,width2_d1_m8,1
14,5,129.65658356488424,8.245560195710928,-0.4460293248033982,-0.017993023453564072,0.4151387735706091,0.43435654781418553,-0.10408510017601463,0.22810644334193358,0.26611928235274734,-0.05631833054453825,seed_from_width2,8,9.50326232451,40664790.807,40664790.807,1.00000000,0.99756775,0.99454420,width2_d1_m8,1
14,6,126.90020972971341,8.396023102376098,0.9498368839784477,-1.0598125574366732,0.1445390821725474,0.12718615836500913,0.007037382203517795,-0.48440930893817014,0.26664593967636074,-0.3312891432065944,medium,8,9.71361403865,33232435.8512,33232435.8512,1.00000000,0.99068844,0.98121055,apodized_d3_m10,1
15,1,127.66832311701508,8.0,0.7337697517294696,1.3740757886631487,0.12595696462106032,0.42499254385988217,-0.0007667649314561653,-0.045636340783088924,-0.13313050502110332,0.1179913608752623,seed_from_width2,8,9.63520764177,21967823.9699,21967823.9699,1.00000000,0.98981111,0.98026191,width2_d1_m8,1
15,2,129.84920828778505,9.377180138143302,0.1039574460156748,0.3162868086618166,-0.21390640577549713,-0.2523980083230807,0.02560586977086396,0.054719016470920284,-0.10747579399932825,-0.17845820313853047,medium,10,9.47723086358,22970941.1633,22970941.1633,1.00000000,0.99897124,0.99837489,width2_d1_m8,1
15,3,127.69627049646121,8.06575631094547,0.18480296621679895,-0.30045848078261717,-0.20140102654911743,0.3051182572500617,-0.08292233310296182,-0.47708857806210664,0.3909669465965899,-0.09923958238756583,local_width4,8,9.65592878013,42594742.8011,42594742.8011,1.00000000,0.99728750,0.99513154,apodized_d3_m10,1
15,4,128.20158363437776,8.786751574484422,-0.3763784012139494,0.7777407568489687,0.18940947161768334,-0.07779917279826015,0.0603774961473035,0.13038297888601857,0.04897281671843701,0.011669996092136488,local_width4,8,9.60365590669,29457671.647,29457671.647,1.00000000,0.99735198,0.99470820,width2_d1_m8,1
15,5,126.32727759479194,9.382598953491334,-0.056662924164763734,-0.1941449975953013,-0.9836298195587287,0.4536707088133209,0.06328351932207256,0.2591271302381365,-0.24449147795979048,-0.13756615806606667,local_width4,10,9.73621688291,16378177.04,16378177.04,1.00000000,0.99543785,0.99178739,width2_d1_m8,1
15,6,124.64428518088476,8.171976185132538,-1.7021269409672672,-1.2420319795309402,-0.3124710744804926,-0.9085471399724917,0.18326300134051715,-0.2197893328832119,-0.191616567469994,0.156144059008327,global,9,9.87599901065,19675139.4809,19675139.4809,1.00000000,0.97072395,0.94248552,width2_d1_m8,1
16,1,128.26943370837435,8.236513915552194,0.4140694263868661,-0.27411215207240425,0.05866401821357367,0.6969662001053731,-0.3874268756384127,-0.4503974640970474,0.4811633424936343,-0.00046746074547167164,local_width4,8,9.61888599972,38257964.4296,38257964.4296,1.00000000,0.99356942,0.98881776,apodized_d3_m10,1
16,2,128.65746336105494,8.704782814848826,0.5880950355761341,-0.2281272174998072,0.5606385332026722,-0.6501266015505663,0.0209038485079151,-0.23273637334711933,-0.004907508322893661,-0.061477072691871956,medium,8,9.56787944234,26407566.1493,26407566.1493,1.00000000,0.99654866,0.99324620,width2_d1_m8,1
16,3,128.14433040502982,8.139241878360387,0.14739409479228063,-1.3177793740077066,-0.41826725412552646,-0.42424578690441606,0.04256724018012656,0.01160492764553938,-0.30155304995020044,0.11835474985761951,local_width4,8,9.59405495349,17310087.2101,17310087.2101,1.00000000,0.99201482,0.98507067,width2_d1_m8,1
16,4,128.7999492220843,8.441987695802645,-0.19056451681476816,-0.16252299403406256,-0.17753340415287966,0.041988817526845974,-0.202508701296465,-0.1513332871879865,0.05176252271106682,0.04048850052798278,local_width4,8,9.55827625807,29689841.3849,29689841.3849,1.00000000,0.99934332,0.99869883,width2_d1_m8,1
16,5,128.73661066039782,8.636951063095863,-0.05444135990012547,-0.37474898533304524,-0.24667536502388704,0.14033207391426517,-0.15475620812964097,-0.10405769586667651,-0.00730334590461354,0.04489759250918192,local_width4,8,9.5612351546,27205516.5013,27205516.5013,1.00000000,0.99903309,0.99823228,width2_d1_m8,1
16,6,129.550392054021,8.0,-0.5021364753659854,-0.4992458260660119,0.20799894330262297,0.26385287562326176,0.09006980741620219,0.08382299628488235,0.04543831320417595,-0.020596234295756022,seed_from_width2,8,9.50246476765,29761359.6956,29761359.6956,1.00000000,0.99759674,0.99520293,width2_d1_m8,1
17,1,128.57429925124407,8.44816590755326,-0.6652849485892927,-1.316054112549784,-0.2521513735465313,-0.328793161004895,0.07795141396813682,0.39060272566635174,0.2059798418951812,-0.20983237588582532,seed_from_width2,8,9.57980949096,32492470.444,32492470.444,1.00000000,0.99096073,0.98167127,width2_d1_m8,1
17,2,129.0817518273539,8.0,-0.9664190401091647,-0.9732339140791746,-0.050864111978480384,-0.21172288569495795,0.4719280521557083,0.31521493020929564,0.11661853826195452,0.1958213951484944,local_width4,8,9.54167219935,27175257.4579,27175257.4579,1.00000000,0.98939691,0.97861355,width2_d1_m8,1
17,3,129.83424792886444,9.296795765791527,0.416473393093046,0.31183793715362684,1.1044080079649465,0.0027764392169575824,0.037501313973230754,0.10443836194096806,0.237873124394352,0.23169049879073783,medium,10,9.48726858957,31549703.6532,31549703.6532,1.00000000,0.99556520,0.99085677,width2_d1_m8,1
17,4,128.88273650190175,8.770985608601663,0.06946381888358055,-0.15182322513364893,0.43376444440917683,-0.38030573076182306,0.044051192818495635,-0.050235873350656116,-0.013702490286311264,0.06596574978173886,medium,8,9.55024267044,26531325.2252,26531325.2252,1.00000000,0.99864805,0.99749100,width2_d1_m8,1
17,5,127.39571441554746,8.337839738606561,0.10101098127026685,-1.4556105631460725,-0.4717430181920724,-0.20646949676806386,0.07905369778045722,-0.006084518778241829,-0.03881061912063197,-0.013523946193328196,seed_from_width2,8,9.66032467882,26627013.2056,26627013.2056,1.00000000,0.99230488,0.98491711,width2_d1_m8,1
17,6,129.19616520060197,8.0,-0.008973588523131348,0.1087281088214426,-0.18752263022628748,0.21482496960982295,0.44207631949760734,0.0965527056808943,0.03256233802551062,0.18237792848234335,seed_from_width2,8,9.52842446959,26658675.378,26658675.378,1.00000000,0.99853698,0.99710884,width2_d1_m8,1
18,1,129.9116178301521,8.428267268127033,-0.5648313570336086,-0.2093780597710831,0.12085639399883721,0.323006939736902,0.12053261569414114,0.20751471876843525,0.01301549626486928,0.04461022151754099,seed_from_width2,8,9.47551009987,28230740.7372,28230740.7372,1.00000000,0.99803367,0.99615339,width2_d1_m8,1
18,2,128.34975222104592,8.0,0.18344905419041596,-0.12766908482237793,0.058924161022391265,0.38543758875489964,-0.46612217718355753,-0.538178378589233,0.4475610319415468,-0.008783262009750409,local_width4,7,8.94875898996,104669.07173,104669.07173,1.00000000,0.99942265,0.99346285,width2_d1_m8,1
18,3,128.5764101321935,8.534506740994283,-0.2324622921513537,-0.4497946786228891,-0.3418323154620543,0.5539401383217628,-0.09098757685476407,-0.16829747707975307,-0.04030903237351979,0.06876322051074743,local_width4,8,9.57264750005,25313153.909,25313153.909,1.00000000,0.99748892,0.99519582,width2_d1_m8,1
18,4,128.8252659905654,8.028170598046382,1.0012009536155113,0.05471738058100417,-0.14920788332317808,-0.5577545166770438,-0.01829851634754237,0.15503730958095713,0.021399583562236507,0.1297270574932191,seed_from_width2,8,9.55618653712,28371157.6914,28371157.6914,1.00000000,0.99400440,0.98805346,width2_d1_m8,1
18,5,128.37535830434706,8.322482341295515,1.0372891952575096,-1.2781556734328428,-0.11890705133016681,-0.2911543914279101,0.01729880844606726,-0.06487924240878404,-0.033548493378859554,0.028808552487192746,local_width4,8,9.58701263444,27202217.6735,27202217.6735,1.00000000,0.99055813,0.98141746,width2_d1_m8,1
18,6,129.10915704884002,8.384683758368435,1.296220725405172,0.06457862928550465,0.3001453913755076,-0.6238498725641268,0.014823324114574182,0.11366801871381971,0.009584402482555265,0.025201934758088268,seed_from_width2,8,9.53510282713,28131967.7435,28131967.7435,1.00000000,0.99227114,0.98464315,width2_d1_m8,1
19,1,124.35275327419218,10.293710582180942,0.10330615552392111,0.06721173295641131,0.049978527143080154,-0.06387254031324077,0.018992232630136253,-0.02913718000544027,0.022013162530493548,-0.006648305642289156,near_plain,10,9.90158447922,26454966.9814,26454966.9814,1.00000000,0.99985286,0.99988591,width2_d1_m8,1
19,2,129.14317912985936,11.140660485634507,-0.6285373417939975,-0.42422857123983027,-0.9477986675775102,0.7580651835586907,-0.09622595300150522,0.26498509805899706,-0.26693071682372715,0.05697829345436989,global,8,9.52791238104,16850539.0534,16850539.0534,1.00000000,0.99449342,0.98990866,width2_d1_m8,1
19,3,127.99282872212495,8.687922307770366,0.005144957600216937,0.8369294010116626,0.159647552083497,0.6815548512120819,0.08466211970939352,-0.3492805924184846,-0.19942747992517557,0.11648726616287736,medium,8,9.61010227456,18963534.7579,18963534.7579,1.00000000,0.99445444,0.98964099,width2_d1_m8,1
19,4,128.1324086902184,8.372033909464903,-0.6515021700820816,-0.3797128815064557,0.9425044048099037,0.17560965212999677,0.003885483379456458,-0.5288132939493989,0.24241807702399468,-0.22192330979981836,local_width4,8,9.61526779779,30082051.5723,30082051.5723,1.00000000,0.99401497,0.98759288,width2_d1_m8,1
19,5,128.30956731612434,8.145530118903215,1.0511946393877387,-0.3768735477369564,0.14213539621541402,-0.11162292262851274,-0.006416354454463646,-0.12111629202744534,0.031062327064129924,0.031697983103700644,seed_from_width2,8,9.59418013143,30406765.1459,30406765.1459,1.00000000,0.99536107,0.99077436,width2_d1_m8,1
19,6,126.0,8.0,-1.5455720321361057,-1.1720109974047013,-0.36762686207378736,-0.8318327820073714,0.0650695118167369,-0.282631583213299,-0.34930329573772045,0.18010500446851152,local_width4,8,9.76079473133,15559745.2879,15559745.2879,1.00000000,0.97390574,0.94925758,width2_d1_m8,1
20,1,126.13560711089046,9.4,0.7443487224768846,0.7740747937322805,0.6409064867238012,-0.24500138036525984,0.3002647197784969,0.19222103666344562,-0.3061411568454158,-0.37852234190521417,local_width4,10,9.75045968831,12397942.1168,12397942.1168,1.00000000,0.99318330,0.98737844,width2_d1_m8,1
20,2,127.12548237944742,9.188335401932342,1.1426968695656061,-1.1399203020789352,-0.538611892688927,1.4440911024105234,0.4454462847968401,0.4582715305394669,-0.45363752668476354,0.5213009979085483,global,10,9.67090457792,10157094.5373,10157094.5373,1.00000000,0.97767594,0.95715451,width2_d1_m8,1
20,3,129.28366188120646,8.0,-0.35610272865226605,0.11271859071495349,-0.3934512513060081,0.06548966992851554,0.48626552782192467,-0.05474942241756797,0.06942448080099708,0.14178864469183122,local_width4,8,9.52378257836,28460729.7396,28460729.7396,1.00000000,0.99788662,0.99568090,width2_d1_m8,1
20,4,129.32535466428308,8.151228564239892,-0.8781502854625842,-0.4037891131051572,-0.717831439540742,0.8838574045892951,0.01831712229095314,-0.0285397390676599,0.06708904921170357,-0.00020336925313033105,medium,8,9.52063049522,27806036.6837,27806036.6837,1.00000000,0.99141608,0.98282350,width2_d1_m8,1
20,5,128.065599151175,8.425805407094998,1.133851974341351,-0.8068446748332101,0.22171652023680444,-0.555420148225875,0.12624007492814415,-0.301849029677845,-0.10552266149425082,-0.2018433965937269,local_width4,8,9.60849110428,22713771.7732,22713771.7732,1.00000000,0.99291076,0.98625402,width2_d1_m8,1
20,6,128.69212099494177,8.223017168871717,-0.5751638256050451,0.3254378260631996,-0.03915438058740252,0.45136845679419163,-0.06565580412439756,0.044228487800551226,-0.010574794075338956,-0.20847004171963188,local_width4,8,9.56455982489,26498895.7438,26498895.7438,1.00000000,0.99709132,0.99432854,width2_d1_m8,1
21,1,128.18410145686659,8.397614016062919,0.40575756386539846,0.38176191878679844,-0.20677067033047877,0.5806245905600022,-0.16879445559493841,0.12787429327592634,0.45097164725888905,-0.04548608516522086,local_width4,8,9.6210929546,48506239.7129,48506239.7129,1.00000000,0.99705393,0.99505505,apodized_d3_m10,1
21,2,127.0921478596819,11.03733647848044,0.6931689448472138,1.6294615138441095,0.1010375630729341,0.28473865493017736,0.07107114400170256,0.04068224528255965,0.05404781617663612,0.0522268988481433,global,8,9.68987434301,25540123.678,25540123.678,1.00000000,0.99339642,0.98696218,width2_d1_m8,1
21,3,128.69370166785407,8.428050365078164,0.09849286398455831,-1.2161309262408366,-0.24320588421081638,-0.3170096250181586,0.0038398477514961504,-0.09619908693740967,-0.08205627323624,0.09574346379249259,seed_from_width2,8,9.5621993109,25140927.492,25140927.492,1.00000000,0.99439660,0.98914151,width2_d1_m8,1
21,4,128.8466013391853,8.295914741390463,-0.18449147845722452,-0.24893470481616287,-0.22100392984946526,-0.2971428811619923,0.3153749335918439,-0.03967284280265995,-0.13620000924396158,-0.3366921239219841,local_width4,8,9.54892147762,20659312.6978,20659312.6978,1.00000000,0.99793799,0.99636599,width2_d1_m8,1
21,5,128.5682423579307,8.452064484792187,-0.2671100539388496,0.4177337941698013,-0.2521096362786423,-0.14137493656278968,-0.0711761171749039,0.008636277854631863,0.007252510712279406,0.05440366018789737,seed_from_width2,8,9.57385534807,28190493.6008,28190493.6008,1.00000000,0.99876080,0.99765913,width2_d1_m8,1
21,6,127.53863098784582,8.184610540977479,0.10789146993372913,-0.3186676293811207,-0.05411460052083669,-0.04485637853299618,-0.19930069728618466,-0.5017248032230053,0.35573007342963864,0.02682317138582005,local_width4,8,9.66604775339,40617791.0373,40617791.0373,1.00000000,0.99803469,0.99623981,apodized_d3_m10,1
22,1,128.20023635040002,8.536777328786481,0.8389133234793704,-1.740227597640226,-0.10951210135917601,0.08907475276017104,0.07771588823083486,-0.05625847320728461,-0.16044673381526822,-0.02613314374700943,local_width4,8,9.59584194216,21846342.837,21846342.837,1.00000000,0.98648585,0.97370453,width2_d1_m8,1
22,2,127.67677601569451,8.125731785500639,0.46258020195647975,0.5044522356370902,-0.001985991625356509,-0.06434028621097898,-0.08451224690643998,-0.012081676560836585,0.04405686763278713,0.03672125294709483,medium,8,9.64215746527,30637809.1839,30637809.1839,1.00000000,0.99808379,0.99617301,width2_d1_m8,1
22,3,128.26861970047224,8.51438494756311,0.9079889180144926,-1.496235210030971,0.38716146236298543,-0.3503046867841622,0.17716384760578008,-0.23459060927142458,-0.08238596821026514,-0.20348229751838173,local_width4,8,9.59382938101,23716970.3093,23716970.3093,1.00000000,0.98860907,0.97768339,width2_d1_m8,1
22,4,127.82870137308517,8.225724131614355,1.2989705508823712,-1.6238164897279916,0.13333648548170687,-0.31789852423669374,-0.046740431136914624,-0.14187309160755074,-0.19941312392831093,-0.013907921682534463,local_width4,8,9.62232199264,21054764.6866,21054764.6866,1.00000000,0.98431979,0.96950781,width2_d1_m8,1
22,5,128.1999998277512,8.32449181276774,-0.6732378997883253,-0.9295682236044731,-0.08208713524401033,-0.3046237522491795,0.11579976691704363,-0.17568120027927622,-0.14026627244933704,0.21342754011936974,seed_from_width2,8,9.597888332,22046532.8889,22046532.8889,1.00000000,0.99369593,0.98785174,width2_d1_m8,1
22,6,129.34854071687923,8.831590756892217,-0.17067284531651883,-0.8478369387361977,-0.7261881377714332,0.851367273766876,-0.41116490046003923,0.30019128750616897,-0.3091076245195548,0.2603432951919403,medium,8,9.50626093704,14915015.7574,14915015.7574,1.00000000,0.99127835,0.98362978,width2_d1_m8,1
23,1,129.3590758799729,8.894053934668484,0.3588273648768002,-0.13560561571040736,-0.20622926371970324,0.20569353840314553,0.27013981548645316,0.2680045047553016,-0.22554957262142358,-0.17130078217969696,medium,8,9.50800949947,18805533.8146,18805533.8146,1.00000000,0.99791879,0.99661787,width2_d1_m8,1
23,2,127.13203553392955,8.018312746330954,-0.031530362146351534,-1.392934832578184,0.03373480873161172,-0.16277465139387087,-0.06652791940666615,0.013435617227985239,-0.04415973696060142,-0.03797243876626695,seed_from_width2,8,9.67962585091,26273858.9139,26273858.9139,1.00000000,0.99191305,0.98415686,width2_d1_m8,1
23,3,128.94221489789032,8.031755033183927,0.8303811675929273,0.0497800990037154,0.20306585336711908,-0.013669529183235551,0.020707887543293405,0.019077832715248003,0.03153339586252571,0.010268503281964714,seed_from_width2,8,9.54661283853,30118647.2496,30118647.2496,1.00000000,0.99727571,0.99461160,width2_d1_m8,1
23,4,128.95731623606903,8.38026723154478,0.7699932648632924,-1.594347850006799,-0.4494954886298746,-0.6250829870741174,-0.15464491599830826,-0.20169677934293714,-0.06954915718842897,0.1070059466542444,local_width4,8,9.54459542892,25535365.5823,25535365.5823,1.00000000,0.98919305,0.97869617,width2_d1_m8,1
23,5,128.328084969045,9.395947926868574,1.1465034415022248,0.7419713015143341,0.5373392275836684,-0.7610722288167331,-0.01618345517043618,-0.5623598916762941,-0.09372309805113926,-0.049358926103407086,medium,10,9.58951839435,17947790.09,17947790.09,1.00000000,0.98990200,0.98034989,width2_d1_m8,1
23,6,128.64604745370454,8.23043848217741,-0.17490774526361305,0.4361891895114725,-0.011000655921258207,0.3238122432097361,-0.06386957416866826,-0.09983258961702399,-0.002263884155519702,0.08520094706897771,local_width4,8,9.56767629155,27515588.5729,27515588.5729,1.00000000,0.99857284,0.99729263,width2_d1_m8,1
24,1,129.19236744092314,8.147757025214949,0.7414501156512251,0.016472786055385963,0.2762079375713864,0.010316480586564425,0.07566902045124835,-0.22392063086927377,0.21822565889979983,-0.10975385723524511,seed_from_width2,8,9.53528368891,36308137.7462,36308137.7462,1.00000000,0.99756876,0.99469076,width2_d1_m8,1
24,2,126.7951947992548,9.131072393562569,0.3775055266782139,0.2683210709278485,-0.7457494731815628,-0.7958645908265386,-0.5863958722216475,-0.5777299925998856,0.08474186940586403,-0.04968597823597082,medium,10,9.71313861028,20222440.7163,20222440.7163,1.00000000,0.99371265,0.98736887,width2_d1_m8,1
24,3,129.23308416332176,8.040202920453064,-0.9377231006250506,-0.3411420551736688,-0.9117591827847296,0.7479340489723725,-0.3249441096290664,-0.2822119630114006,0.08769755593598165,0.045345557122955495,local_width4,8,9.52511986775,24488570.3757,24488570.3757,1.00000000,0.98796324,0.97611645,width2_d1_m8,1
24,4,129.03894450917448,8.753202126249946,-0.33951052892559935,-0.006559027630586245,0.2768663644132523,-0.17090494001067835,0.2754689753430902,-0.022476240557659177,0.06595903472389619,0.2684570057026772,medium,8,9.54208372205,27595374.5321,27595374.5321,1.00000000,0.99864581,0.99725013,width2_d1_m8,1
24,5,128.9797945309351,8.0,0.9818259935136942,-0.35708791022455905,0.26100353225447115,-0.37119177229994066,-0.15565539689392818,0.14261175873850684,0.16087056785077103,0.22092353249407498,seed_from_width2,8,9.55008621173,34173664.6213,34173664.6213,1.00000000,0.99494915,0.98955041,width2_d1_m8,1
24,6,126.71676895895266,8.011420554403077,-0.7372355213754356,0.19900060094132876,-0.7604501031281667,-0.05065025477589313,0.004539192803575093,-0.05483725269430008,-0.10851238441704796,0.01928280032627583,medium,8,9.70727531967,22224360.4718,22224360.4718,1.00000000,0.99419231,0.98897602,width2_d1_m8,1
25,1,128.75675182817398,8.57434414472091,-0.22230208419038572,-0.01755221768051407,-0.19242256724406281,-0.11613179352693186,-0.24964164752170823,-0.27400488259796313,-0.04623128950503341,0.13763310385815553,local_width4,8,9.55812702038,24440476.9394,24440476.9394,1.00000000,0.99885580,0.99800099,width2_d1_m8,1
25,2,128.36271256440475,8.377091786847688,0.8229968680577648,-0.6058131366610915,-0.14242794174317594,-0.03784326403446406,-0.2848994661437152,0.2585693054554313,-0.30894209595196054,-0.12867364564125244,local_width4,8,9.57853855996,16943322.7295,16943322.7295,1.00000000,0.99470626,0.99040591,width2_d1_m8,1
25,3,126.3543248957585,9.4,-0.25825810629186163,0.2662577104342536,-0.07811359642079374,-0.1407233176132138,0.1120009067374657,0.08084471077457846,-0.1609779230981303,0.04069535600564334,local_width4,10,9.73810314225,21067418.0226,21067418.0226,1.00000000,0.99915759,0.99888931,width2_d1_m8,1
25,4,128.61366810803108,8.0,-0.14420459983303335,-0.1440838680640535,-0.19030206239020336,0.30223066570807705,-0.0700840365027163,0.053794267081496316,-0.06350067892443478,-0.1962844637170374,seed_from_width2,8,9.56761609506,24432849.0077,24432849.0077,1.00000000,0.99896909,0.99825517,width2_d1_m8,1
25,5,128.9175487674501,8.696521867978591,0.03409962875684125,0.03057523347116964,0.38995706483381465,-0.42975264369610494,0.1920263688547214,-0.24387435244713696,0.19020521871887291,-0.22569127133110015,medium,8,9.5551287119,32467769.0735,32467769.0735,1.00000000,0.99836856,0.99638142,width2_d1_m8,1
25,6,128.02402745696233,8.0,0.01520630033853998,0.08275434198713019,-0.16619609934612506,0.43111696698667834,-0.2071018239899291,0.15024662945303457,0.31669109935241,-0.2700843463127807,local_width4,8,9.62755278101,38798993.7733,38798993.7733,1.00000000,0.99833514,0.99650579,apodized_d3_m10,1
26,1,128.7707985008919,8.0,0.979938370193093,-0.08517451749249429,-0.5428454804665523,-0.5101399607628861,-0.04792148029865522,-0.03577731410546582,0.08329990264960652,-0.1482827667207976,local_width4,8,9.56158799674,29234777.509,29234777.509,1.00000000,0.99298771,0.98592309,width2_d1_m8,1
26,2,127.48606765703413,8.191785310460599,0.32330764483475594,-0.2970820164412343,-0.1151714318775473,0.06639015304969428,0.15411382850537125,-0.42451917003080714,0.3424711728781188,-0.1204621280933135,local_width4,8,9.66888725229,41262719.8165,41262719.8165,1.00000000,0.99802512,0.99600536,apodized_d3_m10,1
26,3,128.7902821445445,8.200697631370254,-0.06598212144116697,0.5300990249677741,-0.2309457110408143,0.31854128518765823,0.01919193267547325,-0.04711067428306611,0.034987489980039144,-0.0022684535765895436,seed_from_width2,8,9.55836500317,30187372.813,30187372.813,1.00000000,0.99834872,0.99673721,width2_d1_m8,1
26,4,128.6491347803245,8.0,-1.0003564322725018,-1.0492590821896408,-0.08298639830212974,-0.05448892910934894,0.10385228877865162,-0.15080469076267383,0.05846481962945685,0.2479458459015525,local_width4,8,9.57144400153,28392394.175,28392394.175,1.00000000,0.99095315,0.98185401,width2_d1_m8,1
26,5,129.66623142936143,8.0,-0.6484904454847094,-0.031131820117066666,0.4276124849442118,0.3155016558910373,-0.025924335047876154,0.08398591887636554,-0.1058227166697248,-0.13807653166341405,local_width4,8,9.48800942565,22916797.0599,22916797.0599,1.00000000,0.99699717,0.99445477,width2_d1_m8,1
26,6,128.8978288295187,8.102160858753528,-0.38485952492718944,-0.6831901441519275,-0.5690687223742713,-0.11453374188982762,0.24695612452350313,-0.16302427667454306,-0.2485528816292049,-0.12481451994198636,local_width4,8,9.54018293983,18525526.9966,18525526.9966,1.00000000,0.99535998,0.99155556,width2_d1_m8,1
27,1,126.0,8.229297854660663,-0.030383634901750944,-0.44532188685951857,-0.20647374928031184,-0.767188335157869,0.013376237482493291,-0.07804227333789007,-0.2749117121522527,-0.013797182459125722,local_width4,8,9.7604195638,18665915.7379,18665915.7379,1.00000000,0.99640487,0.99363466,width2_d1_m8,1
27,2,127.90422395911668,8.209559159900234,1.3687693446851161,-1.5469007149690321,-0.3411198133907146,-0.5924527792379641,-0.29509732561832147,0.1496962153208703,-0.12292229478843222,-0.0940750742543848,local_width4,8,9.61935253514,22014338.3513,22014338.3513,1.00000000,0.98490584,0.97047162,width2_d1_m8,1
27,3,129.67150992314498,8.338243691679077,-0.9538041773908983,-0.8835991555767266,0.01724213067818489,-0.306744570582992,0.3702962098172574,0.3219685189063741,0.022853116347687205,0.1914187558577483,local_width4,8,9.49422736239,25146111.2487,25146111.2487,1.00000000,0.99107485,0.98224083,width2_d1_m8,1
27,4,126.0,9.4,0.4068584695111075,0.12278741987813138,-0.11653026297039137,0.01868706803075322,0.14808886724527817,0.08628784579067476,-0.17044440232562244,0.18538918814931074,local_width4,10,9.76491484812,18491875.4922,18491875.4922,1.00000000,0.99870237,0.99802524,width2_d1_m8,1
27,5,127.28375494840425,9.598842993034522,0.16453446849345887,-0.41447168474109225,0.3053162386494621,0.1555050381028351,-0.25354249166347875,-0.11378372443101559,0.11329862067099022,0.3348198036844922,medium,10,9.67618336634,4308579.93809,4308579.93809,1.00000000,0.99552697,0.99088037,width2_d1_m8,1
27,6,129.0350471670736,8.554690212970748,-0.26376824223371426,0.5846887385779209,0.1665438876956169,0.35233589071025273,-0.3662313296024015,-0.11708590569507166,-0.038762767149667976,-0.00039197614697117356,medium,8,9.53744663974,24783400.3914,24783400.3914,1.00000000,0.99731181,0.99491145,width2_d1_m8,1
28,1,128.68821638436552,8.499944357221219,0.3134771938497043,0.07219560747562699,-0.260121627365667,0.2478926049794156,-0.10534374915980471,0.28231672292021365,-0.1742943932277508,0.07024201313539852,seed_from_width2,8,9.55912772415,21240819.7493,21240819.7493,1.00000000,0.99850576,0.99761724,width2_d1_m8,1
28,2,125.66445393580099,10.05499402252389,-0.28875391469515826,0.027014402553459993,-0.2578772398815481,0.04890795041617302,0.021169950261885076,0.013582508629701714,-0.011524349195309286,-0.008297393243522994,near_plain,8,9.79682119024,25298647.4306,25298647.4306,1.00000000,0.99947099,0.99918948,width2_d1_m8,1
28,3,128.31750466948418,8.468318281673634,-0.5728030337199684,-0.29120516419361203,0.9610897430940855,-0.08282660372920181,-0.17599349939521694,-0.256286046654047,0.2017220360021542,0.044714500619684516,local_width4,8,9.59817357154,32467060.3215,32467060.3215,1.00000000,0.99547824,0.99069564,width2_d1_m8,1
28,4,129.1736122066177,8.40526944650058,0.4823003461317726,-0.3629325188322316,-0.13111698648885248,-0.1591175069550449,0.5283695942945558,-0.21626423055503746,-0.173779209855948,-0.39638497948546314,local_width4,8,9.52257897874,17557276.6554,17557276.6554,1.00000000,0.99611119,0.99290455,width2_d1_m8,1
28,5,128.99114567622897,8.645739434733652,0.023918965463952002,-0.3190692152177595,0.009763726481600954,0.16193196245534375,0.1277967655632004,0.36612858324921294,0.21792571616538525,-0.17763119322790338,seed_from_width2,8,9.55010732478,34054427.0747,34054427.0747,1.00000000,0.99886562,0.99732725,width2_d1_m8,1
28,6,128.34163682712077,8.257892862156055,-0.07688959723770375,-0.9167036019813171,-0.10499730556748915,-0.19599989983338448,0.07593066558758294,-0.2412228002359995,-0.12572513298071405,-0.038222029203464625,seed_from_width2,8,9.5871154683,23783967.6524,23783967.6524,1.00000000,0.99633027,0.99308358,width2_d1_m8,1
29,1,129.5076442543885,8.225496809210417,-0.5140289681668953,-0.23660555487753054,0.9989539538780257,-0.46335473387411796,-0.1032725912351108,-0.0061298851488754275,0.08691738442532468,-0.002701772918307588,medium,8,9.50551533567,28250125.7438,28250125.7438,1.00000000,0.99432857,0.98870547,width2_d1_m8,1
29,2,128.32655705168347,8.56633884915333,1.329386877066139,-1.2734331310482492,0.03177058135754561,-0.5386930739260651,0.11730803344781704,0.0008070756376213073,-0.020232752104365058,-0.07971323374015342,local_width4,8,9.59060198641,26277802.4251,26277802.4251,1.00000000,0.98879583,0.97794573,width2_d1_m8,1
29,3,126.18742617003099,9.305324527362677,0.7606978583449674,0.7861134702663182,0.8208145801236704,-0.17327659356147143,0.4260025865108928,0.4147372861439096,-0.4610825411470692,-0.26528463921649764,local_width4,10,9.74155286703,11815957.1995,11815957.1995,1.00000000,0.99167472,0.98480330,width2_d1_m8,1
29,4,129.52258832436567,9.485006676592036,-1.2569762264083133,-0.004566524928152127,0.7882098834460292,-0.4804136394344891,-0.26519627315584254,-0.22266691997260435,0.20375646552190196,0.2310720015292248,medium,10,9.50994616935,26543607.7466,26543607.7466,1.00000000,0.99357264,0.98692700,width2_d1_m8,1
29,5,129.18279594657292,8.439954562928984,-0.24907544482585142,0.538685382514609,-0.9603632211431401,-0.27523811200861614,-0.2647708255659502,-0.3405737443074206,0.18490719842131687,-0.05557103042957373,medium,8,9.53238201241,29769466.2489,29769466.2489,1.00000000,0.99472702,0.98929839,width2_d1_m8,1
29,6,128.01206625052845,8.294456798819747,-0.2739750468256771,-0.5787450043594718,-0.07369505292316092,-0.03236946510359247,0.03453295274286644,0.12940819329628978,0.09078298208466065,-0.08778214629467032,seed_from_width2,8,9.61830677076,31415267.2552,31415267.2552,1.00000000,0.99837759,0.99666716,width2_d1_m8,1
30,1,129.90606925111715,8.709853330573079,0.9319039630091215,0.4322884030407799,0.32586146852868636,0.22108923144551457,-0.10763472224525869,0.18616971846202401,0.13560718320608553,-0.06417912693276595,local_width4,8,9.48091962607,33448178.7842,33448178.7842,1.00000000,0.99628559,0.99232925,width2_d1_m8,1
30,2,126.44496237653561,9.047712674783545,0.2188715160375085,0.18532584280768466,-0.4993034600213012,-0.7248712647834815,-0.43296877178889803,-0.5849971714187956,-0.06103684284044944,0.009968245540261517,local_width4,10,9.73473337047,19880057.5176,19880057.5176,1.00000000,0.99555493,0.99141114,width2_d1_m8,1
30,3,129.18197397245947,8.925054132294996,0.11814936342483329,-1.0011282802266932,-0.6946984752999334,0.8160253842420578,-0.5799503633773636,0.14136816644956857,-0.06740201060498818,0.24408989426211528,local_width4,8,9.52814478334,20508630.6793,20508630.6793,1.00000000,0.99128108,0.98290970,width2_d1_m8,1
30,4,129.3496025360835,8.131597315599127,-0.496284069384233,0.9832085164795672,-0.42330985150339384,-0.2978785620073462,0.1939652923452363,-0.3425969793139341,-0.04817030189768956,-0.3440182861517525,medium,8,9.51304021896,20861063.7963,20861063.7963,1.00000000,0.99358585,0.98755529,width2_d1_m8,1
30,5,127.99243756265541,8.0,-0.10082232384813856,0.19178923943487503,-0.1149557540504734,0.3476496649546798,-0.321293173761924,0.46228253960436755,0.4216395704866381,-0.31774191342544267,local_width4,8,9.63484785103,34995960.7902,34995960.7902,1.00000000,0.99701843,0.99479075,apodized_d3_m10,1
30,6,128.95536976940645,8.777000493549796,-0.03645504693242929,-0.07347541543577898,0.14547704300827424,-0.18784585339946702,0.2415199687186151,-0.08312691393047375,0.0391885494047405,0.23910543873842077,local_width4,8,9.54709656724,27132804.6715,27132804.6715,1.00000000,0.99925644,0.99855549,width2_d1_m8,1
31,1,128.5661525422266,8.636113294964348,0.8395753289936542,-1.5059812388032365,-0.3328223428081212,-0.4102885187724821,0.13444708785601828,-0.08058816061489929,-0.15400171297043508,-0.011786468757249563,seed_from_width2,8,9.56868544622,21220736.6786,21220736.6786,1.00000000,0.98982538,0.98030956,width2_d1_m8,1
31,2,128.77856010398617,8.00956091970119,-1.4285821220404622,-1.2338892730078346,-0.3468592321205376,-0.018258857527959117,0.18460564907162721,-0.039635490043219965,-0.07616296032302214,0.20622403106335896,local_width4,8,9.55628751819,22979798.6846,22979798.6846,1.00000000,0.98452024,0.96953081,width2_d1_m8,1
31,3,127.736562862653,8.114335699864105,0.9241563723435224,-1.7565502001253468,-0.6571649037574835,-0.31947067915605487,-0.08821898699440983,0.04166098378185305,-0.2628289866357901,-0.13692948361464227,local_width4,8,9.62498007797,17649653.8145,17649653.8145,1.00000000,0.98480676,0.97076225,width2_d1_m8,1
31,4,127.4253966334917,8.29953679050324,0.8918269305038509,-0.2059264144215618,1.1325901243780443,0.9634614687580645,0.11348859661517485,-0.19257050739543646,-0.0935346662015509,-0.12345462667268932,medium,8,9.65627528086,19942419.5171,19942419.5171,1.00000000,0.98824529,0.97704491,width2_d1_m8,1
31,5,124.91644093699327,9.205902912858097,-0.52475953061626,-0.07824497181766454,1.9548991234526165,1.5601421242898212,-0.18982857071582468,-0.11723585590566069,0.19200228062301067,-0.18949707836989843,global,10,9.8609837458,17989523.8787,17989523.8787,1.00000000,0.97897880,0.95822006,width2_d1_m8,1
31,6,126.92713476280215,8.26100036745893,-0.5125151885928205,-1.3155587479425157,-0.6680832828085743,0.33690678115258516,0.16632944660149862,0.006663242983078549,0.044318475180054835,-0.0025190256640094527,local_width4,8,9.69905386951,29365919.0892,29365919.0892,1.00000000,0.99230297,0.98469269,width2_d1_m8,1
32,1,129.70224484842953,9.4,0.7863504828854804,-0.08117689446078535,1.2979698461452913,0.04705418092595998,0.0715782391883521,0.012693506288269332,0.3389035230520455,0.32219138567069866,local_width4,10,9.49976566744,31340715.4577,31340715.4577,1.00000000,0.99376379,0.98708103,width2_d1_m8,1
32,2,124.04429852768715,12.296285732706334,-0.3453244433004826,0.06904214538207154,0.05141872399117098,-0.1418579007621592,0.2948030127000295,-0.11276117723154616,-0.15555201185331913,-0.21400554585542678,global,10,9.92668770403,18284655.7918,18284655.7918,1.00000000,0.99901088,0.99867447,width2_d1_m8,1
32,3,129.3395216998216,8.976554224637802,0.5327915603860996,-0.0002202611830076362,-0.38656713556026745,0.08246442776028369,0.2717820822928859,0.12717489994213269,-0.1208718183402327,-0.06457909600412365,local_width4,8,9.51234890262,21849441.8497,21849441.8497,1.00000000,0.99756677,0.99566911,width2_d1_m8,1
32,4,129.92989772159268,8.299743204049436,-0.5052209486323289,0.05479241510757718,0.2193559682088277,0.24881080529113397,-0.0028573061045176137,0.03791796864357713,-0.15049940779440524,-0.13561713977168705,local_width4,8,9.46789076216,21971594.684,21971594.684,1.00000000,0.99825218,0.99705665,width2_d1_m8,1
32,5,128.1057304810099,8.08077974195709,-0.2856476102101986,0.7920820424640543,0.24612433007055917,0.45111485362034087,-0.17695374325656893,-0.07778017433322679,-0.10490340224218926,0.05674711587103996,local_width4,8,9.60374528204,23475705.1365,23475705.1365,1.00000000,0.99541685,0.99130133,width2_d1_m8,1
32,6,127.78616446630261,8.230888468993339,0.7837888381040901,-1.7599568321388819,-0.3606456768382227,0.07101101655880698,-0.006209512558057115,-0.047222297789645956,-0.3324230738139805,-0.10385052454727217,local_width4,8,9.62015241617,16758032.8971,16758032.8971,1.00000000,0.98530249,0.97185272,width2_d1_m8,1
33,1,129.07629865737667,8.633711732960041,-0.196549602133667,-0.18486626567921075,-0.009118397158363961,0.3302034997614555,0.012629502799559059,-0.11004823118405081,0.06188752590173578,0.061676367409466984,local_width4,8,9.53879708042,30640747.9002,30640747.9002,1.00000000,0.99935595,0.99867487,width2_d1_m8,1
33,2,128.34869145651558,8.210539669445845,0.9024425329085184,-0.4634498701461235,-0.20444050244389972,-0.7189586063414705,-0.31326174670171647,-0.04755523299240161,0.16909996127775218,0.1836005243477501,seed_from_width2,8,9.59925531285,33384316.6842,33384316.6842,1.00000000,0.99448273,0.98850848,width2_d1_m8,1
33,3,126.91174941758854,8.0,-0.7671483620739695,0.3718790134181105,-0.4235339471314471,0.12696590470044203,0.07834968352081301,-0.1807083917477612,-0.09376104668325956,0.09635944880524791,local_width4,8,9.69420353296,23885557.5506,23885557.5506,1.00000000,0.99565338,0.99176142,width2_d1_m8,1
33,4,127.82117479911403,8.410861094967983,-0.44002723196782867,0.03857771005766919,0.6831520155185746,-0.7720129035656815,-0.041338259355009566,0.19708601447717977,-0.1775054723760789,-0.15048169103463777,medium,8,9.62394088765,20044321.8661,20044321.8661,1.00000000,0.99535220,0.99133903,width2_d1_m8,1
33,5,128.99060772518104,8.682268079325958,-0.5523216360110224,-0.7755752951226316,-0.955316685919983,0.7674506832342267,-0.450802523445794,0.44720219157544705,-0.4177087151492322,0.5572637353051895,local_width4,8,9.52719958272,10300783.4579,10300783.4579,1.00000000,0.98473905,0.97116650,width2_d1_m8,1
33,6,127.98416735819511,8.430480403985857,0.4071657934476809,-0.9392957951186109,0.0004830741482209017,-0.25721692670360624,-0.10085542087191654,-0.11334855341896559,-0.05565434208798308,-0.056699078998850586,seed_from_width2,8,9.61624194142,25752781.319,25752781.319,1.00000000,0.99617494,0.99261225,width2_d1_m8,1
34,1,127.69395805850408,9.4,0.5851254632390723,-0.0820220897832199,0.37740415480011225,-0.12218213393271699,-0.1564105396939901,-0.06830193495924244,0.05208069046159018,0.18799124837662873,local_width4,10,9.64244945798,27194034.1437,27194034.1437,1.00000000,0.99834989,0.99674089,width2_d1_m8,1
34,2,128.95383871500312,8.39414949155115,-0.077683710685952,-0.323600403653421,-0.17778486603518168,0.6866200880944296,-0.29399417973868563,-0.16700540799535077,-0.18704732889911874,0.03370915947911791,local_width4,8,9.53986069702,20676025.3944,20676025.3944,1.00000000,0.99698991,0.99455974,width2_d1_m8,1
34,3,127.94981482129133,8.344166910653268,-0.1130265234667778,-0.8406923247050909,0.13752608782868214,0.011270129523883503,0.2346579792336882,0.06534891072632622,0.2717801514790814,-0.09510551653092039,local_width4,8,9.63013427743,40213754.8747,40213754.8747,1.00000000,0.99685238,0.99312036,width2_d1_m8,1
34,4,128.586256346701,8.50764313281163,-0.11548381332235325,-0.10283957538429435,-0.5079706281221772,0.23377068813446988,-0.2217381709284894,0.08504846303237085,-0.14869191792178132,-0.025813118440626504,local_width4,8,9.56673274895,21306017.8088,21306017.8088,1.00000000,0.99810620,0.99680429,width2_d1_m8,1
34,5,126.23972689146767,8.31568223511625,1.0748594731975933,0.25283377527775786,0.5020688744267063,0.8800366982728309,-0.10455555250222054,0.4234572046036612,-0.23103235767887714,-0.2740686157528044,medium,8,9.74465919327,17248980.7939,17248980.7939,1.00000000,0.99172254,0.98416524,width2_d1_m8,1
34,6,129.33029080995982,8.787499538119299,0.6557265824915572,-0.11853434189674461,1.2756955494019264,0.6189613468765913,0.110136000153638,-0.1368023754491256,0.31421564096671906,-0.055007226608454585,medium,8,9.52690205672,33291956.2266,33291956.2266,1.00000000,0.99221936,0.98397267,width2_d1_m8,1
35,1,127.78177848839192,8.04599908545473,0.7728875981053747,0.8543756366837918,0.4045037953569304,-0.21467407728077925,-0.022099155948740568,-0.261647614121964,0.04904051699332396,0.16254227583789427,medium,8,9.6329604861,26565410.6703,26565410.6703,1.00000000,0.99237564,0.98488587,width2_d1_m8,1
35,2,127.01713274859345,8.661636415452348,-1.2544944114791758,-0.009392148336993422,0.34945866564492456,0.5521631563069676,0.5315083346401348,-0.5538755686585953,0.03930440810049213,-0.009074619451410082,medium,9,9.69658709195,23888897.9328,23888897.9328,1.00000000,0.99187461,0.98365369,width2_d1_m8,1
35,3,129.16007037946449,9.38990267518676,0.39049030858941225,0.17079176829229725,-0.024905606106617684,-0.028049496251238593,0.12673610527563106,-0.10793290178851223,0.24649601276254368,0.1396180775304129,medium,10,9.53862157501,35546137.328,35546137.328,1.00000000,0.99926492,0.99810462,width2_d1_m8,1
35,4,129.25486234055694,8.071972986292234,1.0921906718293142,-0.3473427672866505,-0.09387098458799646,-0.36300977054303296,0.04482630290386268,-0.018901304131612742,-0.026699507005656063,0.04361093881255518,seed_from_width2,8,9.52133903098,26578596.8379,26578596.8379,1.00000000,0.99435784,0.98896041,width2_d1_m8,1
35,5,124.3108030040323,10.76451050363853,0.006216032341617873,0.008005446063436063,-0.0049469829226069136,-0.007777371265351338,0.018244784698542196,0.01392355325872116,0.009460928620420875,0.004472606755382975,near_plain,10,9.90530257754,25145810.1613,25145810.1613,1.00000000,0.99988119,0.99999580,width2_d1_m8,1
35,6,127.0600136687807,8.105269974044711,-1.3989169985562468,-0.21720634387970725,-0.4246265867482938,0.2537135571937157,0.2187520669710621,0.28269377414875463,0.07656806563937203,0.3247992949753575,local_width4,8,9.69163109024,24895960.3263,24895960.3263,1.00000000,0.98876118,0.97750801,width2_d1_m8,1
36,1,126.85442372242139,8.0,-0.8443219397679397,0.20481411815576692,-0.5065421362678791,0.08544595039051633,-0.08067926487607255,-0.34280074649508585,-0.14675599519463445,0.1754419602531556,local_width4,8,9.69566100328,20288352.4795,20288352.4795,1.00000000,0.99416522,0.98901742,width2_d1_m8,1
36,2,130.0,8.209038215315337,-0.3450732373698162,0.16822035478005917,0.7410399077921518,0.8771834848245361,-0.17330125098577923,0.050350327567588615,-0.012729825202807694,-0.26777844094604536,local_width4,8,9.46856091909,22955801.3172,22955801.3172,1.00000000,0.99351787,0.98721633,width2_d1_m8,1
36,3,127.9955680541915,8.0,-0.2010250891834371,-0.7873755725165285,-0.21228335597941497,-0.561415162515101,0.2119563081664604,-0.08310481958287894,-0.18893793447227583,0.022914784745372556,local_width4,8,9.61053638809,20627867.1687,20627867.1687,1.00000000,0.99510563,0.99081163,width2_d1_m8,1
36,4,128.86338655007762,8.454561906660993,-0.12655691542910907,-1.1182488198711695,-0.2397733187080609,-0.22366754011375198,0.1539880818266308,-0.0005234720151987005,0.0922270079476549,0.021289954702321173,seed_from_width2,8,9.55555200449,32199700.9723,32199700.9723,1.00000000,0.99521189,0.99031756,width2_d1_m8,1
36,5,128.83105844503754,8.559890291784983,-0.4433318366629573,-0.5532314365247833,-0.3635236810658419,0.576530028352371,-0.03543640456902357,0.02892517666581665,-0.013275337351395793,0.10869427959877073,local_width4,8,9.55424483293,26243108.1776,26243108.1776,1.00000000,0.99675322,0.99368109,width2_d1_m8,1
36,6,129.5756442401792,8.195157935581687,-0.4211623553322528,-0.21791918484399256,0.34669788522115885,0.3698802344251858,0.14147818611200003,0.27091154829820085,0.08848923477505205,-0.17907154974793213,local_width4,8,9.50259784179,29323447.7426,29323447.7426,1.00000000,0.99760194,0.99509421,width2_d1_m8,1
37,1,129.06539307033913,10.018379211116994,-0.27052943320767575,0.20252188714039365,-0.5093091101144638,-0.31997192261011,-0.12013483750645826,-0.3830720772373047,0.19886167242556008,-0.21045351390453507,global,8,9.5442799565,24322765.6927,24322765.6927,1.00000000,0.99794346,0.99565343,width2_d1_m8,1
37,2,128.6992098584797,8.028193099693205,1.2222871864290066,0.31010960710929814,0.09161460117867795,-0.40277649937516613,0.15681551189553827,0.0996669626961339,0.03499191814130215,0.029622597143620172,seed_from_width2,8,9.56483230764,29162569.8951,29162569.8951,1.00000000,0.99243255,0.98496114,width2_d1_m8,1
37,3,128.31723398859853,8.21454899604429,-0.4749327991398577,-1.2215786062097407,-0.2549028596824694,-0.3971079655412284,0.11181638951568398,0.32817974860828847,0.35253599781511624,-0.41366286788466294,local_width4,8,9.60599041957,32985892.8661,32985892.8661,1.00000000,0.99142045,0.98273485,apodized_d3_m10,1
37,4,126.0,9.4,-0.2681091659137444,-0.05587311988255925,-0.3116735804403877,0.11775194384540713,0.2207850343411873,0.0034675925834934326,0.021770667211015775,0.17915172559182288,local_width4,10,9.77117412045,22045210.8732,22045210.8732,1.00000000,0.99904134,0.99820630,width2_d1_m8,1
37,5,129.06628863779616,8.424160277146926,0.31352216121790866,-1.3205281831125029,-0.7547197687203426,-0.5766009190989323,-0.12072816893979824,-0.013328712822908907,0.08665870029217138,-0.002011201156685044,local_width4,8,9.54020224099,30951379.2767,30951379.2767,1.00000000,0.99214724,0.98425633,width2_d1_m8,1
37,6,128.55524557234335,8.152787699787337,-1.0082268317120502,-0.7399684549998494,-0.4109206457906358,0.016422826369114227,0.15971127190691387,-0.06792032793614963,0.13054650185730798,0.3041368722753309,local_width4,8,9.58057333098,29946534.2015,29946534.2015,1.00000000,0.99270535,0.98518993,width2_d1_m8,1
38,1,128.59716654657444,8.0,-0.5804880374662493,-0.5176738230119529,-0.20954715527241374,-0.4473693677918184,-0.0038586274504364138,-0.06139066409968002,0.02890019355776964,-0.013016130693193871,seed_from_width2,8,9.57304632308,29857101.8864,29857101.8864,1.00000000,0.99607769,0.99217600,width2_d1_m8,1
38,2,128.56435907966997,8.166347444720161,0.7649716190341906,-0.3600951676996583,0.29189253231742524,-0.17525392837377923,0.037956724316613025,-0.0027954842022562265,0.04511487084034943,0.04060431063215614,seed_from_width2,8,9.57523101047,30453012.3187,30453012.3187,1.00000000,0.99710043,0.99423485,width2_d1_m8,1
38,3,129.18975971449328,8.527574968950496,0.40733165889885625,-0.6926879166714409,-0.31686470818645174,-0.500431688029454,0.14482318293509605,-0.2692172326831735,-0.02718299882632841,0.07306327899291143,medium,8,9.52779828162,25777934.9362,25777934.9362,1.00000000,0.99635960,0.99289364,width2_d1_m8,1
38,4,129.42243610959125,8.273912446243404,0.5921414012929689,-0.6740188687493958,0.4314345175309684,-0.12138664209477779,-0.03930223923948212,0.34036935036311133,-0.2791966800928535,0.1634401469136656,medium,8,9.49885761899,17182968.5727,17182968.5727,1.00000000,0.99413099,0.98930765,width2_d1_m8,1
38,5,127.87578889602283,8.348602657970249,0.6785855904081585,-1.6267051945367064,0.29794070927092686,-0.30384682572556576,0.16590460527262188,-0.21281903582492315,0.05258364239540045,-0.021475010572069964,local_width4,8,9.62844082802,30083551.7215,30083551.7215,1.00000000,0.98800403,0.97609045,width2_d1_m8,1
38,6,128.18472673888394,8.486158778696062,0.7990040248009018,-0.486870567755901,-0.19808859943632184,-0.13549550266373422,-0.2347878918990789,0.2529262391402412,-0.32587601803738464,-0.133830671436124,local_width4,8,9.59150900634,16770700.759,16770700.759,1.00000000,0.99535683,0.99174734,width2_d1_m8,1
39,1,129.48451782512626,9.292120215508275,-0.39417691546575817,0.4197211256908364,0.20652896521015107,0.22808817276965254,0.08156408780850447,0.06804993684297131,0.05576555792176753,-0.04070897254397299,medium,10,9.50894745011,29310509.2842,29310509.2842,1.00000000,0.99858559,0.99718287,width2_d1_m8,1
39,2,129.044821646156,8.77663375583016,-0.556254117494754,-0.9242326048662717,-0.9335936062844512,0.8807686877568596,-0.4593286361702186,0.46619657058586284,-0.5986147992514637,0.5786642756419125,local_width4,8,9.5183394725,8570932.95383,8570932.95383,1.00000000,0.98241937,0.96705727,width2_d1_m8,1
39,3,129.59484959084944,8.721370089546788,1.0212515660412214,-0.7010310014320907,1.2124044378658654,0.7180726620782228,0.15115209900405752,-0.03326953081516976,0.3972387671559511,-0.04954197579556344,local_width4,8,9.51156685101,36851355.4257,36851355.4257,1.00000000,0.98737236,0.97474982,apodized_d3_m10,1
39,4,128.5769450048371,8.025108506185763,-1.012011113292479,-1.0245016294841391,0.16488619451226924,0.18901993645194892,-0.1393343131802286,0.037057165546107766,0.029948865203435884,0.16201560069045412,local_width4,8,9.57287495694,27830902.9915,27830902.9915,1.00000000,0.99177188,0.98371857,width2_d1_m8,1
39,5,128.36246795914516,8.285025250287473,0.7044906259657707,-0.5464450518008088,-0.1280012599354164,-0.01566261989013648,-0.21516646359754327,0.2583063948048486,-0.5041437864670991,-0.08863145857416105,local_width4,8,9.57136050975,13376737.9345,13376737.9345,1.00000000,0.99466842,0.99089887,width2_d1_m8,1
39,6,128.39968917759964,8.535555521189684,-0.30126802780059386,0.30525085725849577,-0.1840649559875685,-0.04173413345161646,-0.11380964196996657,-0.1037514843137037,-0.09447388435080474,0.25087387634996006,local_width4,8,9.58292975615,22726783.793,22726783.793,1.00000000,0.99859647,0.99762012,width2_d1_m8,1
40,1,128.81735653859008,8.475123233826295,-0.5725801995218367,-0.6172432520464408,-0.3379121915840949,0.07577749711114148,0.08996816501418337,0.14528216164614588,0.05058437096488845,0.12510628888247272,local_width4,8,9.55679596038,28641528.5649,28641528.5649,1.00000000,0.99699141,0.99402140,width2_d1_m8,1
40,2,129.18457878200635,8.134304182525137,1.1743447221690952,0.017254221907548967,0.1824108623061008,-0.4228106725416664,-0.2952427820827154,-0.3211101267456359,-0.16404203647523155,0.1348884330814891,seed_from_width2,8,9.52385484605,20733394.1552,20733394.1552,1.00000000,0.99329955,0.98711109,width2_d1_m8,1
40,3,129.0258989467798,8.0,-0.02091688496134677,0.5957266363868599,-0.1528094643535562,0.19851696611841957,0.46722261830173545,-0.0251738630505684,0.11925441857893675,0.15708233009625863,local_width4,8,9.54437224938,30482702.0859,30482702.0859,1.00000000,0.99732053,0.99443198,width2_d1_m8,1
40,4,129.29545443426554,8.162667629340248,-0.22542832639180405,-0.5456161891422839,0.2723565186558583,0.2826877648216591,-0.08898337783296167,0.16577833967607317,0.06749964724556387,0.09109205085800968,local_width4,8,9.52160585482,30449584.765,30449584.765,1.00000000,0.99772627,0.99544131,width2_d1_m8,1
40,5,128.4073952933229,8.344464552145029,0.7561252680320443,-1.6628851241762055,0.28424283597669636,-0.6194926038614075,0.14453310215605902,-0.4754672976820554,-0.08849854520854124,-0.19559100907971805,local_width4,8,9.58629086631,23896702.9574,23896702.9574,1.00000000,0.98717178,0.97467247,width2_d1_m8,1
40,6,129.10811795882333,8.713244658147598,-0.41822845219106797,0.42433664078599403,0.7799910404723485,-0.13712197623308126,0.31067553639072043,-0.4139895599652449,0.2846174021174034,-0.331561596368642,local_width4,8,9.54336858371,27400539.0869,27400539.0869,1.00000000,0.99442040,0.98836137,width2_d1_m8,1
41,1,127.71214228742579,8.043201316906455,0.28774708442543967,1.1932719168503247,0.18452466515650381,-0.434212035194276,-0.12503834646167197,-0.36210781052063157,-0.021446731072953043,0.22900592262888364,local_width4,8,9.63528744474,22067498.025,22067498.025,1.00000000,0.99004570,0.98048486,width2_d1_m8,1
41,2,129.57859485458968,8.114758952241921,0.8618466024047293,0.08502250442208403,0.19101250448319812,0.1720079129561971,-0.05729585513232072,-0.1231301510079115,0.4161478220733348,0.045375238397473566,local_width4,8,9.51549720378,52727067.7708,52727067.7708,1.00000000,0.99646311,0.99355639,apodized_d3_m10,1
41,3,126.7489028885793,8.584716424709844,-0.7415912929351226,-0.04206756751054787,0.39902655760030425,0.7415480280134195,0.4268661214037887,-0.5797077991372884,0.06893400273130207,0.1610536776609689,local_width4,9,9.71702864258,24666450.6225,24666450.6225,1.00000000,0.99444533,0.98874744,width2_d1_m8,1
41,4,128.52849326754506,8.036030733204557,-0.22305421557679136,0.5199475695683798,-0.15836893083565337,0.6056569436848495,-0.17170361503469422,0.00048438599565888557,0.04319511882173602,0.10741778657992765,local_width4,8,9.57889193647,29211068.7676,29211068.7676,1.00000000,0.99689148,0.99375730,width2_d1_m8,1
41,5,128.00899625952215,8.0,0.0191914044586968,0.7092844692243164,0.09796891913079588,0.36652616401119886,0.14871559964450037,0.06329320112137188,-0.0050296841859791,-0.20078435612457485,seed_from_width2,8,9.61571157716,26018433.5401,26018433.5401,1.00000000,0.99680254,0.99372792,width2_d1_m8,1
41,6,129.08219561777744,8.585789581560414,1.0234341742985125,-1.232874511016404,-0.5345530418066594,-0.5266626606977537,0.09127931862135505,-0.05087062562667917,-0.09036859594874487,0.10086651086034107,seed_from_width2,8,9.53205445628,22783794.2085,22783794.2085,1.00000000,0.99005420,0.98062577,width2_d1_m8,1
42,1,127.82418106642916,8.0,0.18299175159164385,-1.218179030570632,-0.3122864677075048,-0.5590798448979565,0.03235229738348647,-0.07419713423094507,-0.10292085599256322,0.026663650654913967,seed_from_width2,8,9.62624182729,23592521.5223,23592521.5223,1.00000000,0.99298810,0.98638263,width2_d1_m8,1
42,2,126.7340534138593,8.031624346684593,0.5297419675504041,-0.18846188794113505,0.030656697822366435,-0.3280303986337526,-0.12161184185923926,0.1873837262221837,0.05445471566601943,0.21618518600135886,local_width4,8,9.71476646559,28407275.5256,28407275.5256,1.00000000,0.99799081,0.99594100,width2_d1_m8,1
42,3,128.91610873751767,8.553763447480723,0.09408345101870258,-0.2793639139264202,0.006703584490271364,-0.016303201576350207,-0.07750322108678184,-0.2241048414175379,-0.059372679833742864,0.004090129979033533,local_width4,8,9.54629885495,25605296.6288,25605296.6288,1.00000000,0.99938197,0.99905046,width2_d1_m8,1
42,4,129.57650734514544,9.497959510809071,-0.11291781994106725,-0.42409313804133253,-0.24871513676567603,0.4563173854333683,-0.09440501740736876,0.010186065698458563,0.08777302421770042,0.08368477111604072,medium,10,9.50337679676,29580942.4959,29580942.4959,1.00000000,0.99865257,0.99724998,width2_d1_m8,1
42,5,129.2495571567409,9.36571465268636,1.1687479304029982,0.10103805544662858,0.21912894147212425,0.8135635373003762,0.2814299725432572,0.38451893096893486,0.05842262435572276,-0.23127973234699434,medium,10,9.52681815497,22478788.741,22478788.741,1.00000000,0.99367274,0.98738851,width2_d1_m8,1
42,6,129.42300033439403,8.591621919727396,0.8322168140283804,-0.7318206760427638,0.9931056054750352,0.8036493584885288,0.11974166078320872,-0.41412194794768203,0.5122585852851127,0.10397965234394191,local_width4,8,9.53232731777,37654420.8677,37654420.8677,1.00000000,0.98754457,0.97666095,apodized_d3_m10,1
43,1,128.0532861813174,8.136792309596064,-1.0470459497554279,0.9523330022613975,-0.14782894728695037,-0.03459128765675801,-0.5299440339867154,0.1633247844562541,0.11389138337210758,-0.05117858480249424,local_width4,8,9.61448214946,27876590.6545,27876590.6545,1.00000000,0.99053059,0.98108971,width2_d1_m8,1
43,2,127.85041177971256,8.0,0.034059068288957856,-1.1616976912011505,-0.6294836738052116,-0.3015790726131141,0.010483409952525488,-0.05495792167421684,-0.023899519124590082,-0.010651248731987327,seed_from_width2,8,9.62612360951,26071763.5197,26071763.5197,1.00000000,0.99361880,0.98748726,width2_d1_m8,1
43,3,128.89137988622207,8.632541523255842,0.873761547164476,-0.6360176003383886,1.0458635497400217,0.8117664537138283,0.2996921728277935,-0.45935745154580704,0.577962771485058,0.16198827854606884,local_width4,8,9.57351019919,34534259.6817,34534259.6817,1.00000000,0.98773058,0.97736069,apodized_d3_m10,1
43,4,128.46994793074794,8.210445773900348,1.0047817103645906,1.3288988462572486,-0.4368595611918621,0.24110802172939766,0.24820503053748166,0.17141426364582885,-0.04592230928095606,0.1641153950496798,seed_from_width2,8,9.57852510449,23936622.6925,23936622.6925,1.00000000,0.98856392,0.97756096,width2_d1_m8,1
43,5,128.95066344279013,8.547041254504189,0.6905792979940756,-1.3525253129738597,-0.4070600427658576,-0.371388468484254,0.005000772255984248,0.08133248404738688,0.05739826901282108,-0.06445640753790782,local_width4,8,9.5470080516,29383334.8231,29383334.8231,1.00000000,0.99220825,0.98449557,width2_d1_m8,1
43,6,128.50949955082717,8.0,-0.02983335830923367,0.41461617198760303,0.190611513024034,0.7003449770225668,0.005660321146331963,0.02602541507326543,0.00970157031614674,-0.0069442730813988884,local_width4,8,9.57946485388,28520714.0103,28520714.0103,1.00000000,0.99711800,0.99427156,width2_d1_m8,1
44,1,128.3421968360757,8.054840777836459,-0.5581655352544014,-0.5135929851214813,-0.4601502059249277,-0.30958472148201766,0.059295296854970814,0.0650178260783216,0.047449572992184934,0.07442500324083587,local_width4,8,9.59193968555,30111929.5706,30111929.5706,1.00000000,0.99625289,0.99253158,width2_d1_m8,1
44,2,123.15968973828028,9.185536844092612,-0.7092547583771669,0.030377165948162865,-0.9345177291873419,0.7281770683089037,0.3611213374389409,0.3745275280403697,-0.10899905073938795,-0.1259055658680741,global,10,9.99334084686,17353064.7977,17353064.7977,1.00000000,0.99260467,0.98568090,width2_d1_m8,1
44,3,124.65700219102847,10.610233149588696,-0.2470902151673797,0.10855686661901381,-0.1969644355883044,0.002865634299083375,0.024173192828612744,0.14365053721592605,-0.01664924304254853,0.08117288614434204,near_plain,10,9.87693017426,24329122.2066,24329122.2066,1.00000000,0.99951979,0.99932232,width2_d1_m8,1
44,4,128.52242118045766,8.085959847618849,0.979828919426183,-0.32381947851062487,0.2511262444067084,-0.08848925934308842,-0.1267800807839179,0.02341672483339974,0.1314506061912869,0.09426106160738232,local_width4,8,9.58253800887,36079395.3782,36079395.3782,1.00000000,0.99582727,0.99140150,width2_d1_m8,1
44,5,128.5292853173859,8.541492608342729,-0.1971593834652668,0.08696413689120541,-0.2356832433638869,0.0727935403344558,-0.034386013995531685,-0.10872540686321425,0.17706324663036457,0.07050395690399017,local_width4,8,9.58298737571,35951199.146,35951199.146,1.00000000,0.99954049,0.99876428,width2_d1_m8,1
44,6,128.32721356873282,8.0,0.5990595961612274,1.0279938636051533,-0.3086186695255744,0.6106889661375315,0.23509141418850876,-0.3010106365686962,-0.12257542104905886,0.06101683368547395,seed_from_width2,8,9.58505689977,20484944.6632,20484944.6632,1.00000000,0.99194151,0.98452828,width2_d1_m8,1
45,1,128.0449803581536,8.540257661599997,1.1607558726507485,-0.13042691729469524,1.132232820125644,0.32953930740252346,-0.2537251624172735,-0.03477680324871957,0.13869147952441718,-0.039653831991730115,medium,8,9.6177231585,28862711.491,28862711.491,1.00000000,0.99069864,0.98129970,width2_d1_m8,1
45,2,128.6799134579295,8.0,1.062927465744198,0.011238070917947748,-0.6129600435721784,-0.76027632553167,-0.07070340599758472,-0.06547170746259114,0.21713940851543084,-0.3619340162429021,local_width4,8,9.57524178323,28612524.7167,28612524.7167,1.00000000,0.98912319,0.97782649,width2_d1_m8,1
45,3,126.99522065002927,8.697627637748452,-0.23571329599012625,0.1932214442271894,-0.34645418123857297,-0.3311543287196623,-0.3001915050748326,-0.11128714964201342,0.12203356485404832,-0.1170335188816414,medium,10,9.69679545514,29983703.735,29983703.735,1.00000000,0.99834313,0.99654504,width2_d1_m8,1
45,4,129.5133627899577,8.081644311990136,-0.24660595537438362,-0.4112562662364919,0.23237455242477176,0.21163788798084665,0.15836357271995738,-0.05961164592193666,-0.06483490783862643,-0.07146557824030367,local_width4,8,9.50132390027,25130267.0956,25130267.0956,1.00000000,0.99850179,0.99730960,width2_d1_m8,1
45,5,127.42770970729944,8.517005820885421,0.6375024753871577,-0.3081689291177777,0.04822164297562348,0.08377663464850804,0.17182051766234718,-0.23790424410352634,-0.052465532178677166,0.06639880023009553,medium,8,9.65764969529,24518776.3021,24518776.3021,1.00000000,0.99763197,0.99556526,width2_d1_m8,1
45,6,128.9544523815007,8.270390030543112,0.43247890836938985,-0.05421886416563301,0.2944325242562694,0.35059122035538887,-0.12238643763347962,0.23341017438022882,-0.2503923734660378,0.15218654155686245,seed_from_width2,8,9.53632194128,18608269.7852,18608269.7852,1.00000000,0.99768599,0.99619439,width2_d1_m8,1
46,1,128.4329413571056,8.008099918649435,0.25477937361471303,-0.17574492768057215,-0.06401715552122544,-0.17640752991877012,-0.32429881625330936,0.06625517245639373,-0.18705741383250643,0.13553799595622568,medium,8,9.57688886143,20085212.5022,20085212.5022,1.00000000,0.99864502,0.99793489,width2_d1_m8,1
46,2,127.57737680797969,8.285375398541696,0.153108415253297,-0.5122076847417074,0.040406185073632306,-0.42816747599020666,-0.03583911005940005,-0.05762033209326367,-0.11888962805457842,0.019611197110699696,seed_from_width2,8,9.64425675718,23181077.547,23181077.547,1.00000000,0.99813791,0.99671464,width2_d1_m8,1
46,3,128.85082219816607,8.188434664950593,1.4041954232416565,-0.16768554014975592,0.144161005829607,-0.5213680838800376,0.1330948507182947,0.06929246415314075,-0.03816835292045839,-0.01795589682042259,seed_from_width2,8,9.55076030418,25750375.016,25750375.016,1.00000000,0.99144104,0.98320910,width2_d1_m8,1
46,4,129.80754431712955,9.4,-0.1317990515436326,0.3293936569058484,-0.21731889887564299,-0.22862165872475734,-0.05245846770045043,0.10230752595565698,-0.022208313957967768,-0.1661833098718824,local_width4,10,9.48285330656,25720705.8254,25720705.8254,1.00000000,0.99912252,0.99846550,width2_d1_m8,1
46,5,126.9760262458224,8.121321444699822,-0.21531380924799437,-1.0271112725741203,0.010227131902482506,-0.017134751267302628,-0.010828701536693998,0.28984425397077573,-0.10044504112860347,0.07345872075952378,local_width4,8,9.68813912265,22172919.9285,22172919.9285,1.00000000,0.99474482,0.99003343,width2_d1_m8,1
46,6,128.46002546029558,8.0,0.5318638689202656,-0.11398774287164717,-0.16783154653496096,-0.2020317649890697,-0.24092978302734716,-0.12342168640014592,0.13954179112523765,-0.18945050823399634,seed_from_width2,8,9.58780181749,33767782.3278,33767782.3278,1.00000000,0.99817237,0.99603895,width2_d1_m8,1
47,1,128.76200153469296,9.380706173424773,-0.996587674603278,-0.6227351905257466,-1.0382666581621014,0.029356558739896954,-0.22615643114520345,0.21694042108064582,-0.07286238793897859,-0.12472845117479456,medium,10,9.55465013816,19291525.8074,19291525.8074,1.00000000,0.99056407,0.98179762,width2_d1_m8,1
47,2,128.59465708592037,8.241320488639923,-1.065872349670214,-0.58173849721603,0.8233795779675311,0.15826283936276497,-0.06431379421251336,-0.2094284180438148,0.4188816413764791,0.23375596265547094,local_width4,8,9.58751803464,42138987.2155,42138987.2155,1.00000000,0.99258157,0.98558432,apodized_d3_m10,1
47,3,127.4486694659025,8.393193457386525,-0.7078729206051966,0.9297812739913511,0.8855403579932903,0.3664658156832634,-0.4705475307607432,-0.4359558490359887,0.14008969494629608,-0.4170907757730885,medium,8,9.6589285427,20317812.8922,20317812.8922,1.00000000,0.98771465,0.97565068,width2_d1_m8,1
47,4,128.48464293113443,8.266002872180515,0.5801800789985057,-1.4024364569020034,-0.27441926340532186,-0.1270000413813764,-0.03373321186640442,0.0015005732512103284,-0.17782750608357056,-0.10564797155996886,local_width4,8,9.57317135516,21175024.437,21175024.437,1.00000000,0.99143002,0.98356155,width2_d1_m8,1
47,5,123.62460726866642,11.602705397474175,0.30725681670213834,0.14941013085586996,-0.38593539097957896,-0.2612087706929618,-0.448528289739466,0.4636072379106042,-0.11916891186580214,-0.2539533989451845,global,10,9.96035461805,17960744.2532,17960744.2532,1.00000000,0.99791094,0.99635221,width2_d1_m8,1
47,6,128.60237107900693,8.150476022141715,1.118215399151233,-0.6287166393442837,0.5118530537127086,-0.4566045014016156,-0.027381461476012253,0.01508570983130908,0.23767119551693902,0.156751290400027,local_width4,8,9.5804354209,39506543.1425,39506543.1425,1.00000000,0.99297703,0.98546986,width2_d1_m8,1
48,1,127.77893763186717,9.506251946219379,0.3648000998768115,0.5522554072577135,0.4366775239517755,-0.7234328157940472,0.16331078603504312,-0.13411728673591644,-0.12524635200056933,0.11313226625958822,medium,10,9.63080384858,18995322.627,18995322.627,1.00000000,0.99591627,0.99231846,width2_d1_m8,1
48,2,127.50370298049798,8.352961076466084,-0.64497156429122,0.7003059831209837,1.086653930278219,0.46871380748456853,-0.4532658107270992,-0.21421000989792552,0.2109075740101569,-0.4521548165602459,local_width4,8,9.65864997933,22030525.9905,22030525.9905,1.00000000,0.98898646,0.97790810,width2_d1_m8,1
48,3,128.17400423047573,8.011395972279226,-0.09925217096739047,0.24579689402258315,-0.07730197004475686,0.6551627809001799,-0.1536351417907278,-0.029685596866335526,0.10226435474532686,0.07606498219148848,local_width4,8,9.60791910794,32545593.4468,32545593.4468,1.00000000,0.99785939,0.99550366,width2_d1_m8,1
48,4,126.41661435224326,9.367414755345637,-0.7579756879670485,-0.30476063476708093,0.22340146207549494,-1.0927505770456052,0.024302041615598985,0.06937129122737826,0.09832908446947217,0.09028819721920306,medium,10,9.74402555672,27416202.0493,27416202.0493,1.00000000,0.99391591,0.98763829,width2_d1_m8,1
48,5,129.09306863673365,8.418193574168862,0.16903497345477667,-0.38906254918052735,-0.030928650131261115,-0.3170270261427335,0.3376989466539936,-0.42390712447055345,0.23957300364958972,-0.08820218830067433,local_width4,8,9.54486127754,35003559.7368,35003559.7368,1.00000000,0.99776383,0.99496438,width2_d1_m8,1
48,6,128.54689319791893,8.113990422889318,-0.16121117871038532,-0.11103536710429338,-0.40498636860114867,0.1482608577285298,0.3311693311457364,0.005189143412537234,0.19162149717579846,-0.2250039830595419,seed_from_width2,8,9.5826159866,33300454.312,33300454.312,1.00000000,0.99856141,0.99672727,width2_d1_m8,1
49,1,128.09283256200678,8.0,0.377241283379632,-0.018357895414661096,0.03083268374217449,0.6116335514129323,-0.4007379128851843,-0.33211052984568973,0.630366263440541,-0.0558150467599272,local_width4,8,9.63775569789,40887989.7381,40887989.7381,1.00000000,0.99448490,0.99192775,apodized_d2_m10,1
49,2,129.21766773413896,8.200743585225089,-0.9426091204243722,-1.2786637337922133,-0.1124185038571173,0.02404199214848354,0.03807485097877143,0.15950515844215027,0.24204578102741497,0.09093796060998635,local_width4,8,9.53416265005,40235921.9465,40235921.9465,1.00000000,0.99039333,0.98037313,width2_d1_m8,1
49,3,127.76763854930408,8.48470401884424,-0.7926314054093933,-0.22782226251341398,0.6333761505561939,-0.11965838130434048,0.0472683559535315,0.07785209492889002,-0.02515256856732609,-0.027400251716113863,medium,8,9.63227545389,25649276.4042,25649276.4042,1.00000000,0.99622732,0.99272516,width2_d1_m8,1
49,4,127.8983729865021,8.350008571020444,-0.36121043066473774,-0.8442961874849734,0.1382061125306831,0.021547966134983942,-0.13237387812909648,0.13183394517247837,0.00040160924802085107,0.017811532084211254,seed_from_width2,8,9.62299134926,27306285.6676,27306285.6676,1.00000000,0.99643472,0.99307469,width2_d1_m8,1
49,5,128.83345139104168,8.186322027889592,-0.11634264467032651,0.36736975706099767,-0.4916850260685039,0.024065362599255125,-0.034422463998115826,0.31561156894510367,0.006856618662594183,0.13101378351800835,seed_from_width2,8,9.55420940446,26524375.4724,26524375.4724,1.00000000,0.99786270,0.99584960,width2_d1_m8,1
49,6,129.0731562179252,8.30415340032851,0.1815390745641242,-0.4704745963817025,-0.8002983898319311,-0.477408180562859,0.25888311920433127,-0.17151468403651215,-0.29014824541282247,-0.18709895140240396,local_width4,8,9.52523865572,16259669.4301,16259669.4301,1.00000000,0.99404023,0.98910996,width2_d1_m8,1
50,1,128.9313374102023,8.772185405905105,0.9552147638451756,0.33101386705887226,0.8881490378975776,-0.7511512492251118,-0.060528910249117385,-0.27366873393275193,0.1112972569724126,-0.030032500296346132,medium,8,9.55109932985,27439833.4144,27439833.4144,1.00000000,0.99181042,0.98356251,width2_d1_m8,1
50,2,126.90191717653997,8.143301555462964,-0.35602050396592744,-1.6375870837790745,-0.36514174014813794,0.3446867248502115,0.14180342942214813,0.11663710546681524,0.04719143585739695,-0.021503018638115667,local_width4,8,9.70061897521,30386900.9571,30386900.9571,1.00000000,0.99000381,0.98013672,width2_d1_m8,1
50,3,127.9384942048324,8.391404687909706,0.3883109868089717,-0.556442630137383,-0.29217670787568084,-0.2281059728139704,0.04529099430656473,-0.3841759202790243,0.38240190143163066,-0.14719345825697994,local_width4,8,9.63663127975,41941930.2305,41941930.2305,1.00000000,0.99692018,0.99415038,apodized_d3_m10,1
50,4,128.07651346047422,8.911642114408512,-0.1262124382930781,0.2559337241684943,0.42208116964067194,-0.45406871992283643,0.1782404661307997,0.04817551327726625,0.0028826332283885397,0.11117625404295825,local_width4,10,9.61146373982,26511036.5706,26511036.5706,1.00000000,0.99828243,0.99670736,width2_d1_m8,1
50,5,129.38870727656558,8.613924521795704,0.9867262885270685,-0.4616997209524955,0.8730606329399863,1.025497265534966,0.2759028904396269,-0.3643837663593563,0.3485889238476822,0.015322324368577264,local_width4,8,9.5284405876,33873708.3014,33873708.3014,1.00000000,0.98809305,0.97642125,apodized_d3_m10,1
50,6,129.03458699170048,8.307572835720261,0.008037089671474706,-0.24766287977054807,-0.2035354151420581,-0.2509144201663915,0.12598671611738396,-0.6380616433368232,0.153786648964516,-0.16209331143386935,local_width4,8,9.5461890226,28934145.0707,28934145.0707,1.00000000,0.99750324,0.99466390,width2_d1_m8,1
51,1,127.64991037327141,8.0,0.41840385048960427,0.9664743170669116,0.09270298602446475,-0.40067846464924745,-0.15484250567839541,-0.3505500144974416,-0.08663010407688211,0.2855935226129562,local_width4,8,9.63828457661,19964974.2909,19964974.2909,1.00000000,0.99212140,0.98474097,width2_d1_m8,1
51,2,129.20874769680168,8.546800013030008,0.24566782041790325,-1.30138044251982,-0.736220540600927,-0.42854965087225844,-0.04654365859546909,-0.02290233655198904,-0.13147922041170998,0.1089641445070675,local_width4,8,9.52151078326,21959239.8197,21959239.8197,1.00000000,0.99260371,0.98577915,width2_d1_m8,1
51,3,129.5296843053224,8.219274630347885,-0.35585232136261213,-0.25773073969934845,0.9564849859029813,-0.5943193566939351,-0.02033363701488909,0.13662696573733185,0.26058814623392174,-0.042691325543931805,local_width4,8,9.51117269679,35547676.8581,35547676.8581,1.00000000,0.99430994,0.98815273,width2_d1_m8,1
51,4,127.40931226366169,8.09472194324043,-0.05368132825861138,0.9126074350288604,-0.019933926395164836,-0.433767286258154,-0.05791721604190725,-0.4174559865389189,0.013307432657310839,0.2397788896329434,local_width4,8,9.65994738149,23535173.7024,23535173.7024,1.00000000,0.99455890,0.98933229,width2_d1_m8,1
51,5,122.57921113043155,8.07068061704183,-0.7372762833804604,0.2666337343244036,0.12584407415236254,0.8227357567157887,-0.18949037685964498,0.49014760213292263,0.1659889761540001,0.36113630440179867,global,10,10.051867764,23363193.5853,23363193.5853,1.00000000,0.99108123,0.98175734,width2_d1_m8,1
51,6,128.63542703958248,8.0,-0.30966023095274464,-0.8516087397786373,0.02862785362632239,-0.4437430499411239,0.05059278642333259,0.058754865180039806,-0.11661791314436902,-0.04823643258667737,seed_from_width2,8,9.56428926788,23125378.994,23125378.994,1.00000000,0.99525984,0.99098033,width2_d1_m8,1
52,1,127.94488486311958,8.480476322059621,0.07583061425479265,-0.8896060679600881,-0.23187662451282184,-0.005860968035942021,0.11542011223090526,-0.3761094524714983,0.36717857369821444,-0.22812629535707887,local_width4,8,9.63624818234,40287557.643,40287557.643,1.00000000,0.99591588,0.99211862,apodized_d3_m10,1
52,2,128.64440028565457,8.383076978523663,0.5268633383519059,-0.599649640555584,-0.3409710933090225,-0.5601044918411855,0.0939005011765308,0.06963141317685816,-0.0013786292532090294,-0.043500685663945236,medium,8,9.56803359822,26735145.7169,26735145.7169,1.00000000,0.99626061,0.99268088,width2_d1_m8,1
52,3,127.95327831305597,8.0,-0.21620504303517374,0.7479731414620862,0.2478215894016838,-0.13761955279077415,0.06794232048932669,-0.29509712953301576,-0.008324055380906623,0.31060867185410446,local_width4,8,9.61804098424,23182346.5549,23182346.5549,1.00000000,0.99584862,0.99195681,width2_d1_m8,1
52,4,129.4239721195121,9.219527714800428,-0.3162965363584545,-0.9494237813631763,-0.8509366793272691,0.7926076227686562,-0.6100576228858904,0.09962090582627264,0.06621800652363871,0.24019357767950641,local_width4,10,9.51331804812,21393220.6138,21393220.6138,1.00000000,0.99113558,0.98239895,width2_d1_m8,1
52,5,127.98801516968966,8.755775466828128,-0.9392297602044853,-0.13562290239785113,0.6286569534385228,-0.15735004963815497,0.010793336953498663,0.026266451149894184,-0.020002418618649227,-0.15562914524009197,local_width4,8,9.61640969942,25095562.5098,25095562.5098,1.00000000,0.99592229,0.99210254,width2_d1_m8,1
52,6,129.91648929825055,8.54989242915268,-0.3630201736517472,-0.4697913260580541,-0.24588878266088252,0.47608909661363175,0.07921995927210221,0.07041634239326114,0.11431127394189085,0.2502056119156337,local_width4,8,9.47917718697,30648100.3016,30648100.3016,1.00000000,0.99761300,0.99504535,width2_d1_m8,1
53,1,128.80066053671106,9.571478977163268,1.2564272271659873,0.8540601796685059,0.5322023736994916,-0.8095065561091322,-0.10057014059684183,-0.3175669083633651,-0.048432330409329316,-0.289285734749837,medium,10,9.55748492241,19848834.2666,19848834.2666,1.00000000,0.98923437,0.97882659,width2_d1_m8,1
53,2,128.4346058213479,8.144179421752842,0.9946814833060007,-0.5668644319394796,0.08731668317091595,-0.5847088803292761,0.30532168914513086,0.017382667665970825,0.12225931417646235,0.05812763475165447,local_width4,8,9.5874207363,30293424.3124,30293424.3124,1.00000000,0.99381887,0.98751298,width2_d1_m8,1
53,3,126.69125393770625,8.689916983606132,-0.2464840279794669,0.6197078412662873,0.24368364032059864,0.5258783615312146,0.14887604939010035,-0.2151173906056602,0.24696933349040284,-0.007707960906470801,medium,10,9.72520651382,35488105.263,35488105.263,1.00000000,0.99654739,0.99259433,width2_d1_m8,1
53,4,127.94392115015852,8.515647981874842,1.2748260867944845,-1.5882078720904753,0.39332366399123014,-0.25771467256746716,0.10621037817055798,-0.2563841892150444,-0.13716215585280436,-0.16322093721122205,local_width4,8,9.61640202802,21307458.1125,21307458.1125,1.00000000,0.98523462,0.97115284,width2_d1_m8,1
53,5,127.45468308752515,9.4,0.8460799383195757,1.6425977093443624,0.05447561025596575,0.2195847222042937,0.02098468539913951,0.22392319390772603,-0.03600271467576427,0.034466748217155674,local_width4,10,9.65876949725,25560684.9864,25560684.9864,1.00000000,0.99041103,0.98109512,width2_d1_m8,1
53,6,125.10617578908811,10.68717385641681,-0.9396917016454363,0.3884393118439702,0.6032258902726086,0.6897882171298875,0.19344773121850212,-0.20473970917454706,-0.09421674582705303,-0.04007740640286528,global,10,9.84047650656,21269346.1176,21269346.1176,1.00000000,0.99511680,0.99067745,width2_d1_m8,1
54,1,129.50052554018046,8.281132807029408,-0.1379062036883158,-0.6147159892086108,0.28916487360769455,0.2904116239946074,0.20837240854725647,0.2531708924567958,-0.01178616790329362,-0.11693203600553038,local_width4,8,9.50353374486,25971131.307,25971131.307,1.00000000,0.99706830,0.99435994,width2_d1_m8,1
54,2,128.21742037259753,8.233798675281205,0.9071786880616755,-0.5271688009842872,0.37241946487898175,0.025110681610623034,-0.28545201255370667,0.04016858101800933,0.08873227723814028,0.1742780336228727,local_width4,8,9.60429421555,30561349.2973,30561349.2973,1.00000000,0.99498177,0.98982165,width2_d1_m8,1
54,3,128.63109037568756,8.0,-0.6658527805761913,-0.17142049096258888,-0.056516161699190465,-0.6322469048109038,0.09781592699276481,0.03824422189360908,0.1390979944653987,0.01596419164926184,local_width4,8,9.57569468643,35156093.6971,35156093.6971,1.00000000,0.99618199,0.99202286,width2_d1_m8,1
54,4,128.16404668304378,9.4,0.045166357892828135,0.38862691627053125,0.6439860840545204,-0.7444052043928604,0.05860956599016903,-0.1314234405705535,-0.1936640829707957,0.1943002658283159,local_width4,10,9.59958569737,19066099.5574,19066099.5574,1.00000000,0.99570708,0.99208633,width2_d1_m8,1
54,5,127.017484152654,8.108630070112703,0.05934107234619808,-0.9860526661257507,-0.4554519339922287,0.09570360557479579,-0.009745511270276286,0.21274587121514887,-0.1053747984137151,-0.03209466199284236,seed_from_width2,8,9.68507399737,22696204.1259,22696204.1259,1.00000000,0.99555472,0.99164564,width2_d1_m8,1
54,6,126.5075456750231,8.416376117082201,-0.3355990895303983,-0.3541257855069667,0.6029784936839861,0.09997947562719978,0.4017106192235571,-0.18634326749713717,-0.0422975831135779,0.11094333138991541,medium,8,9.72865215298,23764860.2737,23764860.2737,1.00000000,0.99683535,0.99393504,width2_d1_m8,1
55,1,129.57127561444182,8.0,0.46508124310554844,-0.3670102643677469,-0.02080585932596654,-0.25491973196110707,0.23962830694788256,0.19163165480151634,0.10259450563031564,-0.15671739569573134,seed_from_width2,8,9.50249887382,30464822.1141,30464822.1141,1.00000000,0.99775890,0.99541100,width2_d1_m8,1
55,2,128.62755452487733,8.422201977215803,0.33442485904607105,-1.502136536804319,0.26108669862453826,-0.2735578863185381,0.0307400166474483,-0.09334004827538643,-0.04744944590882663,0.08780906894214047,seed_from_width2,8,9.56786141967,25795905.9289,25795905.9289,1.00000000,0.99041500,0.98116844,width2_d1_m8,1
55,3,128.52848941142778,8.0,-0.2639551924787347,0.21723735563522667,0.02092881765564128,0.6946900141635792,-0.2520433099144473,0.12003415598390518,0.20662148322037574,0.06803371449159858,local_width4,8,9.58581509855,37112528.4158,37112528.4158,1.00000000,0.99703980,0.99356140,width2_d1_m8,1
55,4,129.8579798477325,8.406515232890873,-0.7052913080446473,0.1655616233386015,-0.06497492063005073,0.35016042372161493,0.0723108192864377,-0.09236690011866341,-0.20265641986187294,-0.2536293001648293,local_width4,8,9.4720898841,19675746.3748,19675746.3748,1.00000000,0.99680583,0.99428498,width2_d1_m8,1
55,5,126.0,9.4,-0.31008978976022983,0.11517682592804786,-0.5763561237125348,-0.13645687803346984,0.07828006731556296,0.15427824256000977,-0.013398429466745038,-0.04532116380953963,local_width4,10,9.76944198197,23409600.9415,23409600.9415,1.00000000,0.99837409,0.99699632,width2_d1_m8,1
55,6,128.4534463995405,8.504256582798977,0.09017168361729844,-0.43293697762688116,0.3372751095812837,0.20206976087064177,0.01197486991256741,0.010636604077508272,-0.1672687810345314,-0.2428770550025891,medium,8,9.57655211324,20684839.5702,20684839.5702,1.00000000,0.99793234,0.99648082,width2_d1_m8,1
56,1,127.77507403439083,10.268874949387996,0.07165431522668442,-0.8477237211555266,0.38764769225434725,0.928945425798434,-0.13780419616726325,-0.411941174350576,-0.23527900190317802,0.21750393691854752,global,8,9.63230236913,18529723.0398,18529723.0398,1.00000000,0.99480330,0.99023451,width2_d1_m8,1
56,2,128.67313512580938,8.0,0.9657813084799015,-0.05470013992101899,-0.4395027885616097,-0.8479866652327462,-0.02558682904483394,-0.1846579175872597,0.144684705572856,-0.21885479154768464,local_width4,8,9.5730237901,30763664.7236,30763664.7236,1.00000000,0.99176469,0.98323213,width2_d1_m8,1
56,3,130.0,8.410390034510055,-0.15608248474116818,-0.49739595049602525,0.043552266669799305,0.587196299893898,0.19906793455514585,0.10275380523478167,0.07957108463910811,0.19921715692846526,local_width4,8,9.47201195169,28873360.3656,28873360.3656,1.00000000,0.99756556,0.99501603,width2_d1_m8,1
56,4,128.82743804213783,8.158629110819128,-0.05171189622167088,-0.4869043005131115,-0.4312390008199294,-0.1789465945821253,0.21022147731267277,-0.8373578364018155,0.10741419453073742,-0.20489229286108349,local_width4,8,9.56132019575,23757527.4378,23757527.4378,1.00000000,0.99459742,0.98892531,width2_d1_m8,1
56,5,128.1960972517934,8.182358364838185,0.07835531342866776,-1.0360337864520572,-0.5695387562570013,-0.26079111125499577,0.04482474038312628,-0.012030482995861735,-0.07781019103789476,0.023362392499506127,seed_from_width2,8,9.59804258638,24901156.1046,24901156.1046,1.00000000,0.99495228,0.99030706,width2_d1_m8,1
56,6,128.83270918302063,8.500424558224507,0.7053035266792018,1.5731345931380902,-0.1792862447355527,0.23625849957674802,0.10787738491182933,0.0042532997648518645,-0.056241251410704324,0.2529549922633449,local_width4,8,9.55196950914,23960675.7287,23960675.7287,1.00000000,0.98973546,0.97988411,width2_d1_m8,1
57,1,126.0927981165366,9.29544948473113,-0.24830817468612962,0.09359556479062262,-0.1007948196448713,-0.11745177180888892,0.11355566707381397,0.03880350718737587,-0.272494090124845,0.042248378049431594,local_width4,10,9.75464560084,18279847.9168,18279847.9168,1.00000000,0.99902603,0.99891331,width2_d1_m8,1
57,2,128.7651285587803,8.005413620826898,-0.9328805259328514,-0.6915328292624819,-0.13757937098940767,-0.3385695779636,-0.10105454799531689,-0.17925971982347774,0.001705319412824785,0.22171262533757757,local_width4,8,9.55957736259,26143991.1915,26143991.1915,1.00000000,0.99290260,0.98594210,width2_d1_m8,1
57,3,128.52748677743182,8.419388717522668,-0.39427630403698277,0.8652627455911184,-0.2089107104170604,-0.08223385811202316,-0.22227016078650297,-0.09079820169656516,-0.08767882917107014,0.0716801457025048,local_width4,8,9.57283104452,23046821.4082,23046821.4082,1.00000000,0.99614843,0.99274371,width2_d1_m8,1
57,4,129.240530290665,8.0818885387878,-0.35824846930171916,0.5824713355698808,-0.05311236214793583,0.35796242679067675,0.46932724322123504,-0.1279002286384837,0.2277474307475023,0.14487149585828474,local_width4,8,9.53379577522,35343012.1692,35343012.1692,1.00000000,0.99617070,0.99177880,width2_d1_m8,1
57,5,128.00575832028215,8.120961764978933,0.0339593491226758,-1.1499966837303384,-0.17314188074197878,-0.897272489019817,-0.02112520109743654,0.17287703862484416,0.17566521858887407,-0.03994777377467035,seed_from_width2,8,9.62391083971,34082315.9156,34082315.9156,1.00000000,0.99171958,0.98306549,width2_d1_m8,1
57,6,128.08334175224905,8.607822656183217,-0.477030306237856,0.537950672959451,0.6927501009080739,-0.4944440658759418,-0.16710499195412276,-0.3601184262269838,0.17882629530107805,-0.017438379194508857,local_width4,8,9.61511074588,29991564.287,29991564.287,1.00000000,0.99476272,0.98933184,width2_d1_m8,1
58,1,128.50861835449462,8.057266033879714,1.024679896789619,-0.12838519168331247,0.34609360815259943,-0.01288756108147937,0.057905715837002984,0.21013807116343539,0.18505010626136076,-0.06129811251893104,local_width4,8,9.58454727289,36783203.7325,36783203.7325,1.00000000,0.99560434,0.99086933,width2_d1_m8,1
58,2,129.37091909488322,8.648575990764066,-0.5398037654708944,0.18640992448026872,0.7868367453681268,-0.23640523810104258,0.3897852416018527,-0.5353238132440491,0.3202647010060257,-0.38293397055406864,local_width4,8,9.52661919255,25545437.2619,25545437.2619,1.00000000,0.99357920,0.98657514,apodized_d3_m10,1
58,3,127.56762209283657,8.105177356296926,0.524365628419903,0.5762156430981948,-0.0003978342696355161,0.09003426388602037,-0.08395300219953356,-0.15743846953395152,0.053676827100267874,0.1051688878101241,local_width4,8,9.65038042003,28606422.7089,28606422.7089,1.00000000,0.99742897,0.99486406,width2_d1_m8,1
58,4,128.46251739450116,8.0,0.37098060082691786,-0.09705463030152045,0.006864354630046157,0.4082507723576737,-0.22166875720309648,0.2979281617606646,0.0794369289226948,-0.05530768641298431,seed_from_width2,8,9.58511130609,29979565.8316,29979565.8316,1.00000000,0.99818400,0.99623514,width2_d1_m8,1
58,5,124.60872262150838,10.06727379632019,0.02613853919659792,0.09843243268346413,-0.1604407543759382,0.11393174470292466,-0.17107752260424897,0.04514423037028936,-0.02289908126674972,-0.0011151674265750533,near_plain,8,9.87969521928,24723445.1666,24723445.1666,1.00000000,0.99965563,0.99958436,width2_d1_m8,1
58,6,128.52658387374964,8.0,-0.39987645973918773,0.01873552897322492,-0.09253755870809134,-0.06549243774047106,-0.11327012603190578,0.044428287564543756,0.04412555283010791,0.12099142242042452,seed_from_width2,8,9.57782816535,29131445.1181,29131445.1181,1.00000000,0.99908446,0.99819675,width2_d1_m8,1
59,1,129.0524807674455,8.748894115686111,-0.5754756484899932,-0.9906476300471878,-1.0683429400323181,1.1412011132282465,-0.5203547532625785,0.42673611483392926,-0.31511127578735615,0.6191348587953877,local_width4,8,9.52738225053,10273599.1628,10273599.1628,1.00000000,0.98004831,0.96162472,width2_d1_m8,1
59,2,126.0,9.14232389373725,-0.3246821217014682,-0.03640000266788624,2.0,1.2823376655238776,0.16604852193203365,0.009325371402932603,0.3132612104825648,-0.05297720509720136,local_width4,10,9.77826075312,23026416.468,23026416.468,1.00000000,0.98178986,0.96351863,width2_d1_m8,1
59,3,127.51712056402319,8.414108694294638,0.11918329772125869,-0.21951528061698616,0.18602470875227517,0.23258868914720215,-0.055377940487644384,-0.12941351402490445,-0.10569227674396327,0.08066085172794507,medium,8,9.64917103004,23464164.5828,23464164.5828,1.00000000,0.99912321,0.99866822,width2_d1_m8,1
59,4,128.51747178975563,8.107257232198318,-1.1049147421642125,-0.18416016295667734,-0.22182941257246122,-0.03287327611575628,-0.11585509961747738,0.28527345640920293,0.074584928498775,0.0404083567212761,local_width4,8,9.57897862163,30154768.9923,30154768.9923,1.00000000,0.99397275,0.98797496,width2_d1_m8,1
59,5,127.86386347566227,8.355304850376458,-0.18982630395103783,-0.8908266676568988,-0.20232487587744952,0.29145852760742197,0.02745982146844539,0.24549758194623006,-0.1496956429607368,-0.1586055163005018,seed_from_width2,8,9.62024234838,20971973.8155,20971973.8155,1.00000000,0.99605513,0.99273214,width2_d1_m8,1
59,6,127.99492251858156,8.801335175196588,0.7414373839788734,-0.361069853244363,-0.11171645992194117,0.020276220598024225,-0.36076592252220285,0.3106615984173271,-0.2117586720816369,-0.09422088055187106,local_width4,9,9.61091598243,19425189.0821,19425189.0821,1.00000000,0.99649765,0.99367455,width2_d1_m8,1
60,1,126.59046731333247,8.742876060351426,0.30248213629211684,-1.2693795229672316,0.4049411934059082,-0.28149470980897884,-0.48022757872077515,0.4639792068584875,0.10418004581865453,-0.19535590915436638,medium,10,9.72546113929,22613036.6582,22613036.6582,1.00000000,0.98985715,0.97984690,width2_d1_m8,1
60,2,128.1915999482172,8.421353851776145,0.897062197636824,-0.4346740734127922,-0.31753883113209364,-0.41422802811371345,-0.2295935088539121,0.22654645142219965,-0.22969849253424823,-0.12911209905581814,local_width4,8,9.59445190072,19342105.5373,19342105.5373,1.00000000,0.99460892,0.98997674,width2_d1_m8,1
60,3,129.50652944336068,8.659775683942733,0.6179020090945639,-0.5361440751659702,1.1789578117133663,0.7768888511900913,0.01005778809313028,-0.4486539741593043,0.49743286352992166,0.03480693839603284,local_width4,8,9.52413158233,36447020.0943,36447020.0943,1.00000000,0.98908623,0.97930798,apodized_d3_m10,1
60,4,129.9267424745197,8.207131219787838,-0.26917601051333656,-0.27352526698418356,0.2404883550293121,0.2466253601705498,-0.25596096829098325,0.12388962351715795,-0.11017082145447765,-0.3688016501172634,local_width4,8,9.46933443808,20242199.4567,20242199.4567,1.00000000,0.99758063,0.99564015,width2_d1_m8,1
60,5,127.9550679726912,8.083088014334798,0.8293896132837376,-0.6367191957244135,-0.06328409375483238,-0.13209854532461096,0.06378094187559266,-0.02129742484629238,0.10750426498111659,0.08356942729415656,local_width4,8,9.62326257632,33992161.1263,33992161.1263,1.00000000,0.99574853,0.99135870,width2_d1_m8,1
60,6,126.0,8.112934720939585,-1.8997982178446011,-1.3112039949246697,-0.4588728857511845,-0.9112488885351241,0.12264252310762902,-0.19684619661634956,-0.1667549387444892,0.33813360874617493,local_width4,9,9.77019604776,18717010.7742,18717010.7742,1.00000000,0.96453972,0.93047542,width2_d1_m8,1
61,1,128.85871769781417,8.0,-0.36027172952378556,-0.7037540805205582,-0.6237414901327325,-0.28750621598375703,0.16134081545826312,-0.8226138785673397,0.18529092970200498,-0.0295006536144298,local_width4,8,9.56310872651,25959032.8348,25959032.8348,1.00000000,0.99109640,0.98167341,width2_d1_m8,1
61,2,126.07234058417721,9.334224424562638,0.15377276481917979,0.06392806007069163,-0.126946660848683,-0.3333547684608786,0.07223783509786341,-0.08040397674976846,0.21037236657724984,-0.045967503934533804,medium,10,9.77154872048,33361100.4478,33361100.4478,1.00000000,0.99945881,0.99856167,width2_d1_m8,1
61,3,122.02523705366391,9.285575205717361,-1.7462957711216625,-1.5731638742003193,0.3318043311369061,1.6709197199686543,0.11926446379042988,0.7021430214117601,0.5897189689056724,-0.526176468675787,global,10,10.1151117067,16880825.38,16880825.38,1.00000000,0.97450499,0.95130166,apodized_d3_m10,1
61,4,127.65250291321692,8.525099154108002,0.3644744737066544,0.19921776938928717,-0.2958229795802547,0.8861090162190155,-0.0996791911760564,-0.08325339279233157,0.21680672046874558,0.2287411430880652,local_width4,8,9.65278332188,32892533.7518,32892533.7518,1.00000000,0.99581111,0.99108874,width2_d1_m8,1
61,5,127.41624085503403,8.564521675932449,0.6535152400691805,-0.47762942855264284,0.15863108321173014,0.3622269384837797,0.29199736877085575,-0.3170794920914185,-0.09416339228269191,0.06443088985737323,local_width4,8,9.65765865814,22215829.5136,22215829.5136,1.00000000,0.99602686,0.99245395,width2_d1_m8,1
61,6,128.73149051808664,8.0,-1.066253957223823,-0.8309963957425176,-0.2678672115971874,0.08281890942038052,0.0471093214573134,0.060649625570119034,-0.07256757198732966,-0.062071347211098964,local_width4,8,9.55804106519,25181955.8894,25181955.8894,1.00000000,0.99224126,0.98489827,width2_d1_m8,1
62,1,129.13063973596212,9.4,-0.3309295432399535,0.15172484585258184,-0.569142679429307,-0.1993232680624505,-0.16494451908734603,-0.43161240239994497,0.1785932287371883,-0.3624725697033879,local_width4,10,9.53865345352,23153939.2913,23153939.2913,1.00000000,0.99698624,0.99375726,width2_d1_m8,1
62,2,128.59054911341235,8.030555986939268,1.1349630136138604,0.7048933979081584,0.20140723900680008,0.3831054333520818,-0.01971041484020465,-0.03573954640673721,-0.033885243935379665,-0.04557164389643491,seed_from_width2,8,9.57037938849,26526319.3075,26526319.3075,1.00000000,0.99308343,0.98643811,width2_d1_m8,1
62,3,126.27624378269762,8.234117428736548,-0.055942253185851776,-0.3748954887362894,0.7889147359360726,1.3242670382153467,0.020481123063135098,-0.0598843986704197,-0.08435198790870697,-0.08181423033262603,medium,9,9.74789664281,21212720.3695,21212720.3695,1.00000000,0.99014605,0.98057613,width2_d1_m8,1
62,4,127.53452047104382,8.55649825136798,-0.20222830071016973,0.04863310041916219,0.48400993150456156,0.1317633568549244,-0.025853231579338172,-0.32467405362447943,-0.15358068088688548,0.1958693386759996,local_width4,8,9.64579457112,20357858.2369,20357858.2369,1.00000000,0.99801593,0.99663732,width2_d1_m8,1
62,5,127.30796847105505,8.691587879847376,0.21882250651075147,-1.5951370174728121,-0.4091641750388177,0.3101433068382167,-0.020884905309363044,0.08908554598679791,0.05454571195408933,0.10412773485238586,seed_from_width2,8,9.67067109767,29281690.7334,29281690.7334,1.00000000,0.99114397,0.98238148,width2_d1_m8,1
62,6,127.99587100791486,11.862060248665397,0.05006278454893587,-1.1884074668629134,0.1656111485958871,0.07625448100777699,0.6833444646759519,-0.33133086097888875,-0.20979822821511523,0.109256689365277,global,10,9.61844625065,17808649.4844,17808649.4844,1.00000000,0.99570506,0.99210478,width2_d1_m8,1
63,1,128.32224180173577,8.0,0.06570363208270655,-1.1652243170408225,-0.2080725216478987,-0.19546183982899512,0.2348053920272304,0.23603412072480023,0.17261138421304875,-0.10625481274723866,local_width4,8,9.59735143135,34990734.2755,34990734.2755,1.00000000,0.99415160,0.98805323,width2_d1_m8,1
63,2,128.51855556514846,8.793253723603609,-0.6162278132417712,-0.548559277386981,-0.4162489781206023,0.44733855085169916,0.11366986305642325,-0.15100509781621024,0.18656661765717333,0.12402761116256465,local_width4,8,9.58513556315,34377855.4066,34377855.4066,1.00000000,0.99670211,0.99304058,width2_d1_m8,1
63,3,128.67756756750674,8.35525578120099,1.029194165102289,1.410951255002504,-0.37711437983851115,0.044153492961382323,0.1170735619582117,0.10133692404708732,-0.07894592815220415,0.19135057977413097,local_width4,8,9.56248261481,23832681.7635,23832681.7635,1.00000000,0.98829983,0.97709816,width2_d1_m8,1
63,4,127.20893518374291,9.345280846449567,0.41199062242133416,1.6338338445661527,-0.10286057824290135,0.19556381532415604,0.05100422400687847,0.3194344578350558,0.07936284492979286,-0.08135232477366348,local_width4,10,9.68205234845,30006416.8206,30006416.8206,1.00000000,0.99176681,0.98344704,width2_d1_m8,1
63,5,129.9612599317765,8.287202769463496,-0.9479199641561712,-1.1673854750753196,0.6055017833059251,0.005836321447004078,0.03014488665530446,0.10911660175672444,-0.1382109154688611,0.15050679739338288,medium,8,9.46420554948,20878881.4648,20878881.4648,1.00000000,0.98831511,0.97738193,width2_d1_m8,1
63,6,128.4086295534326,8.40236578002497,0.6490353251835119,-1.550988120152587,0.3828828314376138,-0.555721329182635,0.17376910412441307,-0.6053372990743748,-0.23686670373629404,-0.21420096609687134,local_width4,8,9.58146757037,19435667.5919,19435667.5919,1.00000000,0.98830221,0.97728553,width2_d1_m8,1
64,1,129.7487247871672,9.244772678439325,-1.2511902201120773,0.010303504706583567,0.6509169485888221,-0.6943774378296218,-0.24155781125030762,-0.3680325895861123,0.2949914448906278,0.3078883592421463,local_width4,10,9.49769244536,29446681.4725,29446681.4725,1.00000000,0.99211319,0.98372118,width2_d1_m8,1
64,2,129.25094480113188,8.55186884594308,0.057554689558122846,-0.8869681992134342,-0.7214457321246317,0.6270589553422202,-0.3909132184871788,0.21889003493407566,-0.2952832575723639,0.20988823301341597,local_width4,8,9.51293926329,16091862.2226,16091862.2226,1.00000000,0.99251267,0.98605794,width2_d1_m8,1
64,3,129.01292565273494,8.53297717248846,-1.0592393266691698,-0.017178616558710946,-0.830793175181266,0.9651838922053458,0.10340835474999643,0.0994473523631564,0.04523975230657974,-0.047445158265970865,local_width4,8,9.54383461825,26343427.3724,26343427.3724,1.00000000,0.98875185,0.97758385,width2_d1_m8,1
64,4,128.41337321452292,8.641963704782144,0.15564316826903712,-0.5701727372790042,-0.6423343533109196,-0.27669901488766324,-0.03428132271708982,-0.15545428921565496,-0.023393332617384216,0.11751354877222701,seed_from_width2,8,9.58457749093,25579913.0446,25579913.0446,1.00000000,0.99708274,0.99440521,width2_d1_m8,1
64,5,128.51776841245513,8.320472475163594,-0.8053493200440532,-0.4060245154403253,-0.31714249621925283,-0.2576103691941431,0.10633908862249558,-0.03531449735328605,0.09494240708673807,0.07690296399144209,seed_from_width2,8,9.5814524943,32946585.2299,32946585.2299,1.00000000,0.99594842,0.99176054,width2_d1_m8,1
64,6,125.3044404926878,9.382746079412069,-0.020130331990701023,0.16998029246939594,0.003235512157699849,0.20637454590859705,-0.04631129963588285,-0.14840082805276372,0.13786347266003493,-0.0679027166155789,near_plain,10,9.8289705972,22296507.2309,22296507.2309,1.00000000,0.99950407,0.99884009,width2_d1_m8,1
65,1,129.7222235549293,9.143464224761571,0.18757865118528616,0.15400372646369137,-0.10330831253938703,0.02323733726966798,0.05317306540149594,-0.1321625059701123,-0.1577575239794721,-0.09669188824089589,local_width4,10,9.48423942439,21723201.9399,21723201.9399,1.00000000,0.99930785,0.99918869,width2_d1_m8,1
65,2,128.69422559527607,8.601179219702145,0.127533139852681,-0.20868357147133676,0.24710229936814354,-0.6028222876691816,0.4079861541866967,-0.021765131132947646,-0.09512543111406163,-0.029950223820055022,medium,8,9.56205420804,22849761.4579,22849761.4579,1.00000000,0.99749326,0.99535740,width2_d1_m8,1
65,3,129.11675925722196,8.02320711297768,0.9858265498638744,-0.10029248072213225,0.13147005663928407,-0.07757400508934545,-0.01775745698351263,0.06667213058838582,0.05113159225710466,0.0069085964185108956,seed_from_width2,8,9.53464340044,31544451.2165,31544451.2165,1.00000000,0.99619563,0.99238820,width2_d1_m8,1
65,4,129.21627593335967,8.891465354679521,-1.006705223209957,0.4137681074990229,-1.2645101096213132,-0.4927601790094806,-0.5466641024669059,0.08340940395043449,-0.43620437430253434,-0.05838746867467701,local_width4,8,9.50590955666,11169634.8785,11169634.8785,1.00000000,0.98084734,0.96375711,width2_d1_m8,1
65,5,128.2001605235687,8.579558018443116,0.7085798901281792,-0.5478575858879172,-0.34090776052124294,0.13088382319466838,-0.38580464280698507,0.09606595298742263,-0.27053695054305943,-0.04408377680703458,local_width4,8,9.59314595174,18542769.7214,18542769.7214,1.00000000,0.99569540,0.99222787,width2_d1_m8,1
65,6,129.82291797828452,9.325169954944144,-0.12351754091570832,-0.13737563829017607,-0.17335703810503866,0.346178649575005,-0.42145869724248275,-0.04061083963796869,-0.013923309350128088,0.20509246365952444,medium,10,9.48206614551,23736189.171,23736189.171,1.00000000,0.99856305,0.99732714,width2_d1_m8,1
66,1,127.14794477855222,8.611276250918085,0.05132967966229074,-1.4852037334923278,0.6876924226728907,-0.07495138914007374,-0.7179470788771906,0.6268871850472094,0.11444912426974292,-0.2640019172578853,local_width4,8,9.68007358431,16681836.1387,16681836.1387,1.00000000,0.98050544,0.96159209,width2_d1_m8,1
66,2,129.19550401460373,8.517570455278056,0.47137171915487563,0.16247691548814316,0.42198797938223687,0.44387081557179586,-0.1613416438709099,0.20149910046147362,-0.22471298816599736,0.13505543738220271,local_width4,8,9.52015974932,19812046.4184,19812046.4184,1.00000000,0.99734516,0.99541796,width2_d1_m8,1
66,3,124.79005280991187,9.14093383782336,-0.5376270008962486,-0.8323230171477594,-0.6213499559177584,0.1935463116764753,-0.010455325691019202,0.19056453569895948,0.3097830172738446,-0.2865721434507184,global,10,9.8745702856,32771633.5811,32771633.5811,1.00000000,0.99580074,0.99107188,width2_d1_m8,1
66,4,128.199624359462,8.368559798169649,-0.6113012813178396,0.47201976043917054,-0.017573550079561004,0.21391152512720676,0.004380919754968293,-0.07891607937153876,0.007698052186159057,0.046647663569694825,seed_from_width2,8,9.60145552672,28284393.4868,28284393.4868,1.00000000,0.99744492,0.99501718,width2_d1_m8,1
66,5,128.41647647292274,8.472533558126376,-0.04298384076140482,-0.018762269580560695,0.05930858934860681,0.22595556490232357,0.10626949005858408,-0.029556578447295728,0.0089111325935733,0.13234613465585765,local_width4,8,9.58564854402,27901128.0286,27901128.0286,1.00000000,0.99962412,0.99936202,width2_d1_m8,1
66,6,129.2973751455512,8.211178436755231,0.40333763473929385,0.13225550667064012,1.2546233144064574,1.0218606677627715,-0.20786102187991204,0.03214861698064855,0.11318647203387353,-0.09588898871079354,medium,7,8.84790285028,103274.549855,103274.549855,1.00000000,0.99863863,0.98487295,width2_d1_m8,1
67,1,127.89165543719929,8.237662289281408,-0.5087659594287766,-0.7854181037123777,0.17785999140219613,-0.38294342439391776,0.03669964394242349,0.0024046757451951645,0.03895688333434574,-0.036160615015196636,seed_from_width2,8,9.62621443802,30018440.4259,30018440.4259,1.00000000,0.99547990,0.99097655,width2_d1_m8,1
67,2,128.57723998739976,8.45256495371564,-0.15567708998971402,0.3462368962878892,-0.460367054502112,-0.2670917356926642,-0.06434386869449898,0.07196898295836691,0.040098786375085106,0.24613432795909507,local_width4,8,9.57455412053,27528921.1529,27528921.1529,1.00000000,0.99822041,0.99649542,width2_d1_m8,1
67,3,126.69113147394711,8.822383572048558,-0.36734861151017867,-0.32514168441703695,0.365856318734812,0.8670566383989657,0.2673838387237413,-0.5782069421854039,0.09667298265300332,0.0544990924670192,local_width4,10,9.72268566241,26346726.9446,26346726.9446,1.00000000,0.99563974,0.99105197,width2_d1_m8,1
67,4,126.66415170610554,8.465336308418532,-1.428253757455911,1.0231338524872422,-0.3388145170645349,0.4014692534744695,-0.1899553402525297,-0.05466451067331249,0.1140748417461939,0.13489558683662276,medium,8,9.72119504594,29533540.1365,29533540.1365,1.00000000,0.98544557,0.97099268,width2_d1_m8,1
67,5,129.08649783812652,9.03387568246071,0.5675366383636732,0.31706055553597823,-0.5456435578314057,0.02915067715108978,0.18072526290707974,0.12963702674885988,-0.058188210332130647,-0.12792872737075633,local_width4,10,9.533257419,23418203.0709,23418203.0709,1.00000000,0.99686040,0.99409853,width2_d1_m8,1
67,6,126.0,9.286919310883157,-2.19874989670421,-1.701090860004029,0.37211795836579087,1.6623251691257153,0.07617302002017118,0.5793804393484254,0.5027952238094834,-0.4902064147323666,local_width4,10,9.79175388253,22015633.1566,22015633.1566,1.00000000,0.97219318,0.94611938,apodized_d3_m10,1
68,1,127.73578502747836,8.304632047664317,0.7193703739385466,0.333704342321244,-0.5401505350564555,0.949111947047413,-0.19246758960989901,0.1854394254706234,0.26121716297058345,-0.08011389158242851,local_width4,8,9.64879442869,38182902.6827,38182902.6827,1.00000000,0.99352871,0.98670083,apodized_d3_m10,1
68,2,129.0413735220847,8.496243061892518,-0.285701714040704,-0.49444641458921607,-0.17551548908136844,0.021324511486221366,-0.3538320246670942,-0.1801495361591746,0.11646296520126859,-0.1005226262712503,local_width4,8,9.54297657283,30564111.3497,30564111.3497,1.00000000,0.99798911,0.99581615,width2_d1_m8,1
68,3,129.33763863269354,8.448408591766865,-0.3389719911159882,0.7633044139724066,-1.0568374893940442,-0.679331873489071,-0.10978143117954911,-0.269658062367618,0.23494503052643098,-0.05523936762749729,local_width4,8,9.52359074708,31707800.6931,31707800.6931,1.00000000,0.99234028,0.98437792,width2_d1_m8,1
68,4,124.95198167226728,9.632141046263325,0.5376780936254515,0.2748547382278069,-0.43312308932013527,0.04363410891186337,-0.020163994548769625,-0.02075557314546139,-0.014041747322404315,-0.017677953445215718,near_plain,8,9.85179118605,25099082.7845,25099082.7845,1.00000000,0.99826752,0.99679215,width2_d1_m8,1
68,5,127.31147883227081,9.206422605058329,-0.314375992935469,-0.3365373871749142,-0.089983955842033,0.4344354008911365,0.023244066241601136,-0.144653590669987,-0.09849330893155522,0.20267379503159855,medium,10,9.66688505324,22610201.3957,22610201.3957,1.00000000,0.99849682,0.99738360,width2_d1_m8,1
68,6,126.95680294840193,8.079909126005704,-0.22466368806098957,-0.07158287994184498,0.9175576107985952,-0.8463271998173073,-0.5251253434253651,0.16023503012751583,-0.36349474859734704,-0.04017449226973002,medium,8,9.68111924657,13865234.3967,13865234.3967,1.00000000,0.99141399,0.98411894,width2_d1_m8,1
69,1,128.76715977927017,8.0,1.1793804405091304,0.34498264176318616,-0.2534354492124436,-0.5765312282717086,-0.16720840390974012,-0.05964301399759325,0.1730509058457672,-0.14319450517542986,local_width4,8,9.56761110359,35153779.9532,35153779.9532,1.00000000,0.99091804,0.98143473,width2_d1_m8,1
69,2,128.81101166582118,8.0,-0.37304427863677037,0.6357168722444382,-0.05023654920303314,0.3617042756833153,-0.26783571155509345,0.1610217732878198,0.2665980687578154,-0.12131981657147461,seed_from_width2,8,9.56646564949,40472302.8391,40472302.8391,1.00000000,0.99661339,0.99264161,apodized_d3_m10,1
69,3,128.6899804489061,8.161150294234465,0.46557916909878544,0.21678882420889967,-0.380491640469319,0.33059281521277756,0.03846249563849011,-0.09980010060914675,0.027195688982824137,-0.07307684164815266,seed_from_width2,8,9.56512759085,28456293.2844,28456293.2844,1.00000000,0.99784700,0.99578003,width2_d1_m8,1
69,4,128.61444680640113,8.06807126573406,-0.44615156896263,-0.2023440562658133,-0.4059231739722302,0.42880066970726066,-0.0010170219855586138,0.07788758710647495,-0.05215793085961962,-0.1796133639402278,local_width4,8,9.56802453784,24281892.7217,24281892.7217,1.00000000,0.99743288,0.99516197,width2_d1_m8,1
69,5,128.8273238543798,8.590876562557504,-0.2896533865007576,-0.728638983601499,0.014520198410601037,-0.028968598479897967,-0.2824025587796186,-0.13153267449756398,0.16130202011888894,0.10026586427847584,local_width4,8,9.56066076763,33547036.6433,33547036.6433,1.00000000,0.99755679,0.99482723,width2_d1_m8,1
69,6,128.66145635799543,8.175318936788544,-0.28605731305202503,-0.14984967097619767,-0.20857727252874766,-0.1301359290420314,0.11333093610410833,0.10135622561898727,0.1086459394514766,-0.14377120154420447,seed_from_width2,8,9.57078043712,32524462.7815,32524462.7815,1.00000000,0.99919174,0.99821743,width2_d1_m8,1
70,1,128.21378637140026,8.130692805756425,-0.14965589273957525,0.8213695141175397,-0.19008676389184342,0.5516722364451876,0.13597237638094697,-0.15441287665602282,0.020222496834785553,0.03846828418164616,medium,8,9.6011181782,28370133.0878,28370133.0878,1.00000000,0.99566666,0.99140684,width2_d1_m8,1
70,2,128.81351412476238,8.580711472505882,0.6975570929244419,-1.4254842939053682,-0.16373101401553214,-0.40729643190654113,0.00311520033656576,-0.15764487863057935,-0.09675462912373166,0.07538056654734865,seed_from_width2,8,9.55334434714,24911620.7737,24911620.7737,1.00000000,0.99158471,0.98357230,width2_d1_m8,1
70,3,128.28248051138448,8.573877207153293,-0.3337355126396162,-0.7980082284215763,0.4718267938990018,0.17783475958439493,-0.20347564888553007,0.013978007873759468,-0.008762083983067152,0.1050196208253072,local_width4,8,9.59415271968,26248540.3818,26248540.3818,1.00000000,0.99598150,0.99220354,width2_d1_m8,1
70,4,128.0502189168879,8.0,-0.21910214098033673,-0.09795594770311375,-0.2626276900662702,0.5167153749741107,-0.22022046013635077,0.055155972467534786,0.24268478942887411,-0.32994615588145787,local_width4,8,9.62245329129,32931179.3372,32931179.3372,1.00000000,0.99763918,0.99471172,width2_d1_m8,1
70,5,129.01492863060437,8.367165376810219,0.49123091076787284,-0.8158804910094506,-0.2063937523651319,-0.2456571015509289,-0.10928350643651139,-0.007304393856595936,-0.17346533599620712,-0.1596859969396788,local_width4,8,9.53461882598,21302309.8577,21302309.8577,1.00000000,0.99619271,0.99299855,width2_d1_m8,1
70,6,128.02537841523386,8.35334207039659,1.1212186897564993,-0.8678030158778696,0.25741854784970775,-0.5440305876528786,0.10870597976524923,-0.29304922998096394,-0.036279733870752895,-0.18082451952906106,local_width4,8,9.61407295201,25907483.2551,25907483.2551,1.00000000,0.99274731,0.98573251,width2_d1_m8,1
71,1,126.92241091529581,8.245150970532265,-1.54177648172559,-0.06398550922604779,-0.19477685812073994,0.48614854055260565,0.13130074749908163,0.15490932992905115,-0.009582977574337084,0.22705221529262115,local_width4,8,9.69919104754,24500988.2388,24500988.2388,1.00000000,0.98840864,0.97702159,width2_d1_m8,1
71,2,129.10409407798417,8.104304831149713,0.8787190420690276,-0.08327715010951664,0.1833751354441177,-0.018612414175171964,-0.20007269976474915,-0.018190598924592336,0.25477470512617895,0.025800110247780575,local_width4,8,9.5445789571,42976817.5346,42976817.5346,1.00000000,0.99671061,0.99279344,apodized_d3_m10,1
71,3,128.87814601296589,8.0,1.2502118258203267,-0.046836689012137334,-0.03287523982511621,-0.049919156665719,0.06487670504074905,0.21146304525783266,0.04124132207187303,0.14003384173302325,seed_from_width2,8,9.55143898562,29241369.5668,29241369.5668,1.00000000,0.99335810,0.98680415,width2_d1_m8,1
71,4,129.49126831100725,8.37298301099043,-0.31934652762301574,0.763111987210753,-1.111445690913605,-0.5699520707999818,0.14124128338523403,-0.26246855906862276,0.21083195528440438,0.05961740635395518,local_width4,8,9.51117859198,31823090.8626,31823090.8626,1.00000000,0.99301871,0.98579912,width2_d1_m8,1
71,5,128.90499479029629,8.969269291528601,0.5036684617909173,1.2280559078399431,0.18186939680507042,-0.8596640739786637,0.3733257078049508,-0.11681202375906236,0.18250626719007318,0.1433155849975511,medium,8,9.55631035431,30983913.6559,30983913.6559,1.00000000,0.99075228,0.98124755,width2_d1_m8,1
71,6,128.17971928598763,8.926656537707466,0.17087748655360402,0.9242464215112467,0.06176003725596818,0.5404508772766451,0.1759808503152333,-0.26084170659982997,-0.15582717970371873,0.16168883526251623,local_width4,10,9.5978155507,20245766.9198,20245766.9198,1.00000000,0.99516915,0.99095504,width2_d1_m8,1
72,1,127.09294378890401,8.0,-1.0130447017778588,0.23501226182938617,-0.8188303511348481,-0.11490061036184339,0.06537775361261833,0.194341004151718,-0.1391411718403084,-0.02544526549690662,local_width4,8,9.677479596,20186226.9443,20186226.9443,1.00000000,0.99092185,0.98256004,width2_d1_m8,1
72,2,125.31427979428344,10.413874719730265,-0.11144349586828653,-0.03132799753004277,0.07418120403790943,0.004012745563840292,0.1361334963030317,0.11590516107255053,0.0527950253347268,-0.13245275551111108,near_plain,8,9.82670586649,27002179.4709,27002179.4709,1.00000000,0.99976110,0.99963011,width2_d1_m8,1
72,3,128.4029184172282,8.0,-0.2946773977710117,0.4265651712305596,0.41209961012016194,0.7536814968770453,-0.12508953672944045,0.006487857750019366,0.08952256478350981,-0.06698013428599513,seed_from_width2,8,9.59031391961,31730820.9391,31730820.9391,1.00000000,0.99562783,0.99109098,width2_d1_m8,1
72,4,127.40871465252373,8.047340276348262,0.18881083073014313,0.00913803972779742,-0.6797198272411733,0.48415668327345984,-0.1885147138947536,0.13984947292678843,0.40100924138518257,-0.09813071167324158,local_width4,8,9.67658841788,43438337.383,43438337.383,1.00000000,0.99668339,0.99375946,apodized_d3_m10,1
72,5,127.24842939218769,8.035324457673715,0.4805562743691216,0.9584437818273728,0.7153272492918594,0.38078571182518717,0.5761082128276813,0.2919359890079858,-0.06400677039583674,-0.48248789901768385,global,8,9.67115890166,15615171.1457,15615171.1457,1.00000000,0.98819702,0.97687101,width2_d1_m8,1
72,6,128.69275385608242,8.0,-0.06488210979065437,0.36413083783061,0.07361377164767552,0.10860189754496768,0.17114250429600347,0.10156164370426302,-0.04259645227960143,-0.022329930092188477,seed_from_width2,8,9.56264777653,26160472.8075,26160472.8075,1.00000000,0.99907829,0.99839810,width2_d1_m8,1
73,1,127.01374806850788,8.347552348365292,-0.015544642822918397,-1.276169859782437,0.4834922842786996,-0.014311101203522143,-0.6051712651781446,0.6984262517105695,0.018250902192341878,-0.39123150853052957,local_width4,8,9.68728983971,15141284.2613,15141284.2613,1.00000000,0.98369681,0.96807773,width2_d1_m8,1
73,2,127.2993017635046,8.095611336920546,-0.07192264189318025,-0.858742037843983,0.22056186308047573,-0.11242753256449145,0.014874007901646322,-0.10449136700344892,0.054830606392792636,-0.17484571750434547,local_width4,8,9.67147089727,30359309.5546,30359309.5546,1.00000000,0.99653543,0.99304474,width2_d1_m8,1
73,3,128.71687011264495,8.0,-0.5041460670530421,0.5180007246716725,-0.03761268075176338,0.5826862203106662,-0.3343935817257159,0.12870631921381082,0.03889038051164864,-0.12953652237641755,local_width4,8,9.56442139548,27729690.6615,27729690.6615,1.00000000,0.99566935,0.99135025,width2_d1_m8,1
73,4,129.3353143000126,8.08576297884853,1.0314465767157985,0.0017584891609850328,0.5143378788772585,-0.2511280571005097,-0.1554088651269932,0.12070810892411882,-0.0106478912609492,0.13731249580823868,seed_from_width2,8,9.51686970131,26330409.4416,26330409.4416,1.00000000,0.99475315,0.98966337,width2_d1_m8,1
73,5,123.40068274169751,8.633649419619427,-0.30587276895278404,-0.8191849853741471,-1.0249884886414022,-0.16817635865501024,-0.46021166327302215,0.21284697451915058,0.5295829627973307,-0.28029565532145717,global,10,9.99298734491,30171231.4839,30171231.4839,1.00000000,0.99248436,0.98559373,apodized_d3_m10,1
73,6,128.40165076715974,8.855332390337631,-0.49865540425914456,-0.959381351355893,-0.627074483891481,0.8928678831097923,-0.6412185793715158,0.5173609324862619,-0.48729351814004235,0.5057819322291004,local_width4,8,9.57032529711,9924137.28229,9924137.28229,1.00000000,0.98520759,0.97220694,width2_d1_m8,1
74,1,125.30161418407911,10.06956314387608,0.11384005338964975,0.5282750855332545,-0.6234503044794992,0.4241687765681048,0.14241212925055757,0.7860534853099519,0.26083419685015063,0.2925323183646177,global,8,9.83576731089,23690205.9841,23690205.9841,1.00000000,0.99534941,0.99022803,width2_d1_m8,1
74,2,126.71633643657864,9.081779666477116,-0.13791884968712936,-0.19442470849939342,-1.328003733282639,0.2642926903849273,0.06801489424674714,0.21203126090001048,-0.21374823994391925,-0.15747007646330874,local_width4,10,9.70459411888,16419641.7364,16419641.7364,1.00000000,0.99289910,0.98678921,width2_d1_m8,1
74,3,127.10367819921237,8.118175693594049,-1.3246837134345388,-0.06379474881616828,-0.2312834902405038,0.24624702007983285,0.32485511953873725,0.35417494765860613,0.09467072279193531,0.27384384954635,local_width4,8,9.69044832227,26835827.7827,26835827.7827,1.00000000,0.99044108,0.98069398,width2_d1_m8,1
74,4,128.6908447565952,8.668313852597562,0.653130574438222,-1.6048547305749115,-0.24230771011360444,-0.9812130347309815,-0.13989375275537105,-0.03606336032200724,-0.026623201258020493,-0.11327897275785723,seed_from_width2,8,9.56638036978,25760221.8066,25760221.8066,1.00000000,0.98907082,0.97833881,width2_d1_m8,1
74,5,128.69066964120532,8.341795886195019,-0.45192628592663237,-1.2986418084587181,0.022874710190892322,-0.08063081347490988,0.1648513225207905,0.40310236147577366,0.258836720221574,-0.28093153059859266,local_width4,8,9.57267480786,34044562.3356,34044562.3356,1.00000000,0.99184237,0.98330071,width2_d1_m8,1
74,6,128.80438330725312,8.558081864794827,0.2268361443660663,-0.3512321015686274,0.3423859794240187,0.2082768098832275,0.11571647532177579,-0.13466507036311656,-0.1647498911962402,0.046110909422491846,local_width4,8,9.55061487443,21687340.7682,21687340.7682,1.00000000,0.99832692,0.99724983,width2_d1_m8,1
75,1,126.0,8.0,-0.30432870113709565,-0.600100595068648,-0.39492473168314135,-0.8021540463179176,0.319901173407143,-0.11599478395175197,0.05429820870334229,-0.1718015884792552,local_width4,8,9.77397077369,27346206.4779,27346206.4779,1.00000000,0.99347307,0.98679642,width2_d1_m8,1
75,2,129.47407889738548,8.075205030262666,1.2410744751995535,0.09847301428668753,0.1755715148545016,-0.4388598737260164,0.04281509455675754,0.0394554350845175,-0.03656852874449917,-0.015025868020218172,seed_from_width2,8,9.50533309279,26177537.3217,26177537.3217,1.00000000,0.99308540,0.98642889,width2_d1_m8,1
75,3,129.54354027104068,8.576795033734998,-0.4542169495148561,-0.2706505306945035,-0.007565303621222846,0.4219195071372226,-0.15865201067670318,0.00013236143235005604,0.022826157888688248,-0.25251022268025614,local_width4,8,9.50285602805,26859205.8905,26859205.8905,1.00000000,0.99804578,0.99617400,width2_d1_m8,1
75,4,127.15223880526088,8.083802019532829,-0.355444812917376,-1.4509011483697392,-0.28942254063377226,0.24338834365559048,0.1050005071361555,0.12335284652947895,0.011842351360059157,-0.016627951539936764,local_width4,8,9.67990463763,28724897.8164,28724897.8164,1.00000000,0.99178122,0.98376720,width2_d1_m8,1
75,5,129.04330369770034,8.408062417049955,0.8794521609882818,-1.256275202496609,0.29061261147147477,-0.40308130834147626,-0.06766697135581776,-0.45034645620421165,-0.03397787294854081,-0.17761043266975643,local_width4,8,9.54036970594,26557146.8973,26557146.8973,1.00000000,0.99140834,0.98294906,width2_d1_m8,1
75,6,126.35452795043004,9.215662665489752,0.32091943281102986,0.1556464979408091,-0.3312007071839597,0.19223641904861866,0.06393134141765644,0.28257104946443035,0.32487800107804865,0.1828784221587818,medium,10,9.75362466274,34688923.3974,34688923.3974,1.00000000,0.99862759,0.99661074,width2_d1_m8,1
76,1,129.66578989866147,9.16966332678232,0.4284536127959815,-0.21293639159177502,0.15992951617048323,0.5402361018043664,0.20792047860743157,0.6296943773723929,0.29248918001110963,0.46196293290806517,medium,10,9.50416017972,24628357.7191,24628357.7191,1.00000000,0.99636519,0.99217408,width2_d1_m8,1
76,2,126.29232126070602,8.877363599046287,0.83672339064279,-0.18545962981917086,-0.02618148857982716,-0.2772118386928448,0.3277255790123026,0.34733143122997767,0.11287478021564423,-0.13359876012798252,medium,10,9.74992138227,26413872.7617,26413872.7617,1.00000000,0.99613217,0.99221377,width2_d1_m8,1
76,3,127.32250779449649,8.799333786671731,-0.18362470664182529,-0.6023043008679894,0.12741293783186147,-0.8951460902045597,-0.12512854138854554,0.4024313634810203,-0.18294002071820223,-0.19477680164741754,local_width4,10,9.66271394756,18854334.5462,18854334.5462,1.00000000,0.99479654,0.99021922,width2_d1_m8,1
76,4,128.37054645460074,8.335726371348443,0.6147359088791073,-1.512082118474859,-0.08094398854738663,-0.1584349501071881,0.009714462677177377,0.03071214258904259,0.13148228430612888,-0.12951890287890985,seed_from_width2,8,9.59322138452,33973994.9146,33973994.9146,1.00000000,0.99059534,0.98106232,width2_d1_m8,1
76,5,128.86968747074027,8.872269830276437,1.4042431822081776,-1.152563586361393,-0.6212621191761313,-0.263569725531265,0.2201882567497674,-0.03906036287166656,0.19872360229610397,0.17106748270593358,local_width4,8,9.55675463434,30178087.2115,30178087.2115,1.00000000,0.98688653,0.97370945,width2_d1_m8,1
76,6,127.78317251531514,8.302557466462398,-0.2342540906167672,-1.3093301275740703,-0.5841167720784863,0.00926800315933679,-0.2816134068452669,-0.25441790606058584,-0.1215581987707122,-0.15509123238184475,seed_from_width2,8,9.62896296061,20896765.4223,20896765.4223,1.00000000,0.99177685,0.98405051,width2_d1_m8,1
77,1,128.3301561472478,8.013088590278729,-0.013367553400776222,0.1805081319811236,-0.31873918517200583,0.053232555773721435,0.052088423899583056,-0.45394782230814557,0.20131014857848836,0.08999193931862243,local_width4,8,9.59863397064,33635727.2644,33635727.2644,1.00000000,0.99859662,0.99679114,width2_d1_m8,1
77,2,125.17298973924953,8.529056105156826,0.16044362157442071,0.21228962596656475,-1.0266406283684812,0.2633870667566358,0.20369523942096227,0.062340413516167564,0.08990293759781595,-0.14382938399293912,global,10,9.83493581737,25884052.2369,25884052.2369,1.00000000,0.99541488,0.99090809,width2_d1_m8,1
77,3,129.9432998831321,9.082329522776913,-0.6487805755799491,0.17229451025935227,-0.8500331382501591,0.06509032963386585,-0.37446519014102764,0.09410422117032557,0.006682814401110626,0.016880490817339555,medium,8,9.47088793018,23201762.5378,23201762.5378,1.00000000,0.99447982,0.98929512,width2_d1_m8,1
77,4,127.22947987584774,8.508095040497214,-0.2689745060934453,-1.1928820817526387,-0.446059563663155,0.3743405074006119,-0.1428272320324948,-0.15680402673987076,-0.004197275802640371,0.04392789523438689,seed_from_width2,8,9.67535691695,26815564.1401,26815564.1401,1.00000000,0.99402905,0.98820549,width2_d1_m8,1
77,5,128.2102888605701,8.171662194713718,-0.32554008056865597,-0.6437125791516218,-0.3424787616262024,-0.08982634387978633,-0.06896401503895089,-0.011302371833044014,0.027146744903408765,0.04354781926418996,seed_from_width2,8,9.60095728725,29830759.6853,29830759.6853,1.00000000,0.99753294,0.99515247,width2_d1_m8,1
77,6,128.98104099296324,9.4,-1.554797702388983,0.06157379848607107,0.9776901262529468,-0.31144375224902276,-0.2868422252082289,0.025982957691895625,0.21217870623409077,0.2555026965135006,local_width4,10,9.54923529852,25693625.9337,25693625.9337,1.00000000,0.99177978,0.98340167,width2_d1_m8,1
78,1,125.78518231081398,10.21837236552932,0.15193257510192293,0.22026278898126467,0.06504841104742975,0.1441821955166933,0.060220988880431175,-0.08514080883847545,0.01316874661180667,-0.060221784143718704,near_plain,8,9.78834597316,26061401.3467,26061401.3467,1.00000000,0.99961816,0.99943099,width2_d1_m8,1
78,2,128.02367169437562,8.134650298951762,0.993008455014061,0.6412331057098899,-1.0678143563130238,0.7608020487044445,0.04552422797895672,-0.23114072838998362,-0.04892092919109778,-0.04078737462600371,medium,8,9.60959567259,21379267.8606,21379267.8606,1.00000000,0.98657025,0.97376981,width2_d1_m8,1
78,3,128.60052877544686,9.162156800200693,1.22730972996124,-1.325449884826112,0.5269917610191135,0.328944298327965,-0.3475025114095339,0.3002106055998521,0.15386190235928027,-0.19024496070505384,local_width4,10,9.57794925253,25260890.2205,25260890.2205,1.00000000,0.98451351,0.96901911,width2_d1_m8,1
78,4,127.28614403057016,8.0,0.9695761135058807,0.5890730111636169,0.010787249807575275,-0.09838323504511753,-0.23448990195965824,-0.0033152144905381487,-0.029768593707884247,0.19688944633740763,local_width4,8,9.67015761563,25703546.25,25703546.25,1.00000000,0.99416859,0.98850752,width2_d1_m8,1
78,5,128.04618177014285,8.0,-0.47411669286153235,-0.25406196593206903,-0.06993781551546865,0.6033658111588017,-0.31457054608061974,0.013819509834765797,0.06370462446814029,-0.1020343370407269,local_width4,8,9.61517545679,28209044.5004,28209044.5004,1.00000000,0.99685565,0.99366315,width2_d1_m8,1
78,6,126.59411065270297,8.208556594845668,-0.4864898561167583,-0.6269389541077439,0.599624112371922,-0.17019445511971903,0.2975656583513466,-0.15961421797495592,0.09524147667016317,0.14192579241456166,local_width4,8,9.72739642845,29413736.2624,29413736.2624,1.00000000,0.99495409,0.98977345,width2_d1_m8,1
79,1,128.66827697712742,8.446257052556623,0.035470548563844156,0.4277993425814964,0.292215558785556,0.2261654034822141,-0.18164774650486243,-0.17556885714312398,0.10816992566937736,-0.13596100968525093,local_width4,8,9.56993744256,31087623.0205,31087623.0205,1.00000000,0.99842459,0.99672822,width2_d1_m8,1
79,2,126.0,9.4,-0.09584440770275186,0.02939551521334966,-0.30302775673102256,0.16319032241951653,0.25586686376664797,0.004444050812127773,0.1706096305700407,-0.1663951877448981,local_width4,10,9.77588852766,21759524.0001,21759524.0001,1.00000000,0.99913018,0.99801201,width2_d1_m8,1
79,3,127.06577137056344,8.473926060611355,-0.5013156982620183,0.2116605567920744,-1.2115705495376856,-0.48331866726659545,0.04271013586430153,0.001742489999558644,-0.08085631632254031,-0.029409746755492086,medium,8,9.68147815242,21004167.841,21004167.841,1.00000000,0.99201345,0.98463945,width2_d1_m8,1
79,4,128.12948365493253,8.359866270296262,-1.000546718393747,-1.352943134491884,0.9914325552383441,0.3102407847279798,-0.21049788417159448,-0.3088065911386171,0.14361878630392044,-0.0712234358679778,medium,8,9.61110945355,29037047.97,29037047.97,1.00000000,0.98600882,0.97202953,width2_d1_m8,1
79,5,127.71559315942629,8.112979456535685,0.3101159440889949,-0.709013787774196,0.032111358484003594,-0.6499380772430405,0.25880671769247543,0.35851084676069056,0.3337853495630805,-0.004459099488715423,medium,8,9.65036618399,37751098.9639,37751098.9639,1.00000000,0.99480954,0.98939066,apodized_d3_m10,1
79,6,128.22152403224422,8.33521510709981,0.6953628403187434,-1.8213673555723622,0.2512774765246778,-0.3755864948461962,0.23103700838084196,-0.11011456791649413,-0.04686123433374557,-0.32289295305835747,local_width4,8,9.59796300016,23263205.1823,23263205.1823,1.00000000,0.98494776,0.97039077,width2_d1_m8,1
80,1,128.9209009566851,8.0,0.5737842487348752,0.48058664727650335,0.20342820713741633,-0.016941293134036327,0.12488113210882468,0.006192508932540919,0.08418888068172894,-0.21356063768501082,local_width4,8,9.5500673436,30703134.4827,30703134.4827,1.00000000,0.99732557,0.99457945,width2_d1_m8,1
80,2,128.75296847241302,10.101133445219446,-1.6811638058115113,0.31350281558923787,-0.17943431762807993,0.8857013029250804,-0.31473281953276483,-0.5850492837920409,0.4969934433989347,0.005064292155758654,global,8,9.57636597225,12343829.5857,12343829.5857,1.00000000,0.98845765,0.97719282,apodized_d3_m10,1
80,3,128.9534995401853,8.806525647342387,0.5811539095131982,-0.9839767385107195,-0.8102988007780163,-0.8030040427239495,0.22666480081157792,-0.3534047176888678,-0.12385817134678065,-0.06748187188496557,local_width4,8,9.54243600906,20107014.2905,20107014.2905,1.00000000,0.99101110,0.98253444,width2_d1_m8,1
80,4,127.45732623838738,8.549502929890012,0.6563411920397086,0.14998269201680303,0.07782190781959009,-0.8718363870385317,-0.13112522993579484,-0.5756262098916031,-0.1911272566296531,-0.32253606958275327,medium,8,9.65318217163,17976719.3667,17976719.3667,1.00000000,0.99447114,0.98953613,width2_d1_m8,1
80,5,128.831796781854,8.100336893498548,0.8457230483476047,-0.7258959051617754,-0.2697817506844392,-0.43941696146996595,-0.33175763840385986,-0.1500639216681433,0.10300548662815033,0.11538291838545797,local_width4,8,9.56005621582,32906709.0418,32906709.0418,1.00000000,0.99476736,0.98928122,width2_d1_m8,1
80,6,127.92620601691047,8.0,0.2950940584019403,-0.3504950333535814,0.48087232351258963,0.7598366896587797,-0.11506922210877976,0.29139734694595043,0.17830610299037222,-0.2547048061172339,local_width4,8,9.62963157533,29337175.366,29337175.366,1.00000000,0.99417190,0.98796314,width2_d1_m8,1
81,1,127.59999232203792,8.037252116670539,0.08056178418021953,-0.15594259046563377,-0.008720841048906192,0.1384873235564364,0.15989412316761353,0.356258308961523,0.16739402241978413,0.3294566676244486,medium,8,9.65280970625,28733359.3725,28733359.3725,1.00000000,0.99864133,0.99696276,width2_d1_m8,1
81,2,128.25752130156866,8.486060066617279,-0.2567144742831067,-0.4848364160949555,-0.4127521036853893,0.9059616855488439,-0.11414918264772275,-0.13580667074895636,-0.12280979822363602,0.20952631699782706,local_width4,8,9.59469670818,21453290.8011,21453290.8011,1.00000000,0.99505613,0.99050703,width2_d1_m8,1
81,3,128.18075520644265,8.266872988100591,0.3943398165635524,-1.8905181625779146,-0.23275004647222658,-0.09467925545947709,0.06425595211964327,0.05047547379565215,0.12063551579688353,0.07099762776024027,seed_from_width2,8,9.60683193645,33406532.2305,33406532.2305,1.00000000,0.98690909,0.97380649,width2_d1_m8,1
81,4,125.61069059960552,9.911363573106492,0.32123361206579815,-0.19762771240133453,0.0864686757416323,0.11850762723530384,0.15874131580971626,-0.0958741415284285,0.10922650735241163,0.04620100924120479,near_plain,8,9.80433320442,29101105.2687,29101105.2687,1.00000000,0.99944281,0.99883718,width2_d1_m8,1
81,5,128.37252726640895,8.506026929391194,1.0994556167563345,-0.11149962740026798,-0.41085739387616876,-0.4177353825746381,-0.14677866383584803,0.07792567423951555,-0.1298604799339632,-0.25690249108278307,local_width4,8,9.58465067593,21403707.6259,21403707.6259,1.00000000,0.99316517,0.98683372,width2_d1_m8,1
81,6,128.06671720893002,8.34936284772017,0.9055687651839197,-1.0012129418343285,0.11706146206140178,-0.43784175264806546,0.12155537854434997,-0.30828083864179257,0.006084092333260252,-0.15273018005660716,local_width4,8,9.61271669288,28298502.7457,28298502.7457,1.00000000,0.99339103,0.98687792,width2_d1_m8,1
82,1,127.35939598716092,8.708613092085336,-0.30374553136017185,-1.1845929773777928,-0.506545711005197,0.46895857969086513,0.037464086149030545,-0.06231590209353423,0.055654430130357535,0.06264596526689042,seed_from_width2,9,9.66754383966,28772968.3064,28772968.3064,1.00000000,0.99435776,0.98872374,width2_d1_m8,1
82,2,129.11689367684744,8.0,1.0428907579190956,-0.01190115947940475,-0.24004884288350303,-0.10839142706315308,-0.06712732928759532,0.03944340821696474,-0.01041799263486922,-0.006216212674068154,seed_from_width2,8,9.5322692391,27184775.7846,27184775.7846,1.00000000,0.99495933,0.99009896,width2_d1_m8,1
82,3,127.57172269312588,9.4,0.37949362063378833,1.0467230273505097,0.6201343426132364,-0.578821261442728,0.2690189889175577,-0.1716348192112644,-0.27996284275324346,-0.002550075480174288,local_width4,10,9.63999930764,16029777.7033,16029777.7033,1.00000000,0.99200955,0.98503343,width2_d1_m8,1
82,4,128.24224062330268,8.098702376668028,-0.00449957383168631,-0.7785690551600609,-0.12307123627825041,-0.1088927445945706,0.05776848677147636,0.063176370663833,0.08279564656789355,0.08271867034253659,seed_from_width2,8,9.60073591232,30898393.6779,30898393.6779,1.00000000,0.99756269,0.99504679,width2_d1_m8,1
82,5,127.80710256411716,8.0,0.008039324224863802,-1.2729711507334223,0.021678148588745505,-0.31565093115180315,-0.016141385094496474,-0.24989996491365202,-0.10581552710220321,-0.231494976576544,seed_from_width2,8,9.62842425615,22939306.7593,22939306.7593,1.00000000,0.99270849,0.98578603,width2_d1_m8,1
82,6,126.18853326794374,9.4,-0.09454449250076691,0.4119590959748064,-0.09989700212726654,-0.15931158731589568,0.1474728294308128,-0.028094547593000757,0.012984952786044501,0.010970540480269242,local_width4,10,9.75602208145,24579064.7789,24579064.7789,1.00000000,0.99924159,0.99862973,width2_d1_m8,1
83,1,128.06512491602342,8.37594619776686,0.15877200205956582,-0.03075611003788903,0.04780164972772302,0.46115380064309186,-0.26631789679636125,-0.13951620959343158,0.4209446901702944,-0.15738871927221912,local_width4,8,9.62846917966,44589676.7781,44589676.7781,1.00000000,0.99808871,0.99679165,apodized_d3_m10,1
83,2,128.7977789163307,8.131543073378802,-0.392402813974125,0.4890331338914802,-0.3671772778605066,0.39418996602794376,-0.1208720614735661,0.03472120270847413,-0.032874482472383275,-0.10546811659485598,local_width4,8,9.55511118211,26088780.9205,26088780.9205,1.00000000,0.99697463,0.99419037,width2_d1_m8,1
83,3,129.00632071278272,8.0,-0.2804220039697348,0.4458738824815718,-0.0340446363146866,-0.13964394299217509,0.06027036227075433,0.050458506666617636,0.013644397762685265,0.0216731464783501,seed_from_width2,8,9.54151066205,28605446.913,28605446.913,1.00000000,0.99882281,0.99772990,width2_d1_m8,1
83,4,127.70128704932213,8.438135694658815,0.48495993041440455,0.8212717643855987,1.1335836624323576,1.2383114941581366,-0.0021700503628674372,-0.5119729990640387,0.002251841683902467,0.15695675384738345,medium,8,9.63744736724,19883118.9959,19883118.9959,1.00000000,0.98329912,0.96714280,width2_d1_m8,1
83,5,127.9806964546504,8.02522473798206,-0.1630763264255744,-1.4493663166632815,-0.21405069846789856,-0.2886896812663506,-0.11351305244170298,-0.024515898604035302,-0.00555505196527617,-0.10232890984797541,seed_from_width2,8,9.61752057021,27150098.4525,27150098.4525,1.00000000,0.99138514,0.98296505,width2_d1_m8,1
83,6,128.83442726705002,8.262217623879097,-0.17263756429463778,-0.5467940184706803,-0.11907610694751222,-0.0005944627620923931,-0.1766362758779471,-0.15749063527654403,-0.01678837441162584,0.1191052134165612,local_width4,8,9.55349386268,26682495.4775,26682495.4775,1.00000000,0.99842901,0.99703104,width2_d1_m8,1
84,1,129.89934655519633,8.0,0.31631487208891185,-0.3986146028563801,-0.11693206701134168,-0.21289183636699244,0.4802630341202267,0.38154850923021943,-0.02532640427458671,-0.06189805232224814,local_width4,8,9.47303629976,22997453.9299,22997453.9299,1.00000000,0.99670255,0.99370846,width2_d1_m8,1
84,2,128.02062753507983,8.423873389169971,-0.7170309200609496,-0.3582907585984552,0.04549263417188126,0.21730765259310028,-0.05991019650134613,0.09914729903076791,-0.14837636733019846,-0.1505371178276809,seed_from_width2,8,9.60914351691,21558638.2005,21558638.2005,1.00000000,0.99710353,0.99478215,width2_d1_m8,1
84,3,127.26973671086049,8.160885049305987,0.021447547872512573,-0.5409280528999857,-0.17122807019197298,-0.6652313261646976,0.040037900236745694,-0.159331660095674,-0.0878732134578687,0.12099271208258684,local_width4,8,9.66957691259,24467263.7405,24467263.7405,1.00000000,0.99688181,0.99406315,width2_d1_m8,1
84,4,126.88424802492511,8.27185340112681,-0.925473741815072,-0.14534746627302186,0.6394650871499794,-0.9577781457070268,0.04614709433802988,-0.0015443025978407188,-0.15277029606213177,-0.07079324424148958,medium,8,9.69723653282,21201491.2154,21201491.2154,1.00000000,0.99180346,0.98412021,width2_d1_m8,1
84,5,129.34151714180183,8.084617553808842,0.8406961093522076,-0.3941653166858442,-0.011161983874489523,-0.5199351933844532,-0.1225356231432316,0.31114688601302354,0.27402894439070197,0.26186062509487323,local_width4,8,9.52792279482,35977030.7342,35977030.7342,1.00000000,0.99502173,0.98955540,apodized_d3_m10,1
84,6,128.7998455500884,8.953836149941457,0.07413188195695666,-1.2566528298609674,-0.8198015204860687,-0.2604238673196708,-0.12986809442546032,-0.08304818713584884,-0.2221036774255855,0.026480538252643085,local_width4,8,9.54944861122,18976975.9086,18976975.9086,1.00000000,0.99311294,0.98703602,width2_d1_m8,1
85,1,128.9016268587458,8.0,-0.8433409785353787,-1.0331023523555745,0.06427118686444855,-0.18527770533264862,0.0747282525725218,0.09792773758369233,0.033020719930749745,-0.09215331279392866,seed_from_width2,8,9.5498731164,29427020.9223,29427020.9223,1.00000000,0.99212001,0.98433284,width2_d1_m8,1
85,2,129.29075574447197,8.63432913503771,-0.4423389487916304,-0.43285549257723654,-0.32647760621229394,0.621081421941017,-0.2146549013996193,-0.16508561379466247,0.011525728782945072,-0.21832881692062506,local_width4,8,9.52158372762,25708594.3928,25708594.3928,1.00000000,0.99660550,0.99330731,width2_d1_m8,1
85,3,128.16985542337093,8.13525923511138,-0.013727773923496323,0.4097207621538976,0.19672138885820198,0.603176190500723,-0.020676568586627628,-0.03451866045827748,0.02302887256258678,0.20348208413095664,local_width4,8,9.6050402846,27790652.0868,27790652.0868,1.00000000,0.99760038,0.99523231,width2_d1_m8,1
85,4,127.04475901747904,8.506255654857044,0.6632571126366293,0.16805271552230172,0.19605222128536925,0.7012531100585588,-0.09231227974204015,0.3205836502693321,0.01367244856784261,-0.44459023260030217,medium,8,9.69173975744,22040092.0563,22040092.0563,1.00000000,0.99545241,0.99093953,width2_d1_m8,1
85,5,129.46664583140011,8.141583991573361,1.1081052612605828,-0.4887993395774678,0.1828616463570186,-0.06209775706837767,0.07572590947720131,-0.047584013370423006,-0.09591527926704241,-0.17509628812973305,seed_from_width2,8,9.50304405531,24038419.0703,24038419.0703,1.00000000,0.99418145,0.98882010,width2_d1_m8,1
85,6,129.03751464793183,8.491075612316394,0.8248631848176546,-0.058415032919003185,1.0227887047757263,0.8532782452230889,-0.019171377754135084,-0.37529213138812617,0.6188190887881316,-0.1279109251853045,local_width4,8,9.56406239909,37405436.7448,37405436.7448,1.00000000,0.98912475,0.98047880,apodized_d3_m10,1
86,1,128.42925218092174,8.305482958607852,0.08690788578003197,0.7157127638348143,-0.2748490756916319,0.04305126610175336,0.08981298472626582,0.18660400423729634,-0.09532346272008997,-0.01794012659847191,local_width4,8,9.58100555575,23879608.9805,23879608.9805,1.00000000,0.99757903,0.99553851,width2_d1_m8,1
86,2,128.45121320106855,9.4,1.248816594294125,0.6444607673441614,0.40733409503221396,-0.527780541259087,-0.1628895307166618,-0.3980781687556748,-0.10485343736697675,0.043590685290866224,local_width4,10,9.58084431212,19398642.0252,19398642.0252,1.00000000,0.99156127,0.98360344,width2_d1_m8,1
86,3,127.14867566261988,8.387084683726158,0.9256794118785614,-0.17602426757727774,0.04666621503437428,-0.18823812455255046,-0.07003061513986576,-0.15510515312442277,0.13999184432888187,-0.13519767812467692,local_width4,8,9.6864794522,33943427.0139,33943427.0139,1.00000000,0.99671922,0.99317794,width2_d1_m8,1
86,4,128.32061869055673,8.409584170692842,0.8905118680080982,-1.3006276414290077,0.2902635225177473,-0.4898602545753116,0.20578811943185193,-0.2766615635116881,-0.13992922569981883,-0.07389912058323536,local_width4,8,9.58803645708,22276953.3606,22276953.3606,1.00000000,0.99055395,0.98166532,width2_d1_m8,1
86,5,128.02101839913453,8.563275367237607,-0.5612588842214504,-0.9761682141949584,-0.17891207613675317,0.4962460063137454,-0.14694798747481708,0.05149293307146344,-0.06160183836192093,-0.019211439786479184,local_width4,8,9.61248213177,24470173.1017,24470173.1017,1.00000000,0.99486670,0.99008214,width2_d1_m8,1
86,6,129.7058786330654,9.323361270231135,-0.8351389040877202,-0.10096459205059974,0.8780871075150724,-0.9657639590767337,-0.25673515973008154,-0.6252637035394034,0.2729033288515005,0.2730480350211405,local_width4,10,9.50139370742,24067540.5455,24067540.5455,1.00000000,0.99065668,0.98084107,width2_d1_m8,1
87,1,128.69608846803808,8.631113591370037,-0.5584766517944053,-0.21873074650329244,-0.3064244723734657,0.06847405511897192,0.36423706307186393,0.06639830099688332,0.015680653423290725,-0.18456818276721787,local_width4,8,9.56593105154,26755579.9876,26755579.9876,1.00000000,0.99795913,0.99598707,width2_d1_m8,1
87,2,128.6747164486589,8.038916812199295,1.4240867263767305,0.07811628412407629,-0.2386750365206033,-0.11304190383141842,-0.4237639795241628,-0.28277390560595705,-0.2601130122313977,0.31252259903031265,seed_from_width2,8,9.55880475664,17137429.3806,17137429.3806,1.00000000,0.98952886,0.97986539,width2_d1_m8,1
87,3,129.13521152564766,9.009973445052495,0.23980282018262705,0.11537484128268666,-0.29243838397107247,0.43267317363762114,0.10039705201870874,0.04672486678440427,-0.4408975424976147,-0.08002593926129288,local_width4,9,9.51880615841,15047873.7687,15047873.7687,1.00000000,0.99753834,0.99637061,width2_d1_m8,1
87,4,126.93383594148035,9.378646929459823,-0.02635778042389947,-0.5644387415297607,-0.5681165002176629,0.261372559708839,-0.22791241976527937,0.0824797428761429,-0.003615361377942883,0.39915287297563873,medium,10,9.69826884509,21310868.834,21310868.834,1.00000000,0.99709570,0.99442100,width2_d1_m8,1
87,5,128.02322757526082,8.363244828063381,0.838635316552798,-1.6982929754491891,0.20324738791802865,-0.497816362336332,0.17549354826150948,0.0772866965077586,-0.033932495141655646,-0.31632090866053486,local_width4,8,9.61204724594,22422636.0215,22422636.0215,1.00000000,0.98576928,0.97205539,width2_d1_m8,1
87,6,129.1575656182967,8.529495406080848,-0.43341685129520674,0.072855068195805,-0.23791507680283036,0.34935159382134184,-0.10134014214249501,0.13338843226403221,-0.09823075749603831,0.15767400201301673,local_width4,8,9.52677314043,23314923.607,23314923.607,1.00000000,0.99800391,0.99642095,width2_d1_m8,1
88,1,127.91384678015118,8.460711893682838,-0.8296346564623064,-1.1214730035527432,1.1032310665649516,0.4582691663004961,-0.1389824653823976,-0.35644174506840187,0.14628299602188158,-0.17006444816054367,local_width4,8,9.62768479332,28003609.0165,28003609.0165,1.00000000,0.98822858,0.97640696,width2_d1_m8,1
88,2,126.85779147408029,9.036195802442073,-0.24735074884946184,0.5982988954491637,0.929700580096732,-0.31066807360532744,0.5043447819859597,-0.024291566359552874,0.08195837045306892,0.36050364244727157,medium,10,9.70610392851,22368973.2058,22368973.2058,1.00000000,0.99395699,0.98797928,width2_d1_m8,1
88,3,126.34251360152528,9.4,-0.04758965104109314,-0.08581606134284284,0.0018579269655486785,0.10937989532339809,0.3319830198212812,-0.09120378799339574,0.0970171060346192,0.020529054795021602,local_width4,10,9.747018438,20401396.745,20401396.745,1.00000000,0.99934437,0.99861266,width2_d1_m8,1
88,4,126.71956310249372,8.312613273207257,-0.2590254465154518,-1.2099731008078205,-0.7282571386838486,0.030151849337290704,0.3220320758774729,0.014379539362310303,0.21483640221101938,0.20505839417092817,local_width4,8,9.72160024374,32248697.0853,32248697.0853,1.00000000,0.99297091,0.98556172,width2_d1_m8,1
88,5,128.1067970325275,8.220513414276734,-0.17256852154909874,0.9314407173404085,-0.28694276459667173,0.5598046083149514,0.32245271093210015,-0.15176961980520692,-0.1122492372081372,0.01005395923789108,local_width4,8,9.60452787867,22698940.6194,22698940.6194,1.00000000,0.99417307,0.98879428,width2_d1_m8,1
88,6,129.3287789488609,8.29886567797681,-0.2971450626600612,-0.8603278596109686,0.17192936738770564,0.32632902348400933,0.04279123531502005,0.021442199211756052,-0.05208814535617697,0.057357851526889395,seed_from_width2,8,9.51535361511,26588704.5859,26588704.5859,1.00000000,0.99632347,0.99293984,width2_d1_m8,1
89,1,129.0431407273763,8.251906995197778,0.045643978951053626,0.46411639756874323,0.14598650845760996,0.19653816519120973,0.1268694379551646,-0.26486556234338304,0.23454738428828803,-0.18663748504109984,seed_from_width2,8,9.54678235579,36928489.4384,36928489.4384,1.00000000,0.99823769,0.99600231,width2_d1_m8,1
89,2,128.34590406412022,8.0,-0.2671484459955142,0.22932069868985566,0.034114620357540176,0.26828747475893466,-0.1946337160403253,-0.027978319775903576,0.020505192208905704,0.06087066340235629,local_width4,8,9.5905766923,27792867.7995,27792867.7995,1.00000000,0.99895065,0.99798703,width2_d1_m8,1
89,3,127.26236661948357,8.0,0.12047618155616965,0.4711946170417615,0.15449757041484607,0.31950419009380876,-0.053731686315140595,-0.12883707127682784,0.10997447340370994,-0.346650475011266,local_width4,8,9.67627683907,27713927.1739,27713927.1739,1.00000000,0.99782194,0.99547966,width2_d1_m8,1
89,4,128.38856605591124,8.0,1.3111731016694623,-0.3845934115115909,-0.15150126238205983,-0.1319829369635378,0.2483703555426141,-0.16728284226133702,0.10269395648687951,-0.0671303683739396,seed_from_width2,8,9.58912556306,30989727.7193,30989727.7193,1.00000000,0.99148137,0.98297078,width2_d1_m8,1
89,5,129.81683546914252,8.188341497492049,-0.5065963202993684,-0.7657369841599924,-0.061919441656480834,0.23676131633040576,-0.14538895474777103,0.13118366206215704,-0.11018488280627278,0.018998947001247365,local_width4,8,9.47645220247,22902151.1154,22902151.1154,1.00000000,0.99620040,0.99290586,width2_d1_m8,1
89,6,129.27868211855144,8.0,0.21885001964113732,0.4622362233615406,-0.135613131734473,0.1334266076687283,0.24286384991328064,-0.18268333038955417,0.218830690736945,0.035351018976430226,local_width4,8,9.52859353569,36774841.2424,36774841.2424,1.00000000,0.99841352,0.99638071,width2_d1_m8,1
90,1,122.19601583821014,9.916764881840955,-0.7099515624130015,0.11912108367585117,-0.5133445975631656,0.05790029876136149,-0.109388600316768,0.04427327525007624,0.1320165511280627,0.19076453105427565,global,10,10.07883516,28417727.4063,28417727.4063,1.00000000,0.99743257,0.99482037,width2_d1_m8,1
90,2,127.5106880582197,8.426398720366802,-1.4678437071516695,0.8922861641398783,1.1426773050310397,-1.3700030413183617,0.04005858003365326,-0.3828715305557773,0.5737955421107259,0.009016322962163148,global,9,9.67781160636,30123809.473,30123809.473,1.00000000,0.97845044,0.95916032,apodized_d3_m10,1
90,3,128.814352207392,8.463192057723564,-0.10490970018171189,-0.6610291961943078,0.3061122751097449,-0.5239477750785605,-0.09904733040018038,0.10241818705665404,-0.10465431873252944,0.08912623036203382,seed_from_width2,8,9.55185293084,23122580.1841,23122580.1841,1.00000000,0.99644230,0.99332347,width2_d1_m8,1
90,4,128.93140835353984,9.370287173013175,-1.5194849827040824,0.43746176708610923,0.6639500606245679,-0.17065192889076472,-0.21671426899896462,-0.037531052624750316,0.15711702161454083,0.17944771593304892,local_width4,10,9.55157390484,27978756.6678,27978756.6678,1.00000000,0.99264478,0.98520947,width2_d1_m8,1
90,5,128.0757435579288,8.284058360578461,-0.45227503570965844,-0.7388961512991014,-0.3282792259852201,-0.3121683685969752,0.2045142275480612,0.03361228336969718,0.22109250266462932,-0.0637563568064837,seed_from_width2,8,9.61953720206,38621048.5263,38621048.5263,1.00000000,0.99604346,0.99159314,width2_d1_m8,1
90,6,128.96099471886666,8.173201112594725,1.259021099194443,-0.29525768959475107,0.37488610150740065,-0.3804166909735591,-0.057672238187182284,0.08927120015631096,0.07206095308656682,-0.12676519940352587,seed_from_width2,8,9.54758767997,30869877.6559,30869877.6559,1.00000000,0.99330602,0.98656115,width2_d1_m8,1
91,1,126.16679424621383,8.475624508156885,0.6733411036724621,-1.0245319443767649,-0.5815449896283934,-0.23877255051819468,-0.05744145381923875,-0.0757807995531476,0.06657078899193912,-0.09096225850154652,medium,9,9.75861091763,28660782.5807,28660782.5807,1.00000000,0.99392885,0.98786666,width2_d1_m8,1
91,2,127.93817899618979,8.335264973466856,-0.6642137075285746,-0.45568046608650864,-0.16029650035721743,0.2236790133991711,-0.0420952987884822,0.23358557593293375,-0.02851972307352317,-0.3297236610030152,local_width4,8,9.61957076037,23496104.0848,23496104.0848,1.00000000,0.99665497,0.99357893,width2_d1_m8,1
91,3,129.8308752132404,8.487067421689154,-0.47900778138216243,-0.5621730104693748,-0.2499677224944682,-0.37958480210115375,-0.18797734414364703,0.011440985326426234,0.1461948679308187,0.12264767218617878,medium,8,9.48582269305,33574766.8123,33574766.8123,1.00000000,0.99699810,0.99376184,width2_d1_m8,1
91,4,127.06363399123072,8.241280349396698,0.281312108249822,0.5921006095086914,-0.36555052462930204,-0.5977732872378916,0.11763482412478043,0.725852897326319,-0.10003402802385808,0.34064711771803446,global,8,9.68711022557,19380640.5647,19380640.5647,1.00000000,0.99356083,0.98740596,width2_d1_m8,1
91,5,128.72578182723032,8.43686622047028,-0.3557140984797217,-0.44253826311805355,-0.3956008695280141,0.06922930751774753,0.12894978417957734,0.19241158184323562,-0.1686024961331543,-0.01314644662698411,local_width4,8,9.55558220263,21310014.0923,21310014.0923,1.00000000,0.99777446,0.99618750,width2_d1_m8,1
91,6,129.29264453547333,9.168863952599452,0.458555729568319,0.33830341209893033,-0.1087704941472331,0.0630974062560365,0.06607794280387295,-0.09750971443569134,0.15404316941430518,0.10532900860877212,local_width4,10,9.52564133218,33013921.7255,33013921.7255,1.00000000,0.99887395,0.99753913,width2_d1_m8,1
92,1,128.6881003756712,8.09441208751756,-0.909722746963086,-0.9725573279068145,0.2728142793285498,0.2954092814592273,-0.22965049521714498,0.10134520644559253,-0.2087378762841693,0.2655872685264552,local_width4,8,9.55505052811,18065019.3377,18065019.3377,1.00000000,0.99150400,0.98391053,width2_d1_m8,1
92,2,128.0412936462942,8.14511837795258,-0.3575619211716323,0.07044830693709317,0.23936991892745854,1.2025443276683478,-0.12212846055751825,0.1536304944197548,-0.01664248498431456,-0.02192686755705145,seed_from_width2,8,9.61624637711,26163879.5011,26163879.5011,1.00000000,0.99348100,0.98696325,width2_d1_m8,1
92,3,127.29905975463711,8.165135130910397,0.3204587020420673,-0.4806325094454441,0.002796239276614293,0.8115050488335168,0.22832020751397603,-0.24397838090745888,-0.1341261730508685,0.018421823424244914,local_width4,8,9.66620879521,22120201.6935,22120201.6935,1.00000000,0.99534520,0.99110062,width2_d1_m8,1
92,4,127.31941624247615,8.174703581566916,-0.21737754440210452,-1.4418631255714938,-0.18906309369665142,-0.2546481837915161,0.1083722159866817,-0.11498034354981695,0.1313249003726903,0.10063320850377977,local_width4,8,9.67414398958,35020317.7931,35020317.7931,1.00000000,0.99143371,0.98261928,width2_d1_m8,1
92,5,128.669106701849,8.338812878110389,-0.09236539983158197,-1.218063815187976,-0.740902733706643,-0.2690740571950468,0.007952672139518314,0.16821535104458152,-0.20482794567592644,0.002681483282194256,local_width4,8,9.55717363609,19737042.507,19737042.507,1.00000000,0.99286687,0.98658774,width2_d1_m8,1
92,6,127.45050469714533,8.44705137424642,0.127507312292852,-0.4805493242045908,-0.048610453453182406,-0.6004023526221037,-0.14232648291668407,-0.09843599723718385,-0.23737359873412045,0.12441524547145955,local_width4,8,9.6506050229,19468702.812,19468702.812,1.00000000,0.99747323,0.99567766,width2_d1_m8,1
93,1,129.33506513302163,8.225886157223082,-0.6027776112214235,-0.4341646702411677,0.3044526151587261,-0.02624385152934111,-0.06806519150693156,0.037984267373567304,0.0015460064792219008,0.0011644695329049298,seed_from_width2,8,9.5162808189,27988181.8056,27988181.8056,1.00000000,0.99751357,0.99519580,width2_d1_m8,1
93,2,128.6671288090541,8.0,0.7478722648800401,0.8102918554338328,-0.10683095150704444,0.3835254628570064,0.10865168984472756,0.2121834756917511,0.15458618716252265,0.13041137269803088,seed_from_width2,8,9.57285776805,35257377.6111,35257377.6111,1.00000000,0.99493301,0.98954240,width2_d1_m8,1
93,3,129.52913729460911,8.24425071474374,-0.6815795401063005,-0.5929162138559134,0.03285841172944268,0.09968835900294215,-0.15962001426087202,0.280617662247717,-0.16215646162899278,0.07991952324331761,local_width4,8,9.49525739112,20534832.2713,20534832.2713,1.00000000,0.99582301,0.99233280,width2_d1_m8,1
93,4,127.76294693120326,9.139043174400282,1.5191097307983334,-0.4887407718365435,0.2845851801239965,-0.9761197282204678,-0.10896160564979543,0.1439081565072155,0.2039155609012538,-0.21119275425248535,medium,10,9.6446937453,30147947.7924,30147947.7924,1.00000000,0.98977569,0.97915298,width2_d1_m8,1
93,5,128.10134555172954,9.354262931432908,1.2209696892976127,-0.8755352683749609,-0.9323002360756294,0.8801691131319636,0.0334779050886586,-0.0729892711411769,-0.06302052953041216,0.05443703187365623,medium,10,9.60851294891,21072104.2617,21072104.2617,1.00000000,0.98470373,0.96993385,width2_d1_m8,1
93,6,128.79701502342857,8.233074867113626,-0.7273613807186681,-0.5699598283747962,-0.06482182669294714,0.10165600999556833,-0.052012653403313514,0.0757797159254121,0.06727131144086218,0.030501207145622794,local_width4,8,9.55860528479,32052026.1025,32052026.1025,1.00000000,0.99675324,0.99349201,width2_d1_m8,1
94,1,129.27022411330648,8.69700688892131,0.06737246286985377,-0.32585308309410893,1.4681924797232713,0.43961916769692044,0.06597166816909335,-0.334328977614476,0.3113580889232242,-0.08446099981133041,local_width4,8,9.5302102521,30593351.4539,30593351.4539,1.00000000,0.99150109,0.98262168,width2_d1_m8,1
94,2,129.01292263428178,8.139680899552198,0.19143329976342194,-0.05828968625704764,-0.1899868598306272,-0.05069927471715943,-0.0005336684113090295,-0.09378529387078671,0.07034961683264734,-0.008507927265738569,seed_from_width2,8,9.54297892732,31855499.2936,31855499.2936,1.00000000,0.99963253,0.99920987,width2_d1_m8,1
94,3,128.75555187244132,8.31608091396432,1.541494723589762,-0.102388833825348,-0.24950037872159825,-0.3744822861572611,-0.029496884965548198,-0.23111309348846482,-0.13959405960104887,0.15699395377455289,seed_from_width2,8,9.55464453098,21410895.2232,21410895.2232,1.00000000,0.98923207,0.97909404,width2_d1_m8,1
94,4,128.34248691605248,8.12188313166971,0.7516825214186847,-1.9063750522921215,0.021204929403646405,-0.17336703549101629,0.017741390691363504,0.04262828830712631,0.04730578291263578,-0.04867641698153524,seed_from_width2,8,9.59150779368,29242489.5011,29242489.5011,1.00000000,0.98393199,0.96815098,width2_d1_m8,1
94,5,129.11533272568948,8.988391191732235,-0.6059938404861495,0.35748892315548064,0.5664941179842607,-0.13662658249737558,0.20712357812071688,-0.03813710287594456,0.015067767077649175,0.34401450836892145,local_width4,8,9.53464488066,24461794.4549,24461794.4549,1.00000000,0.99676968,0.99367864,width2_d1_m8,1
94,6,125.41661340407343,10.681995055527675,-1.1142030831008922,0.21986856097360463,-1.526826674423011,0.7851888492420753,0.011497513074056886,-0.2877171692329231,-0.33138456041932646,0.00038503854070970345,global,9,9.80684913149,14011287.6839,14011287.6839,1.00000000,0.98712631,0.97560875,width2_d1_m8,1
95,1,129.09364560448014,8.0,-0.13182053062479776,0.05583646603687228,0.1956490778181731,0.3497054921198077,-0.15240810551957623,-0.18808360242691097,-0.009587396177880458,-0.1486109496819419,seed_from_width2,8,9.53410081445,26530453.4462,26530453.4462,1.00000000,0.99882621,0.99781246,width2_d1_m8,1
95,2,129.57691512597918,8.707022030297127,-0.7927641513185151,0.3030118610894479,0.7964699831416923,-0.537485354068136,0.3808756577064496,-0.5799191751721415,0.29404172681775215,-0.3971595506532827,local_width4,8,9.51137062253,24084969.8558,24084969.8558,1.00000000,0.99114482,0.98172260,width2_d1_m8,1
95,3,129.00000691862627,8.144132480169889,0.2910497066816826,0.05141778517028211,-0.09837440120126374,0.25406071384774437,0.15873229074954665,-0.12710053205530875,-0.06706873437475781,-0.037324754964532386,seed_from_width2,8,9.53875111252,24717362.8322,24717362.8322,1.00000000,0.99896225,0.99825934,width2_d1_m8,1
95,4,129.02609786447084,8.0,1.2357194368866293,-0.2726602064929402,-0.18743853383372955,-0.5640615671009768,-0.10290363873023634,-0.11240540909063684,0.09950535878661526,0.1379728276638425,seed_from_width2,8,9.54469554691,31689302.1659,31689302.1659,1.00000000,0.99242896,0.98468299,width2_d1_m8,1
95,5,128.52577803900962,8.009815767822722,-0.48197303829766736,0.9376865435234117,0.7323966015568469,0.6698857480620977,-0.02145026171697606,-0.18155907499361632,0.0059954476057652445,-0.1640269324350695,local_width4,8,9.57568230726,23761592.3644,23761592.3644,1.00000000,0.98844445,0.97721169,width2_d1_m8,1
95,6,129.06578443536085,8.0,-0.2673026098975711,0.1310232487983342,-0.2867998681704751,0.5112813344690329,-0.2386255858625708,0.09165290051988229,0.0473975865358591,0.15881580802350792,seed_from_width2,8,9.53857235645,27154977.4612,27154977.4612,1.00000000,0.99756253,0.99511795,width2_d1_m8,1
96,1,127.13574516765584,8.73201828929199,0.2726600847955528,-1.4363838267572109,-0.2952434489863743,0.43593022351482025,-0.13437556759159902,0.05904858207074898,-0.025438613739506122,0.23184899297724293,local_width4,10,9.6818695326,24971787.3361,24971787.3361,1.00000000,0.99171274,0.98367943,width2_d1_m8,1
96,2,128.08696485309383,9.531507196274013,-0.1650173912140455,-0.3004932653131578,-0.052992964192392134,0.12525349423513854,-0.3052094156507151,0.1047011074272805,0.04234168268006083,0.002717993738080293,medium,10,9.61217792134,20183351.1306,20183351.1306,1.00000000,0.99902923,0.99814109,width2_d1_m8,1
96,3,129.09066245908105,8.223152371325854,-0.02344233457924627,1.0408052650390478,1.240358108880557,0.5546734455187465,-0.41076270274557264,-0.22223596800185874,0.34805743995599825,0.09888237706550346,medium,8,9.54387441448,30593654.2777,30593654.2777,1.00000000,0.98570340,0.97107987,width2_d1_m8,1
96,4,125.36998219495995,10.637549965593825,0.11140462610903068,-0.19656617508858948,-0.3542180756790052,0.3747993394389868,0.08201289447835541,0.026905374826050293,0.055788220105935954,0.0666508033055967,near_plain,9,9.82263256123,27087132.7517,27087132.7517,1.00000000,0.99917035,0.99845724,width2_d1_m8,1
96,5,127.99889411096827,8.555573150076626,-0.8520689913771143,-1.6386750632370284,1.0870854465331736,0.5800032415948324,-0.13654187198216328,-0.25327023782414426,-0.0015502879907090816,-0.1354994585108225,local_width4,8,9.61515220595,23192356.2777,23192356.2777,1.00000000,0.98132628,0.96324264,width2_d1_m8,1
96,6,128.62928592605863,8.548201871321414,-0.01197409802363164,-0.041960158489516536,0.17959524864680143,0.11876617454128056,0.0005405282991842418,-0.4016208288019268,0.029721353951047937,0.10517446242611872,local_width4,8,9.57062402399,27323103.5442,27323103.5442,1.00000000,0.99915213,0.99836789,width2_d1_m8,1
97,1,127.10697955332606,9.4,0.38019544926659044,-0.26415076678807253,0.12883762597988022,0.480800861236281,-0.36146718246164183,0.08670380696803273,0.16543705502437658,0.21027163998688264,local_width4,10,9.69167797456,25945624.7693,25945624.7693,1.00000000,0.99787792,0.99546654,width2_d1_m8,1
97,2,126.16660108873243,8.812845703127113,0.35108317942112777,0.36377502981800025,-0.5916961188389241,0.2543926624569218,-0.04193125150488747,0.033248057547959065,0.01757020422161254,0.062392689875119894,medium,10,9.75669485827,26658126.8729,26658126.8729,1.00000000,0.99774500,0.99564256,width2_d1_m8,1
97,3,129.54941749055456,8.024052250234584,-1.2247716092197591,-0.4731684978416051,-0.4524420255810706,-1.1985414898073923,-0.004892484160981481,0.06732915613616947,-0.0877750322124471,0.03840157451210058,medium,8,9.5013110964,22252253.8898,22252253.8898,1.00000000,0.98342968,0.96728517,width2_d1_m8,1
97,4,127.95297803790054,8.140356811548642,1.0690647271247453,-1.5618171812218455,-0.5963138917760602,-0.4046844650886886,-0.3259010913907159,0.18169293192692051,-0.3327751462546584,-0.11977139019580706,local_width4,8,9.60674763629,15677970.1576,15677970.1576,1.00000000,0.98565076,0.97259604,width2_d1_m8,1
97,5,128.56102348995475,8.63499751988637,0.45906902167841057,-1.512379437963986,0.0031997416400287026,-0.5102761081523812,0.34229763171552213,-0.010199977304338692,-0.1184785494982582,0.1797752102167034,seed_from_width2,8,9.57048917642,20907919.4064,20907919.4064,1.00000000,0.98946287,0.97949465,width2_d1_m8,1
97,6,128.99084539193632,8.0,1.7378429736617818,-0.02728792040526601,-0.07936996606531262,-0.03307836619501231,0.33658832461297905,0.2756713151245449,-0.15723016346760063,0.30209683167839085,seed_from_width2,8,9.53242760725,17325134.4568,17325134.4568,1.00000000,0.98469209,0.97041303,width2_d1_m8,1
98,1,127.53103501520884,8.390760120305062,-0.4494137996105949,0.5635095499823342,1.2501470895476805,0.32524693762846213,-0.3928675431986026,-0.07803741571866654,0.2754330718164243,-0.4360025546868881,local_width4,8,9.65893603399,24460682.7124,24460682.7124,1.00000000,0.99034760,0.98043798,width2_d1_m8,1
98,2,129.4317093618616,8.351554240728213,-0.528915266235882,0.007162941483999874,0.5354749224651405,0.5448368170091242,0.1401174606492662,0.22250240898043713,-0.0714719168697629,0.09674399075651488,local_width4,8,9.50784037129,23891491.3186,23891491.3186,1.00000000,0.99638746,0.99308949,width2_d1_m8,1
98,3,129.05405951173086,8.459324000591348,-0.3076314848134949,-0.20656332820088533,0.11429469285337066,0.1376154668076358,-0.07947165915819525,-0.16304986985467168,-0.019494199633015477,0.19193395114038658,local_width4,8,9.53719901795,26368183.4569,26368183.4569,1.00000000,0.99911522,0.99842471,width2_d1_m8,1
98,4,129.0695582313678,8.615981229633094,-0.5286294017427005,0.8198254399986102,-1.2518925767803852,-0.10034077668811209,-0.26539797407012083,0.09666549651667042,-0.34240267257624324,-0.005879377271526126,local_width4,8,9.52125077879,14271509.0971,14271509.0971,1.00000000,0.98828114,0.97801456,width2_d1_m8,1
98,5,129.68525882127918,8.580889647888867,1.2772898271139823,-0.8423775953344271,0.9645064294820828,1.0335190407988104,-0.04146405119360236,-0.29837910446033467,0.5007722480562055,0.12112829794139116,local_width4,8,9.51612947929,34991724.5453,34991724.5453,1.00000000,0.97936827,0.96106314,apodized_d3_m10,1
98,6,126.1144225776772,8.825990928498939,-1.038603398544793,-0.9725079420629013,-0.5991611382412185,0.28586527152738905,0.2145922439279644,-0.13778699472998457,-0.26789661073704,-0.29113464245937,medium,10,9.75269427925,17391295.9646,17391295.9646,1.00000000,0.99138887,0.98367400,width2_d1_m8,1
99,1,128.50297992589918,9.492236929060219,0.25438852081398267,0.28462779640357516,-0.14718372925526418,-0.10125584156823986,0.48288235290449166,0.0264578160944422,0.26810449740521203,-0.18084430262137435,medium,10,9.58833284895,20634441.378,20634441.378,1.00000000,0.99825380,0.99603541,width2_d1_m8,1
99,2,126.10282192954048,8.188415824641599,0.059282245791322685,0.43227737520118636,-0.8125131700905661,0.12135715529276325,0.19465627019834808,-0.21283423416166614,-0.2516173593490719,0.04606762940772796,medium,8,9.74955742432,17001354.8262,17001354.8262,1.00000000,0.99552228,0.99204084,width2_d1_m8,1
99,3,127.94269465732364,8.14146263997249,0.2771665486495345,-0.2908433615089096,-0.48379201803956473,0.6023117261910658,-0.04066974254008589,-0.6522410662451248,0.42260710450331274,0.05065556186070022,local_width4,8,9.63968731397,34047955.0538,34047955.0538,1.00000000,0.99356467,0.98808107,apodized_d3_m10,1
99,4,126.6596513598447,8.244537087416662,-0.015797409537205986,0.26575174196556695,-0.15074806498843374,0.4245106232607949,0.10380759361625258,-0.1546954771316525,-0.23000068696684478,0.14453061246832133,medium,8,9.70981500173,19142822.3362,19142822.3362,1.00000000,0.99817589,0.99712517,width2_d1_m8,1
99,5,128.86249298578844,8.103680200183469,-0.13323738623353576,-0.0011704363382908783,0.12919836673232815,0.5020910565240758,-0.1346792493411172,-0.224339076131286,0.10283259652628679,-0.09428877887627252,local_width4,8,9.55616897105,31581816.4771,31581816.4771,1.00000000,0.99857746,0.99696899,width2_d1_m8,1
99,6,124.45228197495355,9.376979175318832,-0.47066844846373335,0.01585877389266166,0.1192618360869806,-0.2458908485935462,0.0584485369738692,-0.07645174386317387,0.04919862143742898,-0.09953157469351914,near_plain,10,9.89367680728,16920000.7207,16920000.7207,1.00000000,0.99871608,0.99747109,width2_d1_m8,1
100,1,130.0,9.107916435023379,-0.23437974479162166,0.3598692631347873,-0.49879320329113036,0.20506858849870574,-0.0414815326064671,-0.07452516860983086,-0.08555415648368797,0.022756985675007696,local_width4,8,9.46572944816,23841694.0341,23841694.0341,1.00000000,0.99825960,0.99693428,width2_d1_m8,1
100,2,128.28864606090258,8.071284756394084,-0.5389512372820271,-0.22489895068221893,0.2961688532626103,-0.08164491988266384,0.026384425461427996,-0.017070737823448978,-0.2683501256969482,-0.0037078810822040453,seed_from_width2,8,9.58410956004,18466670.3172,18466670.3172,1.00000000,0.99761503,0.99613913,width2_d1_m8,1
100,3,128.78443707596927,8.24796444204114,-0.40910546875158393,0.925738607520409,0.16249037049448048,0.2854835402845876,-0.32906651844609736,0.21465926328814183,0.11551819849566244,-0.32414827528975887,local_width4,8,9.56292812627,28928381.2474,28928381.2474,1.00000000,0.99486132,0.98953192,width2_d1_m8,1
100,4,127.51214283060214,8.0,0.47834928145393324,0.6948045587560222,0.8914906956359715,0.5126217687741307,0.6705467811177711,0.26717195937269184,-0.2111394947543436,-0.5682567529363575,local_width4,8,9.64506251123,11591748.4388,11591748.4388,1.00000000,0.98648703,0.97396934,width2_d1_m8,1
100,5,128.88950227386906,8.21061140959511,0.8335166436495393,-0.045033348818689464,0.01945621216674441,0.051779510570130194,-0.27373037079678764,0.05223329233044366,-0.1338665434852493,0.047455295968943795,seed_from_width2,8,9.545836892,23084530.5679,23084530.5679,1.00000000,0.99698093,0.99441067,width2_d1_m8,1
100,6,128.32512783148758,8.116051885904444,-0.4803776956768747,-1.017455379008147,-0.09150695174341604,-0.3277922623363232,-0.10946416806734546,-0.15765277161736801,-0.06405413949175365,0.18357097161978797,local_width4,8,9.59025804668,24502403.2463,24502403.2463,1.00000000,0.99404067,0.98837063,width2_d1_m8,1
101,1,129.4691631740092,8.183751657289012,-0.4535425456437586,-0.4183468864635249,0.11537438863603,0.3476622394739366,-0.13051900708401554,0.09167328431823256,0.05697451889074273,0.06155436818521237,local_width4,8,9.50875445342,31001791.2097,31001791.2097,1.00000000,0.99798055,0.99595632,width2_d1_m8,1
101,2,126.35113145995693,8.804709120136053,0.6227857471675309,-1.2737140455232114,0.47815421637278777,-0.17928988987500927,-0.3386714979060522,0.5585840676704366,0.13720609915794624,-0.21701799766973157,local_width4,10,9.74458445912,22762959.0957,22762959.0957,1.00000000,0.98828725,0.97668956,width2_d1_m8,1
101,3,126.5082996244742,8.402845889033319,-1.3411093764318562,1.037116137003972,-0.4868378490101589,0.338590343825709,-0.2425721482869369,0.017686182412716397,0.029177995564038578,0.19505698153819048,local_width4,8,9.72939237963,24033099.851,24033099.851,1.00000000,0.98490058,0.97018358,width2_d1_m8,1
101,4,128.24506466390483,8.216043803816829,0.7282710196836438,-0.35439193808618097,0.2280758838880591,-0.8184968978701904,-0.16754691585739284,0.05279488828186038,0.1322359696340541,0.16196889452171825,local_width4,8,9.605051594,32729600.9738,32729600.9738,1.00000000,0.99506273,0.98979293,width2_d1_m8,1
101,5,126.6303566949508,9.538616648456932,0.4483725136126766,0.35249215061794037,0.3290956795424327,0.6770923972703182,-0.23088192293865606,-0.26009238694550435,-0.09008664544889905,-0.03150518570434224,medium,10,9.72000473555,10113905.9145,10113905.9145,1.00000000,0.99620646,0.99275722,width2_d1_m8,1
101,6,128.31116818072059,8.0,0.5989307528765158,1.6650240506828957,0.36732429031224595,0.37925362100219717,0.0389161509944073,-0.056263369465154416,-0.11922043328422008,0.21354378478851838,local_width4,8,9.58631006137,20792797.1077,20792797.1077,1.00000000,0.98477425,0.97034108,width2_d1_m8,1
102,1,128.43912323468285,8.333170600025221,-0.08803818216109013,-0.5992594435349711,-0.16702910975661955,1.0481077817694302,-0.23790158634818898,-0.052101934660727614,-0.30600076391328435,0.2818869329828603,local_width4,8,9.57566959889,16859119.1403,16859119.1403,1.00000000,0.99345497,0.98775882,width2_d1_m8,1
102,2,128.1982999520045,8.496271570713368,1.2074438694183947,-0.4884427130317179,-0.26912109769761144,-0.15255571017371977,-0.3811598729960927,0.23964654603944543,-0.37606768976960236,-0.09348127406595463,local_width4,8,9.58996044894,16152088.4417,16152088.4417,1.00000000,0.99218602,0.98550778,width2_d1_m8,1
102,3,128.29049323592625,8.673287104686594,0.2697527109687474,-1.467018052243367,0.016309893177181567,-0.5679161992659765,-0.09331913996323196,0.08421112448877532,-0.1361027424841813,0.05661708844387378,seed_from_width2,8,9.59009572148,21979299.4727,21979299.4727,1.00000000,0.99134273,0.98326435,width2_d1_m8,1
102,4,127.83947389668278,8.174348763097031,0.49627595523042695,-1.8629232201866641,-0.49203940091355636,0.16111500155068606,0.053758909026835396,0.00482632498746597,-0.14878621089735977,-0.1527379602203018,local_width4,8,9.62243585798,21587326.0474,21587326.0474,1.00000000,0.98594918,0.97264486,width2_d1_m8,1
102,5,128.24270157495602,8.113145043883877,0.1487377267077982,0.06280152359941495,-0.24674800321545665,0.1057110521559121,0.0020751924041937098,-0.086639518068347,-0.03676645865972512,-0.04574581144244384,seed_from_width2,8,9.59613415627,26574477.3151,26574477.3151,1.00000000,0.99943800,0.99912897,width2_d1_m8,1
102,6,126.22859891684804,8.189156680893422,-0.33057056495407733,0.3149402724778656,0.9063594098628032,0.7753808484347549,0.13997278991261908,-0.34622181599328067,0.15171988585645252,-0.19051262332693916,medium,9,9.75667229563,25861372.7548,25861372.7548,1.00000000,0.99166895,0.98317366,width2_d1_m8,1
103,1,127.31406516492932,9.4,0.624855519979485,1.5634017139591871,-0.1071180805665897,0.061927821341450556,0.0621360800574176,0.13101522292901996,-0.18270246654311173,-0.0056545232705388915,local_width4,10,9.66420114849,20544541.8988,20544541.8988,1.00000000,0.99169130,0.98403728,width2_d1_m8,1
103,2,126.0,9.4,-0.488307287627041,0.040315587074256566,0.03621272127815104,-0.004499714436966645,0.27463812988348957,-0.3475526758034547,-0.1334360521670095,-0.3602784016028171,local_width4,10,9.76740985622,12923930.1379,12923930.1379,1.00000000,0.99745676,0.99538406,width2_d1_m8,1
103,3,127.9781190462191,8.49304725298897,-0.6713157586156747,1.180538326029791,0.8085661201135383,0.29809961223228526,-0.6131603166712695,-0.3946226356087682,0.14231658136029185,-0.45721201998482425,local_width4,8,9.61878078413,19998437.4007,19998437.4007,1.00000000,0.98632506,0.97293381,width2_d1_m8,1
103,4,127.17763396579511,9.507038104629133,-0.05568678284230133,0.26658603216278354,-0.6694223375921039,0.5110088716327863,0.16301226827296922,-0.15960785342477754,-0.07767451032265425,0.0359720307655412,medium,10,9.67720353359,19189885.0969,19189885.0969,1.00000000,0.99728166,0.99496477,width2_d1_m8,1
103,5,128.16417704700825,8.0,0.681672543797122,-0.27490161193340157,0.13003371767020733,-0.924430386464932,0.056744971118797005,0.07273922365886429,0.09829664453527029,0.14115034054299708,local_width4,8,9.60961238362,30701735.1789,30701735.1789,1.00000000,0.99454704,0.98885579,width2_d1_m8,1
103,6,127.41605880107512,8.176662982795422,0.43985033876915824,0.47869169488011865,0.20315903381346392,-0.2243754902198656,0.003969117557899193,-0.19365769653388892,0.08056779003692342,0.048309048291958846,local_width4,8,9.66276276482,30772267.896,30772267.896,1.00000000,0.99767017,0.99528575,width2_d1_m8,1
104,1,129.07881655312562,8.211735865449393,-0.9085820893972869,-0.8893988499380335,0.44174542338195777,-0.16941770896473352,0.2961781261840522,0.33740131879726376,-0.16219868084283878,0.17282945390226678,local_width4,8,9.52916049427,19034293.8012,19034293.8012,1.00000000,0.98968448,0.98009901,width2_d1_m8,1
104,2,128.8872674473732,8.0,1.2233351085390474,-0.4785418833355607,0.49627890870845953,-0.3139769046536858,-0.10832988334000186,-0.01521198487247434,-0.011475009411991893,-0.046550278777660034,seed_from_width2,8,9.54962201732,27741281.2725,27741281.2725,1.00000000,0.99289628,0.98598211,width2_d1_m8,1
104,3,128.51679299128554,8.17140495710758,0.7012947134888641,-1.4185836629602289,0.022296644954855838,-0.49022213923914015,-0.15139169984925427,-0.1385292839923607,0.04102108737835897,0.06763599362901226,local_width4,8,9.58066186322,31327107.9958,31327107.9958,1.00000000,0.99088730,0.98177198,width2_d1_m8,1
104,4,128.21095649879544,8.083752854273914,-0.36928214114797525,-0.7146465558318646,0.0637618132066323,0.5966160299395074,-0.47912555738368884,0.04369001068811593,-0.11114464218146003,-0.23606934640447455,local_width4,8,9.59626479858,19454679.4032,19454679.4032,1.00000000,0.99399284,0.98846826,width2_d1_m8,1
104,5,127.85776037823587,8.395382398942163,0.2710658051203423,-0.8392091915092634,0.37259207044445164,-0.08483007913340579,0.06771500897451194,0.21332952846118458,-0.06131336419997896,0.09219166651249872,medium,8,9.62328381269,24043780.545,24043780.545,1.00000000,0.99553937,0.99149704,width2_d1_m8,1
104,6,126.71320133420666,8.645621765115685,0.2854579984149963,-0.39043092797243867,0.18093933085457836,-0.352217659949031,0.3598812727581623,-0.34654198029781114,0.1310671111558005,0.08291564956452524,medium,10,9.71974414696,29240391.9062,29240391.9062,1.00000000,0.99779393,0.99536375,width2_d1_m8,1
105,1,128.5244022440983,8.014284882739801,0.9804401847371748,0.22247814842999536,-0.10349551709636914,-0.6568404853665694,-0.060942668140383745,0.07743438794837228,-0.06680208268554176,-0.04999965164533848,seed_from_width2,8,9.575842345,25030267.8052,25030267.8052,1.00000000,0.99331233,0.98688348,width2_d1_m8,1
105,2,128.1080620720012,8.427349888109275,0.003790351276092646,-1.500708579548066,-0.04470141676274275,-0.3374312813650127,0.0094698807469408,0.038904832658574,0.026871691572073635,0.004075369034987994,seed_from_width2,8,9.60918615372,29137130.4742,29137130.4742,1.00000000,0.99149864,0.98313057,width2_d1_m8,1
105,3,126.21289576442537,9.330503234382743,1.011036156071834,0.6685275280800679,0.5482359279233393,-0.3424783008347545,0.3215336249556303,0.39407706207285953,-0.05215241689394626,-0.37047114287651584,local_width4,10,9.75291141933,14907289.2341,14907289.2341,1.00000000,0.99265514,0.98564746,width2_d1_m8,1
105,4,129.17385607357863,8.246736878600608,-0.23848835857093453,0.7794551086800899,-1.48312253394438,-0.6332805980864415,-0.022221652806229383,-0.2674482964851596,0.17800066036005915,-0.13407618145845182,local_width4,8,9.53121405212,25739745.8175,25739745.8175,1.00000000,0.98853128,0.97712988,width2_d1_m8,1
105,5,128.90602560498857,8.879297780298778,0.42481236660135646,0.3138918782259523,0.2606193094187888,-0.053445421290200315,0.020294091261587113,0.21414107368512986,0.07156114119906325,-0.11062568899064162,local_width4,8,9.55178632873,29873739.236,29873739.236,1.00000000,0.99868441,0.99733038,width2_d1_m8,1
105,6,127.04416678568293,8.101050727009731,-0.8930441741667232,0.5840476317269687,-0.5469172252850449,0.10383666160086735,0.20198970993830784,-0.10422824862106174,-0.057941638324666,0.002439034228395809,local_width4,8,9.68608205545,25315464.1399,25315464.1399,1.00000000,0.99384905,0.98804118,width2_d1_m8,1
106,1,127.37817797788851,8.028533977154067,-0.18311994327459272,0.34769743011216914,-0.019625886441524687,0.4536724641190913,0.21480135644241732,0.12753977586603674,0.04510527089555878,-0.19074983021574468,local_width4,8,9.66592098475,29228783.0395,29228783.0395,1.00000000,0.99791247,0.99576928,width2_d1_m8,1
106,2,128.11440863769576,8.221113930912583,0.5422542728003178,1.3054643081344566,0.5277385839509556,-0.37494229736700785,-0.2842420171691715,-0.34595126952931027,0.2895472674422497,0.3908594524128314,local_width4,8,9.61789162693,24165962.1592,24165962.1592,1.00000000,0.98399922,0.96769120,width2_d1_m8,1
106,3,128.43041733188738,8.007111721386138,-1.2534356392967867,-0.8245904477619865,0.17337903390885473,-0.19385221842758948,0.19334918955485048,-0.12303305076632028,0.12091676697325582,0.07492942876699751,local_width4,8,9.59097329291,33819388.8108,33819388.8108,1.00000000,0.98977771,0.97929757,width2_d1_m8,1
106,4,128.78031537561756,8.492986465766856,0.14904454058432426,-1.6019569522676989,-0.051025291299189396,-0.545313941965058,-0.08317381200460092,0.11585113919278989,0.07519716374768803,-0.07708174964340805,seed_from_width2,8,9.56073331231,30467276.9505,30467276.9505,1.00000000,0.99006530,0.98017087,width2_d1_m8,1
106,5,127.1996994627311,8.148315822602822,-0.12097804806546675,0.17823515764172204,-0.014876068340654747,0.238866270325743,0.038152643554923704,-0.04922371557773671,-0.013725746172175285,-0.4046852000980032,local_width4,8,9.67668646666,23426876.5654,23426876.5654,1.00000000,0.99871689,0.99760733,width2_d1_m8,1
106,6,128.92139493509777,8.0,-0.2644304835733128,-0.0002943775113503494,0.019112326324376733,-0.005101283648857272,-0.14101240312246027,0.00603641393558868,0.01958617739776114,-0.0576679859017525,seed_from_width2,8,9.54761065896,28721475.6951,28721475.6951,1.00000000,0.99954429,0.99918199,width2_d1_m8,1
107,1,128.94872809339807,8.156510050515156,0.9739526602960896,-0.20211299900676294,0.4740116783293902,-0.08553480513344645,0.13170172547541525,-0.11791148018831568,0.11701539714933029,0.221911641031509,seed_from_width2,8,9.54904095372,30836144.6318,30836144.6318,1.00000000,0.99565274,0.99118129,width2_d1_m8,1
107,2,128.60587837791977,8.0,0.044694254498877706,-1.31537745416589,-0.16729415776702877,-0.04980628680160257,0.0005471700110152578,0.2223161953143828,0.20707716844126686,-0.02035703572860388,local_width4,8,9.57735797173,39090431.3007,39090431.3007,1.00000000,0.99323083,0.98613042,width2_d1_m8,1
107,3,128.4091069881809,8.446307418403642,0.6616713671312453,-1.7334339844415645,0.1843200685991648,-0.35546405984183227,0.2323388443573313,-0.1233622876515047,0.06067478731103828,-0.30167697686457917,local_width4,8,9.58849470454,27841903.5043,27841903.5043,1.00000000,0.98716059,0.97444219,width2_d1_m8,1
107,4,126.0,9.4,0.06845636320645274,-0.4763206709679011,0.11276957641636606,-0.33010975825343103,-0.027034451544345292,0.18608917308198908,-0.027181885828791576,0.06439143707208166,local_width4,10,9.76927031577,20851272.2523,20851272.2523,1.00000000,0.99856248,0.99737879,width2_d1_m8,1
107,5,125.41838993005975,9.206835350001963,-0.2638645959891269,0.16517837548454606,-0.18046834957216518,0.2527423692587013,-0.1424938605695374,0.052235859369521326,0.018194967347960667,0.03919400124731953,near_plain,10,9.81591172306,26027095.7658,26027095.7658,1.00000000,0.99919521,0.99852504,width2_d1_m8,1
107,6,125.24842471522699,9.219794909317468,0.03065054917279514,-0.1428391192081773,0.029089557434410218,-0.13146727175833967,0.0015773730185465046,-0.08466616913666421,0.08560888262874151,-0.051998181644163304,near_plain,10,9.83156756953,29310538.2902,29310538.2902,1.00000000,0.99983306,0.99962407,width2_d1_m8,1
108,1,129.90916524690743,8.289744835354037,-1.0076655213235455,-0.9034610278966544,-1.2449936467659208,-0.7244279475050215,0.13625734872384088,0.12537838387673073,0.014525055355243843,0.011929150862408977,medium,8,9.474038449,23747969.6017,23747969.6017,1.00000000,0.98306961,0.96661272,width2_d1_m8,1
108,2,127.20719601120844,9.53519989316854,0.8075102371619802,0.04112635331627268,-1.3295389424768738,0.4158726714208927,-0.5512191860945667,-0.021435262502759844,0.4106160544020471,0.3307272092220758,medium,10,9.69153431538,10337731.4258,10337731.4258,1.00000000,0.99021686,0.98021380,apodized_d3_m10,1
108,3,129.33528145800653,9.388447219413637,1.2416841028547687,-1.116830244839119,0.6001990478208097,-0.6381835553172414,0.004251113885210489,0.22688259747435835,0.250989481858678,-0.06210228741614132,medium,10,9.52524358369,31940269.4567,31940269.4567,1.00000000,0.99047113,0.98064335,width2_d1_m8,1
108,4,127.56364456402775,8.315635410988685,0.40284742599985723,0.009678873588325254,0.08330510276695302,0.5815812624867266,0.1266771089150516,0.06168451822246192,0.2598133317402778,0.11065135742860656,local_width4,8,9.65966964571,39243112.2802,39243112.2802,1.00000000,0.99793390,0.99525996,width2_d1_m8,1
108,5,128.4187420255219,8.393174941111372,-1.0193488493215441,-0.9110568521611281,1.1025030914653238,0.08433801966965378,0.04947547749346391,-0.26511092633282896,0.6144625653878104,0.19810040196878598,local_width4,8,9.60880923312,42575773.0519,42575773.0519,1.00000000,0.98804236,0.97814970,apodized_d3_m10,1
108,6,128.1340233324425,8.0,1.437968839513502,-0.1615646031933891,0.17456929683170516,-0.3248327991793291,0.0780469439026118,0.0022614049829518257,0.03290429972167559,0.05884365216030853,seed_from_width2,8,9.60677853962,29280327.1557,29280327.1557,1.00000000,0.99170796,0.98353715,width2_d1_m8,1
109,1,126.2564531942501,9.458145381931153,-0.3303806383240547,0.38739573624212575,-0.13714085230631023,0.1088002989584742,-0.29693350037076066,-0.24963419424980882,-0.006227299395891617,-0.039301904445154134,medium,10,9.74978270563,10155878.4678,10155878.4678,1.00000000,0.99768694,0.99557257,width2_d1_m8,1
109,2,126.3946257228985,8.823978755331206,1.1442676767416378,0.720522911954738,-1.0832212061761648,-0.10468249454076317,0.1488713534898144,0.14483169942262952,-0.42179877455310033,0.06959931198122071,medium,10,9.721416445,12960829.6016,12960829.6016,1.00000000,0.98459879,0.97091975,width2_d1_m8,1
109,3,128.85554229411622,8.19828188218263,-0.3868173157863947,-0.3574741022805189,0.24466722676366803,0.2705934413880264,0.029312459232717497,-0.009047768805992125,-0.013532958936501777,-0.25392366112180326,local_width4,8,9.55188925717,25321209.7162,25321209.7162,1.00000000,0.99813340,0.99644204,width2_d1_m8,1
109,4,128.24342886399776,8.325787165156841,0.41376359561691867,-0.10906082873592954,0.4067408647537386,-0.05826098337449048,-0.43130874370401084,-0.105528635679556,0.31768001493369646,0.3890343824884367,medium,8,9.61143410322,30711742.1402,30711742.1402,1.00000000,0.99696057,0.99365994,apodized_d3_m10,1
109,5,129.46792060560003,9.778744676304532,0.5228102832590765,0.15449049836220252,-0.2378973986977888,0.8156384326914686,-0.30199368715314046,0.19781161640542178,0.21284307146749915,-0.1682997013914316,global,10,9.51755824627,3274158.12774,3274158.12774,1.00000000,0.99280846,0.98510597,width2_d1_m8,1
109,6,128.98028103089757,8.682875987368984,0.973807296288643,-1.7375723962622434,-0.022767774800861756,-0.7938298144758476,-0.3132531140965982,-0.005668029755288982,-0.35853015196835475,-0.02010196972919348,local_width4,8,9.5327425745,16732338.8995,16732338.8995,1.00000000,0.98639946,0.97398311,width2_d1_m8,1
110,1,127.12228837631422,8.61087002378557,-0.7895466775088863,-0.046645183414518135,0.614697557459646,0.7252274932026834,0.4500231754926709,-0.6108077250118324,0.18694015889407334,0.299877637374391,local_width4,8,9.69284391358,25211166.9749,25211166.9749,1.00000000,0.99328824,0.98615455,width2_d1_m8,1
110,2,128.63151600740184,8.22435012712147,0.3583001254426314,0.4732260735279526,0.45244187178858614,-0.30536493379072854,-0.19268690268803668,0.27457180307798235,-0.018912985431878804,0.40494166607736803,medium,8,9.56970737053,22061655.4804,22061655.4804,1.00000000,0.99582211,0.99179658,width2_d1_m8,1
110,3,122.16295359229822,11.677958543799276,-1.4667534540523552,0.927989429502551,1.019725625318411,-0.6160421824269375,-0.34975703382522466,0.13294687724071874,-0.11401403791253684,0.16481055006495793,global,10,10.0777295793,17024369.0095,17024369.0095,1.00000000,0.99211135,0.98494288,width2_d1_m8,1
110,4,128.55270420071628,8.14677955234885,-0.3860092389107257,0.0862477199748251,0.35672056626621873,0.5861434092299597,-0.07507175154487372,-0.23895445696768852,0.12885416593029028,-0.13388786980961997,local_width4,8,9.58006693211,31392963.1405,31392963.1405,1.00000000,0.99726943,0.99429933,width2_d1_m8,1
110,5,126.0,9.4,-0.3737109009598345,0.40082168327565165,-0.0557496497343182,0.19822753766574172,0.1724595682917155,0.22719903277630388,0.0032952064265141037,0.08020636193268395,local_width4,10,9.77118145709,22824753.7629,22824753.7629,1.00000000,0.99852696,0.99718636,width2_d1_m8,1
110,6,127.44033136886756,8.807824248796939,-0.2657035919230394,-1.164375232174682,-0.2475702750941638,0.3695184859747973,-0.31640923492213846,-0.12873676552407914,-0.0043401105528433626,0.058304294491949585,local_width4,10,9.65958848981,25694131.3739,25694131.3739,1.00000000,0.99448449,0.98912629,width2_d1_m8,1
111,1,127.38780184765213,8.001766149900234,0.2251292988274209,-1.561887346290176,-0.3229819629887273,-0.29622307348796456,0.10037268344074982,0.036815545364590356,0.093554638186643,-0.2597626277385247,local_width4,8,9.66595993372,29338988.3908,29338988.3908,1.00000000,0.99026622,0.98049637,width2_d1_m8,1
111,2,126.64744452638568,8.656179528051345,-1.3999820303126593,1.0391513447992555,-0.6966977063891557,0.20556386779419303,-0.2211260432962625,0.0531103292602309,-0.0010861250570276676,0.12804762406291864,local_width4,8,9.71700986128,22533385.6231,22533385.6231,1.00000000,0.98429170,0.96912104,width2_d1_m8,1
111,3,128.2410384038001,8.741697517244743,0.3671453467318938,0.06873151339112837,-0.6829147389480255,0.2154799309493003,-0.16906030566048408,0.17715401173358775,-0.20695632479687875,-0.19627759264408712,medium,8,9.59122463041,19082230.9764,19082230.9764,1.00000000,0.99690542,0.99456024,width2_d1_m8,1
111,4,128.59800679061524,8.639559943234648,0.09687118394572783,0.17183167555932552,0.3443060646991941,0.34654925552655635,0.10382400372321189,-0.3602292865395035,0.041393878709261964,0.14977943174835973,local_width4,8,9.57311558224,26900366.5856,26900366.5856,1.00000000,0.99831787,0.99669606,width2_d1_m8,1
111,5,128.27098267011732,8.454835137722315,-0.4098505799289223,0.6852455144695313,-0.3435413442745796,-0.018632938227805027,-0.2761450563116079,-0.07671258533234361,-0.14746012767098582,0.30943850927349015,local_width4,8,9.59009400534,19690095.4488,19690095.4488,1.00000000,0.99595658,0.99253689,width2_d1_m8,1
111,6,126.6117143829067,8.100721070383031,0.615981787089174,0.23988727669890086,-0.6169044222614354,0.6374720786486441,0.07533517221420416,0.01927089566371898,-0.09153233174577818,0.13142165732165592,medium,8,9.71774339929,21929400.2763,21929400.2763,1.00000000,0.99443904,0.98932695,width2_d1_m8,1
112,1,129.90657026413464,8.286839762964805,0.32093619865000567,-0.11660617807153273,0.18791078429138064,-0.026406712838041413,-0.37137679265813733,-0.1750430875648908,-0.004908099487563766,-0.09648424684544782,medium,8,9.47546959465,27064599.0297,27064599.0297,1.00000000,0.99870773,0.99752910,width2_d1_m8,1
112,2,125.4561284267541,9.708741644978678,0.08725704884701413,0.512766701832702,-0.1878606534883402,-0.4988066699129219,0.02701349319117219,-0.14213666714006795,0.0011771301729043282,0.036153842251416296,near_plain,8,9.81328410191,24142970.096,24142970.096,1.00000000,0.99835251,0.99689586,width2_d1_m8,1
112,3,126.01455868986159,8.0,-1.585764859844457,-0.9961617865074238,-0.8179450592568704,-0.9927338082630499,-0.029133618103560188,-0.30707311883393623,-0.3943471983676088,0.1729325431416002,local_width4,9,9.75532795076,13063475.1062,13063475.1062,1.00000000,0.96706957,0.93626280,width2_d1_m8,1
112,4,128.38152705092372,8.531493734774902,0.3233117242566023,-2.1303855864302204,-0.25266826391100683,-0.3409072201192656,0.3117895272219598,0.19601597036766566,-0.19929303084489558,0.07491131696195374,seed_from_width2,8,9.57851962884,18219237.9491,18219237.9491,1.00000000,0.98242581,0.96595372,width2_d1_m8,1
112,5,129.0173195211056,8.617644891634711,1.4393643606837039,0.6837684430872619,-0.973730293894452,-0.7621157314247933,0.06310059271810387,-0.4941599327306428,0.04019346459946471,0.23308767870415203,medium,8,9.5397529743,22107804.4844,22107804.4844,1.00000000,0.98237146,0.96526133,width2_d1_m8,1
112,6,126.7641672229336,8.0,-0.33903342031096456,-1.6511252230204592,-0.7687821506317712,0.05122964243447368,0.45562060384706793,0.16379739737288385,0.14919721596889657,0.15892605893004097,local_width4,8,9.71520627131,28981674.4414,28981674.4414,1.00000000,0.98808362,0.97606530,width2_d1_m8,1
113,1,126.08123341916637,8.184254049695548,-1.321319376391918,1.4399020484538998,-0.6290118583469722,0.5825785709696232,-0.24490370407143994,-0.1310432067958437,-0.005254416494762007,0.10966469467564297,local_width4,8,9.76058154309,22857808.0645,22857808.0645,1.00000000,0.97854744,0.95780627,width2_d1_m8,1
113,2,127.60840688771043,9.030623118150723,-0.40540981426128214,0.033702390234703006,0.4604957308515629,0.10046924664985846,0.20333737180935318,-0.014857645121245155,0.21580377239708542,0.0015634592689076632,medium,10,9.6538661927,35505139.9537,35505139.9537,1.00000000,0.99863845,0.99689167,width2_d1_m8,1
113,3,129.09947515961997,8.80803070933686,-0.4309628744133672,-0.8421986820535473,-1.005021743345964,1.0338972471076835,-0.5298301359985141,0.4404228505191699,-0.7,0.4028754775758179,local_width4,8,9.51165810684,8329943.48366,8329943.48366,1.00000000,0.98193391,0.96632807,width2_d1_m8,1
113,4,128.89857037823796,8.0,0.7033623858050331,-0.24134065494541196,0.24824919132445256,0.028457380907756707,0.019820361396378994,-0.030776031032539508,-0.0010702127144110174,0.01645443771656377,seed_from_width2,8,9.54849788808,27779501.3803,27779501.3803,1.00000000,0.99762529,0.99540292,width2_d1_m8,1
113,5,128.99097166608792,8.093705417783877,0.1586749878513095,0.5615865038814627,0.3778954844548951,0.1740544911964334,-0.007419372148030262,-0.037540086717482546,-0.13494468600066603,-0.04094931339257006,seed_from_width2,8,9.53643273683,22149549.6559,22149549.6559,1.00000000,0.99741964,0.99539339,width2_d1_m8,1
113,6,129.02485365831538,8.0,-1.0830317842339343,-1.8524719431680081,0.005006939235764077,0.0073375574961077675,0.12637694602070976,0.2672430513910382,0.27726192577160247,0.12053752468626186,local_width4,8,9.54946341821,38436176.6223,38436176.6223,1.00000000,0.98028405,0.96037381,width2_d1_m8,1
114,1,127.07635228868205,8.218153731099235,-0.7826876048666094,-1.0530976407939494,-1.3870668863319549,-0.8762946867258988,0.03876055142155105,0.23141833374191,0.1310329593262924,-0.016258084688809626,medium,9,9.68909868459,25399599.9094,25399599.9094,1.00000000,0.98207587,0.96439807,width2_d1_m8,1
114,2,128.3368896976936,8.482793574248383,-0.5390962385392084,-0.07513775135087665,0.023212056350897497,0.9204572296482089,-0.06362002121852854,-0.08527133830175739,0.0882111716579455,-0.07951717821787567,seed_from_width2,8,9.59639696864,30387353.4667,30387353.4667,1.00000000,0.99603392,0.99186984,width2_d1_m8,1
114,3,128.84118889787817,8.0,-0.826364600902079,-1.3314352735897614,0.07968399191332765,-0.40211762429788944,0.08337332059848503,0.07406763047013253,-0.03944697525465313,-0.002313966335233286,seed_from_width2,8,9.55221821585,25772289.1757,25772289.1757,1.00000000,0.98768630,0.97571605,width2_d1_m8,1
114,4,128.81453970390882,8.830348171808362,0.6613910713716034,-1.1012145741270287,0.10922524206887133,-0.45687981023817226,0.13743050115893987,-0.06588882999099419,0.09911862919394426,-0.07112843232255041,seed_from_width2,8,9.55952695009,31406389.2013,31406389.2013,1.00000000,0.99436960,0.98864878,width2_d1_m8,1
114,5,127.31419615576763,9.4,0.7776370297585222,1.7487496294840719,0.0766201461500747,0.46786615111946306,0.0302199162501502,0.25263185007191663,-0.12923291280112625,0.10260213068496261,local_width4,10,9.66694366307,22384096.7974,22384096.7974,1.00000000,0.98958453,0.97967100,width2_d1_m8,1
114,6,126.27384336492847,9.26527317244911,-0.42385900221280737,-0.4946818466674526,0.29338024242722216,-1.0400692875179771,-0.07115115122124427,-0.040131484071935064,0.2848427899483806,-0.042846772438086905,local_width4,10,9.76101503729,35770448.8232,35770448.8232,1.00000000,0.99454323,0.98858105,apodized_d3_m10,1
115,1,124.33442445033619,10.082951785530778,-0.10698203863280059,-0.06975537424211506,-0.17074656320046913,0.1486736978402521,0.0791572355550921,0.0429207326552601,0.004968619511492377,-0.013678032774516319,near_plain,8,9.90236318569,25595653.3149,25595653.3149,1.00000000,0.99970850,0.99962574,width2_d1_m8,1
115,2,129.90419960559353,9.275963830941697,-0.8990443095998613,0.5222181084663886,0.2984666173857079,0.0883133326774011,0.07822632085730395,0.06665207576913479,-0.02415099814585668,-0.00915793975302634,local_width4,10,9.47574655355,26549191.9404,26549191.9404,1.00000000,0.99645469,0.99312490,width2_d1_m8,1
115,3,128.1035004954304,8.045675040169808,-0.182657162583282,-1.5347405690159188,-0.08331683830783462,-0.4770132431790295,-0.39967626862268046,0.040898331759863654,-0.1221047062653496,-0.12212406329889522,local_width4,8,9.60329699308,20906744.7776,20906744.7776,1.00000000,0.98889742,0.97840568,width2_d1_m8,1
115,4,126.0,8.431684581440264,-1.6620431838408598,-1.3008792031733711,-0.4919596319303118,-0.7754114919342086,0.36939016928138046,-0.04610208009279054,-0.2883425226997937,0.2983264116092226,local_width4,8,9.76539765551,16606039.5856,16606039.5856,1.00000000,0.97428156,0.94974964,width2_d1_m8,1
115,5,127.76898933661961,8.32999273836244,0.33340139766063015,-0.262496195414898,0.016286943020093703,0.402389276761277,-0.4374612779083221,0.3246933245125099,-0.06538641327820244,-0.009068912784592265,medium,8,9.63222024867,23145419.2675,23145419.2675,1.00000000,0.99734284,0.99496756,width2_d1_m8,1
115,6,128.01094775506323,8.23308365829622,0.6600433474990204,-2.1267570579011355,-0.18934583950533276,-0.2737399690783484,0.059062500427089215,0.11584271448621417,0.03976480632610155,-0.0207672994804452,seed_from_width2,8,9.61545086258,28170335.5312,28170335.5312,1.00000000,0.98238504,0.96517243,width2_d1_m8,1
116,1,128.53196276113223,8.53694808743051,-0.9055606229968491,-0.1936153530453908,-0.5538081045527276,0.30953569239753964,-0.3300675931658882,0.1329845407669229,-0.08729802599351755,0.225782768325535,medium,8,9.57144349665,20675828.2459,20675828.2459,1.00000000,0.99291184,0.98639471,width2_d1_m8,1
116,2,126.87905576826202,10.23956371400601,0.8060922387512743,-0.8733639057221589,0.7279604215418629,-0.7502493785473325,-0.19377536407831653,-0.5598531171808472,-0.3583935944407195,-0.6257736559227214,global,8,9.69803706811,13505957.9624,13505957.9624,1.00000000,0.99296194,0.98690824,width2_d1_m8,1
116,3,127.51904341924701,8.939495227042007,0.30290093411443797,0.17906261787677846,0.3506781595954211,0.10239941979990702,0.02787596150804899,-0.3723397356325397,-0.14863582694118044,0.2306277169702781,local_width4,10,9.64806209901,19838223.9261,19838223.9261,1.00000000,0.99795254,0.99648959,width2_d1_m8,1
116,4,124.32314776536109,8.364790731875885,-1.048781573332063,-0.5691150161701417,0.34971344557353135,1.4010712467817932,-0.3596844809201407,0.2804042734251494,-0.3139916774676717,0.0014664066189135627,global,10,9.89181198881,14686508.6015,14686508.6015,1.00000000,0.98623336,0.97354723,width2_d1_m8,1
116,5,127.8505713874682,8.575668536769866,0.6008996546804739,-0.72354754435447,0.7933602964762358,-0.6061741723295467,-0.24813353259450335,-0.14023514145094107,-0.10378909500034789,0.0005576720461666351,medium,8,9.62441786168,22330211.7325,22330211.7325,1.00000000,0.99353148,0.98752020,width2_d1_m8,1
116,6,128.88803292673305,8.0,0.5139961392122094,0.30077080965258524,-0.24941431333946507,0.006032008524316429,-0.12226920076988146,-0.22887215258378285,0.15393381119711463,0.14796315863756604,seed_from_width2,8,9.55552530254,33788218.7035,33788218.7035,1.00000000,0.99792106,0.99555132,width2_d1_m8,1
117,1,123.19401820900161,8.572965929904635,1.3325295000202575,0.5588671804726173,-0.370371778917733,-0.9216334097754664,0.3164944574846734,-0.14005187461081406,0.05009409343880977,-0.012790076111701687,global,10,9.99356151712,24137483.5245,24137483.5245,1.00000000,0.98631701,0.97286327,width2_d1_m8,1
117,2,128.95997367581393,8.02788744907062,-0.29457008130819934,0.08765530795124524,0.3649050655646269,0.5838982172602666,-0.20448216542602848,-0.3663480702759745,0.025907164621543563,-0.09230779571452562,local_width4,8,9.54557582117,25831939.0668,25831939.0668,1.00000000,0.99701802,0.99409760,width2_d1_m8,1
117,3,128.50276113431954,8.997534128321636,1.2279074848490572,-0.2068654329805828,-1.8889020339735745,1.7677199607054959,0.24198682326540505,0.06421812986546888,-0.1977908304881023,-0.13259412803944395,global,9,9.56991557158,12754871.6401,12754871.6401,1.00000000,0.96434441,0.93084421,width2_d1_m8,1
117,4,126.24246390579466,8.059773683184138,-0.07433202500787199,-0.7310390447945551,-0.17925366019269748,-0.7060818070019762,0.3380498232550661,0.017664195474885527,0.07672300675068977,0.09995122004145912,local_width4,8,9.75486764114,28911581.1536,28911581.1536,1.00000000,0.99470624,0.98925400,width2_d1_m8,1
117,5,126.6448250868314,8.44693672578814,-0.35193773311021964,-0.13523749440071148,0.8514287562944163,0.023896634298414918,0.32870378911405496,-0.35887321376026216,0.11050822873443453,0.04175476886708959,local_width4,8,9.72285106309,27208995.9286,27208995.9286,1.00000000,0.99596940,0.99185391,width2_d1_m8,1
117,6,128.1922680520754,8.232837204245067,-0.5206255172435821,-0.8994975834371656,-0.37805080280667885,-0.3806445489783261,-0.10684657755118487,-0.06252353021349724,-0.011417387916115462,0.015224851692366315,seed_from_width2,8,9.60149659673,27437233.7184,27437233.7184,1.00000000,0.99442042,0.98902558,width2_d1_m8,1
118,1,128.99706037058752,8.493452552628074,-0.48822456914448414,0.1706819755183393,-0.21766705416121224,0.7888263785319212,0.19279623398426593,-0.07050290577577539,0.3306187104036996,-0.05769571256674927,medium,8,9.55641785737,42396741.7009,42396741.7009,1.00000000,0.99592958,0.99191522,apodized_d3_m10,1
118,2,128.29227143501012,8.034877049691318,1.5490677647692466,-0.020483321812894317,0.7907282913892685,-0.18455125015428864,0.06328516030845674,0.01893229712594091,0.19203498660300425,-0.06351505102288556,local_width4,8,9.60070462297,36447274.143,36447274.143,1.00000000,0.99044584,0.98063101,width2_d1_m8,1
118,3,127.91313991854275,8.560577775451877,-0.26151816183488685,-0.504182840545258,-0.27449065965280317,0.956904431148914,-0.2360322230269405,-0.05420137776084445,-0.24026290846543422,0.3478111039449986,local_width4,8,9.6171249476,17347736.555,17347736.555,1.00000000,0.99430661,0.98932446,width2_d1_m8,1
118,4,128.96861731908314,8.264755986201276,0.963482359108998,-0.03850372078436676,0.30346929058279537,-0.13396962237719065,0.011779455943686498,0.028449835361269646,0.24989932397811565,-0.07319517882745447,local_width4,8,9.55328060193,40903199.7537,40903199.7537,1.00000000,0.99641574,0.99229407,width2_d1_m8,1
118,5,127.57704314622501,11.402636244992976,-0.8717561716187224,1.0713052130648015,-1.1136014507694996,-1.071828995922181,-0.09074271445526516,0.45366210283562525,0.36977182056434277,-0.0761224713691529,global,10,9.66306221158,28629154.3696,28629154.3696,1.00000000,0.99155625,0.98259804,width2_d1_m8,1
118,6,128.1726403531698,8.129983514906298,-0.17832598714949863,0.7168068346612944,-0.1667967351487926,0.5375866060174429,-0.1639308856205815,-0.23247416943812166,0.007749071037707958,0.3306579446805985,local_width4,8,9.60352828659,24389526.8744,24389526.8744,1.00000000,0.99577852,0.99170241,width2_d1_m8,1
119,1,124.5123402043296,12.181855147710824,1.4366448616486993,-0.48071199000002385,-0.21064845059333703,1.3103661508547622,-0.36060970307476153,0.3207889165942688,0.2961069581527611,0.00432694200658551,global,10,9.90223383943,25770386.4371,25770386.4371,1.00000000,0.99160904,0.98279463,width2_d1_m8,1
119,2,129.36891637433484,8.145111931080043,-0.5229055297075031,-0.08776814666339994,-0.19700122138745588,0.21525430196312945,0.17064303123919922,0.07199235679996271,0.1981669378425767,0.1144860353675811,local_width4,8,9.522278788,36826187.0204,36826187.0204,1.00000000,0.99832951,0.99621428,width2_d1_m8,1
119,3,128.31702109804047,9.171043875117194,0.917077389384721,-0.0034415931462306038,-0.31579936337041936,1.185170397249361,-0.04204268977860948,-0.011791592586365557,0.050543758149211054,0.06777733448995346,medium,10,9.59831316472,27881673.4253,27881673.4253,1.00000000,0.99233990,0.98459069,width2_d1_m8,1
119,4,127.70315235745792,9.4,-0.8646036882023544,-0.4229161942098138,-0.04691325321563125,0.1381169154808336,-0.0019596816470490858,0.023116185593602775,0.10199885081053728,0.21446711422206394,local_width4,10,9.64315494421,28732395.2734,28732395.2734,1.00000000,0.99714647,0.99422255,width2_d1_m8,1
119,5,128.54479131748735,8.176648688479235,0.41378754064718254,0.20290386446125697,-0.2946317576874091,0.22336736266957558,-0.048894987159387435,0.13617981608954505,0.06373075036678776,-0.012039773856535506,local_width4,8,9.57773423375,30986996.8635,30986996.8635,1.00000000,0.99860869,0.99717299,width2_d1_m8,1
119,6,126.0,9.4,-0.13464190401428744,-0.1406781579976864,-0.3211746104519225,-0.00839319506177244,-0.02091603843881268,0.07378084067391082,-0.020981413664376315,-0.08274215128285635,local_width4,10,9.76933546245,23989313.611,23989313.611,1.00000000,0.99939101,0.99903331,width2_d1_m8,1
120,1,127.35902001371264,8.259598329060069,0.37089857344533317,-0.49557982316946847,-0.8744543389462074,-0.8050383998499739,0.24966499293045485,0.015127618697494516,0.1891823468241992,0.28313827677211556,medium,8,9.67166913787,28833135.0999,28833135.0999,1.00000000,0.99301714,0.98574106,width2_d1_m8,1
120,2,128.04334274117966,8.321926231739383,1.1584689652676048,-0.8354837144765761,0.3734951058694659,-0.35137513229689166,0.057120426943243194,-0.045724900931643386,-0.1256023457717067,-0.15187712787722324,local_width4,8,9.60801436686,22658598.848,22658598.848,1.00000000,0.99224504,0.98505513,width2_d1_m8,1
120,3,128.14158399124722,8.216867887890064,0.9831289389724176,1.560579623360289,0.11399548508150512,0.6175877586383393,0.03737095620190373,-0.2612907601555061,0.2651210245455196,0.21163661389123528,seed_from_width2,8,9.6143325708,34550571.829,34550571.829,1.00000000,0.98654073,0.97275991,width2_d1_m8,1
120,4,128.46010506829094,8.219461716678733,0.2646144313240436,-0.061585131448508745,-0.1894813577543778,0.046918157863471616,0.05100123984092475,-0.02706094330172315,-0.2554947071275883,-0.2239607727438762,seed_from_width2,8,9.57233316938,18260973.9132,18260973.9132,1.00000000,0.99861718,0.99809796,width2_d1_m8,1
120,5,129.05092762315854,8.334567311167275,0.7328918186916961,-1.446961784911762,-0.1658506115662754,-0.32925294639657765,-0.03948567276721834,0.014171149622482851,-0.032547141212015976,-0.005251346281428641,seed_from_width2,8,9.53664649164,27431301.3327,27431301.3327,1.00000000,0.99092726,0.98215503,width2_d1_m8,1
120,6,128.43960978727765,8.483765997415848,-0.6800885915214486,-0.33899579647953615,-1.0699694286601509,0.8340481934380972,-0.02939319796720724,-0.08363893978799497,-0.1160046254134631,-0.08659089386867119,medium,8,9.57814441166,20082806.4539,20082806.4539,1.00000000,0.99071440,0.98205857,width2_d1_m8,1
121,1,129.2069942798205,8.09649515412038,0.893466910740442,-0.025861367383431894,-0.004034075596343639,-0.5018593108608048,0.17401262657227448,-0.08354372645053051,0.10913344293962585,0.1304380023409763,local_width4,8,9.53021341466,32268213.0966,32268213.0966,1.00000000,0.99572116,0.99129356,width2_d1_m8,1
121,2,129.95062582964815,8.446603671155366,-0.3196700078778785,-0.5318187646326535,0.049523158401710836,0.5694613573995334,0.33950638307286185,-0.10481550797330841,-0.04420168103140468,0.05385806189376405,local_width4,8,9.47179528177,25498380.476,25498380.476,1.00000000,0.99742818,0.99503670,width2_d1_m8,1
121,3,126.15221654591589,8.559634259586653,-0.04441624533255606,-0.29314291470233494,0.15385864947845418,-0.6177158387272287,-0.041311132350453916,-0.12287970173860419,-0.25764464112030105,0.04007973133125725,medium,10,9.74954424354,18588164.433,18588164.433,1.00000000,0.99773251,0.99625637,width2_d1_m8,1
121,4,128.41545601580802,8.026778242941125,0.5983318244092026,1.0912490744451453,-0.12496051633235349,0.15480396227511922,0.01424738802035902,0.08687358634093961,-0.03093256100628916,-0.15799490017966963,seed_from_width2,8,9.58404224195,26500553.9904,26500553.9904,1.00000000,0.99389017,0.98801200,width2_d1_m8,1
121,5,128.40540874064686,8.349377693114159,0.7455429414485031,-1.5021843155323102,0.03928826419704726,-0.3057172319124408,0.22095371236373468,-0.048993820779041464,-0.0993710001742369,-0.0960157491004272,seed_from_width2,8,9.58171005238,23636235.4414,23636235.4414,1.00000000,0.98952439,0.97959329,width2_d1_m8,1
121,6,124.40364829513771,9.58672213314741,0.23671250611572736,-0.031132297054246028,-0.31411659562503036,-0.5634921799153887,0.08353887378398614,-0.10782048381992675,0.07460508162414875,0.14891595831854135,near_plain,8,9.8987994172,26503816.7036,26503816.7036,1.00000000,0.99854066,0.99707439,width2_d1_m8,1
122,1,127.81200972534441,8.278528635485312,1.0010721660607236,-0.46709815388873405,0.058954500846972735,-0.23223925430183714,-0.1824575836974583,0.1972680149747383,-0.22684443271719662,0.01757630005623137,local_width4,8,9.62250154002,19612834.5218,19612834.5218,1.00000000,0.99476781,0.99029946,width2_d1_m8,1
122,2,126.0,8.596051862211723,-1.7187458285986974,-1.2429792581179702,-0.3499300400436275,-0.9928381772778123,0.32164350525305835,-0.14520554956521392,-0.3103553815744768,0.38402609163727874,local_width4,9,9.76729162699,15844646.5911,15844646.5911,1.00000000,0.97226500,0.94575660,width2_d1_m8,1
122,3,127.11058052842782,8.01225467061806,0.0483732769987689,-0.7508501259269815,-0.41121831671090003,0.047485033235981494,-0.02853403214097806,0.1609521257377004,-0.18901343341879245,0.007474293687751543,local_width4,8,9.67496110014,19742028.1985,19742028.1985,1.00000000,0.99676922,0.99428375,width2_d1_m8,1
122,4,128.16020509088222,8.205043914983769,0.5790457699577493,1.0111538743052928,0.19019757459419187,-0.37682656146367866,-0.16989130543634262,-0.5658114790162755,0.0045938100172504305,0.12614532103706685,local_width4,8,9.602399078,22578169.2075,22578169.2075,1.00000000,0.99073018,0.98179383,width2_d1_m8,1
122,5,127.22456311335698,8.547691553975856,-0.7148211721514564,-0.051865543523670087,0.6866471345497847,0.3798898461110854,0.6437586766309046,-0.5142936892658628,0.2096277153545819,0.27587821394587675,local_width4,8,9.68543485394,24579278.8973,24579278.8973,1.00000000,0.99347173,0.98647428,width2_d1_m8,1
122,6,126.0,8.082784606986959,-1.9719061996699745,-1.3793582640536943,-0.5540306570754713,-0.8822205197763826,0.1286352784717678,-0.27119869693139476,-0.1667511762411181,0.30664852533308007,local_width4,9,9.77072897937,18595559.093,18595559.093,1.00000000,0.96034253,0.92235682,width2_d1_m8,1
123,1,129.7959369051908,9.303002008661338,0.5301451775186887,0.03863906396394029,-0.4742370153493843,-0.4107617728069536,0.17121112768296054,0.07194636449229527,-0.15986072792923212,-0.25567429326290425,local_width4,10,9.47899635068,19915716.2429,19915716.2429,1.00000000,0.99673392,0.99407481,width2_d1_m8,1
123,2,126.42175385402246,8.86361333255626,-0.4193935881900091,-0.30504669128244977,-0.43231528990746787,-0.3988367391934097,-0.16350379621402908,-0.044843587521703365,0.1630712396239204,-0.2034390298880372,medium,10,9.74255886178,30595383.1612,30595383.1612,1.00000000,0.99735438,0.99446591,width2_d1_m8,1
123,3,129.3154118377808,8.583291042366026,-0.11390806643236906,0.5454786523826199,-1.238884798415736,-0.476178208442217,0.3188525397267765,-0.46375228389403467,0.2818713060215619,-0.009361158151773782,local_width4,8,9.52611884827,28839851.9436,28839851.9436,1.00000000,0.99283884,0.98532169,width2_d1_m8,1
123,4,126.0,9.4,-0.048849945134043025,-0.09140600490491135,-0.17233284428426526,0.32726178513611714,0.39017684473164915,-0.14376730627706918,0.122163265387985,-0.04974427671634995,local_width4,10,9.7746990296,15248138.5092,15248138.5092,1.00000000,0.99858756,0.99701864,width2_d1_m8,1
123,5,128.52595816198394,8.62582018856642,1.2500838545120136,-1.1533059922829005,0.36642756011719857,-0.27554456015749057,0.19265963495410612,-0.44958704064635757,0.19147465192173754,-0.3555998591931865,local_width4,8,9.58605200791,29726726.1807,29726726.1807,1.00000000,0.98999767,0.97965353,width2_d1_m8,1
123,6,129.08102086476035,8.069716931789058,1.1453081457468643,-0.47236633377975923,0.1302374162575628,-0.11830188746829962,0.11180364353052347,0.20165077741098458,-0.004680200042912475,0.15582789967322025,local_width4,8,9.53406374995,26495934.4347,26495934.4347,1.00000000,0.99375162,0.98775653,width2_d1_m8,1
124,1,126.74747350962885,8.153104312169615,0.42341357815324554,0.9864228671745434,-0.31624088595503996,-0.8304065877206036,0.05075881389502404,0.9,-0.2607316400295814,0.3647229608567601,local_width4,8,9.70958508136,15448448.6899,15448448.6899,1.00000000,0.98737481,0.97535494,width2_d1_m8,1
124,2,128.80775918993405,9.4,-0.814886589892577,-0.3330875498532144,-0.9196040845520762,0.12582545607186044,-0.2437331219322194,0.22020985030470153,-0.09360264057595835,-0.009214891754184981,local_width4,10,9.55148083187,19784954.6621,19784954.6621,1.00000000,0.99331126,0.98724674,width2_d1_m8,1
124,3,129.27427724944192,8.404333036757828,0.9211242230660927,-0.6075645363183299,0.7987649247034244,0.9921907813769815,0.35460076731954765,-0.40634918926782343,0.31253708173949324,0.027332779621702954,local_width4,8,9.5360087889,32579120.2014,32579120.2014,1.00000000,0.98767128,0.97542291,apodized_d3_m10,1
124,4,126.37446371735271,8.434188801819339,0.7588194745171378,-1.0502705375335852,-0.43370231746566457,-0.28627963302332954,-0.08947907398220181,-0.11954985769957521,0.005379867297776439,-0.03468207947932328,local_width4,8,9.74093616413,27440093.6185,27440093.6185,1.00000000,0.99374521,0.98762532,width2_d1_m8,1
124,5,126.02561125621683,8.429038528150148,-0.3568429799364364,-0.01652092407893946,0.7758974144261946,0.36555427892952064,-0.2934141356343527,0.19178692405887499,-0.08597434322720604,0.30017985923137724,medium,9,9.76296102529,20131065.3517,20131065.3517,1.00000000,0.99601858,0.99252849,width2_d1_m8,1
124,6,128.22977636915508,8.305005266281055,-0.31506201580132753,-0.2798480233282481,0.26161524466551866,-0.49517553110765616,-0.4775919933132777,-0.34136952717645985,0.32318429230999723,-0.15532601968529597,medium,8,9.61209325334,34471439.5925,34471439.5925,1.00000000,0.99651063,0.99275666,apodized_d3_m10,1
125,1,127.8211814679806,8.564353276562604,1.0859883992922343,-1.3414213028202335,0.3291916766501901,-0.6798097833797994,-0.017260431872977475,-0.15459602827703897,-0.3206898817602189,-0.11969371775335651,local_width4,8,9.61967360885,17154875.6613,17154875.6613,1.00000000,0.98886451,0.97880122,width2_d1_m8,1
125,2,126.34113233427637,8.379893570952282,1.025793773161335,0.011766477666097869,0.6009898248266978,0.7648801567356183,0.04270544343495686,0.21473351088219805,-0.18115373785583158,-0.2841770037271593,local_width4,8,9.73706412808,18238039.1616,18238039.1616,1.00000000,0.99240849,0.98548213,width2_d1_m8,1
125,3,129.36513957466357,9.464875312221274,0.9733661629304289,-0.6082671120548543,0.3509962415278769,1.2068698460775706,-0.15006136704007583,-0.037172098981525625,0.06821846575607615,-0.23826846690591222,medium,10,9.52279597982,25468139.8963,25468139.8963,1.00000000,0.98939887,0.97865245,width2_d1_m8,1
125,4,128.1505905588686,8.237373926793957,-0.495670807816051,-0.1897636690695647,0.5178726907297717,0.0709939600250108,0.02878598282749285,-0.13138200343704554,-0.4419252748739488,0.10828666681769465,local_width4,8,9.58865663911,14153309.0448,14153309.0448,1.00000000,0.99636963,0.99415048,width2_d1_m8,1
125,5,129.40364267659797,8.542442992479746,0.9636956908337428,-1.3378031581289331,-0.3916254243950772,-0.4641318249302818,-0.2929025757101739,0.11597345173269419,0.1287856019532814,-0.04977416950603872,seed_from_width2,8,9.51747501256,32390896.5819,32390896.5819,1.00000000,0.99097671,0.98178913,width2_d1_m8,1
125,6,129.7504975053991,8.333841507982362,0.4168615232148434,0.4267375844144927,-0.35904977255805726,0.81987881420303,-0.037235970607063296,-0.3625300766459973,0.29099933996422034,-0.0992340996289135,medium,8,9.49855778969,37603731.07,37603731.07,1.00000000,0.99523183,0.99005124,apodized_d3_m10,1
126,1,129.1903899226967,8.049861728605139,0.8001113567000235,-0.14120593634063072,0.540065136536081,-0.22859956896264028,-0.129234749495627,0.09181573218339943,-0.09466731724557087,0.07077482265865867,local_width4,8,9.52363600186,23483000.6723,23483000.6723,1.00000000,0.99603039,0.99248425,width2_d1_m8,1
126,2,127.70279282336844,8.779485591456426,-0.1168122921153375,-0.32826324273317486,0.2511850734297929,-0.5325157143120762,0.11212526765443881,0.011277674418635919,-0.09586849333665046,0.1387729132228975,medium,10,9.63649609616,23180774.8998,23180774.8998,1.00000000,0.99796800,0.99631287,width2_d1_m8,1
126,3,128.89896645786075,8.284298905064828,-0.05823466029617219,0.06372669578906348,-0.003610667003434584,0.5250878308738947,-0.1586270745248546,-0.010728336780140992,-0.008883502836642448,-0.4275060293514816,local_width4,8,9.55002641017,23188552.5468,23188552.5468,1.00000000,0.99799707,0.99612272,width2_d1_m8,1
126,4,128.69563363982448,8.036789552695993,-0.04434325754460505,-0.3595481473332396,-0.29402582637395575,0.2752022638992812,-0.17244710769042365,0.022738184682589615,-0.06579099231748532,-0.17516349413119103,local_width4,8,9.56135231323,23967761.6408,23967761.6408,1.00000000,0.99841061,0.99715260,width2_d1_m8,1
126,5,127.60088824127048,8.302466142126669,0.2438927511568835,-0.25599231175938164,-0.8070327330002824,0.646581987373261,-0.35090338946165867,-0.04685852525533685,0.39587550172787156,0.02503900989975444,local_width4,8,9.66225973185,40805311.7168,40805311.7168,1.00000000,0.99453990,0.98943270,apodized_d3_m10,1
126,6,127.59521420727063,9.139535164856241,-0.3425423808310929,-0.2184831954714217,-0.08122765206905774,-0.3449978323429714,0.13315005101185912,0.12647637986645938,0.004636266681868173,0.06168368410255079,medium,10,9.64816949928,26544827.781,26544827.781,1.00000000,0.99888959,0.99791665,width2_d1_m8,1
127,1,128.4622763850366,8.270412382199268,0.650616471143576,-0.22360594489712843,-0.043729756727971664,-0.3866765797541179,-0.20268019514992572,0.03396244383758695,0.15302108212719023,0.05698651264832183,seed_from_width2,8,9.58831065085,35152549.5333,35152549.5333,1.00000000,0.99767207,0.99500567,width2_d1_m8,1
127,2,128.02565856487925,8.123717159070619,0.44327109548046206,-0.8009165828155433,-0.4973762252516935,-0.3446342323650972,-0.28966734126223204,0.16516822152319305,-0.1633356300787196,0.22501276053724312,seed_from_width2,8,9.60783185299,20024960.8921,20024960.8921,1.00000000,0.99546159,0.99156170,width2_d1_m8,1
127,3,127.8398085150444,8.0,-0.23223530101058887,0.6067180245135986,0.30710989124179,-0.1819521519924261,-0.026754893849624678,-0.27025498791254265,-0.10188805588228388,0.38275512053005434,local_width4,8,9.623307541,19554790.4995,19554790.4995,1.00000000,0.99597358,0.99246420,width2_d1_m8,1
127,4,129.09609572109582,8.150704426750526,0.821514287305955,0.1690497779220907,-0.47586948847639454,-0.6413003314946868,0.20575512364922732,0.018623495209070473,0.0058700960281621445,0.017864330685140206,local_width4,8,9.53412264677,26086029.3098,26086029.3098,1.00000000,0.99346955,0.98712833,width2_d1_m8,1
127,5,128.67335490752725,8.340751354291847,0.4536045676775591,-1.1971650815221055,-0.0886299518302642,-0.34706489549691066,-0.020759298565602685,-0.053126576401283786,0.06951863995402725,-0.06354710457536558,seed_from_width2,8,9.56901109793,32180140.7232,32180140.7232,1.00000000,0.99416035,0.98826715,width2_d1_m8,1
127,6,128.89993036541048,8.101984926260387,0.3296887504369891,-0.15761125229259487,-0.3470689390483018,-0.022290258037715532,0.005002501656489466,-0.12398809809561084,-0.17480240824832746,-0.05074796900498238,seed_from_width2,8,9.54198984737,21088964.6786,21088964.6786,1.00000000,0.99841929,0.99748706,width2_d1_m8,1
128,1,128.5645015761147,8.173921124166903,-1.2323376149563998,-1.0619233979164793,0.23092143418243324,0.12963441724306496,-0.25662944696065826,-0.12266352774478873,0.12342187419455733,0.12298401179215313,local_width4,8,9.57768054233,33177253.9646,33177253.9646,1.00000000,0.99010128,0.98014114,width2_d1_m8,1
128,2,129.04521629780962,8.0,1.2121440651691073,-0.26540056755138586,-0.17466358303040952,-0.1583297789955993,-0.040767682379976765,0.05519580168715834,-0.01687336322802778,-0.0600816645963832,local_width4,8,9.5372225884,27175269.9179,27175269.9179,1.00000000,0.99328904,0.98680218,width2_d1_m8,1
128,3,122.98791516416084,8.552988846223029,-0.04065848639680625,0.17718009667184687,-1.6620426902432508,0.3877985404827209,-0.07415832631122282,0.39971837315952014,-0.08106999339868337,-0.03932186860195064,global,7,9.27336279415,106429.944338,106429.944338,1.00000000,0.99898554,0.98671744,width2_d1_m8,1
128,4,127.18947812010899,8.06193304717883,0.5573497454968883,-0.10059606343873251,-0.5066503197732417,0.07781259594910472,0.0017171926944935523,0.3052686500006474,-0.4410904616162492,-0.35343938176214473,medium,8,9.66067550171,12934119.4586,12934119.4586,1.00000000,0.99447582,0.99042542,width2_d1_m8,1
128,5,127.53299749567881,8.866671067214806,-0.9359122657047902,0.7305017290333073,0.297458003997376,-0.09489863673364807,-0.14966106346430152,-0.20040331276731943,-0.15891286976900085,0.3161888808412417,medium,10,9.6456588428,19263863.2003,19263863.2003,1.00000000,0.99406932,0.98882990,width2_d1_m8,1
128,6,129.2842528143323,8.995000618014698,0.03219099170701095,0.07966774937480275,1.041884177166042,-0.20192071806375084,0.47746643080399076,-0.38745852521315316,0.3817281903033873,-0.3186846044895798,local_width4,8,9.53335003096,27500702.2393,27500702.2393,1.00000000,0.99466225,0.98880725,apodized_d3_m10,1
129,1,127.23768067664444,8.733754805893554,-0.32645946861149155,-1.5028584018263307,0.5667464216502119,-0.388022095035504,-0.7380777286493447,0.816149728921521,0.07362067935484065,-0.3079957629878513,local_width4,8,9.67048094166,14634315.756,14634315.756,1.00000000,0.98086320,0.96250587,width2_d1_m8,1
129,2,128.75904634019267,8.432965663572762,0.15602158057483706,-1.117025057185725,-0.21211485634576474,-0.3804192616688006,0.048812864412587906,-0.025749110932230566,0.017163892784140197,-0.1832167531274132,local_width4,8,9.56073935544,28338606.7418,28338606.7418,1.00000000,0.99501098,0.99011344,width2_d1_m8,1
129,3,128.9437818672003,8.326096721019999,-0.39844769551254644,-1.5497824155273823,-1.3321331625843156,-1.6387312021788991,0.541543459671399,-0.060043261907954504,-0.45703637152867993,0.35460281301394925,global,8,9.53795750815,11314000.0085,11314000.0085,1.00000000,0.97034939,0.94249455,width2_d1_m8,1
129,4,128.5400236913212,8.028743064213952,-0.6569904999137897,-0.6357163338231291,1.149193544645573,0.3836106100139648,0.1433395470967286,-0.5547112675954468,0.5183276834883226,-0.3548489416296232,local_width4,8,9.59752489708,28416637.0919,28416637.0919,1.00000000,0.98933177,0.98014292,apodized_d3_m10,1
129,5,128.21817947162066,8.306971865693598,1.0588285807104998,-0.9015974574343033,0.5063131199642549,-0.4416332379909747,-0.12348351076181745,0.22289213826021173,0.2021104590467236,0.2089784625937606,local_width4,8,9.60705575192,33223065.7242,33223065.7242,1.00000000,0.99143049,0.98255753,width2_d1_m8,1
129,6,126.80245166602607,8.513691277416697,-1.0060054959413247,-0.14826213573045383,0.6146473452409936,-0.7058206440026071,-0.1181576473395462,-0.13633933164460452,0.001310195970545741,-0.08127974319676606,local_width4,8,9.70791650101,26168378.71,26168378.71,1.00000000,0.99347232,0.98710657,width2_d1_m8,1
130,1,129.57246888124624,8.0,0.9552240563675174,-0.44745875662851997,0.29860689524072104,0.07618492967389878,0.03980207938059543,0.42242072392945945,0.1327022251481878,-0.15166514675057963,local_width4,8,9.50320931759,29550809.923,29550809.923,1.00000000,0.99424500,0.98835316,width2_d1_m8,1
130,2,127.9953355175589,9.034557289197291,0.21270769642386478,0.4821285280725973,-0.4117768925103523,-0.16314421892276565,0.06471165172686594,-0.11520926732862963,-0.04077780594254021,0.08736634821314154,medium,10,9.61551373396,24758952.4229,24758952.4229,1.00000000,0.99834161,0.99698731,width2_d1_m8,1
130,3,128.77779374957012,8.04228967752488,-0.11140064578360416,0.48473198352627456,-0.1350035693070527,0.20595172434264192,-0.047835563101112644,0.03992905799785279,-0.06385898228594429,0.009074002999416353,seed_from_width2,8,9.55541906669,26242760.6181,26242760.6181,1.00000000,0.99863446,0.99757956,width2_d1_m8,1
130,4,126.84511588203019,8.902111555957934,-0.17213931936010082,0.32322727639271,0.18240113731051055,-0.06804757841995768,0.24410098760729193,-0.18803252235711757,-0.07478399807108185,0.27752726943171724,medium,10,9.70216364675,22200475.4261,22200475.4261,1.00000000,0.99861298,0.99759403,width2_d1_m8,1
130,5,127.7869107364034,8.251768683823444,0.8579478424606453,-1.5040240067869803,-0.5851848769498896,0.13167966993016778,-0.01164123744450647,-0.1270853237967599,-0.3620303686287024,-0.14345131372150188,local_width4,8,9.61935747552,15663605.8233,15663605.8233,1.00000000,0.98656196,0.97441302,width2_d1_m8,1
130,6,129.83265194591553,9.368443077952143,0.8987481497985579,-0.5803001912838295,-0.49434051018351677,0.6032765413137555,-0.1547648094595997,-0.4884676293694263,-0.09198721422608414,-0.11349341038777738,global,10,9.4813435478,22659496.2095,22659496.2095,1.00000000,0.99253340,0.98536963,width2_d1_m8,1
131,1,128.1473077729646,8.020983275672585,-0.24715628321765581,-0.5174585701665998,-0.2419412283877604,0.027097602598693676,-0.1889381915635101,0.21227822425501097,-0.052416816934475946,-0.027876012933328184,local_width4,8,9.60188120896,24426838.6687,24426838.6687,1.00000000,0.99795332,0.99625357,width2_d1_m8,1
131,2,129.09657586577475,8.0,1.0145859512038617,0.16116650527321413,0.3332297328848897,0.2918098570288018,-0.07906435088838729,-0.08384216683286705,0.4852808544837317,-0.04184294913847336,local_width4,8,9.55448522624,55767159.5625,55767159.5625,1.00000000,0.99467282,0.99068817,apodized_d3_m10,1
131,3,127.64155107807862,8.0,0.13868600721417376,1.2844152414122716,0.16915416298193844,-0.5176353690460745,-0.08598811355442744,-0.22211881981550788,-0.05628165629806195,0.06447687875302466,local_width4,8,9.63974171214,23747183.4506,23747183.4506,1.00000000,0.99020949,0.98085858,width2_d1_m8,1
131,4,128.07442476364824,8.071568665583792,-0.14248476437497593,-0.5808609837917158,0.22229262854371062,0.22456409644742845,-0.028096183401987176,0.09647985584960522,-0.012181419649915346,-0.06225968626302554,local_width4,8,9.60948708366,27047152.5506,27047152.5506,1.00000000,0.99789132,0.99598120,width2_d1_m8,1
131,5,125.13576905527786,10.794057126984198,-0.0066676793309234095,0.04242277777061029,0.003354477404501177,-0.02543554116953811,-0.010538760958627717,-0.01615642570163766,-0.012144348325829384,0.002993431257202764,near_plain,10,9.83940205052,24691413.7198,24691413.7198,1.00000000,0.99985070,0.99998147,width2_d1_m8,1
131,6,128.71344628537528,8.19681660857699,0.05401215818299432,0.12768106380216016,-0.2615720633219719,-0.3826277744074523,-0.0079013258566909,-0.21509712241051304,-0.059581584490205564,0.03652035396615591,medium,8,9.56063903868,24819910.1895,24819910.1895,1.00000000,0.99879778,0.99789693,width2_d1_m8,1
132,1,128.53254655084945,9.56961285536146,-0.978850381955376,-1.0978341680727195,-1.4839977927769332,-0.5554268796263362,-0.01535009150238592,-0.09670535767311984,-0.0699563763816102,-0.03129132006090647,medium,10,9.5732509287,18522011.3865,18522011.3865,1.00000000,0.98412336,0.96901227,width2_d1_m8,1
132,2,127.82370486772272,8.616191097139707,-0.8810608875992569,-0.6438828489668792,-0.39327446115458464,-0.1649981994173943,0.029856509091968575,-0.037649010648677886,-0.0069891226684223595,-0.01920534318405743,seed_from_width2,8,9.62947674726,26785736.4108,26785736.4108,1.00000000,0.99475091,0.98969602,width2_d1_m8,1
132,3,128.05837897527357,8.282251757849123,1.4405598044333698,-1.3220987441845908,-0.26477364458605207,-0.34424181673366294,-0.31442672182579867,0.19725365695460928,-0.013147325388169942,-0.04979787505215841,local_width4,8,9.61218894647,26639494.3258,26639494.3258,1.00000000,0.98628271,0.97287219,width2_d1_m8,1
132,4,128.26199343548703,8.280372822833497,-0.4433904423341872,-0.11206444035336577,-0.2077131889989429,0.6451563334403618,-0.1986504031887949,0.22222270602648317,0.16090420288206206,0.3130408765838849,local_width4,8,9.60351505752,28071933.8193,28071933.8193,1.00000000,0.99618140,0.99204282,width2_d1_m8,1
132,5,128.8398115607002,8.58605816830592,0.3663534750155311,0.025413763939979385,0.169219255434788,0.2659135927296389,-0.16716747182948957,0.3012650195945006,-0.22271972223050537,-0.045958577177383664,local_width4,8,9.54657957531,19771577.7683,19771577.7683,1.00000000,0.99833614,0.99739519,width2_d1_m8,1
132,6,126.19527310725408,8.678435993177883,0.5141604450346666,0.3284905160388586,-0.05405358331120691,-0.38110452366293224,-0.06036230599470021,-0.0945853908878214,-0.06932087909786047,-0.079881043769068,medium,10,9.75220496728,24111239.7105,24111239.7105,1.00000000,0.99791352,0.99614920,width2_d1_m8,1
133,1,126.0,9.4,-0.22500948811138338,0.07143662773426691,-0.2522655270537062,0.27064336021624014,-0.1589698875485272,0.007704021716903743,-0.21591042917486192,0.15353195162098754,local_width4,10,9.76366164906,17712047.1765,17712047.1765,1.00000000,0.99861371,0.99795680,width2_d1_m8,1
133,2,125.02653227429252,9.532250442609318,0.18288705560495383,0.07901292381968705,-0.31236155040915015,0.34446918005599864,0.004766344043975808,0.011662740363919524,0.004623545544824477,0.007659645820172388,near_plain,8,9.84670953895,25767246.8402,25767246.8402,1.00000000,0.99918804,0.99855636,width2_d1_m8,1
133,3,127.04400264621947,8.33368938073905,-1.7340145440063797,-0.0241719373035387,-0.6233663628153766,0.10574612820464047,0.32345618095969175,0.3200995486970776,0.04070235922277471,0.3087763101711419,local_width4,8,9.69229458564,23277617.5161,23277617.5161,1.00000000,0.98364043,0.96747960,width2_d1_m8,1
133,4,122.9017231705776,8.225933732260497,0.11981577691675294,0.4594357973876939,1.1816499198619028,0.24873347112207767,-0.7728135716807024,0.4770264795145691,-0.45740098921667294,0.14580531758672066,global,10,9.99794516647,10800244.9008,10800244.9008,1.00000000,0.98811662,0.97791320,width2_d1_m8,1
133,5,125.66533018976895,9.595407687214404,0.3014848014861512,-0.37882611335044636,0.4549060790929562,0.23059047066006622,0.08814519908106727,-0.026800235898847058,0.08648451922338302,-0.025759954783749442,near_plain,8,9.7989216393,25057739.5396,25057739.5396,1.00000000,0.99846111,0.99692498,width2_d1_m8,1
133,6,127.09596835306813,8.648597151080477,0.2992788038859806,0.17011464671212706,-0.000414314275107297,-0.3234226283900023,0.03431546586097295,-0.16674381212278633,0.01818871682417353,-0.14074281199945618,medium,10,9.68577134216,27424511.5105,27424511.5105,1.00000000,0.99900526,0.99811201,width2_d1_m8,1
134,1,127.2962679917876,8.445072105462167,0.23098600325653096,-1.5116670622900017,-0.6135852428525352,0.12536908468953012,-0.03656579921679991,-0.06344295935327754,0.09386785842772649,0.09317896089613008,local_width4,8,9.67338532619,31258880.7889,31258880.7889,1.00000000,0.99150035,0.98294282,width2_d1_m8,1
134,2,127.97946237591135,8.103041930852639,0.5318502502692477,0.01719991857341363,-0.2955091887137028,0.6726133204604006,-0.31049256152088694,0.20863682113743673,0.0967506767732211,-0.08789325964865662,local_width4,8,9.62334015699,30854738.1768,30854738.1768,1.00000000,0.99645635,0.99267782,width2_d1_m8,1
134,3,127.83197303312988,8.194748600690204,0.14096365460098842,-0.9395087612953975,-0.34526260516158935,-0.6223806317242575,0.014963894046473414,0.09806191137303907,0.01888808774049658,-0.02953904907749095,seed_from_width2,8,9.62982543701,28569550.1764,28569550.1764,1.00000000,0.99513560,0.99035659,width2_d1_m8,1
134,4,127.98076542727692,8.0,0.8778618676131644,-0.2588929053128777,0.5007031688461312,0.16809775043055375,-0.2508140721680069,0.1289174993370369,0.16328690002331814,-0.11952784920978385,seed_from_width2,8,9.62450159382,33662255.8044,33662255.8044,1.00000000,0.99505582,0.98976832,width2_d1_m8,1
134,5,128.98804243458434,8.273083167516571,0.43717807065180225,0.3709360052459776,-0.4970097982167204,-0.45695159254449047,-0.10132407553501493,0.0831938895434095,0.07073047101149843,-0.07350194378821175,medium,8,9.54556659187,30329084.7671,30329084.7671,1.00000000,0.99660406,0.99313578,width2_d1_m8,1
134,6,127.89867368359522,8.531526444113618,0.09848505531615348,-1.5430743126164543,-0.4606150604693349,-0.11344288280338372,-0.08248201223657782,0.11555235763699459,-0.2638193405297068,-0.1960589980132435,local_width4,8,9.61391960822,17963062.6355,17963062.6355,1.00000000,0.99107753,0.98314489,width2_d1_m8,1
135,1,129.32282579283722,9.4,0.13410280734813623,0.2566279397577365,-0.06758413970780042,-0.17478702540967136,0.17457796163371264,-0.2368474303685116,0.3241742076112882,0.24814331735927841,local_width4,10,9.52939945185,34175181.1289,34175181.1289,1.00000000,0.99905426,0.99748937,width2_d1_m8,1
135,2,128.6104986000364,8.354128468503358,0.7633463128603832,-0.9913873963050837,-0.10466936790200734,-0.6092163053185314,0.0015801587413336315,0.17229853095441422,0.09023538178309928,0.04512570185255324,seed_from_width2,8,9.57383575971,29979422.4338,29979422.4338,1.00000000,0.99372920,0.98739560,width2_d1_m8,1
135,3,127.31855788865153,8.72007987621831,-0.5126620214947464,0.5301448907507933,0.4027681203646003,-0.3958298468099255,0.22333307085509024,-0.07179070599562343,0.13096937869270253,-0.10731525633124797,medium,10,9.67309820054,31273724.2617,31273724.2617,1.00000000,0.99701421,0.99382909,width2_d1_m8,1
135,4,129.18464801896778,8.510096206221952,-0.8643067977120046,0.0826717912497132,0.12980759361141664,0.19965119525638303,-0.23805786444695606,-0.07354037630444443,-0.30572300705124555,-0.15400649410205536,local_width4,8,9.51675831331,17019671.0935,17019671.0935,1.00000000,0.99586957,0.99277994,width2_d1_m8,1
135,5,127.8787233191043,8.150312760034398,0.01143039702414514,0.04821325718784658,-0.0005268476338690237,0.384786868915685,-0.26959464656732607,0.34854477176867155,0.2770406980507387,-0.4300332971982793,local_width4,8,9.63726892996,29806772.8369,29806772.8369,1.00000000,0.99763323,0.99469949,apodized_d3_m10,1
135,6,128.5610302539817,8.315176305269729,0.09369070788130052,-0.9319321355334662,0.18520014108474456,-0.40628618638634767,0.14535882770493158,0.15510848640166536,-0.15278155733155463,-0.020577839198619385,seed_from_width2,8,9.56807109332,21264214.6437,21264214.6437,1.00000000,0.99495865,0.99053500,width2_d1_m8,1
136,1,129.18203916655588,8.0,0.14270235438713946,-0.04705782473394865,0.025850456173824143,0.209707190889155,0.004068043439102387,0.2385418518882669,0.20945977214344175,-0.007619992289436911,local_width4,8,9.53607539341,36939795.242,36939795.242,1.00000000,0.99945414,0.99844295,width2_d1_m8,1
136,2,126.31287197297723,8.052485865260648,0.31720743627297027,-0.1791316154069489,0.028001209683570172,0.13958823046442237,0.24608385902243335,0.011162530810708837,-0.11481279501951669,-0.165919618907304,medium,8,9.73974337916,21788828.1378,21788828.1378,1.00000000,0.99869850,0.99788749,width2_d1_m8,1
136,3,129.31925120479147,9.263744077608594,-0.5238949590611204,-0.8507463726333927,-0.9799998438900588,0.7468750323313574,-0.8309978803624647,-0.18601555205383513,0.16589161637560107,0.2805144886210871,local_width4,10,9.52392058207,19247036.8245,19247036.8245,1.00000000,0.98855551,0.97709564,width2_d1_m8,1
136,4,128.41094211622172,8.171772647960852,-0.8162285103248546,-0.326227710396114,-0.2994349464525037,0.2888674606547963,0.26199234277058053,-0.28576476550907937,-0.24035010003361468,0.2495825984311017,seed_from_width2,8,9.57802251789,19006439.6728,19006439.6728,1.00000000,0.99550457,0.99175784,width2_d1_m8,1
136,5,124.40775169637594,10.857123145363845,-0.08318125579204605,0.1409644369608326,-0.5987491240309467,-0.3267846480055599,0.04030335908169286,-0.06039192846579168,-0.04517306980478743,0.08291233260737452,near_plain,10,9.89614409004,23048415.2469,23048415.2469,1.00000000,0.99869814,0.99778137,width2_d1_m8,1
136,6,127.16549524906354,9.57519354029404,-0.06498021222523687,0.3347227419069362,-0.0766747247397746,-0.3050575358206122,-0.02487160233497962,-0.07391948597577824,-0.09699087386298261,-0.03956173848346345,medium,10,9.67802887977,12786489.217,12786489.217,1.00000000,0.99863958,0.99767362,width2_d1_m8,1
137,1,127.85337756399267,8.437786782028475,0.7678669471340825,0.4644451714103542,-0.47719049427250626,1.2352256124858951,-0.22492585723538933,0.3750559995064183,0.4214021798207188,-0.19945519080315788,local_width4,8,9.64894817631,37287420.26,37287420.26,1.00000000,0.99071151,0.98278690,apodized_d3_m10,1
137,2,126.21527673256641,8.192299184937212,-0.01074790024278549,-0.49564095601111247,0.40837635385845406,0.3753840514111987,0.16247590650484953,0.006052478550045898,0.009893681887296252,0.1270330157383142,medium,8,9.75246736819,26926463.9801,26926463.9801,1.00000000,0.99760239,0.99533304,width2_d1_m8,1
137,3,129.7046344074884,9.34060912037983,1.075835446173307,-0.5607057017583672,-0.8217431548791165,0.3431660893878086,-0.045937834730825425,-0.5387278150563648,-0.19549390345408457,-0.06062583816312691,local_width4,10,9.48548291455,18455303.3487,18455303.3487,1.00000000,0.98987099,0.98047416,width2_d1_m8,1
137,4,128.9435291759358,9.4,-0.4133088817709884,0.12751677433321076,-0.5127936849366671,-0.3110385884973544,-0.16111232989868252,-0.5144958952111884,0.23013932940927592,-0.049696829928583736,local_width4,10,9.55399270674,25680304.8395,25680304.8395,1.00000000,0.99710491,0.99385286,width2_d1_m8,1
137,5,128.8412375655204,8.429423572254464,-0.16141859608050307,0.017038047053691427,-0.179027497749877,0.3986156473338711,0.14504747621757125,0.002519496247747055,0.09444945658763795,-0.0364110204292437,seed_from_width2,8,9.55735595046,31909881.302,31909881.302,1.00000000,0.99914079,0.99814214,width2_d1_m8,1
137,6,128.10885994616996,8.570156063888698,1.3988595214527075,-0.21379850075449136,-0.2824072222046651,0.08686106815409023,-0.20174947608601318,0.1166609411890943,-0.34445832268946935,-0.10827534133997069,local_width4,8,9.59712592756,16993010.2807,16993010.2807,1.00000000,0.99118055,0.98345990,width2_d1_m8,1
138,1,128.34238898680115,8.793215734521684,0.10790380412092704,-0.09052450145240865,0.33860151420997037,-0.2097089746182143,0.330996967171715,-0.23635234944433586,-0.19123312507870271,0.02005147856276379,medium,8,9.58466899841,19904921.6646,19904921.6646,1.00000000,0.99838540,0.99744058,width2_d1_m8,1
138,2,127.6932903935488,8.07006329734505,-0.07924959311783418,-1.2546496192267917,-0.9071084687270379,-0.5473633212257369,0.17299370631841837,0.0989506855397492,0.05882309842540484,-0.10438682814698183,local_width4,8,9.64064539935,26764165.2819,26764165.2819,1.00000000,0.99059390,0.98130015,width2_d1_m8,1
138,3,129.44237204594657,8.538942740775342,0.15134701399298056,1.2983497619484452,-1.096700486653368,-0.21017392802233215,-0.09784152422846407,0.04156151022061869,-0.31029186067491743,-0.07182263426626875,local_width4,8,9.49685378022,15896347.8282,15896347.8282,1.00000000,0.98991575,0.98102309,width2_d1_m8,1
138,4,128.4960435395824,8.58935603411962,-0.44005723932923846,-1.2679158865336375,-0.5339044743591632,-0.6033625257259292,0.050441349492543974,0.24981273683897973,0.1341090328207215,-0.28894306515749024,local_width4,8,9.58429682526,28953433.7684,28953433.7684,1.00000000,0.99116337,0.98220771,width2_d1_m8,1
138,5,129.30834953407486,8.536282837814445,1.3624496954029666,0.4523576124233796,-0.6844053920549517,-0.9220285969507872,0.274253861842052,-0.5787624055630534,0.11434290874548354,0.25374127844557565,local_width4,8,9.52160173022,23209383.1703,23209383.1703,1.00000000,0.98484135,0.96988484,width2_d1_m8,1
138,6,127.63729194166189,8.026861356027606,-0.319920416233044,-1.1109252455695982,-0.7758249679923847,-0.054641030723207695,-0.40236620722298244,-0.3000981576950508,0.05414112337963484,0.10774865617767931,medium,8,9.64534969833,25548070.0658,25548070.0658,1.00000000,0.99138995,0.98285506,width2_d1_m8,1
139,1,129.21558465046908,8.296801425989782,0.5113800177589554,-1.5463965463186522,-0.48932275791843527,-0.5903388015371669,0.14548352696048045,0.12826675898306333,0.10248182887149845,0.14557575054407337,seed_from_width2,8,9.52890787136,29382221.1533,29382221.1533,1.00000000,0.98966082,0.97932022,width2_d1_m8,1
139,2,129.9885644442329,8.154832033745416,1.0844870102398179,-0.41290686896257567,-0.028270617741361637,-1.248998962559843,-0.3811403561144484,-0.40856688922071827,-0.3175839376459604,0.21799000728650758,medium,8,9.46359782892,16455996.965,16455996.965,1.00000000,0.99012369,0.98100681,width2_d1_m8,1
139,3,128.25385784564943,9.18996359589249,0.06193845624321703,-0.6640518603280217,0.9647534749203932,0.21814508230042562,0.18498926946745253,0.2062485941935377,-0.010262177355005092,0.047122938571993844,medium,10,9.59540688035,22552186.0703,22552186.0703,1.00000000,0.99429874,0.98898121,width2_d1_m8,1
139,4,127.7200431550959,9.066053934579465,-0.3970323869624046,0.24383561217779492,0.7050921326774735,-0.839215725569121,0.12825399780130142,-0.17555204831748503,-0.17377835907252165,0.15974478141074494,medium,10,9.63334003052,19562406.2817,19562406.2817,1.00000000,0.99481233,0.99023205,width2_d1_m8,1
139,5,129.53898690716207,8.22784411897555,-0.6757425693923146,-0.21248440394606433,-0.09852489680603846,0.05255627966400778,0.04481286936812004,-0.0326255406936944,0.19976785691895194,0.1954845012491579,local_width4,8,9.5095787101,37480497.4572,37480497.4572,1.00000000,0.99784967,0.99527633,width2_d1_m8,1
139,6,129.33631424184267,10.430519786125542,0.43000161498089395,0.6879352390224348,0.18795072058219675,-0.5558679727956901,-0.14924477168511102,-0.06042556532951179,-0.14177597817379461,0.005440462321313566,global,8,9.5162389652,20210017.8847,20210017.8847,1.00000000,0.99696378,0.99443949,width2_d1_m8,1
140,1,128.14785855890057,8.025839729434452,1.5322373410475105,0.0644190324388253,0.5485728666192089,0.09102193377134962,-0.22241563147637633,-0.11449070191462243,0.08445878112956223,0.01644048826269215,local_width4,8,9.60975982182,31592947.4439,31592947.4439,1.00000000,0.99056004,0.98100610,width2_d1_m8,1
140,2,127.4746356285166,8.414491255938476,0.24769013464868633,-0.7170777700004142,-0.1633545133162731,-0.5235317420097279,-0.13860871542529019,0.04724571187749371,-0.046489354123494836,0.18149423268919931,local_width4,8,9.65491213453,25060153.9818,25060153.9818,1.00000000,0.99701782,0.99428277,width2_d1_m8,1
140,3,126.0,9.327776120672056,0.14549674646707395,-0.10853526032350716,-0.005515327211303225,-0.32246503047841774,-0.22242606589560765,0.11380502398818514,0.047917283792363874,-0.10484904265663766,local_width4,10,9.7720741455,24863963.2897,24863963.2897,1.00000000,0.99928049,0.99860126,width2_d1_m8,1
140,4,129.3253266073756,8.336436885142168,-0.8931376060957508,-0.28266111686359485,-0.3475068796832367,-0.47075177363464604,0.08958663744930584,0.00836824898883648,-0.22312333509251994,0.16470666426051495,medium,8,9.51031152825,19978612.9803,19978612.9803,1.00000000,0.99440050,0.98954366,width2_d1_m8,1
140,5,130.0,8.391875414032166,-0.5436277326637928,-0.565247617661118,0.010313703971778575,0.6105589881182302,0.17794025153307913,-0.12871262362007374,-0.16710194543820922,0.06931757621819114,local_width4,8,9.46381289255,21855079.7665,21855079.7665,1.00000000,0.99672256,0.99395928,width2_d1_m8,1
140,6,126.78117234926549,8.227144339018512,0.22861183985587283,0.5808354363024144,-0.3541152440088684,-0.8474823581492769,-0.0002783787554233863,0.8213375483538811,-0.036068537295906686,0.37890922412442013,local_width4,8,9.71314727938,19516818.6166,19516818.6166,1.00000000,0.99151941,0.98307124,width2_d1_m8,1
141,1,129.3912802541743,8.665756641276456,0.05207054752446827,0.33965711918626473,-1.0193952241128625,0.6468898637661555,-0.12379379070806273,-0.0822482633059049,0.04474738965896144,-0.011770089074801482,medium,8,9.51354971875,26329013.315,26329013.315,1.00000000,0.99470027,0.98954239,width2_d1_m8,1
141,2,129.17409423406679,8.006797509983251,-0.7237989422681294,-1.3327053466431948,-0.04033997859371455,0.08304273490476215,0.12392593317238623,-0.20341198754218764,0.16535139041314634,0.014985471163534353,local_width4,8,9.53710805677,36735288.0759,36735288.0759,1.00000000,0.99086674,0.98135079,width2_d1_m8,1
141,3,128.4505335558333,8.0,-0.16926217109317362,0.704368314631563,0.32253372083685244,0.5036507358057694,-0.016902072383451205,0.34580020143881535,-0.2608486534203283,-0.19966616177500468,seed_from_width2,8,9.5741872841,18102256.3797,18102256.3797,1.00000000,0.99515161,0.99109840,width2_d1_m8,1
141,4,127.67649528638945,9.447496028464354,0.09931818130597059,0.19720727216638612,-0.4215381832465129,0.25616022084795653,0.37190826063032123,0.16714328163947023,0.18351103053174933,0.2386889001115896,medium,10,9.64798351821,22661381.0119,22661381.0119,1.00000000,0.99819835,0.99612811,width2_d1_m8,1
141,5,126.67626013423963,8.201588513182292,0.6335601443382017,-0.31880396931269006,0.07476317366014315,-0.0918423356607582,-0.11546675623000054,0.22403610304215113,0.26047975496893394,0.36320493654289054,local_width4,8,9.72732117183,33049680.6528,33049680.6528,1.00000000,0.99731263,0.99404424,width2_d1_m8,1
141,6,129.18237903035617,8.194885337243674,1.1228364011910448,-0.1553938516932295,-0.04918709715889663,-0.1422756118680134,0.3392133049413433,0.18126651900514457,0.20260970787200638,-0.025794142672763753,seed_from_width2,8,9.53384222115,33738472.2856,33738472.2856,1.00000000,0.99414083,0.98800395,width2_d1_m8,1
142,1,127.42505735004775,8.146833845760215,-0.27239361466348777,-0.988176812969201,0.24642262046646657,0.21562508350485232,0.12831971059426442,0.24114132163811247,-0.006778299736246586,-0.10057702352742522,local_width4,8,9.65785992457,26170446.3345,26170446.3345,1.00000000,0.99458510,0.98943486,width2_d1_m8,1
142,2,127.04978974526564,8.903722573990846,-0.11771703295864644,0.5277663379241979,-0.4202160546934067,0.900692964345746,-0.14991565933701356,0.3242474090851002,-0.17510250576559658,-0.037392491247499826,medium,10,9.68539402073,20852301.7553,20852301.7553,1.00000000,0.99516871,0.99084806,width2_d1_m8,1
142,3,127.94628116361588,8.256804365606516,1.326505619348639,-1.2507138386546253,0.28137091283979015,-0.09401172538249405,-0.18042880684002427,-0.03016644972023051,-0.11308129110990867,-0.3116733521874479,local_width4,8,9.61737615363,21376134.4567,21376134.4567,1.00000000,0.98626672,0.97309608,width2_d1_m8,1
142,4,128.17726370709002,8.126119489878652,1.2285871765077114,-1.5612806456461696,0.9612869712981611,-1.0937683544630865,-0.11944728035615275,-0.09674318340659538,0.021220927064995163,-0.03419373930977261,medium,8,9.60375233152,23027256.1242,23027256.1242,1.00000000,0.97944285,0.95938282,width2_d1_m8,1
142,5,127.08595830867903,9.251399081491243,0.6717260713465152,-0.533530487199021,0.2948048566161241,1.2577905419314566,0.10331214177684103,0.22022674620402719,-0.02264652758264249,0.14179195335257258,medium,10,9.68880314626,23652219.4217,23652219.4217,1.00000000,0.99217979,0.98448499,width2_d1_m8,1
142,6,128.45315730400824,8.199088106758877,0.9147216562097309,-1.4389956335220913,-0.2469961530926256,-0.8771484409615136,-0.15179770290412573,0.1551260210784759,-0.16785835487410827,-0.1427154700884365,seed_from_width2,8,9.57654986105,20322013.1459,20322013.1459,1.00000000,0.98824201,0.97718458,width2_d1_m8,1
143,1,125.01487700531179,9.226850154289822,0.11405295018089395,-0.22351971508778815,0.22024225093358168,0.24526393819657494,0.07362969314863779,0.11611062559686608,0.022334051641236863,-0.08245998255471129,near_plain,10,9.84769960276,25682282.4436,25682282.4436,1.00000000,0.99927571,0.99868094,width2_d1_m8,1
143,2,127.43374613784832,9.159375310451873,1.176646769773394,0.6168132281228123,0.8830551165822194,-1.1424511598178007,0.03143039523571481,0.14881325094399883,-0.10990938646960706,-0.0718068723339194,medium,10,9.65931885272,20443249.1441,20443249.1441,1.00000000,0.98693832,0.97432789,width2_d1_m8,1
143,3,126.0,8.754936237582672,0.580050796017741,0.5030682640073331,-1.102563554469004,0.40167545308917446,-0.22658714176448444,-0.04396237395677843,-0.13516754775701073,0.07383429940490265,local_width4,10,9.76316719114,19721956.6798,19721956.6798,1.00000000,0.99301335,0.98671021,width2_d1_m8,1
143,4,128.67966342712438,8.0,-0.24386236470229744,0.7789928066813474,-0.009441392345853505,0.08774115219347295,-0.1413751210339268,-0.034206080684098986,-0.0947057347269103,-0.016893158818544404,seed_from_width2,8,9.56099103969,24236267.4452,24236267.4452,1.00000000,0.99695573,0.99434491,width2_d1_m8,1
143,5,128.49207270013702,8.0,0.24280213783287508,1.1464119994041773,0.29603173839981733,0.3399002506186315,0.05121346142467037,-0.31441587302615925,0.16063300209986858,-0.30500514410938323,seed_from_width2,8,9.58354673863,27368382.9812,27368382.9812,1.00000000,0.99161983,0.98311536,width2_d1_m8,1
143,6,124.30218913686059,9.947837812863911,-0.13707567381196806,0.23083197596745475,-0.15776927582666234,-0.04254170778739022,-0.06669766709908699,0.004357323174313449,0.07362367602185052,0.02547059784135372,near_plain,8,9.90664672559,28068656.3025,28068656.3025,1.00000000,0.99969300,0.99942832,width2_d1_m8,1
144,1,126.88178912789245,10.357681599110524,-0.9184276832291782,-0.8023905235589337,-0.9733201132094907,1.1211795971496301,-0.7513611555948083,-0.5532305866629453,0.042394649439370324,-0.6024347709525385,global,8,9.70681477786,13906398.6756,13906398.6756,1.00000000,0.98616988,0.97269752,width2_d1_m8,1
144,2,127.43932833088932,8.297989733483218,-0.3393181482246335,-1.0927101536653447,-0.8220036795332657,-0.09174010418711603,-0.20428307299363518,0.22618052487140944,-0.1452373695234421,0.2618742856145435,seed_from_width2,8,9.65073942119,19066977.1569,19066977.1569,1.00000000,0.99251356,0.98579704,width2_d1_m8,1
144,3,126.32063149226178,8.36142943564945,-0.15048190962944574,-0.3134149507032422,0.3340400020442328,-0.08285945203530307,0.336294420106984,-0.4461872221529185,-0.05116883115113832,0.23796260042392603,local_width4,8,9.74355334938,22125946.743,22125946.743,1.00000000,0.99756953,0.99538278,width2_d1_m8,1
144,4,128.4259445683753,8.0,0.19080980752240767,-0.13495263984272407,0.15604283780145173,0.8020552526007289,-0.21446259629660205,0.14904689089125245,0.25048829060293143,-0.019562024252571086,seed_from_width2,8,9.59597922896,39593762.4264,39593762.4264,1.00000000,0.99645424,0.99244210,apodized_d3_m10,1
144,5,127.49450114667017,8.536202283964007,0.0339674938587049,0.18717093450745925,0.8156670836699913,-1.304146451227877,0.36731660699914437,0.26267146975391953,0.04041844711193171,-0.20398318889519995,medium,8,9.65961750606,24372784.4929,24372784.4929,1.00000000,0.99133176,0.98260689,width2_d1_m8,1
144,6,128.4442595115496,8.0,0.444469726352162,0.8062439966083962,0.24893293436883682,0.09564872949089842,0.028893136254291768,0.08729828545959255,-0.002161386076556443,0.054388227576716436,seed_from_width2,8,9.58255446497,28090961.2787,28090961.2787,1.00000000,0.99625037,0.99264974,width2_d1_m8,1
145,1,128.6673272032795,8.0,0.4893219087394062,0.2881147889391851,-0.03244325425997478,-0.02127508907349049,0.3028379443274451,-0.29969384331727916,-0.24188616044926958,0.014116767076343184,seed_from_width2,8,9.55568951241,17991226.3167,17991226.3167,1.00000000,0.99695727,0.99482550,width2_d1_m8,1
145,2,130.0,8.408832647795107,0.34167836009302466,0.04987029316875008,-0.34825506202529716,0.7823379221814767,-0.08793048531821235,-0.4612793583224791,0.3264016793695597,-0.1310218381220423,local_width4,8,9.48239257553,36910419.8589,36910419.8589,1.00000000,0.99542451,0.99082149,apodized_d3_m10,1
145,3,129.76647165300588,8.085552595338307,-0.7550560197267041,0.041088805795060634,-0.4034497699407658,-0.4904938214563188,-0.05650303928626518,-0.16301497793992756,0.010491421865153366,0.09172602319581645,local_width4,8,9.48533449123,27179669.3296,27179669.3296,1.00000000,0.99545319,0.99103697,width2_d1_m8,1
145,4,129.3311621882404,8.09198806125714,1.0251452313316742,-0.5010809299663246,0.3589135654810889,-0.2945329579304859,0.25298304807738464,-0.008624508033275052,-0.07486139626103748,0.20216010953982824,local_width4,8,9.5129064833,21737395.8566,21737395.8566,1.00000000,0.99407023,0.98860002,width2_d1_m8,1
145,5,129.53898522964954,9.4,1.166049414806036,-0.5121770086268982,0.1669441080011714,1.3004411032825949,-0.3070276990897062,-0.05098341087068511,0.0179488679581232,-0.07699130407917587,local_width4,10,9.51000591224,26045046.256,26045046.256,1.00000000,0.98769679,0.97529999,width2_d1_m8,1
145,6,129.7292976528815,8.385040983613571,-0.4312310040314913,1.2906612911956463,0.31986125178087477,-0.9100813103640055,0.14342309301357126,0.13594193173171137,-0.037994961132217425,0.09093541680798142,medium,8,9.48905735235,26075557.1799,26075557.1799,1.00000000,0.99059291,0.98137350,width2_d1_m8,1
146,1,129.2609733981304,8.223962830698076,-0.3360139529081469,-1.0128809772609404,-0.2944558440615685,-0.1648234172276667,0.07998846924029965,-0.020048525505246828,0.19124752287114571,0.05592354246942577,local_width4,8,9.52985210032,37667254.6719,37667254.6719,1.00000000,0.99538372,0.99037102,width2_d1_m8,1
146,2,126.0,9.4,-0.1978790709811044,-0.44008661844283986,0.04328101018017602,0.33592832520854266,0.1592362091345203,-0.12507379640226565,0.10583301014748404,-0.07393178060190567,local_width4,10,9.77420170662,26155468.8482,26155468.8482,1.00000000,0.99889020,0.99766896,width2_d1_m8,1
146,3,128.23520357405204,8.196184916054225,0.3025977771786964,-1.7927142892518582,-0.3081173537653782,-0.3044354183075138,-0.1626990624955868,-0.03151116223805269,0.0005428909823806949,-0.07412797077619909,local_width4,8,9.59920712873,28650195.0358,28650195.0358,1.00000000,0.98833216,0.97688429,width2_d1_m8,1
146,4,126.57726811909923,8.401210032457172,-0.16108484525959774,0.42889794411968396,-0.5040836336461502,0.3982891824360379,-0.18347686070313435,-0.04595251857790726,-0.12469777696849192,0.06136042839678571,local_width4,8,9.71957887113,21686382.7571,21686382.7571,1.00000000,0.99725466,0.99503274,width2_d1_m8,1
146,5,129.37318976663408,8.863410231535443,-0.08736854341966693,-0.7831010718305331,-0.37995591128107453,-0.5076965522442416,-0.14700842497765593,-0.25587146415931805,-0.2338995770348602,0.13424329674438262,global,8,9.50820685519,19687940.0258,19687940.0258,1.00000000,0.99611008,0.99293131,width2_d1_m8,1
146,6,128.37011451467217,8.343849988274147,0.9598085058165137,-0.7944774147029718,-0.13854236979120862,-0.5594002555985015,0.23631774541639994,-0.1347890077112343,0.055726259579235465,-0.0932951116572366,seed_from_width2,8,9.59047563188,28822747.8039,28822747.8039,1.00000000,0.99349843,0.98703253,width2_d1_m8,1
147,1,127.94459959821906,8.162712801334838,0.9988818658281,-0.4619662384781082,0.4606419327146758,-0.6521126707681965,0.1134686090852012,-0.4319393667324046,-0.3123833478723191,-0.13529066433825404,local_width4,8,9.60965037165,16085628.1163,16085628.1163,1.00000000,0.99345799,0.98792757,width2_d1_m8,1
147,2,128.89018392016376,8.0,0.5114483866790744,-0.6958341657662217,0.3712500875619266,-0.21785227849586578,0.10499162352177771,0.14520208378134447,0.09578830688250164,0.2937789124773442,local_width4,8,9.55230208445,27741416.3544,27741416.3544,1.00000000,0.99552299,0.99099678,width2_d1_m8,1
147,3,129.41369261656013,9.4,0.10752093591265749,0.6299276114784484,-0.47349333004116534,0.5802242582265551,-0.4222657060456987,0.26786760841680646,0.11743321111774709,-0.20558604348178047,local_width4,10,9.51743480759,26210643.798,26210643.798,1.00000000,0.99677373,0.99337683,width2_d1_m8,1
147,4,128.92105583099138,8.061141451197582,-0.19734397331804507,0.2879606594920431,0.02755665577281055,0.14445040898024336,-0.06302988018067612,-0.13026325281026374,-0.1086821069338772,0.05478012733099924,local_width4,8,9.54281786618,23523803.3771,23523803.3771,1.00000000,0.99903147,0.99852186,width2_d1_m8,1
147,5,124.4954925546656,10.811927804754447,0.029702735165975935,0.28571009326790214,0.015435648900504528,-0.32329605008207773,-0.09312344812743478,0.03984472532012523,0.015174973033944744,-0.09130187638895536,near_plain,10,9.89114838689,22464644.0713,22464644.0713,1.00000000,0.99943536,0.99907948,width2_d1_m8,1
147,6,129.78296101327908,8.4299805142389,-1.085918797134671,0.9038926421867988,-0.8066832595513443,-0.09326608888815136,0.24277814744897147,0.07653585705175359,-0.15877166329202438,-0.06448130615404746,medium,8,9.47840398967,21131820.237,21131820.237,1.00000000,0.98987019,0.98041719,width2_d1_m8,1
148,1,128.18931600557357,8.472624981141918,-0.4082546047120751,-0.8618554154284126,-0.3754011101815802,-0.046809528296207284,-0.08127600767506885,0.15148565564250266,0.1757357588031726,0.13972086574360937,seed_from_width2,8,9.60774330931,33599523.5799,33599523.5799,1.00000000,0.99639068,0.99251856,width2_d1_m8,1
148,2,128.8741304224894,8.617230165212021,0.3490432817306926,0.21748383823488054,0.07081848836826232,0.1953676404747849,0.012421849638190013,0.35284164304272625,-0.1559062343053739,-0.027157214236043378,local_width4,8,9.54635657796,21829967.3215,21829967.3215,1.00000000,0.99862105,0.99778392,width2_d1_m8,1
148,3,128.8036488866179,8.028086183541086,-0.41634327044145003,-0.0726494981970832,0.30718113337771935,-0.10256395796234884,-0.31203254380900897,0.06619269864898278,0.021036490354772945,-0.05787880032352723,local_width4,8,9.55582218529,27285146.0452,27285146.0452,1.00000000,0.99849629,0.99712219,width2_d1_m8,1
148,4,128.24872185580264,8.0,-0.07071169208468187,-0.2274099682827141,0.27525216313431383,-0.002719018201699397,-0.30634552390353775,0.1892468173655681,0.01207567382945307,-0.1558474581504952,seed_from_width2,8,9.59725040881,26633756.1151,26633756.1151,1.00000000,0.99861448,0.99736478,width2_d1_m8,1
148,5,129.320502353396,8.165701175608309,0.6816138110702871,-0.2841638989103672,-0.18652657643534573,-0.4720505129582853,0.015666158866312813,0.20402429422049218,0.311934366919219,0.41262703570135634,local_width4,8,9.53063337336,33184352.2441,33184352.2441,1.00000000,0.99602549,0.99174603,apodized_d3_m10,1
148,6,126.94841393220796,9.267395066509884,-0.5409309706395642,-0.296289609712169,-1.4690687757115428,-0.17593703437341102,-0.46162024999991663,-0.16298708970571074,-0.37670924639471093,0.21777436104494702,medium,10,9.68065071105,11993043.8457,11993043.8457,1.00000000,0.98680590,0.97526033,width2_d1_m8,1
149,1,127.65182461665592,8.667840799270534,0.9684650407548283,-1.4917817499010153,-0.021009860125919613,-0.3753242021836296,0.07122951535300544,-0.13399706969198152,-0.06023956098746598,-0.158945713089777,local_width4,8,9.64130599807,24647901.4238,24647901.4238,1.00000000,0.98979104,0.97995600,width2_d1_m8,1
149,2,123.29086731873254,11.486836910519195,-1.5147972809814694,1.3544466436009743,1.0995614369946087,-0.9060742680999367,-0.2272470347513084,0.22702853439208026,0.05683072882853846,0.2496263586113277,global,10,9.99001445362,19825276.2526,19825276.2526,1.00000000,0.98926093,0.97884675,width2_d1_m8,1
149,3,127.4553117259391,8.601221584466359,-0.6347838098310744,0.3879379626246283,0.6364619408366796,-1.1529244507333953,0.2214711048208728,0.2798917911225983,-0.19608539386239446,-0.1367732133451149,local_width4,8,9.65424374352,19013322.1921,19013322.1921,1.00000000,0.99295114,0.98644729,width2_d1_m8,1
149,4,128.20970794298984,8.437643965473713,1.3079569690307626,1.138101241445634,0.02259936033923471,0.4605202652574,0.21322146542825943,-0.12862537481840106,0.17632989361062268,0.15940307210579896,seed_from_width2,8,9.60553958065,32773879.9238,32773879.9238,1.00000000,0.98936351,0.97860102,width2_d1_m8,1
149,5,127.63037566780565,8.0,0.7919268708770029,0.6567380599338549,0.7463931352216961,0.44789228480661014,0.610373414305215,0.5507581359385554,-0.3046573539868317,-0.5066807160420486,local_width4,8,9.63292071374,11358997.6013,11358997.6013,1.00000000,0.98806677,0.97732790,width2_d1_m8,1
149,6,128.5257348986118,8.475180215362778,-1.058580462619864,0.2045260460724306,-0.15287986807911294,-0.05986166931275662,-0.4437149709270722,0.12113839081341873,0.10283178585805873,0.04710995315115046,local_width4,8,9.57856127697,27662527.8547,27662527.8547,1.00000000,0.99429385,0.98861880,width2_d1_m8,1
150,1,128.06760684489993,8.396649755909902,-0.5487685261032315,-1.1111471016028522,-0.6244878041192656,0.0750881802098147,0.047417400739241965,-0.04013306204746171,-0.03940139118875058,-0.038999467039385796,seed_from_width2,8,9.6093349884,25679692.0952,25679692.0952,1.00000000,0.99358193,0.98747793,width2_d1_m8,1
150,2,128.7359904743527,8.050421835245814,0.3431929509406031,0.2342096525612825,0.8886180792411209,-0.1486292614650354,0.05072314540455025,0.03645576991526357,-0.1261696532486557,0.00917960239460075,local_width4,8,9.55417059336,20963161.6105,20963161.6105,1.00000000,0.99559359,0.99182640,width2_d1_m8,1
150,3,129.25912159493078,8.24416383365414,0.8428936961712962,0.12994700799416786,0.2902468274667197,-0.4336357636360342,0.029335455869085397,-0.09636173775388136,-0.06291789724060473,-0.02024953197768045,local_width4,8,9.52022704138,25275822.6184,25275822.6184,1.00000000,0.99628922,0.99289191,width2_d1_m8,1
150,4,129.0695650725744,8.0,0.12045858280351932,0.781591867588592,0.3729870566868943,0.2030035882391425,0.1830532798725394,0.16943170999888757,0.1400799716739915,-0.14896825771519584,seed_from_width2,8,9.54204415184,33028137.9845,33028137.9845,1.00000000,0.99613514,0.99199831,width2_d1_m8,1
150,5,127.99407921564385,8.089176471636522,0.4944885012558075,-0.1436816142060115,0.09596253309048867,0.5702668777138118,-0.24712255283564205,0.2940352593935812,0.1172443887314028,-0.07595335516609626,local_width4,8,9.62240779027,31851785.3758,31851785.3758,1.00000000,0.99696734,0.99367083,width2_d1_m8,1
150,6,128.26262206725855,8.374753761513361,0.07280646761971321,-0.15018247535281204,0.16257231015003404,-0.6562974152063468,-0.31567574382846303,-0.27432697126022565,-0.248655227191074,-0.12089037861346288,medium,8,9.58918785832,18566198.417,18566198.417,1.00000000,0.99722915,0.99521312,width2_d1_m8,1
151,1,127.12319148482693,8.30024532393629,-0.1410491214145586,-1.251432038157221,-0.5660615891743963,0.0769923507449928,-0.3549415976406027,0.3933081465107551,0.19992883129338745,0.201217417926279,seed_from_width2,8,9.68778087013,29917025.8369,29917025.8369,1.00000000,0.99323143,0.98626252,width2_d1_m8,1
151,2,128.8844161190864,8.0,0.37088516408990146,0.07105336986155049,-0.45547901242227623,0.09808172935807305,0.11753931322726291,-0.0667167347388119,-0.0234910480728647,-0.02472802522016307,seed_from_width2,8,9.54809192831,26283483.0766,26283483.0766,1.00000000,0.99813350,0.99652517,width2_d1_m8,1
151,3,128.9146237011882,9.260131362451638,-0.19178716390336642,-0.4225822413856493,0.27480372733558445,0.3681738720491059,0.24172509466810255,-0.16335111922772194,-0.06300076256819206,0.0812827508880763,medium,10,9.54759083796,24100929.1033,24100929.1033,1.00000000,0.99844764,0.99719227,width2_d1_m8,1
151,4,125.00640850831901,10.235125499387644,-0.001927319772551478,-0.15237601050021188,-0.09715934819172073,-0.12347621590507636,-0.16425140039260733,0.01575283309480438,-0.07326959055212887,0.07577870351260335,near_plain,8,9.84717816985,23126185.8535,23126185.8535,1.00000000,0.99958198,0.99956156,width2_d1_m8,1
151,5,127.31882762736261,9.105116029732887,1.1883245127763677,0.30834313574025807,1.0723584970232523,-1.0564980861334945,-0.029664661338147734,0.03218494230731141,-0.2487609730454458,0.025167402432231978,local_width4,10,9.66187620264,16781698.8092,16781698.8092,1.00000000,0.98780371,0.97649636,width2_d1_m8,1
151,6,128.94256431302725,8.233867043673225,0.9415084805932306,-0.31248216926359956,-0.36121757171934277,0.08634702709236064,-0.19334359871772414,0.2078407400614538,-0.22839082762285032,0.05444045141522491,local_width4,8,9.53759317405,19784511.2091,19784511.2091,1.00000000,0.99478672,0.99035989,width2_d1_m8,1
152,1,125.47609287648308,8.150451668147864,1.4728959536507602,0.8634015399493473,1.4204604977960746,-0.627131024189266,0.4908552757258886,0.4561753140224645,0.22516668561558045,-0.17717289364348354,global,9,9.81726392357,24051925.702,24051925.702,1.00000000,0.98037916,0.96078768,width2_d1_m8,1
152,2,126.96922862228331,8.634360156858643,0.27524900269526836,-1.4403079773357517,-0.21633324198045784,0.30781909864196433,0.1584884565293055,-0.1179631708254702,0.07625641768491354,0.0871295557820842,seed_from_width2,8,9.69846644772,30442088.7059,30442088.7059,1.00000000,0.99222549,0.98439635,width2_d1_m8,1
152,3,128.84320242239292,8.724362302568633,0.6203199508532208,1.2006572235432995,0.14113381431927918,-0.697237490717926,0.6603320816155225,-0.30113244356562946,0.2895008329817384,0.04312738553436164,local_width4,8,9.56249763122,30206860.8302,30206860.8302,1.00000000,0.99040415,0.98040458,width2_d1_m8,1
152,4,129.22251943736447,9.11701617509685,-0.4473708431227245,-0.8526376915862868,-1.1784580548567245,0.9982636962830027,-0.7223812896042233,-0.280480398069958,0.18332357864673085,0.25934266441244813,local_width4,8,9.53257769243,20274996.6912,20274996.6912,1.00000000,0.98602893,0.97199311,width2_d1_m8,1
152,5,128.5604772506091,8.055183971093332,-0.6046097922416824,0.4556797644534224,-0.04338654750548328,0.2044376529859186,-0.3193206655681337,-0.18958780191941232,-0.08006879952992028,0.08214481498553229,local_width4,8,9.56966090458,23012534.6441,23012534.6441,1.00000000,0.99650733,0.99347036,width2_d1_m8,1
152,6,128.47643735966525,8.66724945243195,-0.3930015746570479,0.4709046810584369,0.6090315791562528,-0.3060586332576267,0.02467372514512456,-0.4604022597705941,0.1516379327428925,-0.04625309781655296,local_width4,8,9.58486551775,28654482.2669,28654482.2669,1.00000000,0.99588483,0.99163173,width2_d1_m8,1
153,1,126.04536089609277,9.178147859994338,0.6557715401400876,-0.45493419505667854,-1.1192135942408294,1.3975956924127464,0.6303244214720091,-0.028640796940820223,0.17225352880806322,0.22328936398364607,global,10,9.77352448964,17057408.2999,17057408.2999,1.00000000,0.98293440,0.96589851,width2_d1_m8,1
153,2,126.60757862466986,8.094857505008578,-0.6612868745209152,1.316075056081408,0.834934187435814,0.6996680842529921,-0.42768168303845994,-0.5243467454900355,-0.11373208875137486,-0.4304123919880187,medium,8,9.71161295583,13756701.763,13756701.763,1.00000000,0.97720025,0.95576857,width2_d1_m8,1
153,3,128.72326744425277,8.0,-0.6939545961276786,-0.5459486255425049,-0.48450439074776824,-0.19528357627585557,-0.25085298268570766,0.09559433895929678,-0.08207944423789823,-0.011737280341424162,local_width4,8,9.5568294337,23094234.7732,23094234.7732,1.00000000,0.99447889,0.98946762,width2_d1_m8,1
153,4,129.25851598071537,8.345006741469955,-0.17925874893342514,0.06912732554508291,0.6741514992442147,0.7882173403302327,0.10015960220899833,0.06317672215343159,-0.12337360359953466,0.1466081247717953,local_width4,8,9.51882455994,21988983.8852,21988983.8852,1.00000000,0.99569113,0.99184410,width2_d1_m8,1
153,5,124.43050202177594,10.364550045126412,-0.40488760910563204,0.397541459533979,-0.4940017187104664,0.15317175617313172,-0.11205256932252913,-0.09450818593613348,-0.031866304515847224,0.017327804483953713,near_plain,10,9.89349652558,23452023.2271,23452023.2271,1.00000000,0.99827726,0.99690350,width2_d1_m8,1
153,6,128.7217118703806,8.112847833778593,-0.881659143214541,-0.5417386443998596,-0.26890993826573817,-0.18646376752768484,0.046220242727445696,-0.011672414405361237,0.07872049919390223,0.14849943284868505,local_width4,8,9.56529474829,31787236.9983,31787236.9983,1.00000000,0.99493979,0.98980371,width2_d1_m8,1
154,1,125.25780815596409,8.872778102520611,0.32640641973143425,-0.8129111127361993,0.12819002468737883,1.3025075035693496,0.35753599200074704,-0.3586816646263014,-0.019508809967798246,-0.5115443985711586,global,10,9.83339526926,19972480.0816,19972480.0816,1.00000000,0.98984075,0.97970566,width2_d1_m8,1
154,2,128.85523721371482,8.0,-0.0825275114994104,0.48357572272864474,0.044179360407471696,0.5819031804974664,0.1730481957954676,0.2706826892195451,-0.004260594792446726,0.15428636119207428,seed_from_width2,8,9.55386646915,26937149.2976,26937149.2976,1.00000000,0.99695735,0.99395692,width2_d1_m8,1
154,3,127.7300897376942,8.807379780756696,-0.4613487382194688,0.8335033649359833,0.6663319544689712,-0.6876411296273386,-0.21301467417170317,-0.4325725745822328,0.0408879147415141,0.07452646931312504,local_width4,10,9.63664193135,22877813.295,22877813.295,1.00000000,0.99171526,0.98367533,width2_d1_m8,1
154,4,127.92605657488832,8.056545690050237,0.7618101154575843,0.03882030078162696,-0.26001574067789057,-0.20035730503288135,-0.3317412661862586,-0.1018092013278572,0.008636694432496539,-0.34242900833495094,local_width4,8,9.62354832767,24282928.7291,24282928.7291,1.00000000,0.99633738,0.99272559,width2_d1_m8,1
154,5,126.41448595396184,8.730708403349295,0.32964951267011366,-0.30322830491066083,-0.22389136709484186,-0.1276700016875297,0.515419942514173,0.2805637159011715,0.13038580172784114,0.028959542888808254,local_width4,10,9.74112632944,27016301.8924,27016301.8924,1.00000000,0.99768789,0.99525947,width2_d1_m8,1
154,6,126.0,9.4,0.22393952667898842,-0.10303729793124133,0.07967189108799613,-0.3249894198934688,0.05574089101169884,0.0787323386313391,0.11565061751782224,0.24023657426909256,local_width4,10,9.77425885882,27425644.4467,27425644.4467,1.00000000,0.99921862,0.99832267,width2_d1_m8,1
155,1,127.16008924671732,9.592279179825136,-0.7470528652836974,0.7917630282712302,-0.9437638822784806,-0.006275943519212124,-0.08406236351593917,0.1194447060869474,-0.015839340683174344,-0.09084265309312788,medium,10,9.67938887195,22110919.823,22110919.823,1.00000000,0.99354056,0.98743644,width2_d1_m8,1
155,2,129.59500680613172,8.057602089407675,-0.3075774956860433,0.881817684422615,-1.6389358894726231,-0.7956839483001531,0.07186719958238585,-0.10810571711438349,0.09187154165070295,-0.18095011224151647,local_width4,8,9.49666274229,21492115.1722,21492115.1722,1.00000000,0.98433866,0.96910866,width2_d1_m8,1
155,3,128.25180076180223,8.549816866560727,0.4617665802000452,-1.400620708532494,-0.08945431465640963,-0.28426812297225984,0.24143355479417428,0.17408753416191874,-0.15616830113285668,0.13504673354063496,seed_from_width2,8,9.59053789562,20060503.0207,20060503.0207,1.00000000,0.99122808,0.98318547,width2_d1_m8,1
155,4,124.87312896592023,10.739886321358021,0.13523903396731352,0.6624578011578451,-0.6290881696237997,-0.6466111934637394,-0.021659353681187286,-0.008731677456021658,-0.029820046712205645,0.016375859528237717,near_plain,10,9.85999429659,23225579.5563,23225579.5563,1.00000000,0.99709409,0.99450462,width2_d1_m8,1
155,5,128.91264324575545,8.192824038007158,1.0288133501651298,0.04905712113068972,0.30395472539849566,0.24863471943694454,-0.10911614411535185,-0.07391061739319046,0.17687544937671312,-0.018771086026810747,local_width4,8,9.55535846884,37551052.5023,37551052.5023,1.00000000,0.99564926,0.99091870,width2_d1_m8,1
155,6,124.6168964156781,9.954850136279445,0.6239646118147527,0.5336577243757089,0.31620066056361473,0.14858305785614478,0.007884027678925903,-0.022225745188708762,-0.06965883588406123,0.012672135945181198,near_plain,8,9.87731138612,22764523.2799,22764523.2799,1.00000000,0.99781162,0.99602145,width2_d1_m8,1
156,1,128.32494750434978,8.447667757764698,1.023225555529925,0.0005071266314926604,0.5141803171061805,0.03242224200402566,-0.01191534924649884,0.2612081227486265,-0.012151319716234343,0.15494895164141984,medium,8,9.59127966002,25390507.2772,25390507.2772,1.00000000,0.99556886,0.99135559,width2_d1_m8,1
156,2,128.46000014243165,8.88449113508569,0.915551390979151,-1.0543856915580843,-0.25426145139401757,-0.47291351106209095,0.03493820279586357,-0.2148749087279083,-0.18045912864149286,0.21398579690785352,seed_from_width2,8,9.57734203649,19810243.9779,19810243.9779,1.00000000,0.99295867,0.98653824,width2_d1_m8,1
156,3,128.70375770062918,8.11677159584012,-0.002532070954818111,-0.2560731290492223,-0.12461566866293698,0.5805856461131113,-0.21306210409505844,0.25574743512763776,0.1117607418376213,0.5347516359713627,local_width4,8,9.56933578567,22687843.1482,22687843.1482,1.00000000,0.99646500,0.99273151,width2_d1_m8,1
156,4,127.44771937542097,8.392621952015668,0.2414113221342641,-0.18867462763775422,0.284034252573953,0.4469014052356001,0.12832744975531096,0.017239171463727304,0.2538702112660373,0.04763488478898445,local_width4,8,9.66767969186,39632988.8314,39632988.8314,1.00000000,0.99850017,0.99644252,width2_d1_m8,1
156,5,128.33718365919052,8.373372329984365,-0.09798762306910425,-1.549113147079837,-0.02984113325500017,-0.28887753689248985,0.10312042427245482,0.029888455088301874,-0.05863509988996139,0.0044615624362101675,seed_from_width2,8,9.58885426839,25509170.5043,25509170.5043,1.00000000,0.99050621,0.98139124,width2_d1_m8,1
156,6,128.84525633625344,8.288623295768806,-0.38775731636715466,0.108437165189325,0.16509896799321333,-0.10759640532109033,-0.18191314672200548,0.5689982749017636,-0.12200753401401054,-0.12618386268077048,medium,8,9.54889479822,21080694.8608,21080694.8608,1.00000000,0.99769272,0.99586847,width2_d1_m8,1
157,1,128.8065558242664,8.250681702812322,-1.4336072169729799,-0.6971883890608042,0.9794262604493598,0.008432593515180858,0.24744071828425862,-0.08163361672755992,0.6610398221777327,0.1981390025996945,local_width4,8,9.58407204861,40583365.21,40583365.21,1.00000000,0.98520594,0.97339624,apodized_d2_m10,1
157,2,126.62231769472696,8.694682466820868,-0.6018291495432029,-0.4683798271035621,-0.2775646689195156,-0.4555325224457377,0.10074478832782047,-0.0642615504279567,-0.07861465812278345,-0.05490882522641667,medium,10,9.71949873397,23985299.0692,23985299.0692,1.00000000,0.99648011,0.99328304,width2_d1_m8,1
157,3,128.69943929523737,8.065294179012186,0.3006418040890531,0.6552360408522966,-0.010761985428203155,0.6295021732084676,0.02029821159814099,0.03122803789734646,-0.15402032061688098,-0.10481184049460697,seed_from_width2,8,9.55888337522,21850596.3777,21850596.3777,1.00000000,0.99641897,0.99336025,width2_d1_m8,1
157,4,127.84933958134671,8.114275341604435,1.2590558954486726,-1.6203896579484405,-0.7937390056694849,-0.20918036168039308,-0.27997814194060366,0.2723920042861448,-0.33490039035839786,-0.13996441168326412,local_width4,8,9.61293261825,14911079.9456,14911079.9456,1.00000000,0.98166818,0.96485208,width2_d1_m8,1
157,5,126.0,9.4,-0.03844968095958364,0.17541163765415824,-0.40429326374062236,0.09266840536688511,0.6985644209677765,0.07426749732770707,0.19391231648078922,-0.14783771917517902,local_width4,10,9.77733596915,8045908.9508,8045908.9508,1.00000000,0.99640536,0.99246820,width2_d1_m8,1
157,6,126.2087319503065,9.245060886250464,0.0888748440914407,0.45872713283178845,-0.07758171546215707,-0.0018941435551552421,0.03871865807281896,0.02232665086007641,-0.12987565128367945,0.020081408508353833,local_width4,10,9.74971266308,22140966.126,22140966.126,1.00000000,0.99904227,0.99859067,width2_d1_m8,1
158,1,127.11457574795801,8.482501564444101,-0.10073507101932838,-0.01155183817967348,0.30519291781975977,-0.17524203452609416,-0.018441669495295493,-0.2448126498551133,0.21660856777871984,-0.09231125153881228,local_width4,8,9.69127926366,36364219.1126,36364219.1126,1.00000000,0.99923380,0.99803729,width2_d1_m8,1
158,2,129.12933806199405,8.043782186025188,-0.6020198237464814,-0.3761249368748026,-0.1610743454690987,-0.37649543594671436,-0.2788092529223684,-0.2697887597306227,0.06804475150177365,0.1343298290145769,local_width4,8,9.53458541541,29177237.813,29177237.813,1.00000000,0.99619703,0.99234676,width2_d1_m8,1
158,3,127.0017716720729,8.952482202816766,0.11813267849224762,0.7164124543624242,-0.4328581190652212,-0.6698619303919315,0.1330507759718078,-0.2093393756927705,0.22842175769681183,-0.09416143256146028,medium,10,9.70070731416,33602668.5689,33602668.5689,1.00000000,0.99625382,0.99208479,width2_d1_m8,1
158,4,126.4688114911259,9.645101656790864,-0.1870357628656285,0.8928404927584611,0.148042835401628,0.12380949851636303,-0.547482775159669,0.681116580773542,-0.4792976444110523,-0.1431276219359059,global,8,9.72338738687,7920512.6824,7920512.6824,1.00000000,0.99381713,0.98888087,width2_d1_m8,1
158,5,129.24864462757625,8.576627323808502,0.7327885080215623,0.13758363911636406,1.529893232621525,0.5535017360956881,0.13932734843554145,-0.11366027162193218,0.3616689401481651,-0.054372750991849544,local_width4,8,9.53281797365,32198926.6273,32198926.6273,1.00000000,0.98982597,0.97920780,width2_d1_m8,1
158,6,127.83892700510089,8.55559571900218,1.3881860134198616,-1.2703661498126053,0.07499644398664723,-0.29732273990956115,-0.1801977290307423,-0.2641198383237984,-0.04802893912259887,-0.207716361038644,local_width4,8,9.62966178296,25906941.3336,25906941.3336,1.00000000,0.98825728,0.97676399,width2_d1_m8,1
159,1,128.33370383700068,8.0,-0.611682164847742,-0.19984960870362817,-0.24872212216948844,0.35070695923181183,-0.025951150804215978,-0.06461716623812869,-0.042356923231834806,0.06681545903404487,seed_from_width2,8,9.58919411753,26104189.2442,26104189.2442,1.00000000,0.99742274,0.99510614,width2_d1_m8,1
159,2,129.57946681505243,8.018814378073758,-0.7604852152664601,-0.4064761054511514,-0.5589678947750499,-0.18675411566858036,-0.05308797616075889,-0.2837342769514871,0.019568329598407264,0.2795631696916507,medium,8,9.49929390005,25194344.0627,25194344.0627,1.00000000,0.99423909,0.98861473,width2_d1_m8,1
159,3,129.18489735194217,9.099142879375847,-0.8398125964510836,0.43660230942932854,0.6806479441434867,0.6771425204759094,0.10296344376301592,-0.08872130775701326,-0.42032783336843993,-0.4265053683011289,medium,9,9.51695554459,13420496.3957,13420496.3957,1.00000000,0.99131094,0.98389939,width2_d1_m8,1
159,4,127.60137174373786,9.262179310920972,-0.7451711052426722,0.29238265598121704,0.0798695364661971,0.6166191130053338,0.16616506610365117,0.21960727836277566,0.030955738479864325,0.15266961482603258,medium,10,9.65036566238,26272084.8385,26272084.8385,1.00000000,0.99612165,0.99224017,width2_d1_m8,1
159,5,128.91067218430584,9.4,0.31323847666354443,0.32097976318215116,-0.4046672097640148,0.8533033083115308,-0.15862374980139618,0.3239214678110628,0.10414587725882174,-0.026704318946318445,local_width4,10,9.55462779794,27952030.0536,27952030.0536,1.00000000,0.99674453,0.99331292,width2_d1_m8,1
159,6,129.46081078351585,9.4,0.35284478497690686,0.9418750382077457,-0.1272403605179821,-0.3738496518593399,-0.28244952230636,0.11340317581277695,-0.15597287988009698,-0.09585492830517484,local_width4,10,9.50536091337,22197096.6192,22197096.6192,1.00000000,0.99584933,0.99219540,width2_d1_m8,1
160,1,128.582632229263,8.0,-0.37880971392825413,0.3637983771673387,0.09626522630401219,0.5748661524602602,-0.18882124676307616,-0.000778722167364472,0.13879696782693188,0.23548843621739923,local_width4,8,9.57849459619,31858471.7503,31858471.7503,1.00000000,0.99696792,0.99364845,width2_d1_m8,1
160,2,128.45534796284764,8.372876030769424,0.23942459092271656,-0.7750021904338577,-0.09537097456312507,0.09924856892887617,0.1664169300757246,-0.22259291574569892,0.31976689100152866,-0.3886781212128305,local_width4,8,9.59556517914,36004769.7706,36004769.7706,1.00000000,0.99655955,0.99289939,apodized_d3_m10,1
160,3,129.32584352213414,8.301040826624757,-0.605028890705485,-0.14982710425502835,0.998404594618063,-0.42086577040088247,0.025288197276772992,-0.0074449384673736215,0.032695186691257996,-0.04814222102536715,local_width4,8,9.51716597838,25943332.8828,25943332.8828,1.00000000,0.99434735,0.98888069,width2_d1_m8,1
160,4,127.09419795935365,8.299437765273844,0.185030328801523,-0.6097100842471422,0.011837872012745387,-0.6526645723043529,0.12646231069016925,0.0431492084572242,0.158497666024349,0.13229876643108368,local_width4,8,9.69177738798,33250549.7528,33250549.7528,1.00000000,0.99670796,0.99307675,width2_d1_m8,1
160,5,128.84518051381195,8.312846420295472,-0.06984921141050326,0.18892998060172644,-0.19416372451406191,0.26532492808221586,-0.20999490480284796,-0.09399094807803979,0.016313863196693326,-0.05984488919944278,local_width4,8,9.55360483044,28517319.3827,28517319.3827,1.00000000,0.99919808,0.99849712,width2_d1_m8,1
160,6,128.26249361988687,8.162751456285612,0.6644613589105304,-1.1842015963543953,0.10832380142170911,-0.061282269612872725,0.09850688338863547,-0.2709092901694055,-0.19061801810069387,-0.48679230133763574,local_width4,8,9.59123913324,17720763.6215,17720763.6215,1.00000000,0.99163414,0.98393422,width2_d1_m8,1
161,1,127.47245744650506,11.095120138343603,0.8309263325082115,-0.4782606766689539,-0.5677808692578508,0.0606528118844859,0.2448389625094718,0.11427242198644949,0.27137911168507484,0.02515137279240698,global,9,9.66541139939,30016972.9971,30016972.9971,1.00000000,0.99696293,0.99366641,width2_d1_m8,1
161,2,129.28457204401502,8.095304262572947,-0.7358389963457264,-1.10579133659419,-0.04956648117157425,-0.024205210951297407,0.17625744584070793,0.3208513107201497,-0.19480781718595347,0.2879397064607982,local_width4,8,9.51214419814,18178718.0324,18178718.0324,1.00000000,0.99092359,0.98267759,width2_d1_m8,1
161,3,127.97327866960703,8.0,-0.2516439135803187,0.31971645160804046,0.5491507068106922,-0.21091003332045016,-0.05147955652719052,-0.5546996353478052,0.007296065173691036,0.26648372208884524,local_width4,8,9.61686695506,22006059.7257,22006059.7257,1.00000000,0.99555055,0.99134595,width2_d1_m8,1
161,4,127.77894902566074,8.310509852329469,0.5484851984547481,-1.7750419959443908,-0.5756662031891397,0.22957819034910354,-0.0006684796732771767,0.1917262209219821,-0.03648579197096713,-0.2838245264932819,local_width4,8,9.63036135041,22386551.6192,22386551.6192,1.00000000,0.98671491,0.97392210,width2_d1_m8,1
161,5,129.89504603779233,8.279301753886779,-0.5763514750596193,-1.3323578532578444,0.6196436704112069,-0.3925654571603927,0.027214778908037047,0.009668899508015333,-0.026262494753327245,0.15197419318308444,local_width4,8,9.47419194334,24381288.5227,24381288.5227,1.00000000,0.98704751,0.97450509,width2_d1_m8,1
161,6,129.20351841905216,8.031652157230715,-1.090147441539675,-1.1724635377297814,-0.329531790330101,-0.3731975033370193,0.4330754076616375,0.17860685464120465,0.1113042906513554,0.1637633479325911,local_width4,8,9.53365489898,29268402.9357,29268402.9357,1.00000000,0.98614150,0.97212277,width2_d1_m8,1
162,1,128.690832470715,8.040444181773253,0.24636375239462943,-0.22083419844113003,-0.14729999990736237,-0.08953819607631444,-0.5523417399028658,0.18893665514216798,-0.3289989364026271,0.13083245045519928,local_width4,8,9.55284098728,15491097.9519,15491097.9519,1.00000000,0.99725678,0.99556133,width2_d1_m8,1
162,2,128.50913824463572,8.403250999259347,-0.3147296134526213,-0.22381860663360284,-0.2988440399888241,-0.011122459734221213,0.08291534418187574,-0.2334777446820602,-0.07933202727817706,-0.2594042689501669,local_width4,8,9.57574208793,23199685.6665,23199685.6665,1.00000000,0.99834989,0.99705181,width2_d1_m8,1
162,3,129.9680142871433,9.297130026127949,0.05595495657167171,0.3660255608827741,-0.49011609742991363,0.09176500022306042,-0.1620549956460697,-0.23258097821773563,-0.292784571449534,0.16919461872013436,local_width4,10,9.46220534318,17336008.155,17336008.155,1.00000000,0.99771447,0.99637721,width2_d1_m8,1
162,4,129.12091777814882,8.293929555677858,0.8767104992565004,0.5248548968653539,-0.23064157417390294,-0.7008513541847936,0.40108079594655077,0.07304317577548329,0.09665014486690034,-0.0568193073567677,local_width4,8,9.5361667843,28094498.1685,28094498.1685,1.00000000,0.99202582,0.98399847,width2_d1_m8,1
162,5,128.15852745318927,8.541537620275024,-1.1087125857971645,0.1226443827865614,-0.09580209063559256,-0.20035874824326605,-0.5564076496207182,0.16155614595636106,0.09909554566210212,0.0559154719391442,local_width4,8,9.60550066885,26165558.5605,26165558.5605,1.00000000,0.99360850,0.98730086,width2_d1_m8,1
162,6,129.60849204261967,8.467655737498893,-0.1738225112095609,-0.18093899249840026,0.24307978778339942,0.2752062098421823,0.19933635573813546,0.006078226214219967,0.0788552197882042,0.07326080373612232,seed_from_width2,8,9.49999540773,31130658.3159,31130658.3159,1.00000000,0.99914776,0.99821351,width2_d1_m8,1
163,1,126.8044608369841,9.57812516848037,-0.05327375016841285,1.060280744115793,0.747994014100611,0.5829202746444275,-0.29582907803134073,-0.43853452607886634,0.22511010155436367,0.17011388293287327,medium,10,9.71386129196,4963049.4012,4963049.4012,1.00000000,0.98974320,0.97924404,width2_d1_m8,1
163,2,126.7658318668311,8.497476677216026,0.45849387567812716,-0.033650265384200975,-0.04545342049480816,-0.5965299780621822,0.08495809388929182,-0.014699422237211237,-0.02784594605477242,-0.053067711072350573,local_width4,8,9.70975953431,25979039.8285,25979039.8285,1.00000000,0.99787789,0.99594368,width2_d1_m8,1
163,3,124.68844325643465,10.642780065339187,-0.25403080654476534,0.22791709490065215,-0.31034011663767197,0.2837025753801211,-0.034645522683938085,-0.03959451123317019,-0.011465818537301244,0.02387022600387282,near_plain,10,9.87456999471,24359935.0158,24359935.0158,1.00000000,0.99916216,0.99860187,width2_d1_m8,1
163,4,126.51976467306552,8.02611279444085,-0.959260791082636,1.690133942056688,1.0396428921334349,0.710396721566287,-0.26345311718713604,-0.33234601848421713,-0.02011244388567697,-0.4911036505672193,local_width4,9,9.72162167234,13649807.3501,13649807.3501,1.00000000,0.96343450,0.92878890,width2_d1_m8,1
163,5,129.35050005751972,9.052305475209417,0.46666089089484414,-0.19173083955852216,1.4757586094289836,0.6374914799475885,-0.18809538847378754,-0.2826108200000599,0.3531970214815026,-0.13332222630427626,local_width4,8,9.52683479308,29865013.2604,29865013.2604,1.00000000,0.99025817,0.98002010,width2_d1_m8,1
163,6,129.56898901859495,8.424229047963292,0.41719540962942225,-0.2771188367955498,-1.0360995816913419,-0.3132387970051118,-0.18246401792408135,0.04066466196051595,0.20012660387490408,-0.05338455157749372,local_width4,8,9.50544034623,33344060.4554,33344060.4554,1.00000000,0.99492561,0.98959247,width2_d1_m8,1
164,1,128.40967666562068,8.138693743041227,0.6556780117564514,-0.1078338203541318,-0.08883030388651401,-0.5886031056888881,-0.018627086900618137,0.07886822844317376,0.09770731738940207,-0.05321109957807552,local_width4,8,9.5899737146,31746323.5558,31746323.5558,1.00000000,0.99683512,0.99348528,width2_d1_m8,1
164,2,128.56176646734886,8.27797944838831,0.7280294865316415,-0.1268779844446544,0.19342837022373124,-0.1462928998323821,-0.17923593330131998,0.08094666618043182,0.14807242173021515,0.17585319564607454,local_width4,8,9.58036277759,33099158.3768,33099158.3768,1.00000000,0.99760314,0.99490497,width2_d1_m8,1
164,3,124.27165176883275,10.818671305890868,-0.14739454009387362,-0.13455893724238072,-0.10836235934075461,-0.28164830293143084,-0.0002131163547147985,-0.13949568966315973,0.115715356335517,-0.035255004966936745,near_plain,10,9.91147002418,26400491.7016,26400491.7016,1.00000000,0.99962435,0.99923380,width2_d1_m8,1
164,4,129.7383930958091,8.293313202398439,0.2857796630813737,-0.032046789274595575,0.17613228662216932,0.27314995519927593,-0.45837860710195266,-0.24766086269343013,-0.07772834184122251,0.06699661060099471,local_width4,8,9.48553442343,23807733.3291,23807733.3291,1.00000000,0.99804348,0.99638614,width2_d1_m8,1
164,5,129.50299510299854,9.087175858791426,-0.5208385421981621,-0.09428403822858278,-0.6821492352205696,0.11486007821839828,0.12327627610392922,0.33773861617166245,-0.06354987045138724,0.10953327761280013,medium,9,9.50276012901,22824681.8239,22824681.8239,1.00000000,0.99675937,0.99389732,width2_d1_m8,1
164,6,128.53027608779078,8.174402997140671,0.05446190074462237,-0.07658566727177285,-0.19925832256605353,-0.417731902721909,0.04901239226759374,0.14150141300434937,-0.08924303093035069,-0.11420522884961487,medium,8,9.57336071078,23783232.3208,23783232.3208,1.00000000,0.99877752,0.99792748,width2_d1_m8,1
165,1,129.8287234352144,8.358691290011189,0.38537826263559016,1.1145196652229992,-0.9393698133098893,-0.9941265773069018,-0.41195262729127746,0.30956607409397674,-0.18542694862354572,-0.2906477530646658,medium,8,9.47910017583,17098849.5264,17098849.5264,1.00000000,0.98395481,0.96853521,width2_d1_m8,1
165,2,127.03663199659468,8.977714331595326,-0.0022293621691709675,0.1298874628531912,0.026239795833594093,0.1823624952949059,-0.0650192415404312,-0.3166032389630715,0.19678506906012622,0.16930022220112695,medium,10,9.69668618806,32232882.024,32232882.024,1.00000000,0.99933896,0.99833779,width2_d1_m8,1
165,3,129.2550410092535,8.167741613253733,-0.1490183827312077,-0.8354935679596077,0.4982030718577258,0.38173254631156217,-0.013059359658469577,-0.0409814717924841,0.00619083914556226,-0.136348607471998,seed_from_width2,8,9.5226378984,26670921.5859,26670921.5859,1.00000000,0.99509937,0.99035650,width2_d1_m8,1
165,4,128.49748806482617,9.147710159922926,1.0739689985692595,0.2967368448769101,1.1300485416108383,-1.09800494930349,-0.17184795479139858,-0.1979144018145969,0.01109366210498619,-0.036946880676177934,medium,10,9.58178264719,22423780.6003,22423780.6003,1.00000000,0.98796871,0.97615696,width2_d1_m8,1
165,5,129.51389027304893,8.46271068326313,-0.7233965653442288,0.8634600109234793,-0.1850645306417117,0.4635071640633037,-0.19258925579741298,-0.03424449225602155,-0.05969179579335232,-0.013258603993180351,medium,8,9.50154319695,25147110.9326,25147110.9326,1.00000000,0.99372704,0.98780307,width2_d1_m8,1
165,6,128.37607365469535,8.291522617082427,-0.7243513330183193,0.567033933102524,-0.0005141935327022604,0.17436982992314431,-0.09668480302369117,0.018153667027675943,-0.1293606245458716,0.027251123900153766,local_width4,8,9.58300141604,22870691.4069,22870691.4069,1.00000000,0.99621584,0.99295281,width2_d1_m8,1
166,1,129.21313024136697,8.0,-1.1818896503957592,-1.2612674490320224,0.01865846210271005,-0.20135282099646917,0.14697236564550822,0.14771761372680708,0.1198995579969216,0.17948756097266316,local_width4,8,9.5310739658,31422827.6255,31422827.6255,1.00000000,0.98622124,0.97237763,width2_d1_m8,1
166,2,129.82105907010748,9.341611379940371,0.343402200521886,0.44438295118598503,1.1793234943589377,-0.029197578891531885,-0.15579601655973593,0.21443186056398397,0.2668095758160473,0.3522708869549431,local_width4,10,9.48978199705,28548225.3288,28548225.3288,1.00000000,0.99424232,0.98814316,width2_d1_m8,1
166,3,128.71237617540876,8.637497476123468,1.754274642307878,0.8083988865046975,-1.3918369034005547,-0.8377629288136567,0.13416341800188197,-0.6982123791595689,0.002315422992222739,0.3195454732689046,local_width4,8,9.55690490875,15870376.8946,15870376.8946,1.00000000,0.96959188,0.94068617,width2_d1_m8,1
166,4,127.29504063235531,8.936128747649706,0.6759643089714289,-0.7961808919174885,0.3565717893429067,1.4367454696365758,0.08729252366015358,0.4337660105448285,0.0066479693803220795,0.15198380543882603,local_width4,10,9.67396906855,23261366.4952,23261366.4952,1.00000000,0.98773292,0.97557873,width2_d1_m8,1
166,5,128.2658018016212,8.05138683325853,-0.12552686736819538,-0.448346222405253,-0.1704742178474719,-0.017393959885755376,-0.07778477177885657,0.14287567641289775,0.07013754826650835,0.05599125477722172,local_width4,8,9.59817857662,30791561.571,30791561.571,1.00000000,0.99893894,0.99784376,width2_d1_m8,1
166,6,128.50956223059845,8.335456594595877,0.11669401332726712,-1.4449645979226797,-0.0337496969647072,-0.7027180626607206,-0.13094302811197128,0.1012843405649358,0.22249889782632595,-0.008014384441855954,local_width4,8,9.58722294178,38393021.7211,38393021.7211,1.00000000,0.99072922,0.98103049,width2_d1_m8,1
167,1,127.92287063805182,8.446389265793803,-0.4882451544229949,-0.986366770944471,-0.28953176520879,-0.15653471362389226,-0.3244308091821659,-0.3609808298341476,-0.2932180811484262,-0.04198923698403356,seed_from_width2,8,9.61275191436,17103126.6539,17103126.6539,1.00000000,0.99338748,0.98770923,width2_d1_m8,1
167,2,128.67759060295035,8.146594457802804,1.2844642964335924,-0.2330300834889688,-0.1938259536769158,-0.01897536517901338,-0.1645458499133741,0.32692290598686097,-0.27457881792116107,-0.08865753394734063,seed_from_width2,8,9.55558309876,17956455.0138,17956455.0138,1.00000000,0.99167810,0.98430078,width2_d1_m8,1
167,3,127.16770317672677,8.648919627913903,0.7700844801462385,-1.8321286992954033,-0.22495680067367674,-0.2793064336603694,0.3497136113556912,-0.07064653027275078,-0.16615056790466798,-0.4204638749321233,local_width4,8,9.67361176135,18428502.2825,18428502.2825,1.00000000,0.98611069,0.97303984,width2_d1_m8,1
167,4,127.13565643684605,8.157465503603182,0.5360395840202895,-0.13275057052597872,0.20067916068764902,-0.3544175701888432,-0.023608681060049222,0.3124799774892041,0.009231506268575114,0.10653451290408025,local_width4,8,9.68200062877,26125907.4028,26125907.4028,1.00000000,0.99767544,0.99546037,width2_d1_m8,1
167,5,126.55028637892768,8.163936311865406,0.5877642243272229,-0.5010210186053233,0.11874132641127377,0.08672646257545305,-0.11951290728294917,0.29504896848004747,0.2887766726995921,0.3210840050766901,local_width4,8,9.73768780317,36058662.8965,36058662.8965,1.00000000,0.99677590,0.99293097,apodized_d3_m10,1
167,6,129.80014466338835,9.4,1.1740314047338896,-0.5648883071242267,0.00031375667420580067,1.3797593068468346,-0.30682778340641303,0.20914447591517335,-0.035686687351630136,-0.012714682977872413,local_width4,10,9.48884031922,23935271.2299,23935271.2299,1.00000000,0.98730134,0.97467316,width2_d1_m8,1
168,1,126.70783040631234,8.758605822800082,-0.02752744755089387,-0.45702214735190805,-0.6275908155983465,-0.33599205774455443,0.1899209466539544,0.012316752679317942,0.12578537412934704,-0.26005947334555923,local_width4,10,9.71907741541,28378757.603,28378757.603,1.00000000,0.99719938,0.99426283,width2_d1_m8,1
168,2,129.0891949092299,8.663318258535458,0.029037315666839147,-0.1498623476948991,0.45097328316191787,-0.07762896293720649,0.2418218714452472,-0.14783767108089824,-0.11939179170767722,0.41503597253828123,local_width4,8,9.53164420684,19711864.8173,19711864.8173,1.00000000,0.99781374,0.99611853,width2_d1_m8,1
168,3,127.36447980019952,8.127582702953797,-0.66624212438846,-0.1263195208209844,1.0141416428193017,0.33037302051109574,0.0019516939437623781,0.018679383652193404,-0.10073490168298943,0.17623562121848696,medium,8,9.65822489362,20731350.885,20731350.885,1.00000000,0.99385031,0.98829877,width2_d1_m8,1
168,4,128.12551216205162,8.217414095126395,-0.5508731373434573,0.4839792087446276,-0.07895477176053939,0.3667908217672953,0.08877522018265935,0.020436831691862653,-0.01234771745907625,0.1088481288488628,local_width4,8,9.60692078094,28236968.6204,28236968.6204,1.00000000,0.99700898,0.99415328,width2_d1_m8,1
168,5,127.99437672737345,8.08174112496421,0.5095300944761723,-2.1453035780374408,0.060081156497626576,-0.2339310717519645,0.022070635883606866,0.1201593483515593,0.028655507921769633,-0.041237998098884066,local_width4,8,9.61563355814,27961922.941,27961922.941,1.00000000,0.98019838,0.96093550,width2_d1_m8,1
168,6,126.67234727266198,8.209376257221969,-0.7290404487573777,0.26191164809268586,-0.8689313863873162,-0.08678610183453139,-0.001879306229562525,-0.08836725613474458,-0.10238673278219868,0.09957753263565916,local_width4,8,9.71093739155,22061310.9172,22061310.9172,1.00000000,0.99359679,0.98779919,width2_d1_m8,1
169,1,129.9383940042157,8.49770676703939,-0.6385463098550483,-0.13627641939781476,-0.1780515487365767,0.3854108867841677,-0.3648052173108094,0.26362237286578927,-0.03357842996296656,-0.025206428724380614,medium,8,9.47081266182,23985061.4671,23985061.4671,1.00000000,0.99649135,0.99328584,width2_d1_m8,1
169,2,127.69705960605117,8.028158033479512,0.9922373763651128,0.8843018437584796,-0.22604887121771985,0.40665042224572207,0.2418653415911426,-0.18500193894240347,-0.12317289228979245,0.055027677677380704,seed_from_width2,8,9.63184113674,21091183.97,21091183.97,1.00000000,0.99144448,0.98357137,width2_d1_m8,1
169,3,128.5701979982874,8.039332671689678,0.8338647498512712,-0.3626130779498958,0.15091440453662686,-0.11237595620772595,-0.2759480911417599,-0.13990537723725052,0.24504861907441536,0.19727321746418028,seed_from_width2,8,9.58467147179,38219126.9151,38219126.9151,1.00000000,0.99609224,0.99160431,apodized_d3_m10,1
169,4,128.92193178330783,8.451044021978877,0.7492160677077369,-0.4154761951979037,-0.3685991470762633,-0.7744783560917408,0.20639662555564592,0.07349265083417432,-0.0816082057152632,0.025751555237289774,local_width4,8,9.54472628875,23244894.2243,23244894.2243,1.00000000,0.99425317,0.98889779,width2_d1_m8,1
169,5,129.15170117066089,8.445741669910333,0.8793806955216632,-0.21584994126792947,-0.13177962708735172,-0.09351691228194894,0.26161214700476426,0.2751762868843612,0.2624370403104825,-0.02485339336540765,seed_from_width2,8,9.53890009652,37044230.3368,37044230.3368,1.00000000,0.99615890,0.99184285,width2_d1_m8,1
169,6,126.8782950808223,8.213725377283858,-0.19583978507834482,-0.9344078714841826,0.000771286563401391,-0.9208175306619049,-0.12545388106261415,-0.14999045723059518,0.06934868668899251,0.12291503246585746,local_width4,8,9.70713481497,29963409.0691,29963409.0691,1.00000000,0.99276146,0.98533562,width2_d1_m8,1
170,1,128.49016101928254,8.0,0.888987341762508,-0.17679188235880516,-0.5477489619395796,-0.45945473658872593,-0.15265946461915111,0.111099974496488,0.240879584344446,-0.4307567643315131,local_width4,8,9.58997718879,28100335.0496,28100335.0496,1.00000000,0.99256494,0.98460916,width2_d1_m8,1
170,2,126.0,8.735634367143621,0.5029113651759303,-0.3805940287572488,-0.27143126092285835,-0.3091091679164,0.6744500972510157,0.28895413292665484,0.18249126080889919,-0.017617857762200095,local_width4,10,9.77454694915,25174632.69,25174632.69,1.00000000,0.99570959,0.99121889,width2_d1_m8,1
170,3,127.70319964107705,8.056485650449382,-0.264400735502055,0.6452347710522152,-0.015398842711997329,0.5806926955244225,0.4596910286720382,-0.01741200569478127,-0.1437157293403185,-0.20110184170105627,local_width4,8,9.63500403464,20433079.5385,20433079.5385,1.00000000,0.99451831,0.98949415,width2_d1_m8,1
170,4,128.39702622058698,8.352732476602734,0.021951116562725942,-0.2634251226363385,-0.4623770845378581,0.27181553538429504,-0.2868297477956907,0.2724235036109412,-0.3067472706230364,-0.09082857780072165,local_width4,8,9.57520293265,16650162.4651,16650162.4651,1.00000000,0.99712084,0.99527243,width2_d1_m8,1
170,5,128.6030786597431,8.266791770676232,0.15517616873810042,0.706788789992774,0.07215879534868375,0.3340707199830508,0.3396563057956367,-0.33877251366697986,-0.06722695190366157,0.16514273631830967,seed_from_width2,8,9.5676160371,22422580.7833,22422580.7833,1.00000000,0.99604099,0.99249136,width2_d1_m8,1
170,6,128.67821449050987,8.338371585943321,1.0992263808384093,1.035585872479269,-0.006161355786886175,0.5051689215057648,0.18436356939840376,0.18963925177274998,-0.04889935804129861,0.14955407261201398,seed_from_width2,8,9.56396184439,25603238.7011,25603238.7011,1.00000000,0.99163891,0.98360671,width2_d1_m8,1
171,1,128.57053681793295,8.689637739275316,0.7514659200899634,-1.652793408189379,-0.002404980059563914,-0.45441865236807455,0.19830681383337154,0.0015652795485023019,-0.33874403267952446,0.3805433963959336,local_width4,8,9.56212088101,14374154.7155,14374154.7155,1.00000000,0.98648841,0.97423325,width2_d1_m8,1
171,2,128.45589975791566,8.0,-0.8003999951199078,-1.0117514101958685,-0.07510353228464443,0.33343395942174603,0.1263534576861377,-0.2879620585715821,0.03972508141326853,0.39189342109191905,local_width4,8,9.5859948603,24766372.2827,24766372.2827,1.00000000,0.99291613,0.98577516,width2_d1_m8,1
171,3,128.0747976954671,9.45816039752389,0.38121405011266607,0.3231595166816762,-0.08015615880506877,0.7437054764361161,0.5197744868649788,-0.06110865518633901,-0.35155773089502795,-0.3040639342135719,medium,10,9.60249362192,13871165.8185,13871165.8185,1.00000000,0.99528730,0.99161771,width2_d1_m8,1
171,4,127.77848959046536,8.528939231851865,1.2134161827317185,-0.8598092219590322,0.031252490114328985,-0.8150642707592447,0.035815497288908704,-0.10346781936296542,-0.19227540751897526,-0.09673008009532494,local_width4,8,9.62747896121,19947350.5115,19947350.5115,1.00000000,0.99142150,0.98351045,width2_d1_m8,1
171,5,128.75609482239653,8.0,0.760447150833475,0.5363765913193869,-0.04200831466058261,0.011376382142629989,-0.026443027761657967,-0.0660605070072418,0.07607474436386885,-0.4909495383356751,local_width4,8,9.56302592701,23280138.7425,23280138.7425,1.00000000,0.99541319,0.99077218,width2_d1_m8,1
171,6,129.26127162360243,8.345107272226699,-0.37773250369286093,0.2093970449124586,0.08808096972550183,0.1250886143944427,-0.06574232653363198,-0.03414600670620668,-0.10083730659581053,0.2779105427851827,local_width4,8,9.518788887,22715230.1987,22715230.1987,1.00000000,0.99861979,0.99766711,width2_d1_m8,1
172,1,128.51653809485558,8.266146860801774,-0.44189367561673176,-0.49310063940826643,0.13334499668586552,0.4597165733670582,0.01657989536493506,0.04066335541034869,-0.0012204124981704603,0.03739498482401162,seed_from_width2,8,9.57769907915,27443422.5735,27443422.5735,1.00000000,0.99766668,0.99546013,width2_d1_m8,1
172,2,129.10216222522976,8.247667626473136,0.20870525365189319,0.6722204738305657,0.5644770442879912,-0.04597745960470129,0.11719801865410776,0.011510789847260762,-0.08539436352386816,0.0029154956776007573,local_width4,8,9.52984445602,23412820.5184,23412820.5184,1.00000000,0.99624574,0.99294035,width2_d1_m8,1
172,3,126.85067980015569,8.40226742328371,0.12168541535750457,0.14567183879052933,0.4796248605437705,-0.4416373903061441,0.23549275340415962,-0.30100177529846883,0.14511866395304923,-0.20983032535106771,local_width4,8,9.70878298011,29372526.4221,29372526.4221,1.00000000,0.99767971,0.99513647,width2_d1_m8,1
172,4,129.0686189639134,8.0,-0.0661146797512071,-0.1767681736545605,0.048311673616797224,-0.10868280072288927,-0.04746417168486533,0.037361273411259055,-0.025427198168893328,-0.1949346523486302,seed_from_width2,8,9.53520546292,26142672.7279,26142672.7279,1.00000000,0.99948285,0.99917805,width2_d1_m8,1
172,5,128.79664265044863,8.198565458413587,-0.028136376082216072,0.023415984171548068,-0.31033982381783287,-0.35582292190260567,-0.11082502990528911,0.24849277731216965,-0.02187033622727541,-0.02922978023665733,local_width4,8,9.55586359247,26313638.2868,26313638.2868,1.00000000,0.99874013,0.99767363,width2_d1_m8,1
172,6,128.91417242527228,8.38562373700203,0.724226574345517,0.4079749610895924,-0.6217508176441408,0.7057005270629495,0.07862543863315852,-0.25348839711382076,-0.012640549351857489,-0.17565969040766757,medium,8,9.54724642253,24415217.0738,24415217.0738,1.00000000,0.99371406,0.98767593,width2_d1_m8,1
173,1,126.40488354039306,9.4,-0.8519726227836177,0.3029243105626645,0.11983245222086861,-0.103342189120566,0.29519203233189073,-0.1775024292628082,-0.16256383932261767,-0.25534781359405423,local_width4,10,9.73505036258,17963763.2248,17963763.2248,1.00000000,0.99657419,0.99369153,width2_d1_m8,1
173,2,128.23411494712695,8.089162984170844,0.4437342655185138,-0.8185815151829737,-0.18081096275139164,-0.018672265182801573,-0.34629971863698666,0.09695977828255437,-0.21638534739552656,-0.09974867519055045,seed_from_width2,8,9.59070962965,19300054.5857,19300054.5857,1.00000000,0.99557308,0.99189002,width2_d1_m8,1
173,3,128.87719241402883,8.0,1.283206759183676,0.10611417402362971,-0.04869422240831854,-0.18291878707444426,-0.10313242410484252,-0.05498423263562635,-0.09658927412988826,0.03017802267053775,seed_from_width2,8,9.54726690057,24844005.857,24844005.857,1.00000000,0.99295693,0.98632772,width2_d1_m8,1
173,4,123.12616387581699,11.711202924239348,0.7267431791425046,0.0923614875507307,0.27051592762625487,0.8372075963594826,0.03733634239182293,0.14805924834303313,0.10063600735520495,0.10941173801454279,global,10,10.0055628636,24475209.411,24475209.411,1.00000000,0.99762895,0.99530876,width2_d1_m8,1
173,5,127.4846188877681,8.218567687846077,0.36410540470185937,-0.05255229119946672,-0.20376287941066568,0.6137878547522817,-0.2800523517138102,0.017762681775975293,0.1571245364555255,-0.01617709655082436,local_width4,8,9.66254935653,34779821.8353,34779821.8353,1.00000000,0.99752731,0.99467381,width2_d1_m8,1
173,6,126.70660027772654,8.446978542991951,0.8783525184951607,-1.329266066080731,-0.4656810842670282,-0.18376525127484322,-0.11708182060796928,-0.22297150891553447,0.018168584565201987,-0.10008982913493625,local_width4,8,9.71683914295,27866776.1536,27866776.1536,1.00000000,0.99071602,0.98151996,width2_d1_m8,1
174,1,127.20132326863947,8.13803576973879,0.2034313921005224,0.13759631239001613,0.7526662429633661,-0.49844942918322166,-0.2964537338800515,-0.08900230050088809,-0.09451590787591146,0.024715530899039106,medium,8,9.67252575942,21561416.4247,21561416.4247,1.00000000,0.99563603,0.99172865,width2_d1_m8,1
174,2,128.62722053658018,8.050282388787696,-0.8104868950704085,-0.6018154342642185,-1.0207757117042007,0.5309244291153192,-0.11596943804357102,-0.13065925213840704,0.016452559222638136,0.07979005912397791,medium,8,9.56718631635,23640906.8348,23640906.8348,1.00000000,0.98970339,0.97976063,width2_d1_m8,1
174,3,128.04325800567423,8.00184365930621,-0.09630313345996017,-1.3105530977761688,-0.17283728980745805,-0.20619750586781196,-0.13928947311416773,-0.23814525857240662,-0.06305036507017522,0.011086190810563334,seed_from_width2,8,9.61191030199,26249558.1914,26249558.1914,1.00000000,0.99293429,0.98612577,width2_d1_m8,1
174,4,128.17500271740715,8.0,-0.12295940940985238,0.432014995613028,-0.03511701579896906,0.4702911098089747,0.1325570489377989,0.11721689155186604,-0.09912153281534637,0.0815953662972594,seed_from_width2,8,9.59995827808,24459192.9832,24459192.9832,1.00000000,0.99788216,0.99612485,width2_d1_m8,1
174,5,129.00694203030082,8.370923490146984,-0.05099974058869561,-1.831006508688399,-0.4243876855208324,-0.25015683709935627,-0.027515196656402383,-0.02123104010913525,-0.0643167745018344,-0.09827476187415071,seed_from_width2,8,9.53917796595,25407203.5285,25407203.5285,1.00000000,0.98833654,0.97709156,width2_d1_m8,1
174,6,128.36938867110396,8.099326716158908,0.7538572529602884,-1.100013980299051,-0.4481106627540556,-0.28748248225689116,-0.130580003048139,-0.016157585474825705,0.04584041376675681,0.06278920446560914,local_width4,8,9.59034965033,30882244.992,30882244.992,1.00000000,0.99307639,0.98618938,width2_d1_m8,1
175,1,126.33734642238012,9.4,-0.04396479084581073,1.3219637879837085,-0.017501767368416188,0.13927232150748603,-0.36569302775202533,0.6427040123128299,-0.43057514081603016,-0.2133689623597228,local_width4,10,9.7351869856,14511706.4124,14511706.4124,1.00000000,0.99301616,0.98714178,width2_d1_m8,1
175,2,126.8331830056113,9.4,0.4259368667950615,0.4548339626361624,0.34569535215315916,0.3564220489790448,-0.30268367267958707,-0.25033348645869546,-0.19915771252302283,0.09018736924965894,local_width4,10,9.70015687637,17984487.4216,17984487.4216,1.00000000,0.99705565,0.99479098,width2_d1_m8,1
175,3,127.1310846326938,9.390336273419113,-0.11573864265670997,1.0021362615773195,0.7722144548636409,0.022771640303513863,-0.1894891107755851,0.10415302655765529,-0.2032455201090567,-0.21650286160363003,global,10,9.6762011891,18756675.0495,18756675.0495,1.00000000,0.99377681,0.98834218,width2_d1_m8,1
175,4,128.81083745959612,8.0,0.9832404258860601,0.17391881787046082,0.016266239121318943,-0.48321321817224316,0.063245090134207,-0.04270199144073579,-0.013088104767242432,0.041423457561303625,seed_from_width2,8,9.55508081171,27497690.5991,27497690.5991,1.00000000,0.99480262,0.98978100,width2_d1_m8,1
175,5,123.55861185442268,11.925063809875228,-0.7374549873288847,-0.4420685988369387,0.13365644050434877,-0.5075607140098983,0.21956058961952596,0.2278253610609141,-0.06046739639723364,0.3829950369208226,global,10,9.96758869796,19331026.1367,19331026.1367,1.00000000,0.99708114,0.99458664,width2_d1_m8,1
175,6,128.09551458595686,8.502682636803607,0.46961793918841593,-1.5711015802346753,-0.06562559901402587,-0.31083684540610246,0.19197525133199084,0.11245028030213487,-0.13599518738019445,0.16303121224697414,local_width4,8,9.60319842271,20825761.5817,20825761.5817,1.00000000,0.98956412,0.97981086,width2_d1_m8,1
176,1,126.53837305776447,8.499965242536218,-0.6068112551539506,-0.40636277129698023,0.6798375301948666,0.5196416622495983,0.28520974855569103,-0.05597182638777662,-0.11009480078755894,0.1255319627102461,local_width4,8,9.72420544473,21368462.7887,21368462.7887,1.00000000,0.99535708,0.99116312,width2_d1_m8,1
176,2,129.37739326444563,8.327727847240086,-0.7018787652247565,-0.10839922670929872,-0.16879957257547928,-0.6196253399995049,0.2252518174330733,-0.10161909196077153,-0.2552662084414485,0.045654305543838036,local_width4,8,9.50651948549,19434274.694,19434274.694,1.00000000,0.99578183,0.99230936,width2_d1_m8,1
176,3,128.58241576239914,8.10417008567189,0.44219469106920517,-1.4944720254650907,-0.544659379268909,-0.5648253416745543,0.07832605943798626,-0.1644399782727291,-0.07216734110999735,-0.031414523457324706,seed_from_width2,8,9.57098584688,24577555.7481,24577555.7481,1.00000000,0.98990882,0.98017596,width2_d1_m8,1
176,4,124.20213328655139,9.20631033967753,-0.0685352465632667,-1.0046651778648017,0.8244493648886446,0.9007554845449985,-0.15753629722898527,0.074801240062209,0.15489596426362107,-0.07266406536606825,global,10,9.9170663825,27385796.837,27385796.837,1.00000000,0.99060488,0.98108547,width2_d1_m8,1
176,5,128.68056661952022,8.436807962817271,0.3180426913979383,-1.9075132845960097,-0.15303511030235328,-0.3775367434904784,-0.13697403361671132,-0.24809815170765528,-0.1423859597809955,0.17607363185834432,seed_from_width2,8,9.56293585115,23054003.2474,23054003.2474,1.00000000,0.98697599,0.97448367,width2_d1_m8,1
176,6,128.65885450162963,8.0,-0.1721481197719013,0.862401294595653,0.33852980512022957,0.3513465884629028,-0.04615738717824619,-0.31362997956599115,-0.08588805363516963,-0.19108974730424355,seed_from_width2,8,9.56173825335,21274229.8107,21274229.8107,1.00000000,0.99386720,0.98825190,width2_d1_m8,1
177,1,126.0,9.150493405452318,-0.20363658236821292,-0.16904601045062428,1.9921321778625654,1.6569668129462138,-0.19669894646694677,-0.17607950374543813,0.0713403007529106,-0.21674376564789405,local_width4,10,9.77245711083,16541182.6905,16541182.6905,1.00000000,0.97665935,0.95395805,width2_d1_m8,1
177,2,127.5173422133658,8.596176752114825,1.361280470273723,-0.6635376527350477,0.1222524347741284,-0.08170721140470757,-0.10248036478426711,-0.22155533406450534,0.04550876593467279,-0.31936221078901805,local_width4,8,9.65638005992,27880430.9628,27880430.9628,1.00000000,0.99192292,0.98384928,width2_d1_m8,1
177,3,128.54206239767979,8.0,0.29617243550074956,0.37253186780188263,0.10941174805687921,0.27089900925181437,-0.08877066459970111,-0.024190890068642668,0.056579888345102775,0.08071565722608892,seed_from_width2,8,9.57766807988,29669651.2058,29669651.2058,1.00000000,0.99875976,0.99748262,width2_d1_m8,1
177,4,126.2478501308863,8.442156922948815,0.6608914519498196,-0.8535780432967899,-0.12912129123145083,-0.5491130908920627,-0.14907140609720673,-0.3914112077179074,-0.16790248041416997,0.10112427360430143,local_width4,8,9.7464434144,21404966.3628,21404966.3628,1.00000000,0.99504851,0.99058110,width2_d1_m8,1
177,5,126.0,8.175593039987426,-1.8761060166840404,-1.0962241001401805,-0.24552929132319826,-0.5905468421978377,0.40771981564809345,-0.08826838894505686,-0.4744123055998538,0.1999076782361583,local_width4,8,9.75762101836,13687715.7976,13687715.7976,1.00000000,0.97431277,0.95033396,width2_d1_m8,1
177,6,128.7962692086646,8.0,-0.6190591827579295,-0.13606979704628244,-0.17908601592243734,-0.20842343054367465,-0.20019564973319262,0.29157457111046037,0.04478590330934684,0.017492620891255015,local_width4,8,9.55729151394,28403499.2889,28403499.2889,1.00000000,0.99737313,0.99481231,width2_d1_m8,1
178,1,129.62415271037477,8.573223745656703,0.029701862019617498,-0.9414250787431925,-0.1371163946559859,0.016750770422093525,-0.2161782615325184,-0.2281956716838491,-0.01922825497710398,0.08237071969712972,seed_from_width2,8,9.49630682575,26661664.1678,26661664.1678,1.00000000,0.99662971,0.99340163,width2_d1_m8,1
178,2,127.99382379770883,8.377767264442566,0.852483772148338,-1.5384287549579398,0.05159459179181253,-0.493827350384271,0.05090302634632972,-0.5024032781687627,-0.31272652757483493,-0.15627238283668488,local_width4,8,9.60912443043,17518135.7206,17518135.7206,1.00000000,0.98865925,0.97822874,width2_d1_m8,1
178,3,128.1600965310829,8.162734365271971,-0.2713656898571192,-1.1110542862239334,-0.2208731828660258,0.11979438794300959,0.21821119952210266,0.08251657794598738,0.1285373302191687,-0.19977656863254065,seed_from_width2,8,9.60897234344,33467295.115,33467295.115,1.00000000,0.99504152,0.98989099,width2_d1_m8,1
178,4,126.05785113391,10.827494814813488,0.8681352134768773,0.22919031813992963,0.14931060135899676,0.6815295249261316,-0.14524185104304524,-0.2027991580890618,0.08271078611655308,-0.10847336385016237,global,9,9.77102976015,26070882.6933,26070882.6933,1.00000000,0.99707671,0.99416251,width2_d1_m8,1
178,5,128.66559735418045,9.288623566198273,1.2399073343050477,0.4901958145008648,0.49110457745215635,-0.05844562742004783,-0.1529359768345394,-0.3644313978078551,-0.2403058214054848,-0.08381117121578228,local_width4,10,9.55980996553,18201685.9303,18201685.9303,1.00000000,0.99310643,0.98705201,width2_d1_m8,1
178,6,128.77074576204635,9.4,-0.7265777660094765,-0.6156003205442149,-0.8706940529373131,0.0014699199570892725,-0.261513026249668,0.130536000539255,-0.01673628787195275,-0.23074117612944878,local_width4,10,9.55704669328,21016425.1262,21016425.1262,1.00000000,0.99374904,0.98790556,width2_d1_m8,1
179,1,128.8932928115191,8.009042762453438,-0.12561549257973365,0.6606352696737486,-0.03329705323439866,0.2976118266084911,-0.020583277985452942,0.019270612630447485,-0.014826282581230317,-0.031802703727522474,seed_from_width2,8,9.54888447157,28060784.2365,28060784.2365,1.00000000,0.99773239,0.99562804,width2_d1_m8,1
179,2,129.0926311197337,8.306291125969592,0.8379672840222762,-0.09647455528979607,0.08337335018843403,0.07698905711471538,-0.07116318187411855,0.2514775727318431,-0.25205338709634995,0.07295846861957213,local_width4,8,9.52582590359,18886868.5391,18886868.5391,1.00000000,0.99655729,0.99395047,width2_d1_m8,1
179,3,127.8736762084641,8.278577598452554,-0.1537616017266189,-1.4155129483473046,-0.24874525724336732,-0.6759852906372533,-0.5392340438020471,-0.04528565444489262,-0.09712511498653083,-0.1973699262162165,local_width4,8,9.62333477885,21269278.9752,21269278.9752,1.00000000,0.98968002,0.97981678,width2_d1_m8,1
179,4,127.81638732071973,8.6566923393358,0.30284933863517066,0.19306150290340307,0.3022177240566875,0.46755312360922074,0.22096950429398995,-0.03146607476865661,0.25385054312533273,0.09495105045597681,local_width4,8,9.63966092969,37258790.4549,37258790.4549,1.00000000,0.99831031,0.99609711,width2_d1_m8,1
179,5,126.61165024736344,8.197265976980175,0.6213173386915323,-0.0749858271555845,0.2725345357658429,-0.300118897176929,0.27448849766363637,0.19122067414374225,0.06450513845685758,-0.001586088488584908,local_width4,8,9.72329856337,28082533.468,28082533.468,1.00000000,0.99753099,0.99507430,width2_d1_m8,1
179,6,129.85123905468689,8.757401006042487,1.0153157994648523,-0.5031998277032725,-0.6536702273992155,-0.3841194309427689,0.3270713414890323,-0.2089839382698625,-0.005166846856040297,-0.027742777533446894,global,8,9.47728248073,24007566.3896,24007566.3896,1.00000000,0.99189848,0.98415367,width2_d1_m8,1
180,1,129.0776973296665,8.165041103109681,0.44656257936656907,0.03035033649902874,-0.025208824869428645,-0.06471195711818833,0.05445182568958937,-0.14675101953197434,-0.07309233179136178,0.095450334604374,seed_from_width2,8,9.5327733204,24923708.0556,24923708.0556,1.00000000,0.99885415,0.99806089,width2_d1_m8,1
180,2,128.59891998200166,8.02180127348574,-0.02334216258468462,0.384442045769584,0.4570268373206607,0.43690001450356675,0.2460329991385884,-0.07412194301279187,0.06812441554346343,0.02601249914684886,seed_from_width2,8,9.57364560012,29233309.1817,29233309.1817,1.00000000,0.99721849,0.99439337,width2_d1_m8,1
180,3,128.75219023448395,9.359007111076224,-0.1516247221470495,-0.33118842079648997,0.33616496999286594,0.28473340164507965,0.24519153160905308,-0.2799165608766203,-0.0426895748367663,0.16562150350252872,local_width4,10,9.56050051193,23196948.0988,23196948.0988,1.00000000,0.99851534,0.99728545,width2_d1_m8,1
180,4,126.0,9.346695710308898,0.4032644721063728,-0.2988652564444326,-0.4675093354751151,-0.9224274410388551,0.294988653117943,-0.2798282781907983,0.06037431680193889,0.03352927701703727,local_width4,10,9.77366432228,21967968.3483,21967968.3483,1.00000000,0.99550994,0.99099088,width2_d1_m8,1
180,5,128.6829399751155,8.167409478787489,1.9164337743654574,-0.2447536637722242,0.6971869195965062,-0.10686602845731716,0.09613532030648297,0.10015308460256245,-0.21443024775627714,0.005693986485192724,local_width4,8,9.55542061928,19467377.4296,19467377.4296,1.00000000,0.98630603,0.97361532,width2_d1_m8,1
180,6,127.48362266481875,8.146202086086113,0.3223713964035711,0.1745109538791941,0.22687454978131544,0.6694845837054105,0.03270950431370721,0.05163927669611753,0.4048827834427361,0.08570753538250322,local_width4,8,9.67223226074,47550825.4958,47550825.4958,1.00000000,0.99715007,0.99494309,apodized_d3_m10,1
181,1,127.01198593870657,8.230823205818796,-0.20558998080259033,0.24111342018366938,0.3618139241804905,-0.11464692648603328,-0.2281447115609758,-0.03783550746048672,0.24801927695182777,0.17795961765127702,local_width4,8,9.70009381429,36164604.429,36164604.429,1.00000000,0.99864798,0.99678207,width2_d1_m8,1
181,2,129.21095953229965,9.123082135179287,-0.9308614733526818,0.33831518217552725,0.462437260221897,0.8649378680495187,0.27976571848104514,0.01974515548686448,-0.387485942528381,-0.3852227645860177,local_width4,10,9.51813331098,14423444.3048,14423444.3048,1.00000000,0.99145099,0.98395723,width2_d1_m8,1
181,3,127.03335411809731,8.71987421658798,-0.3577102861901676,0.03850047671812984,0.36880809683461147,-0.5885399136664837,-0.03307722825105486,0.004362799520744531,0.13036862266257637,-0.045120416668174,medium,10,9.69503581067,32261751.5402,32261751.5402,1.00000000,0.99802626,0.99583702,width2_d1_m8,1
181,4,126.4706773869697,9.594214018114506,1.0665899355043598,0.9685095807784045,0.45295106738733226,-0.9670952450755685,0.09435038272734242,0.29516066786497586,0.17741996159432338,0.13720902954572112,global,10,9.74360005998,16848863.1943,16848863.1943,1.00000000,0.98814693,0.97595887,width2_d1_m8,1
181,5,126.56599924381801,8.340264735120172,-0.5695815139818503,-0.6840481536399654,-0.7576428091702262,-0.0747088943082323,0.3008738205275386,0.022152416892151548,0.18157855448746024,0.07815230159472272,local_width4,8,9.73198366859,33259609.1619,33259609.1619,1.00000000,0.99494101,0.98957294,width2_d1_m8,1
181,6,128.04654582023278,9.349089675959538,0.05021889925766695,0.5994407781451384,0.7289733946265577,-0.6725266345933779,-0.10666843096869036,-0.4071935746629972,-0.36934530060098225,0.15902937117269658,local_width4,10,9.60188009305,14076619.8735,14076619.8735,1.00000000,0.99272114,0.98666956,width2_d1_m8,1
182,1,128.7676073130286,8.0,1.4592875368497757,-0.5028744871559572,-0.2007567418981738,-0.3346542592390658,0.21688371717541655,-0.0242693398456153,0.23103969026215254,-0.09091027979082217,seed_from_width2,8,9.56600782514,36268337.2271,36268337.2271,1.00000000,0.98932283,0.97833504,width2_d1_m8,1
182,2,127.38152951868662,8.059534232922926,0.1221447121466656,-0.053169684582403315,-1.0266891724763683,0.4925802041723,-0.3810500615136711,0.06163688394270589,0.4751883367836264,-0.1052866805831684,local_width4,8,9.6806714258,39959077.1697,39959077.1697,1.00000000,0.99412168,0.98902384,apodized_d3_m10,1
182,3,128.5205467059605,8.226980600104538,1.6147984162659963,0.24044819696330597,-0.3464692531468305,-0.5993236883373169,0.013426104868028609,-0.3224058084954271,-0.17055158241985546,0.34799745288085215,local_width4,8,9.57077667346,17707251.0474,17707251.0474,1.00000000,0.98516643,0.97117856,width2_d1_m8,1
182,4,129.91491673827778,8.246723840538408,-0.38410022045162484,-0.13119544845019493,0.7479305672812571,-0.5262045886780767,-0.06341564053598914,-0.11121076560197263,0.42792407891955947,0.27221373147063904,medium,8,9.49074754572,39571123.8414,39571123.8414,1.00000000,0.99527711,0.99106428,apodized_d3_m10,1
182,5,126.55345411420886,8.700120493740211,-0.37216162884971293,-1.101687481711931,-0.6449883222301541,0.1902924294150714,0.014941983792031155,-0.05516803175204272,-0.027762352107891117,0.04945491347618278,medium,10,9.72534045611,25010511.4731,25010511.4731,1.00000000,0.99460019,0.98948039,width2_d1_m8,1
182,6,129.3225060293659,8.315175914905804,0.1006756146074243,-1.2310719377038444,-0.14936229003802803,-0.16696554901770727,-0.10945307487413164,-0.07011981903300321,0.19178902122160185,0.09340371076638082,local_width4,8,9.52560327183,38731874.9428,38731874.9428,1.00000000,0.99449936,0.98859993,width2_d1_m8,1
183,1,128.6935374910943,8.254365433540002,0.23409932445527837,-1.5849267483834577,0.13197905685248026,-0.7764934330272355,-0.02469398936838077,0.13145631107405897,0.19574712191631735,-0.06784985657035214,local_width4,8,9.57219121321,35095547.1587,35095547.1587,1.00000000,0.98778012,0.97528084,width2_d1_m8,1
183,2,128.95386290138444,8.211750940716941,0.9417738509721785,-0.07711248401258715,0.08172935925493446,-0.15676187348762124,-0.19183074098419056,0.3492033367249027,-0.3824550232301507,0.14906020557767552,local_width4,8,9.53209082434,15560862.1708,15560862.1708,1.00000000,0.99493876,0.99105316,width2_d1_m8,1
183,3,126.0,9.090055621158172,0.8004202523940273,1.0169736596059205,0.3280779369980269,-0.10800951463964313,0.14199281430916275,0.5845947963566799,-0.296661539114313,-0.10374590334648273,local_width4,10,9.76271994009,16790754.3641,16790754.3641,1.00000000,0.99282571,0.98650817,width2_d1_m8,1
183,4,128.31151572256795,8.470782207430394,-0.046865298523744214,-1.380733401139042,-0.5990079630919974,0.045185554033976005,0.05971077753241677,0.2487308647381299,0.11153291565550791,-0.03747520793269318,seed_from_width2,8,9.59527270601,30905231.0471,30905231.0471,1.00000000,0.99333068,0.98665480,width2_d1_m8,1
183,5,128.40707731953327,8.090789409467645,1.000603878986283,-0.5224938260723817,0.4051995706247722,0.0993343272901582,0.2445191116031979,0.4269170113369688,0.40471958387703855,-0.07249682409370686,local_width4,8,9.59932872837,41618391.0092,41618391.0092,1.00000000,0.99357284,0.98717260,apodized_d3_m10,1
183,6,128.59504792213238,8.116910513213769,1.7592403678763513,-0.4274740143246655,0.6382503817048409,-0.4536997574351562,0.1284376131066524,-0.060079039481306884,-0.1648847180073706,0.09518554812170052,local_width4,8,9.56412671893,20923638.641,20923638.641,1.00000000,0.98763961,0.97609121,width2_d1_m8,1
