batch,index,a_ring_um,h_ring_um,C1_um,S1_um,C2_um,S2_um,source_kind,selected_mode_index,selected_freq_MHz,selected_Q,selected_Q_candidate,same_sign_fraction,breathing_uniformity,best_strict_mac,best_ref_label,valid_for_Q
1,1,123.01841313773785,11.908724086124067,-0.3046467699162626,0.7255318784793481,0.7967842677180335,-0.5713450944860933,global,10,10.0112001633,20494251.7705,20494251.7705,1.00000000,0.99680264,0.99396442,width2_d1_m8,1
1,2,124.79605728846839,9.538864840778464,0.04401672738886164,-0.87296341101712,-0.3907076659094991,0.153717589106511,medium,8,9.8646107212,22680565.9198,22680565.9198,1.00000000,0.99743547,0.99508530,width2_d1_m8,1
1,3,123.26062900575397,10.083465203681305,0.12410285156442802,0.8381390549031176,0.7961616079469052,-0.3459657107182227,medium,10,9.9877083952,22962884.7593,22962884.7593,1.00000000,0.99557097,0.99144388,width2_d1_m8,1
1,4,125.69301240874512,11.182210453363986,0.6587817462499308,0.5811030718881289,-0.3840655283278248,0.7041384656250447,global,10,9.7972441911,23541598.2769,23541598.2769,1.00000000,0.99723117,0.99471134,width2_d1_m8,1
1,5,125.17824249233979,9.42822535815705,0.006138095700163937,0.014337437912427652,0.007285128897477785,0.012132061241582986,near_plain,10,9.83443568376,25814972.3411,25814972.3411,1.00000000,0.99990309,0.99999553,width2_d1_m8,1
1,6,125.4743295257083,9.164107986137726,-0.1868891697479329,0.11044449177270377,0.3721181650087815,0.5785898755959977,medium,10,9.81143341936,25881418.8283,25881418.8283,1.00000000,0.99833914,0.99683033,width2_d1_m8,1
2,1,124.69489219660424,10.767206337408217,-0.10080038884677933,0.08268690966490716,0.04178808206709583,-0.1103260728716777,near_plain,10,9.87453735928,23928083.2597,23928083.2597,1.00000000,0.99980689,0.99986597,width2_d1_m8,1
2,2,123.05797055795453,10.532218394796004,-0.17955715089080693,0.4709062922939937,1.0011872879331865,-0.851418606856936,local,10,10.0057487285,21915589.4666,21915589.4666,1.00000000,0.99514601,0.99058761,width2_d1_m8,1
2,3,125.09551695832785,9.534261403310332,0.6065089668475456,-0.20375194264916388,0.7897845934479575,0.38775657213828096,local,8,9.84043938492,18609887.1512,18609887.1512,1.00000000,0.99643869,0.99313189,width2_d1_m8,1
2,4,123.14551739203259,9.298410484994992,-1.577952286713026,1.4769959417696983,0.799490774124235,0.768147433908525,global,10,9.99869570789,19731636.098,19731636.098,1.00000000,0.97810225,0.95674385,width2_d1_m8,1
2,5,123.17668781209376,12.003254631935585,-0.884685246508081,0.948989542909314,1.2380310377943393,-0.11565318096754706,local,10,9.99719691354,19205754.2678,19205754.2678,1.00000000,0.99369261,0.98786227,width2_d1_m8,1
2,6,124.93463974722104,9.455761556259668,-0.3124843063707058,-1.0582519075985706,-0.08105648924051212,0.3731900905947987,local,10,9.85393414724,9077671.28577,9077671.28577,1.00000000,0.99531647,0.99075595,width2_d1_m8,1
3,1,123.933588106434,10.468094881919063,-0.14978570934821134,0.9698297192389829,0.16775456701577207,-1.050854912523267,medium,10,9.93681511825,24096896.3474,24096896.3474,1.00000000,0.99509613,0.99034842,width2_d1_m8,1
3,2,124.73515502814072,10.74249677293928,-0.7932031410931739,0.3556411187587165,-0.3991990943707253,0.22646005737353092,medium,10,9.87120435636,24694695.5514,24694695.5514,1.00000000,0.99751585,0.99529761,width2_d1_m8,1
3,3,124.85358749190061,10.422512395740206,-0.07724434527960464,0.05382531180481562,-0.13831808832903444,-0.018764589496273465,near_plain,9,9.86137208337,26005208.6405,26005208.6405,1.00000000,0.99981300,0.99986308,width2_d1_m8,1
3,4,125.26542721510022,9.431120517280819,-0.7125215405577414,1.6211783530163548,-1.0990358832421967,0.10238674517012925,global,10,9.82635339482,18994800.3736,18994800.3736,1.00000000,0.98852244,0.97743240,width2_d1_m8,1
3,5,124.37241507180701,10.33708124786548,0.06437805943594899,0.522821030300573,0.2521025776045599,-0.13637281337137008,near_plain,10,9.89947749127,25264991.5313,25264991.5313,1.00000000,0.99896766,0.99817386,width2_d1_m8,1
3,6,122.78063360496861,10.595111319233284,0.3593816243589758,0.5332046589407757,1.1729824225212409,-0.3626547444554932,local,10,10.0269112203,20902939.4392,20902939.4392,1.00000000,0.99503837,0.99046829,width2_d1_m8,1
4,1,124.97040052803803,10.575538843535949,0.496267849661145,0.4236213760476858,-0.3531100489502018,-0.2506941341769785,local,10,9.85244891978,24005032.5171,24005032.5171,1.00000000,0.99839140,0.99703061,width2_d1_m8,1
4,2,126.73621514383686,9.122744813440814,-0.27580404302184053,-0.30154075694549215,0.04114946986511536,-0.4337841651529595,medium,10,9.71350486966,26551756.3484,26551756.3484,1.00000000,0.99877765,0.99770144,width2_d1_m8,1
4,3,122.25396923063265,10.000533763404047,0.6774972630563458,0.15471032672079876,1.0650729944631583,0.14559603098626717,global,10,10.0692432071,22646842.3139,22646842.3139,1.00000000,0.99587229,0.99209662,width2_d1_m8,1
4,4,126.20401076524236,9.576675283835836,-1.1162462565663815,1.081377360673743,0.4271396149516806,-1.1556326189100334,global,10,9.7565703125,23656251.2805,23656251.2805,1.00000000,0.99095630,0.98208237,width2_d1_m8,1
4,5,124.81519040137559,10.553424634882496,0.4113306983552396,-0.24464163566827796,-0.12893247745110298,0.3176680690061917,medium,10,9.86486538851,24882921.1201,24882921.1201,1.00000000,0.99904796,0.99832867,width2_d1_m8,1
4,6,126.31456132619267,10.7729703478524,-0.6953621133356397,-0.08208061837959624,-0.5480814999215136,-0.5188411493337994,medium,8,9.74779354793,23970831.6036,23970831.6036,1.00000000,0.99731210,0.99487883,width2_d1_m8,1
5,1,125.64155866082481,9.752983133328518,-0.071600003890253,-0.0054647850103339835,-0.8675937346708211,0.06977227306415157,medium,8,9.79736665543,24489985.4702,24489985.4702,1.00000000,0.99774053,0.99576913,width2_d1_m8,1
5,2,123.28464516698043,10.660737046415347,-0.4744884722703964,0.7575626037538015,0.033779276066299435,-1.707579494249195,local,10,9.99281638823,22462608.8925,22462608.8925,1.00000000,0.99230480,0.98464347,width2_d1_m8,1
5,3,125.28044644221461,10.652043177140857,-0.18824666491634445,-0.01344558180447214,0.08925344045765599,-0.005502896545644842,near_plain,10,9.82815550388,25381923.5885,25381923.5885,1.00000000,0.99978098,0.99980725,width2_d1_m8,1
5,4,125.23041839778031,9.419574287725577,-0.015217730142003116,0.373963385093884,0.10392333906363099,-0.12584574143639088,near_plain,10,9.83035340086,24345419.5869,24345419.5869,1.00000000,0.99937809,0.99894025,width2_d1_m8,1
5,5,124.46355584980986,10.052419681755962,0.05729922516283484,0.04325159303607609,0.08442377708547674,-0.10826004491998859,near_plain,8,9.89180227391,25357230.4722,25357230.4722,1.00000000,0.99983000,0.99987876,width2_d1_m8,1
5,6,124.60834387115328,10.678939642063249,-0.1421056892641849,-0.060180638038386275,0.19741204518522038,-0.15635843367447963,near_plain,10,9.88128357583,24725377.1121,24725377.1121,1.00000000,0.99967779,0.99960577,width2_d1_m8,1
6,1,124.74306251708273,10.629259812454688,-0.1849541576316123,0.24615689260323848,0.04681470114545028,-0.07188761725043946,near_plain,10,9.87050462724,24242987.4873,24242987.4873,1.00000000,0.99965155,0.99954874,width2_d1_m8,1
6,2,124.84806707172874,10.491447287514857,0.46554873176863576,0.23922809314749022,0.0030801166709209238,-0.3118033650955,local,10,9.86218146896,24403899.4665,24403899.4665,1.00000000,0.99899241,0.99821278,width2_d1_m8,1
6,3,125.40872893308716,9.420622961708878,0.01958425997541216,0.25992324433907205,-0.2243829407715169,-0.367273898783266,local,10,9.81652378056,25232986.8474,25232986.8474,1.00000000,0.99918169,0.99853863,width2_d1_m8,1
6,4,124.78235770857817,9.870068174680819,-1.1445800228469998,-0.011315759387275387,0.0712942244433778,0.565745071199533,local,8,9.86700521393,25271636.884,25271636.884,1.00000000,0.99570791,0.99160375,width2_d1_m8,1
6,5,124.76702929716896,9.98580594308204,0.2994190259534264,0.5386988034290779,-0.37997561692221604,-0.07900285298123905,local,8,9.86747417602,25462087.6839,25462087.6839,1.00000000,0.99856214,0.99735357,width2_d1_m8,1
6,6,123.64129468436079,11.731028985715753,0.25674197532834886,-0.1469488358853624,-0.035862932003614456,-0.0036200962497867084,medium,10,9.96045152908,22021809.259,22021809.259,1.00000000,0.99967371,0.99965949,width2_d1_m8,1
7,1,124.49588946667545,10.782989858120384,0.20016012000317773,-0.33685518110372525,0.7872578122834111,0.2810878628364384,medium,10,9.88975529498,23389683.0327,23389683.0327,1.00000000,0.99785585,0.99601866,width2_d1_m8,1
7,2,125.25834636347632,10.799362310490404,-0.15434461499944244,-0.2533608729241785,0.15124177507604733,0.06823277171233146,local,10,9.83009938396,25606541.5341,25606541.5341,1.00000000,0.99961887,0.99949156,width2_d1_m8,1
7,3,123.76122157061073,11.37038901211384,0.8017392856248915,0.7248602298532223,0.3777498054292834,-0.3764493467879141,medium,10,9.95035904807,22166245.0662,22166245.0662,1.00000000,0.99677892,0.99384874,width2_d1_m8,1
7,4,125.81737657235624,12.065349067870239,0.1173881679220663,-0.8642480896255369,0.5329943679851508,-0.5048975092373875,global,10,9.78853367183,21998133.0646,21998133.0646,1.00000000,0.99737295,0.99507353,width2_d1_m8,1
7,5,125.26936316095727,9.470024882435835,-0.1934389902685402,-0.3979457613588787,0.15595007446274597,1.2012688382348384,local,10,9.8305358707,25271960.9874,25271960.9874,1.00000000,0.99542290,0.99088172,width2_d1_m8,1
7,6,124.89938332674483,9.322378290547647,0.0035719657620558332,0.22436106827397537,0.419547192385799,0.1097507581206368,local,10,9.85600392892,25465608.8697,25465608.8697,1.00000000,0.99916132,0.99852874,width2_d1_m8,1
8,1,125.09893997157069,9.896709221705972,-0.05435276884373352,0.5376188745564373,-0.5519204596972133,0.5259275312383035,near_plain,8,9.84147902279,24872474.6316,24872474.6316,1.00000000,0.99770305,0.99561838,width2_d1_m8,1
8,2,125.35316389870023,8.929479871600922,-0.7737534772563174,0.26891671218767643,0.2662069342025265,1.1890192390749805,local,10,9.82381452687,26017804.0636,26017804.0636,1.00000000,0.99265938,0.98533127,width2_d1_m8,1
8,3,124.61948251811602,9.801502023238818,-1.276625474957991,-0.58897993890263,-0.641814995497223,0.31559652743885636,local,8,9.87831119708,24356864.0963,24356864.0963,1.00000000,0.99276690,0.98584389,width2_d1_m8,1
8,4,125.92576193722071,9.019513344997192,0.5722712931041587,-0.33283818419057426,-0.5734559014758771,-0.1719394108808554,medium,10,9.77482599948,25788877.0613,25788877.0613,1.00000000,0.99727998,0.99477859,width2_d1_m8,1
8,5,125.07953754367325,9.569723013047124,0.4805758802462159,-0.0564478310754854,-0.13454260108936944,0.12219208692253425,medium,8,9.84233731278,25855673.7589,25855673.7589,1.00000000,0.99912476,0.99844684,width2_d1_m8,1
8,6,124.94808756225851,9.44635086018091,-1.203097647791818,-0.4527423992935484,-0.28677290540859396,0.6174966169052825,local,10,9.8530273179,23125538.3335,23125538.3335,1.00000000,0.99397994,0.98815115,width2_d1_m8,1
9,1,125.69452230224827,10.593195713938373,-0.18304287907956052,-0.2768312164028393,0.037347456666167456,-0.41906627243311123,local,8,9.79591709932,23785763.0257,23785763.0257,1.00000000,0.99921937,0.99866075,width2_d1_m8,1
9,2,123.81383781313653,9.57923958963398,0.2712293868282981,-0.25737203432265565,0.47252589317398463,-0.46700830315935643,medium,8,9.94321323604,25207871.4343,25207871.4343,1.00000000,0.99833023,0.99686321,width2_d1_m8,1
9,3,126.85484301186017,9.318983158638964,0.18937055991800716,-0.543898559348078,-0.06681018481860157,0.15814567771108257,local,10,9.70422649189,26312063.4757,26312063.4757,1.00000000,0.99884843,0.99787161,width2_d1_m8,1
9,4,125.02748853531652,12.437119235620397,0.011810430338681233,-1.5007820598386679,0.31201324650505,2.069979365198585,global,10,9.85759211693,17609384.3494,17609384.3494,1.00000000,0.98800353,0.97617519,width2_d1_m8,1
9,5,126.67522396270309,9.209657736753735,-0.7140143375893901,-0.38171515062736744,0.3021979665107955,0.29916754577361604,local,10,9.71785955075,26339803.6595,26339803.6595,1.00000000,0.99765910,0.99549673,width2_d1_m8,1
9,6,124.84094558926107,9.044073958946301,-0.24508565585307673,0.23017053347761887,-0.10979447730800851,0.46372931627964226,local,10,9.86103592475,26361176.6601,26361176.6601,1.00000000,0.99882797,0.99780276,width2_d1_m8,1
10,1,126.46319196938661,9.275397371471627,0.4110938905799148,-0.0839102940702014,0.40471643972467475,0.004392546224096738,local,10,9.73394917306,26187587.1606,26187587.1606,1.00000000,0.99894408,0.99808551,width2_d1_m8,1
10,2,126.60041041461696,9.36644874892732,0.11735985830413473,-0.5907548443413153,0.037115577377606804,0.3876938185334684,local,10,9.72414291252,25894350.6269,25894350.6269,1.00000000,0.99837355,0.99690891,width2_d1_m8,1
10,3,127.72597362074653,8.93562003582182,0.3031849925140682,-0.5661375716329107,-0.37806767401129326,0.14497538704199933,local,10,9.63728780352,26780012.7703,26780012.7703,1.00000000,0.99810611,0.99638928,width2_d1_m8,1
10,4,125.58394594861201,10.605261478122664,-0.21774889322805102,0.024810601427540824,-0.22871472223359568,0.03580757865932016,near_plain,9,9.80420509998,25316185.5545,25316185.5545,1.00000000,0.99963537,0.99951654,width2_d1_m8,1
10,5,125.09142930812222,8.696475111996977,-0.309717945281805,0.3359948880352907,0.13256766831177563,0.20028421130416818,local,10,9.84043649281,27059888.6817,27059888.6817,1.00000000,0.99898017,0.99811783,width2_d1_m8,1
10,6,125.28822089873275,8.74344381099589,-0.19179937208054826,-0.0018701382372171005,0.011662963908007931,0.12151026673926668,local,10,9.82495690612,27056936.8951,27056936.8951,1.00000000,0.99974813,0.99965712,width2_d1_m8,1
11,1,125.40416561529587,10.684050893431825,0.13860011918849144,0.10425986259600264,0.028086716160430708,0.07065353928146975,near_plain,10,9.81848917178,25193864.9523,25193864.9523,1.00000000,0.99979893,0.99984310,width2_d1_m8,1
11,2,126.15740860052733,9.46211514690455,0.015079985300224252,-0.8198352634832933,0.8300109151651545,1.1584668111218965,local,10,9.75984895982,22846235.8816,22846235.8816,1.00000000,0.99142857,0.98303310,width2_d1_m8,1
11,3,126.19847650230516,8.5,-0.03373790668318524,-0.342270246123323,-0.25949972583084174,0.5371252420872338,local,10,9.75437491398,26679956.3101,26679956.3101,1.00000000,0.99833219,0.99678432,width2_d1_m8,1
11,4,125.6476990596554,8.507284539975412,0.4196252807980319,0.3342864530971265,-0.09338918375044139,0.04343372140226899,local,10,9.79644404783,27476429.7957,27476429.7957,1.00000000,0.99888554,0.99792691,width2_d1_m8,1
11,5,124.3409461340275,10.433463037042749,0.03320831567804323,-0.02725345867278065,0.040289359285382624,0.0022565731776193407,near_plain,10,9.90215189132,25810856.8758,25810856.8758,1.00000000,0.99987227,0.99998277,width2_d1_m8,1
11,6,125.17971738060714,8.5,0.12794594310472052,0.06978332750519513,-0.7134351704834752,0.5631849783069184,local,10,9.83287607447,25530427.6513,25530427.6513,1.00000000,0.99688720,0.99396382,width2_d1_m8,1
12,1,123.91270535695273,9.592795555880071,0.5571906740336562,-0.06209043426627714,0.28020487214689516,0.4151510862051452,medium,8,9.93546633278,25391484.7243,25391484.7243,1.00000000,0.99839208,0.99697338,width2_d1_m8,1
12,2,125.97549848444646,9.450389212256836,0.13291769072227833,-0.14194294789588172,0.6466631831873223,-0.1699033316993969,local,10,9.77155039522,25130312.8247,25130312.8247,1.00000000,0.99846348,0.99716131,width2_d1_m8,1
12,3,124.2649309626298,9.59024011920394,-0.5867911407767801,0.4212514867150381,0.6214504536556977,-0.7350883411852378,medium,8,9.90750546984,24646902.5397,24646902.5397,1.00000000,0.99622346,0.99264187,width2_d1_m8,1
12,4,126.82050427567435,9.244689009907516,-0.2685493002674341,0.11246743296979089,-0.2569452581879146,0.669605477367073,local,10,9.70760536766,26323285.5503,26323285.5503,1.00000000,0.99811650,0.99636138,width2_d1_m8,1
12,5,126.43504540544151,9.309916903728764,0.39319200025662876,-0.6152820776316965,-0.3924440047995528,-0.31555907418893125,local,10,9.73636091804,26047083.0959,26047083.0959,1.00000000,0.99780162,0.99579240,width2_d1_m8,1
12,6,124.01125713321053,10.48391906937965,-0.07448444153383627,0.6028927099732135,-0.709213794735861,-0.39786174712097194,medium,10,9.92833120008,23952285.1675,23952285.1675,1.00000000,0.99761548,0.99550657,width2_d1_m8,1
13,1,123.03626792661504,9.251444922084687,0.2731005978150419,-0.3959175055050678,-0.07302960060715669,-0.3788662272213059,medium,10,10.0059023277,24615330.1791,24615330.1791,1.00000000,0.99885060,0.99787078,width2_d1_m8,1
13,2,125.86346973612055,9.235882545754523,0.9130948892080171,0.3161544252513906,-0.3640241388125982,-0.8925811194027204,medium,10,9.78240246494,25286871.8537,25286871.8537,1.00000000,0.99352961,0.98717771,width2_d1_m8,1
13,3,125.68299844564595,9.878534912798681,0.2691937793868144,0.1621144293417352,-0.26887960973238073,0.17955757212934875,near_plain,8,9.79544042608,25947565.3038,25947565.3038,1.00000000,0.99936234,0.99893601,width2_d1_m8,1
13,4,126.29504118112729,10.104818136021132,0.24840320938226285,-0.8351443508647891,-0.32156274109166416,-0.3224386216981096,local,8,9.74836692466,25634648.363,25634648.363,1.00000000,0.99772849,0.99567334,width2_d1_m8,1
13,5,126.49670378510234,9.771756621559659,-0.2944570772899092,-0.11796217094237083,-0.8632224442568541,-0.9931856996886441,medium,8,9.73320134838,24043741.9461,24043741.9461,1.00000000,0.99485885,0.98990754,width2_d1_m8,1
13,6,123.31022189930451,10.858778827805248,0.6318631709510921,-0.3735559403212231,0.3899347215550001,-0.1076560680915909,medium,10,9.98560366786,24112902.8991,24112902.8991,1.00000000,0.99842184,0.99712121,width2_d1_m8,1
14,1,124.35825191386445,9.760022117216446,-0.010848103488089733,-0.13753941757586852,-0.06824503360872314,-0.12439540235279045,near_plain,8,9.89983732144,25408524.8674,25408524.8674,1.00000000,0.99979451,0.99979418,width2_d1_m8,1
14,2,125.84902713233575,8.5,0.35797538710705323,0.5743998787340419,-0.13038061395538933,0.6866552956579127,local,10,9.7819517802,26907718.4185,26907718.4185,1.00000000,0.99698772,0.99407246,width2_d1_m8,1
14,3,125.38567129759784,8.708342421980383,-0.478517429608366,0.32635501210406875,0.4119668521263277,0.29423004869539815,local,10,9.81713548866,25909980.0631,25909980.0631,1.00000000,0.99786899,0.99590937,width2_d1_m8,1
14,4,125.39103381060936,8.639859230429302,1.0412251993608332,0.2635565270196675,0.36908724993729236,-0.6050653007243619,local,10,9.8177447285,26691414.2563,26691414.2563,1.00000000,0.99429219,0.98871615,width2_d1_m8,1
14,5,125.12190168675058,10.356107076600553,-0.06695655299831056,0.1251442892691814,-0.05568823113254148,-0.10312454949842426,near_plain,8,9.8401633996,26060177.211,26060177.211,1.00000000,0.99980669,0.99984346,width2_d1_m8,1
14,6,126.47587772445969,9.384593120431663,-0.31178865879245965,0.7108563488071267,-0.9062941656090232,-0.6948326545050452,medium,10,9.73308053382,24198018.9229,24198018.9229,1.00000000,0.99483434,0.98990934,width2_d1_m8,1
15,1,125.26100957298559,8.672262504239377,1.1781599180614164,-0.24218526195379464,0.5716556087681983,-0.3225525819686731,local,10,9.82678372689,26021864.5496,26021864.5496,1.00000000,0.99455272,0.98930699,width2_d1_m8,1
15,2,123.97227711283077,10.67452249606685,0.021358180391720605,0.34052192948001914,0.03476397535490905,0.3545621152530495,medium,10,9.93227727216,25114188.3791,25114188.3791,1.00000000,0.99934294,0.99892555,width2_d1_m8,1
15,3,125.76195772409542,8.669026425271445,1.1773488100094605,0.22079534157355196,0.6003639551642449,-0.6835301849851037,local,10,9.78877891899,26044143.7601,26044143.7601,1.00000000,0.99261657,0.98539133,width2_d1_m8,1
15,4,125.85309827281553,8.5,0.3004368595343465,0.3287411975702723,0.137518029019129,1.1135692543711344,local,10,9.78376351816,26619340.1865,26619340.1865,1.00000000,0.99516506,0.99032381,width2_d1_m8,1
15,5,125.01807840551449,8.706387655366314,0.035086836101118735,-0.11298119965640568,-0.2018085211814894,0.4941950773283774,local,10,9.84667204936,26895444.3218,26895444.3218,1.00000000,0.99894064,0.99801444,width2_d1_m8,1
15,6,125.59728850160889,9.747727274393696,0.7248920014614562,0.9608637272078175,-0.6249920272885249,-0.7018704008370371,medium,8,9.80286791564,22839079.2106,22839079.2106,1.00000000,0.99286228,0.98594027,width2_d1_m8,1
16,1,125.22846654387904,8.5,0.744410003994879,0.5234474169980733,-0.38138576365307897,0.3026762352517961,local,10,9.82913112378,26489241.5449,26489241.5449,1.00000000,0.99626815,0.99271759,width2_d1_m8,1
16,2,126.13448004401994,10.366313835939943,-0.3149169608327199,0.8340866787563026,0.003097413306444863,0.07879587576053482,medium,8,9.76114064888,26023162.2997,26023162.2997,1.00000000,0.99797614,0.99618031,width2_d1_m8,1
16,3,124.56170926469964,9.758500641667167,-0.29105162019890174,0.21949076681846091,-0.0759736124193856,-0.5544993990438651,medium,8,9.88421397259,25450715.0981,25450715.0981,1.00000000,0.99879078,0.99775389,width2_d1_m8,1
16,4,125.4409990320768,9.465120222585297,-0.22458229620776557,0.11123571811017524,-0.22598139643981993,-0.10594271480284431,near_plain,10,9.81378966781,8271955.88091,8271955.88091,1.00000000,0.99832104,0.99678453,width2_d1_m8,1
16,5,123.38911406229555,10.185684202603891,-0.7766427111259573,0.3224357878281039,0.18255332254689027,-1.1493571177879527,medium,10,9.98084914185,24399052.903,24399052.903,1.00000000,0.99532511,0.99076557,width2_d1_m8,1
16,6,125.6236178091579,8.599328633686646,-0.4359472851818067,-0.050040645274143813,-0.003046896828869994,0.670118952427807,local,10,9.79964179221,26525778.7308,26525778.7308,1.00000000,0.99779846,0.99569125,width2_d1_m8,1
17,1,125.45555578333699,8.575757873746491,1.2238732819606741,0.34812944530700046,0.6712950296933914,-0.4866533646551022,local,10,9.81181836062,25737160.7574,25737160.7574,1.00000000,0.99235382,0.98491015,width2_d1_m8,1
17,2,123.7991799815374,10.292906470316687,-0.423784182435189,0.2712802334082114,0.3961104836693441,-0.5017287780325914,medium,10,9.94562649334,23224243.4422,23224243.4422,1.00000000,0.99839736,0.99701975,width2_d1_m8,1
17,3,125.41315746895222,9.691478819813334,1.005716535917729,-0.13583287091719298,0.8042556959543017,0.07343263091073737,medium,8,9.81555376205,22776314.5776,22776314.5776,1.00000000,0.99581190,0.99190186,width2_d1_m8,1
17,4,125.0541520571133,8.5,0.6657047239066349,0.779790529351378,-0.2914565290925651,0.04421613393628243,local,10,9.84286189434,26468529.0913,26468529.0913,1.00000000,0.99601681,0.99221212,width2_d1_m8,1
17,5,125.31135713373187,8.83561291253873,0.6803994081652112,0.7889375877743274,0.4039150419063633,0.3099927762386195,local,10,9.82301049814,26663256.2697,26663256.2697,1.00000000,0.99575724,0.99171107,width2_d1_m8,1
17,6,123.94736729608074,10.551961222216136,1.5768038204030703,1.574410889830717,-1.4393352502393868,1.3913462826151304,global,10,9.93334541169,18729846.8103,18729846.8103,1.00000000,0.98140681,0.96347880,width2_d1_m8,1
18,1,125.78692070247835,8.879719356693716,0.3908427179559168,0.22371263713562323,0.03332652618922344,0.5203464693352929,local,10,9.78672781938,26876572.1942,26876572.1942,1.00000000,0.99851585,0.99716325,width2_d1_m8,1
18,2,124.2198640938337,10.65377671701342,-0.09963324809799198,-0.07404444886034064,0.20622287561819197,0.001562558338691622,near_plain,10,9.91210173831,24525637.9416,24525637.9416,1.00000000,0.99973930,0.99973214,width2_d1_m8,1
18,3,127.1040281182459,9.243294412740594,-0.6035681344513617,-0.11129113200459564,0.32002395445733584,-0.4557377018447979,local,10,9.68540104536,26245605.4872,26245605.4872,1.00000000,0.99792551,0.99601026,width2_d1_m8,1
18,4,123.92477767634158,9.580485487498466,-0.15007958189195503,0.530381679758869,0.254885675865717,0.5068231264337142,medium,8,9.9346700005,25665766.9693,25665766.9693,1.00000000,0.99804859,0.99627637,width2_d1_m8,1
18,5,126.02419895196405,8.724557064851174,0.964750768340753,1.1544435137523639,0.9145759231425674,0.07502297646242545,local,10,9.76549202953,23855295.652,23855295.652,1.00000000,0.98864228,0.97769352,width2_d1_m8,1
18,6,125.96685725001518,8.841982188867053,0.5383263116491601,0.6990363860060902,-0.4959165117186676,0.9779236293493956,local,10,9.77378363305,25682982.7125,25682982.7125,1.00000000,0.99428309,0.98867018,width2_d1_m8,1
19,1,127.7926561116519,8.903952464570342,0.3392504448665632,-0.17400936541722373,-0.24577256763119076,0.5308899425681575,local,10,9.63295649499,27192832.1274,27192832.1274,1.00000000,0.99828966,0.99671017,width2_d1_m8,1
19,2,126.15946107977875,10.516333011630994,0.9851438252738489,0.28745954725263556,-0.7026454628188199,0.5017093190267992,medium,8,9.75902985793,24032140.9191,24032140.9191,1.00000000,0.99536424,0.99101394,width2_d1_m8,1
19,3,127.31870341029368,8.969093456093047,-0.4365298261663204,-1.2784141124833073,-0.2518753171444273,-0.5794881003109824,local,10,9.6694705675,27786198.575,27786198.575,1.00000000,0.99254990,0.98524826,width2_d1_m8,1
19,4,125.4600238857186,8.908478530550799,-0.5373483726379499,-0.2706501807401202,-0.011211861452073795,0.360245014785343,local,10,9.8119326544,26615609.3092,26615609.3092,1.00000000,0.99846242,0.99707813,width2_d1_m8,1
19,5,124.49476229842567,10.029828539055302,0.041568795830782074,0.022854377475493542,-0.05669033889254759,-0.041143517861224,near_plain,8,9.88928802099,25480460.2163,25480460.2163,1.00000000,0.99987247,0.99996327,width2_d1_m8,1
19,6,125.29079939180116,10.148760865316163,0.053906127275790694,0.2466885324363246,0.24253296813947411,0.026070735400398615,near_plain,8,9.82647069167,25759005.3353,25759005.3353,1.00000000,0.99956779,0.99936208,width2_d1_m8,1
20,1,125.13658380214854,9.902069442065825,-0.0037181424795143074,0.00033777226315012676,0.0017354445102533657,0.0012912974839029562,near_plain,8,9.83831016572,25809015.9332,25809015.9332,1.00000000,0.99989502,0.99999987,width2_d1_m8,1
20,2,125.2536687327295,11.194296459502254,0.27997331549742743,0.18181459830764213,0.23157861447120676,0.7454266608999102,medium,10,9.83194317839,24270613.0441,24270613.0441,1.00000000,0.99847579,0.99718125,width2_d1_m8,1
20,3,124.98338774581018,8.707550960505717,-0.1482712224632043,1.0641153208581793,-0.3951072250688614,0.09592328872965772,local,10,9.8487681243,26286485.2672,26286485.2672,1.00000000,0.99594441,0.99207239,width2_d1_m8,1
20,4,124.66030960375615,9.690095557863707,0.12268752572824232,0.025271607671175256,0.0726153338693789,0.031153905044013608,near_plain,8,9.8756962323,25420820.7007,25420820.7007,1.00000000,0.99984007,0.99988290,width2_d1_m8,1
20,5,126.23190409339347,10.970708777927973,-0.41025034575082575,-0.3670453471808844,0.4461932677645226,0.18639807473586,medium,10,9.75425321096,24023683.0205,24023683.0205,1.00000000,0.99875005,0.99777151,width2_d1_m8,1
20,6,125.54738671484172,10.174284177159704,1.2757933001609802,-0.11180403250723758,-1.06367020845528,-1.0592155270212886,medium,8,9.80669045979,21763840.0028,21763840.0028,1.00000000,0.98860046,0.97756591,width2_d1_m8,1
21,1,125.14574200019152,9.248738150737651,-0.7176912720469125,-0.25933356767473625,-0.44888742126816383,-0.012940310970298463,medium,10,9.83629714101,25424274.1555,25424274.1555,1.00000000,0.99732555,0.99486544,width2_d1_m8,1
21,2,124.8052197048437,8.524241412600265,-0.4411422044031404,0.33164742638117595,0.5425485216498398,0.2955648290285986,local,10,9.86237465203,26307326.8177,26307326.8177,1.00000000,0.99741784,0.99502302,width2_d1_m8,1
21,3,127.2979772341191,9.18583404996146,-0.07645205770502267,-1.7197667507155932,-0.1497313046610766,-0.38705004783125196,local,10,9.67070092269,25793006.2872,25793006.2872,1.00000000,0.99072763,0.98167307,width2_d1_m8,1
21,4,126.11249070359229,8.5,0.6879339585492119,0.6879894140631189,-0.41727516670294496,-0.4436134441736467,local,10,9.76075681913,26730648.718,26730648.718,1.00000000,0.99472042,0.98959957,width2_d1_m8,1
21,5,125.60347282681604,8.623724660806003,1.136136720896747,0.47506489120424106,0.32115752374428985,-0.6169914937476552,local,10,9.80141125081,26859011.2314,26859011.2314,1.00000000,0.99264334,0.98542091,width2_d1_m8,1
21,6,125.47431046832219,9.907240930648575,0.056813759651154,0.03466861055090134,0.028186843880824666,0.009928529278674561,near_plain,8,9.81186150602,25898539.1199,25898539.1199,1.00000000,0.99988189,0.99997259,width2_d1_m8,1
22,1,127.99763200353706,9.122641066676966,-0.12501825560391827,0.027035924989328497,-0.5819544071885954,-0.43847329880052643,local,10,9.61701794629,26165383.3408,26165383.3408,1.00000000,0.99820579,0.99659974,width2_d1_m8,1
22,2,124.43342793796793,8.913388854298212,0.04321744035695323,-0.05356989705827035,-0.5678518438521689,0.5386329451832773,local,10,9.89281707869,25284105.5718,25284105.5718,1.00000000,0.99791911,0.99601529,width2_d1_m8,1
22,3,125.72656146737974,8.69971773427485,0.19516692100603922,-0.41510603453774414,0.37293140136689124,0.08574918530821016,local,10,9.79025428954,26701322.1872,26701322.1872,1.00000000,0.99862002,0.99742016,width2_d1_m8,1
22,4,123.75161961368345,11.158203099860357,0.3147464452202573,0.08510383313585979,0.4065216395693886,-0.08829838227894438,medium,10,9.95035984581,22830524.5683,22830524.5683,1.00000000,0.99928315,0.99885776,width2_d1_m8,1
22,5,124.42762166062413,11.258031507137563,0.16912508583114938,0.13383684546268437,-0.1567237965775286,-0.29740871912608674,medium,10,9.89666029678,23618429.8853,23618429.8853,1.00000000,0.99953266,0.99933997,width2_d1_m8,1
22,6,125.40213967565062,8.5,0.26598919165439505,0.3030437646309371,0.0916203597320768,-0.21321539396253153,local,10,9.81580926947,27165121.7191,27165121.7191,1.00000000,0.99912457,0.99839726,width2_d1_m8,1
23,1,124.6381014539092,11.50844103006662,-0.07752104574501295,0.5828579801359624,-0.15754927061793306,0.3085815805683757,medium,10,9.8804021852,22584960.2348,22584960.2348,1.00000000,0.99897427,0.99823510,width2_d1_m8,1
23,2,125.51395931493003,11.478161540372012,-0.6721846549656596,1.2338015080913527,0.4804814565378792,1.5363672246462765,global,10,9.81533908012,22576008.7082,22576008.7082,1.00000000,0.98922572,0.97863343,width2_d1_m8,1
23,3,124.50549481007715,8.71808565875368,-0.11482922490291303,0.36960464126390447,-0.13161764136151644,-1.3041337323468911,global,10,9.89120018649,25640653.5954,25640653.5954,1.00000000,0.99396373,0.98788244,width2_d1_m8,1
23,4,125.71153676614999,10.714990758525957,0.12542716872986245,0.03086513271270941,0.04076996927213136,0.06673487170191889,near_plain,9,9.79444426937,25352308.3619,25352308.3619,1.00000000,0.99982714,0.99989976,width2_d1_m8,1
23,5,124.35820280226672,9.368664092131128,-0.3594640501323673,-0.0643055194834139,0.605643481559978,0.22053624730338195,medium,10,9.898785471,21021413.5799,21021413.5799,1.00000000,0.99822832,0.99667680,width2_d1_m8,1
23,6,124.87400645764778,8.5,-0.003207125388166726,-0.15747343494081853,0.2799345345701683,-0.2856056263390632,local,10,9.85727527492,27092853.5698,27092853.5698,1.00000000,0.99925835,0.99867208,width2_d1_m8,1
24,1,126.4941420035272,8.742575477982284,-0.48915892365795743,-1.031407801137893,1.6313155511555633,-0.015109716772256032,global,10,9.7249602354,20289081.5865,20289081.5865,1.00000000,0.98350598,0.96783967,width2_d1_m8,1
24,2,128.0,8.73144592011355,0.14801475699494582,0.23428228310655103,-0.5157754579031335,0.41406749138413645,local,8,9.61646990291,26774826.0338,26774826.0338,1.00000000,0.99823152,0.99663259,width2_d1_m8,1
24,3,123.53627801955498,9.953864338453991,0.10119738838585945,0.40486514624280523,-0.33287912622166027,0.16333856867202823,medium,9,9.96594794046,25146635.2028,25146635.2028,1.00000000,0.99912938,0.99848571,width2_d1_m8,1
24,4,123.62415253282616,9.533298939580181,-0.7539673846518196,0.33817276494133264,-0.6459987096917233,-0.462612132820142,medium,8,9.95797035655,24674224.0133,24674224.0133,1.00000000,0.99604543,0.99233519,width2_d1_m8,1
24,5,124.60567439472986,8.682178708638883,-0.6857326797330863,0.10750330203368005,0.263096337345348,-0.8519828097698421,local,10,9.88048005366,26876346.4828,26876346.4828,1.00000000,0.99591909,0.99191683,width2_d1_m8,1
24,6,125.35249955157883,8.5,-0.03593373027902641,0.07339727581785822,0.47008194084181903,0.4083925802896364,local,10,9.81958692428,26659327.4119,26659327.4119,1.00000000,0.99851244,0.99718789,width2_d1_m8,1
25,1,124.1140118439274,8.711776428419471,-0.770419415785067,0.39584257313783666,0.19403645000148706,-0.5945634160908311,local,10,9.91866480312,26568843.7116,26568843.7116,1.00000000,0.99659476,0.99332249,width2_d1_m8,1
25,2,123.01270757557205,11.909128840633466,1.3428001719992522,-0.5339768587249281,-0.018248179088987238,-1.0616709857088686,global,10,10.0133775995,19948861.4382,19948861.4382,1.00000000,0.99460640,0.98948437,width2_d1_m8,1
25,3,126.56420455219893,11.346685343904324,0.8971359583744833,-0.4422049385703003,0.41157736970885295,1.1410795544482837,medium,10,9.73163033047,22309332.5909,22309332.5909,1.00000000,0.99463131,0.98944732,width2_d1_m8,1
25,4,126.07153052298136,9.915554147856293,-0.25552749620460014,-0.4221274372894877,0.6956657809378539,-0.21785096265547144,medium,8,9.76465496142,25023580.7475,25023580.7475,1.00000000,0.99771118,0.99568006,width2_d1_m8,1
25,5,124.366923663287,9.91778908091055,-0.022286090963794913,-0.04305603486126881,0.06174429674109522,0.005746216741576909,near_plain,8,9.89931227678,25471243.203,25471243.203,1.00000000,0.99987664,0.99996722,width2_d1_m8,1
25,6,124.6663185339721,8.5,-0.4288398837168358,0.8255090961489856,0.9863622547164571,-0.6554437410396978,local,10,9.87230292327,23201086.5443,23201086.5443,1.00000000,0.99139185,0.98310994,width2_d1_m8,1
26,1,126.07862489910225,10.771747812788899,-0.6630769149176299,0.6087812766112028,0.574732290097276,0.3376639240456256,medium,8,9.76586352947,23213812.207,23213812.207,1.00000000,0.99693329,0.99413520,width2_d1_m8,1
26,2,126.51324066927575,10.461400538268627,-0.3908683033558902,-0.5123109814724751,-0.02039803320385203,0.1246089825212423,medium,8,9.73198963842,26254404.1756,26254404.1756,1.00000000,0.99892494,0.99807897,width2_d1_m8,1
26,3,125.15287936601426,8.818930426196296,1.1384924777300283,-1.3418254355267343,-1.3952519791340248,-1.2227419096073942,global,10,9.83433022619,20975587.9132,20975587.9132,1.00000000,0.98094277,0.96252391,width2_d1_m8,1
26,4,126.05727934740412,10.79509680478655,0.005464378192380881,1.2356054382094037,-1.2774348198027958,-0.26674714831825286,global,8,9.76628353035,22050767.8254,22050767.8254,1.00000000,0.99361383,0.98763273,width2_d1_m8,1
26,5,124.08859433411219,11.052182711969063,-0.3467386182631315,-0.37311295177277654,-0.18847378340051635,0.09711781325672086,medium,10,9.92324908563,25247183.3593,25247183.3593,1.00000000,0.99924303,0.99875950,width2_d1_m8,1
26,6,124.55268579536884,9.391145103469103,0.4477596924693348,-0.430716828718214,-0.43165898123322105,-0.6183428882682755,medium,10,9.88428437657,24497549.6115,24497549.6115,1.00000000,0.99732332,0.99481703,width2_d1_m8,1
27,1,124.64354857191971,9.833967431613594,-0.2752751157863589,0.0220746046641897,0.12639727027136055,0.03553591049900939,near_plain,8,9.87715510637,25406290.4139,25406290.4139,1.00000000,0.99965688,0.99952384,width2_d1_m8,1
27,2,127.72807460623356,9.120984846660356,0.878854680600508,-0.18667866674250613,0.008358708709679752,0.33244342135453314,local,10,9.63783755317,27018083.5199,27018083.5199,1.00000000,0.99702859,0.99421365,width2_d1_m8,1
27,3,127.35348862399803,8.903777923150386,-0.8040455649134488,-1.91783590344918,-0.6512450476478648,-1.3232608614770554,local,8,9.67231543275,24449639.8112,24449639.8112,1.00000000,0.97493616,0.95028015,width2_d1_m8,1
27,4,125.6567945286466,8.5,0.2502041590738787,0.06577852940089662,0.4811094873447007,0.19540994871954548,local,10,9.79536877828,26711523.3302,26711523.3302,1.00000000,0.99874324,0.99766867,width2_d1_m8,1
27,5,125.2791164903461,9.87804402269522,0.347546277354517,-0.2851361514062111,0.09046415245137057,0.3632719883812699,near_plain,8,9.82740192651,25949972.3649,25949972.3649,1.00000000,0.99896778,0.99812887,width2_d1_m8,1
27,6,126.46306075901025,10.478264080850362,-1.090396243912247,0.7649853776016708,0.28445395062335055,0.08093197483841608,medium,8,9.73585337495,24972591.4892,24972591.4892,1.00000000,0.99559727,0.99144310,width2_d1_m8,1
28,1,124.86600831646169,8.51914074936725,-0.04169481039114986,0.6179748515276309,0.3607964756793576,-0.07748459230572219,local,10,9.85755324112,26482579.8455,26482579.8455,1.00000000,0.99790082,0.99598236,width2_d1_m8,1
28,2,124.43939986605281,10.675366227161062,-0.02206116931119806,-0.14380432459303416,-0.059352176466083595,-0.4093977005178259,medium,10,9.89502640448,24748954.4293,24748954.4293,1.00000000,0.99945973,0.99915303,width2_d1_m8,1
28,3,125.33039814044494,8.725672133283732,-0.48857202841648895,-0.3064190392144443,-0.027602545756302277,-0.07188658308386736,local,10,9.82162548686,27018489.6873,27018489.6873,1.00000000,0.99876911,0.99769940,width2_d1_m8,1
28,4,124.16635819285013,11.301885523356233,1.8839278351663125,-1.3000249728180153,0.7884257339135572,-1.1994078499507186,global,10,9.91870852368,21274009.1662,21274009.1662,1.00000000,0.98831053,0.97699348,width2_d1_m8,1
28,5,123.86793049145633,9.586741884828797,-0.5019610652225122,0.6690898618341747,0.3223186615258622,-0.0282675647293138,global,8,9.93858715941,25321198.3704,25321198.3704,1.00000000,0.99761367,0.99544620,width2_d1_m8,1
28,6,125.8333654802622,8.670026258929415,0.4772319003419853,0.6468375295948727,-1.0093955430364674,0.20156036083467177,local,10,9.78025219237,24002722.3722,24002722.3722,1.00000000,0.99419769,0.98871997,width2_d1_m8,1
29,1,126.05475964058391,8.762536053114417,-0.7158341784420712,-0.6158033489734247,0.34091490276516273,0.3545550443584456,local,10,9.76510953174,26416565.2691,26416565.2691,1.00000000,0.99652711,0.99322786,width2_d1_m8,1
29,2,125.35293661927062,8.880220537205336,-0.26303633846674424,-0.7091422905119349,0.11659899962377501,0.2836949856465669,local,10,9.82011369639,26569314.5811,26569314.5811,1.00000000,0.99783150,0.99582669,width2_d1_m8,1
29,3,125.14234851136904,10.521210950633984,-0.19193056331412284,-0.08610203687735568,0.09462996241426924,0.30955178763733476,near_plain,9,9.8389875957,25694649.704,25694649.704,1.00000000,0.99955472,0.99933949,width2_d1_m8,1
29,4,123.91547707364299,10.297501831230683,0.42882282151762485,0.2828929286803099,0.07783854939416979,0.2429658608333427,medium,10,9.9361354064,24712004.6646,24712004.6646,1.00000000,0.99914776,0.99852388,width2_d1_m8,1
29,5,125.66814564681847,11.734141056249978,0.40536252010445506,0.23023044095832002,-0.5613185260931951,0.1466815381335288,medium,10,9.79923761082,22346568.918,22346568.918,1.00000000,0.99875537,0.99783481,width2_d1_m8,1
29,6,123.68082773973693,11.375759626672581,-1.0631952785891803,1.0010458144756829,0.25022813231122765,-0.8486611113232416,global,10,9.95751281448,22153057.2033,22153057.2033,1.00000000,0.99496082,0.99019138,width2_d1_m8,1
30,1,126.51586401265416,8.797832797387917,0.46407075517535823,-0.06465716008976852,1.9623454498380841,0.8390835016071043,global,10,9.72380028434,18181615.3609,18181615.3609,1.00000000,0.98363909,0.96810935,width2_d1_m8,1
30,2,127.95033411973058,8.838881939165445,0.6829093428249154,-0.2735876131424063,0.4697327930503176,0.797321535819491,local,10,9.62182688916,26549688.007,26549688.007,1.00000000,0.99523629,0.99057763,width2_d1_m8,1
30,3,125.27420524261726,10.386638778741128,-0.2665411744606186,-0.09837710293965707,-0.3209863396786185,-0.24714252007406484,near_plain,8,9.82821934427,24879707.3323,24879707.3323,1.00000000,0.99927615,0.99878791,width2_d1_m8,1
30,4,125.32253761416771,8.554598310687814,-0.23197272323502804,1.0563576316681464,-0.22612003158970836,-0.16971916453291613,local,10,9.82198690694,26720070.3124,26720070.3124,1.00000000,0.99597680,0.99212092,width2_d1_m8,1
30,5,124.7452343144832,11.521870866446346,0.7129702153495179,0.6883917210458477,0.1072121491436624,-0.7194342286681511,medium,10,9.87278455818,22893637.7901,22893637.7901,1.00000000,0.99663106,0.99351246,width2_d1_m8,1
30,6,125.28077515584542,10.591963913055231,0.6580825691148968,1.0658724752704707,-1.1710142405152406,-0.9837119127481506,medium,8,9.82863379711,21912686.7481,21912686.7481,1.00000000,0.99019629,0.98072614,width2_d1_m8,1
31,1,124.7996157714988,8.645878783742829,-0.37802088083216534,-0.18418808541937237,0.10061380415540694,0.5404859075710186,local,10,9.86398606443,26551726.4848,26551726.4848,1.00000000,0.99842129,0.99696478,width2_d1_m8,1
31,2,125.18038397267887,10.348968857824916,-0.1165032595489496,0.03154001182304822,-0.044172787914817824,-0.03842403307242846,near_plain,8,9.83557132814,25688846.3404,25688846.3404,1.00000000,0.99984194,0.99991420,width2_d1_m8,1
31,3,125.31264047175445,9.354606600609122,1.5423556066209114,0.2897449304812403,-0.8802312195515409,0.07028918281599417,global,10,9.82159488581,23676152.1814,23676152.1814,1.00000000,0.98798617,0.97642755,width2_d1_m8,1
31,4,124.60053797106113,10.808890374067513,-0.4949452082711315,-0.36695456667439974,0.4010731497097856,-0.5136720656578132,near_plain,10,9.88239274756,24028748.9082,24028748.9082,1.00000000,0.99803349,0.99631125,width2_d1_m8,1
31,5,125.06501495564311,8.5,-0.7596290432094877,-0.2973290675788794,-0.4908007240469205,0.18668907962165426,local,10,9.84158630664,26496224.2065,26496224.2065,1.00000000,0.99632273,0.99284956,width2_d1_m8,1
31,6,124.98724558795686,10.416605832649685,0.9811392503322962,0.9067651122707956,-0.06684856516415238,0.5694294295670026,global,8,9.85130404037,24602089.7483,24602089.7483,1.00000000,0.99556155,0.99135223,width2_d1_m8,1
32,1,126.10129124863764,10.75373955914801,0.7672022809426695,-1.055103998352877,-1.047189902041914,-0.13580070102957587,medium,8,9.76301097498,22448862.2917,22448862.2917,1.00000000,0.99382714,0.98802921,width2_d1_m8,1
32,2,124.54072711997502,10.472959776875733,-0.023098569521172597,-0.04176507608964283,-0.022800681466631993,0.028899046465088105,near_plain,10,9.88629140023,25864962.3956,25864962.3956,1.00000000,0.99987170,0.99998250,width2_d1_m8,1
32,3,124.57122603586042,8.655537465245795,-0.20027925512985717,0.5249224559525121,-0.0410552381501153,-0.5474852175541147,local,10,9.88217043269,26637754.2851,26637754.2851,1.00000000,0.99799644,0.99611558,width2_d1_m8,1
32,4,124.83693799267488,8.5,-0.14605626570232025,0.2959473251432831,0.1498588133759577,0.7608241989982523,local,10,9.86172546878,26568171.1393,26568171.1393,1.00000000,0.99739811,0.99487098,width2_d1_m8,1
32,5,124.07674323475746,9.8671900855541,-0.12465936518017828,0.1363719303000993,-0.5162165917827788,0.5637421378837065,medium,8,9.92269504872,24738441.8509,24738441.8509,1.00000000,0.99825727,0.99672121,width2_d1_m8,1
32,6,127.95678186835434,9.175582722188043,-0.7541256823456072,-1.4075209127908117,-0.414802012132216,-0.11878774804014802,global,10,9.62037807708,26347496.4951,26347496.4951,1.00000000,0.99191175,0.98404918,width2_d1_m8,1
33,1,127.65513570878629,8.848610999380599,-0.44271936225916847,-0.7451222340017046,-1.0441714639087454,-0.5259170966886348,local,10,9.64155172678,24019010.4611,24019010.4611,1.00000000,0.99273769,0.98577350,width2_d1_m8,1
33,2,125.30814498958185,10.897990283183237,0.11481656907454424,0.14064443094873819,-0.13918032581223505,-0.1725513604391128,near_plain,10,9.82637683954,22333293.9118,22333293.9118,1.00000000,0.99969240,0.99964058,width2_d1_m8,1
33,3,124.59864865520805,8.743132151165364,0.3219815519697802,-0.7634819125275654,-0.6744034663228246,-0.48049849009118417,global,10,9.87901606155,25615728.0331,25615728.0331,1.00000000,0.99586563,0.99193692,width2_d1_m8,1
33,4,123.28902124434578,11.73315689987766,-0.6868892754777923,0.6804604898609385,1.3074594851424193,0.23554815561360098,medium,10,9.98749100836,19163487.5161,19163487.5161,1.00000000,0.99435923,0.98918290,width2_d1_m8,1
33,5,125.89789712948723,8.652655014676533,0.5024221439497366,0.4203393020059798,-0.019163357027550204,0.580056058520299,local,10,9.77796455515,27429837.2431,27429837.2431,1.00000000,0.99762075,0.99535963,width2_d1_m8,1
33,6,126.8809153606237,11.453425505047583,-0.040144487487683955,0.27640509691374804,-0.634643817235164,0.756448910277392,medium,10,9.70574484685,22714201.4669,22714201.4669,1.00000000,0.99781330,0.99589096,width2_d1_m8,1
34,1,124.90851069491373,9.701389710222726,-0.33743066629440505,-0.06382529086358735,0.40114762042678587,0.41390992186501474,near_plain,8,9.85613932111,25411627.3996,25411627.3996,1.00000000,0.99872747,0.99765518,width2_d1_m8,1
34,2,125.24820421715529,8.555986476393551,0.27416831515138795,0.9140375822579512,0.3246612497763991,-0.7578134872156282,local,10,9.82927830054,26494625.9863,26494625.9863,1.00000000,0.99356440,0.98724413,width2_d1_m8,1
34,3,125.3402143817272,9.907274817487004,-0.0593962260477059,-0.012194154862463301,-0.015988510591044898,0.0725057452372755,near_plain,8,9.82237518836,25681522.1308,25681522.1308,1.00000000,0.99987222,0.99995314,width2_d1_m8,1
34,4,125.92931784988988,10.553766700251977,0.18420560720132384,-0.28839163037305315,-0.7044876954732171,-0.3008977044040696,medium,8,9.77684349598,24315746.0566,24315746.0566,1.00000000,0.99824970,0.99677623,width2_d1_m8,1
34,5,124.95162742079144,8.78103967957832,-0.05885792228064615,0.12712908761324104,0.12181275524776522,0.8953337929890665,local,10,9.8534682412,26404007.2906,26404007.2906,1.00000000,0.99724478,0.99454819,width2_d1_m8,1
34,6,124.96767832662195,9.956288795524847,-0.3440444101281894,0.1947094800137077,0.04104741350170904,-0.2170329156592677,near_plain,8,9.85179815244,25473724.2178,25473724.2178,1.00000000,0.99939921,0.99900659,width2_d1_m8,1
35,1,125.11880870831843,10.355489510535211,-0.6717748522047655,-0.47386570532547223,0.3310963187095408,-0.9027639264805489,medium,8,9.84201811376,24855505.6111,24855505.6111,1.00000000,0.99577051,0.99170239,width2_d1_m8,1
35,2,125.75681043096876,8.5,0.4216958733687412,0.7705221190207932,-0.05437462585255598,0.8790306271068327,local,10,9.78987315241,27075271.6609,27075271.6609,1.00000000,0.99517927,0.99042674,width2_d1_m8,1
35,3,128.0,9.354295539552375,1.5011781531636346,-0.7051113844120996,0.12703646650902098,0.3339068793854329,local,10,9.61791119165,26309337.1698,26309337.1698,1.00000000,0.99108297,0.98237451,width2_d1_m8,1
35,4,125.21075891046549,10.281137104189797,0.6978669489339446,-0.7935507121957719,0.6230558008395182,0.394562728132525,medium,8,9.83291635683,23326924.0183,23326924.0183,1.00000000,0.99543109,0.99112344,width2_d1_m8,1
35,5,125.99002082890492,8.5,0.03001080527106098,-0.19239289420897404,-0.0307376495839274,0.16536325534371438,local,10,9.76991350638,27582352.1371,27582352.1371,1.00000000,0.99969100,0.99953122,width2_d1_m8,1
35,6,125.39725905305478,8.5,0.48187559615742015,0.37696509891129043,-0.2650606089239763,0.23572096974021128,local,10,9.8160351991,27298508.7336,27298508.7336,1.00000000,0.99822586,0.99661248,width2_d1_m8,1
36,1,125.62200285782455,9.1711413629826,-0.08725000382472814,-1.5730753913187014,1.9749078144798027,0.4939866489688032,global,10,9.79018972945,16711917.3781,16711917.3781,1.00000000,0.97109415,0.94376839,width2_d1_m8,1
36,2,126.14934091255054,12.070764422562073,0.836521338611643,-1.4860472677173036,-1.1755179384813121,-1.1718298363963195,global,10,9.76345528962,18961532.12,18961532.12,1.00000000,0.99135752,0.98310030,width2_d1_m8,1
36,3,125.2368798367785,10.198458117504403,-0.05909057809354057,-0.13195042312880342,0.058455117198843054,0.3175107004354983,near_plain,8,9.83106312615,25827225.0731,25827225.0731,1.00000000,0.99959578,0.99940412,width2_d1_m8,1
36,4,125.60733972307861,8.941285981742887,-0.7620670567454588,-0.4857452924247689,-0.029158845443239417,-0.8407220213955795,local,10,9.80225442732,26387668.7958,26387668.7958,1.00000000,0.99441672,0.98891355,width2_d1_m8,1
36,5,123.48215244257227,11.47246313993725,-0.29847375382191155,-0.11959883707710972,-0.2083240884289035,0.37590042198044715,medium,10,9.97303447832,21620431.7966,21620431.7966,1.00000000,0.99929718,0.99888402,width2_d1_m8,1
36,6,125.97920439964754,8.5,0.6447444250137802,-0.09715295132916558,-0.02759025289769429,1.0232906843486946,local,10,9.77365313105,27473890.2745,27473890.2745,1.00000000,0.99461987,0.98925412,width2_d1_m8,1
37,1,125.54554861586242,9.49756991255357,0.09385991647534953,-0.00957968633102417,0.05866401680409636,-0.033374954414183255,near_plain,8,9.80566752839,25482049.6384,25482049.6384,1.00000000,0.99985936,0.99990994,width2_d1_m8,1
37,2,126.17229378284736,8.518923998309992,-0.20897641827457153,0.9489032292761711,0.15793319598480682,1.3235311334072597,local,9,9.76083600175,26526073.0994,26526073.0994,1.00000000,0.98938664,0.97875212,width2_d1_m8,1
37,3,125.32074577275995,10.182144155808073,-0.9732295883542831,-1.1451656613031391,0.930436709359985,0.0440896549089671,medium,8,9.82291054455,23333128.3586,23333128.3586,1.00000000,0.99163676,0.98365446,width2_d1_m8,1
37,4,125.11653702104913,8.932376441059198,0.46862433808012793,0.24637125955902758,0.19926399240819553,-0.6036263355187041,local,10,9.8395098288,26455136.508,26455136.508,1.00000000,0.99765641,0.99543676,width2_d1_m8,1
37,5,125.65502267454745,8.69400098232266,0.4485872757921439,0.7311855016792203,-0.05302319177540676,0.774785184234462,local,10,9.79754558766,27460776.6012,27460776.6012,1.00000000,0.99600902,0.99211419,width2_d1_m8,1
37,6,128.0,8.894380517693259,0.4443612086379739,-0.6900533072073798,-0.8357021092133117,0.409617587836303,local,10,9.61601264702,25401730.5896,25401730.5896,1.00000000,0.99476838,0.98977867,width2_d1_m8,1
38,1,125.33950610944865,8.90570437017793,0.3927954864789325,0.4752580654053758,-0.7677313014253677,1.0611082284745441,local,10,9.8226427168,24933727.2696,24933727.2696,1.00000000,0.99357849,0.98729128,width2_d1_m8,1
38,2,124.20438125258762,9.44615584651475,-0.5208446034558832,0.27610644068073376,0.36633296024596584,-0.17569361075796852,medium,8,9.91151263721,23509528.5056,23509528.5056,1.00000000,0.99848300,0.99717452,width2_d1_m8,1
38,3,124.2475954961804,10.397920361736645,-0.00982475057489315,-0.010276860568179991,-0.016808421661348855,0.021210671037152982,near_plain,10,9.90952213739,25926887.5373,25926887.5373,1.00000000,0.99987909,0.99999490,width2_d1_m8,1
38,4,125.92653529476407,8.738091271250427,0.28233816235566284,-0.9095816930948484,0.03257986639789735,0.9217584506653383,local,10,9.77748433711,26812251.7945,26812251.7945,1.00000000,0.99348248,0.98702568,width2_d1_m8,1
38,5,127.19613351281915,9.175490212154875,-1.098654506712156,-0.9899499355694862,-0.9503938245195238,-0.5410005979680209,local,10,9.67735362419,23594477.3045,23594477.3045,1.00000000,0.98768272,0.97572992,width2_d1_m8,1
38,6,125.12995431087029,8.5,0.6104885619973355,-0.45045442233665345,0.8275214442201434,-0.07251424965485828,local,10,9.83560390315,25113559.6959,25113559.6959,1.00000000,0.99548501,0.99123911,width2_d1_m8,1
39,1,125.49290557199149,11.782151639434062,-0.02695503975860669,0.5558093183613111,0.23956043708493513,0.9235261955548699,medium,10,9.81458074246,21845367.8031,21845367.8031,1.00000000,0.99758403,0.99541165,width2_d1_m8,1
39,2,125.38560982471984,12.19862473506741,0.053743768665780234,-0.8864298832388733,-0.6425912197318979,0.8134648367003243,global,10,9.82317602235,21495027.6497,21495027.6497,1.00000000,0.99674172,0.99379373,width2_d1_m8,1
39,3,124.88370201055933,8.5,0.08623532568710757,1.043731523463639,-0.026008981414742015,0.9156548704797489,local,10,9.85876689328,27597591.8085,27597591.8085,1.00000000,0.99326329,0.98659441,width2_d1_m8,1
39,4,124.63100370134617,8.5,-0.10397762484471691,0.29603698992954863,0.432961825655133,-1.1344508393914436,local,10,9.8795897578,25974855.5146,25974855.5146,1.00000000,0.99452222,0.98906184,width2_d1_m8,1
39,5,125.58935215860284,8.5,0.20727720355646015,0.12766518255562762,0.2617956011639777,0.008153333210842453,local,10,9.80091567897,27193799.5951,27193799.5951,1.00000000,0.99946848,0.99910099,width2_d1_m8,1
39,6,124.94053684898968,8.53979168302233,-0.054163838546353676,0.2903489360089987,0.5543853711998838,0.10825996034929675,local,10,9.85133953027,26159920.9375,26159920.9375,1.00000000,0.99838409,0.99697043,width2_d1_m8,1
40,1,124.96282423402744,8.5,0.03906216092092812,-0.1973397696541948,-0.09730049275748659,0.2103448763608179,local,10,9.85030079848,27255929.2557,27255929.2557,1.00000000,0.99959455,0.99933939,width2_d1_m8,1
40,2,125.91413691876855,8.5,-0.05028202487506861,0.6736950125574103,-0.14689679857438048,0.30455878007419923,local,10,9.77599237381,27046734.7052,27046734.7052,1.00000000,0.99798682,0.99611576,width2_d1_m8,1
40,3,126.07597588531003,8.5,-0.0603942603550425,-0.5222564403186953,-0.018325096741789476,0.23355309906578506,local,10,9.76331689762,27360859.4267,27360859.4267,1.00000000,0.99879229,0.99772993,width2_d1_m8,1
40,4,123.75938039456203,10.992124122442558,0.9330636018325069,1.0786017611393597,-0.17431261259940656,0.15423413213372794,global,10,9.94967358906,23003979.3971,23003979.3971,1.00000000,0.99566989,0.99162554,width2_d1_m8,1
40,5,126.12069498758545,8.5,0.6010807741831913,0.21855160441902058,0.07414114079603992,0.06947195090568739,local,10,9.75969190122,27713044.7105,27713044.7105,1.00000000,0.99850800,0.99716946,width2_d1_m8,1
40,6,124.72709391151375,9.396343699099466,1.2704861869573518,0.5516380874040001,0.48437986795805843,0.34256331083280545,medium,10,9.86994856316,21191011.8417,21191011.8417,1.00000000,0.99417442,0.98855872,width2_d1_m8,1
41,1,124.87522940986631,9.679527715545131,0.02482058167436705,-0.03603752914784712,0.02672468793522325,-2.3561063578439456e-05,near_plain,8,9.85866392994,25657182.9534,25657182.9534,1.00000000,0.99989212,0.99998537,width2_d1_m8,1
41,2,123.86046118445138,12.275379500400897,0.652456160594366,-0.3496640208150922,0.4636766212320409,0.4940880182954104,global,10,9.9440783261,20773426.8014,20773426.8014,1.00000000,0.99803804,0.99641466,width2_d1_m8,1
41,3,125.56992791277553,9.791640572929085,0.23672504888625784,7.146220495618527e-05,0.2298498492003495,0.09626819803309483,near_plain,8,9.80413585896,25776923.4917,25776923.4917,1.00000000,0.99958993,0.99938771,width2_d1_m8,1
41,4,124.3553564990938,9.619302747627959,-1.1169176845917301,-1.1557369142370901,-0.4999971756063045,0.7484290996983862,medium,8,9.900200467,23756346.1685,23756346.1685,1.00000000,0.99191452,0.98407994,width2_d1_m8,1
41,5,125.04898996873601,8.802887855723379,0.009951988454097019,-0.3215047066926342,-0.09742342065192935,-0.19338158687463308,local,10,9.84386822434,26821824.5639,26821824.5639,1.00000000,0.99944134,0.99904402,width2_d1_m8,1
41,6,125.5508591011006,8.5,0.3855104360253587,-0.6564980348902347,0.058456918685245524,-0.25481647160547705,local,10,9.80414382897,27373116.3988,27373116.3988,1.00000000,0.99778691,0.99572485,width2_d1_m8,1
42,1,124.72726129427481,8.792434503049854,-0.18863654686397413,0.321838413486939,-0.3120905684227411,1.272670821042452,local,10,9.87334326399,26330589.8278,26330589.8278,1.00000000,0.99379344,0.98756540,width2_d1_m8,1
42,2,123.90478455110625,9.483723249030103,0.6110503477958273,-0.2838318136976511,0.6633610997255861,-0.5611689815958131,medium,8,9.93564530491,22999027.1423,22999027.1423,1.00000000,0.99672302,0.99366523,width2_d1_m8,1
42,3,125.64502752177174,10.245523665467662,-0.4263041216777497,0.3068690763978671,0.25104756057558464,-0.10580398665908952,medium,8,9.79891096613,25696124.1922,25696124.1922,1.00000000,0.99907058,0.99836996,width2_d1_m8,1
42,4,125.64057954301374,8.780967499003385,0.13216693925252349,0.46846540333904374,-0.6942898941207878,1.0912770065325645,local,10,9.79948279259,25341963.1991,25341963.1991,1.00000000,0.99391495,0.98792132,width2_d1_m8,1
42,5,125.1118565057516,8.872222536617777,0.3474719377678301,-0.7544916918835555,0.5693423855736557,-0.2874715204610224,local,10,9.83832973793,25893502.4247,25893502.4247,1.00000000,0.99614271,0.99250583,width2_d1_m8,1
42,6,125.56243359336673,8.757981456860938,0.679681812786245,-0.1758637267819183,-0.03733823106483217,0.8354832095230562,local,10,9.80539696146,26969764.374,26969764.374,1.00000000,0.99576495,0.99160099,width2_d1_m8,1
43,1,126.11662765390442,9.016637944534962,0.45559944680163045,-0.601152639810987,-0.46750130026226977,0.5058871058894938,local,10,9.76097929324,25499661.6951,25499661.6951,1.00000000,0.99641406,0.99299257,width2_d1_m8,1
43,2,126.25184996047385,10.877087842356921,-0.19321270506217658,-0.9207106323652352,-0.16907345657697093,-1.0848726389535008,medium,9,9.75494496868,23094785.2609,23094785.2609,1.00000000,0.99525789,0.99066916,width2_d1_m8,1
43,3,125.62378664100655,9.881422621524043,-0.1391971875164172,0.34629669977025607,0.3036262591584407,-0.2229918827530164,near_plain,8,9.80005112089,25764475.5396,25764475.5396,1.00000000,0.99914750,0.99850734,width2_d1_m8,1
43,4,125.44374130419816,10.650391412502252,0.19963433529386465,0.03426381808396228,0.44827755174387307,-0.1178535218551729,near_plain,10,9.81507917937,24221848.4403,24221848.4403,1.00000000,0.99928733,0.99883563,width2_d1_m8,1
43,5,123.21609878182394,9.343848842773424,-0.16743590352351617,-0.027773692146992268,0.4405782906171719,0.26980309953548565,medium,8,9.99092098147,24464217.7367,24464217.7367,1.00000000,0.99901970,0.99824641,width2_d1_m8,1
43,6,124.34826303082271,10.801463865322718,-0.24479454714101778,0.6290334210188502,-0.28310741879146084,1.1622595735562307,medium,10,9.90468183078,23606382.9852,23606382.9852,1.00000000,0.99565639,0.99145624,width2_d1_m8,1
44,1,126.08278539434954,11.462055341518676,0.33054031724152266,-0.8857231358691112,0.19840304259339514,0.5137531745510175,medium,10,9.7671870949,23649759.5384,23649759.5384,1.00000000,0.99732743,0.99492055,width2_d1_m8,1
44,2,124.76500185238844,10.202490193628527,0.049745487990068726,0.6412586175931263,1.1561563546943354,0.6134960531861209,medium,8,9.86688313754,22166109.0943,22166109.0943,1.00000000,0.99408487,0.98852860,width2_d1_m8,1
44,3,125.32782745389754,8.6813450537206,0.15729194290671794,-0.578641223566364,0.2099626819749912,1.447895432985751,local,10,9.82736675266,25822346.5506,25822346.5506,1.00000000,0.99115944,0.98224443,width2_d1_m8,1
44,4,125.72338372914209,9.287357436341818,0.7777940764512157,0.6851865315264842,-0.42038236516038685,0.14152044676315575,local,10,9.79125857831,25882284.3414,25882284.3414,1.00000000,0.99619174,0.99259645,width2_d1_m8,1
44,5,124.87801597893133,10.186730526151978,0.027510161626965998,-0.0988415861229907,-0.07555710966148654,0.04891631266552186,near_plain,8,9.85914629131,25857102.7199,25857102.7199,1.00000000,0.99984235,0.99990891,width2_d1_m8,1
44,6,124.34007753255034,9.890353341157926,0.44196937892691845,-0.27424150064459707,-0.4448276744202746,-0.07211645716844534,near_plain,8,9.90112852612,25043682.337,25043682.337,1.00000000,0.99860019,0.99743575,width2_d1_m8,1
45,1,125.10296052416834,10.547325349795672,0.26575058816990516,-0.2148640287336424,0.608538401708711,-0.08568263644277652,medium,10,9.84147984763,24539131.4021,24539131.4021,1.00000000,0.99871028,0.99769598,width2_d1_m8,1
45,2,123.38474418671468,11.11273976940516,0.840455737223283,-0.6148444498406399,0.993775859846908,0.28557472510362447,global,10,9.97927117751,22158220.6534,22158220.6534,1.00000000,0.99522134,0.99080982,width2_d1_m8,1
45,3,125.05204044243021,10.025646829666034,-0.11666261036791997,0.2838231449147612,0.22442951802199168,-0.2980668639583267,near_plain,8,9.84528295139,25456778.3581,25456778.3581,1.00000000,0.99930691,0.99882555,width2_d1_m8,1
45,4,124.81786259806468,8.565967846577065,-0.1395022393518249,-0.3970932083507673,-0.20065168114096407,0.6949028203353852,local,10,9.86294125547,26517406.873,26517406.873,1.00000000,0.99766499,0.99542660,width2_d1_m8,1
45,5,124.9853598044345,8.55453030715997,-0.06540778263557814,-0.2337259394294923,0.2383426411483549,-0.8681525037948196,local,10,9.85047031846,26548807.0544,26548807.0544,1.00000000,0.99693844,0.99393645,width2_d1_m8,1
45,6,126.33331647112324,8.554668660494935,0.2820195385330885,0.30751068382937574,0.23819815858408555,0.22603145218307472,local,10,9.74335814117,27468875.1935,27468875.1935,1.00000000,0.99898049,0.99811683,width2_d1_m8,1
46,1,127.25802288847746,9.028510495754052,-0.3631394433917676,-1.1419493463343104,-0.38901187246054103,-0.5894107494759663,local,10,9.67398584938,26552595.8561,26552595.8561,1.00000000,0.99380173,0.98775166,width2_d1_m8,1
46,2,125.60209752552845,8.825272737595308,-0.18885608049183167,0.6640710916426213,0.21667469905629408,0.2545015866131491,local,10,9.80050605118,26733697.316,26733697.316,1.00000000,0.99782925,0.99582327,width2_d1_m8,1
46,3,126.74935691045529,9.325307435312721,-0.4435953231181575,0.2911173775107241,-0.32326963409546305,0.38041301391035187,medium,10,9.7124662766,26054436.2048,26054436.2048,1.00000000,0.99822994,0.99663335,width2_d1_m8,1
46,4,125.65423019683084,8.914099249192184,-1.0442098638502624,0.02270583242425217,-1.3849527578929768,0.18281244891831627,global,10,9.79212360534,21629903.4269,21629903.4269,1.00000000,0.98750079,0.97560566,width2_d1_m8,1
46,5,126.99612684497198,9.014636628149756,-0.6800461919942135,-1.2361138616123428,-0.42256310426538846,-0.13386529371652095,local,10,9.69297901899,26719061.8197,26719061.8197,1.00000000,0.99325363,0.98671661,width2_d1_m8,1
46,6,125.28428143676263,11.183037178913247,0.3847909530483473,-0.5199096481134234,-0.6271620852220217,0.18645286938140126,medium,10,9.82835431368,22183360.0778,22183360.0778,1.00000000,0.99808352,0.99646962,width2_d1_m8,1
47,1,127.53005304795539,9.069568954062369,-0.3324717280974127,-1.4387894654315934,-0.1617137405128211,-0.4203204832736705,local,10,9.65310912425,26736794.1399,26736794.1399,1.00000000,0.99244222,0.98506235,width2_d1_m8,1
47,2,124.88052096597039,11.299948820394604,0.6908210794442766,0.40583414509904814,-0.9122730751678108,-0.33502954938040685,medium,10,9.85995057711,21867642.3099,21867642.3099,1.00000000,0.99628251,0.99291613,width2_d1_m8,1
47,3,125.94995357730987,8.72249165338082,0.49076038360048296,0.9043183886306011,0.8183199106956698,0.5757551653604397,local,10,9.77230046521,25107321.2309,25107321.2309,1.00000000,0.99270468,0.98568580,width2_d1_m8,1
47,4,127.28146882772597,9.311187847701186,-1.0370365208486272,-2.1593546878560295,-0.455928908148279,-1.3436506128633345,local,10,9.67909388413,23459888.92,23459888.92,1.00000000,0.97095888,0.94250079,width2_d1_m8,1
47,5,124.4790651315544,10.302020603628375,-0.040902242504439176,0.03133077324449801,0.05318288479416636,-0.05282252581930565,near_plain,10,9.89096475453,25891342.8023,25891342.8023,1.00000000,0.99986451,0.99996006,width2_d1_m8,1
47,6,127.25378828265073,9.005896591881452,-0.4312622322687109,-1.2955579564093307,-0.6257704865689564,-0.6378512154942757,local,10,9.67422524373,25762895.1529,25762895.1529,1.00000000,0.99159674,0.98337814,width2_d1_m8,1
48,1,124.87233821763498,10.748799869341255,0.4515862140479364,0.3101606164691457,-0.38550225277936345,0.49569108851613386,near_plain,10,9.86071024041,23950522.6768,23950522.6768,1.00000000,0.99839336,0.99703145,width2_d1_m8,1
48,2,125.36631798292497,10.994300137301718,-0.43109991994328434,-0.39812730541738367,-0.3499068911395777,-0.24862384211870545,medium,10,9.82193448044,24746016.5887,24746016.5887,1.00000000,0.99869185,0.99764996,width2_d1_m8,1
48,3,124.98867093902274,10.022719872598982,-0.10854795919263255,-0.1331500450631096,-0.2770436221420671,0.05349242649737723,near_plain,8,9.85004121253,25542225.0597,25542225.0597,1.00000000,0.99960780,0.99943917,width2_d1_m8,1
48,4,126.99798854144883,8.86911941343936,0.05221059159818986,-1.8918795992331434,0.3889011776192815,-0.9249782419171554,local,10,9.69402962966,25025943.4117,25025943.4117,1.00000000,0.98282652,0.96602422,width2_d1_m8,1
48,5,126.29908534999005,8.78783208938782,-0.015008230394587409,-0.3587804917735597,-0.5868516516795523,-0.20543025109803995,local,10,9.74571647213,26010143.7134,26010143.7134,1.00000000,0.99824851,0.99669968,width2_d1_m8,1
48,6,125.20244128354656,12.038317708431057,-0.21335572606834363,0.9391975452324877,0.9359634734468469,0.7043851207079594,global,10,9.83652893737,20593095.1023,20593095.1023,1.00000000,0.99511360,0.99059546,width2_d1_m8,1
49,1,125.91389977687574,8.984763378528324,0.9693347566289338,-0.44473291351148686,-0.07341282233610702,0.7634266154776057,local,10,9.77805690968,26864063.8477,26864063.8477,1.00000000,0.99372264,0.98755146,width2_d1_m8,1
49,2,124.98248474698416,9.406921906440335,-0.3708560850049527,0.19884479380755626,-0.5392587165022293,0.14482809732708235,near_plain,10,9.84939725478,23421836.2847,23421836.2847,1.00000000,0.99833981,0.99689868,width2_d1_m8,1
49,3,125.05438270393681,9.638704643547708,0.014493831474529439,-0.012711219245824999,0.012411947314117384,0.008570086201036161,near_plain,8,9.84448165882,25566390.4064,25566390.4064,1.00000000,0.99989884,0.99999632,width2_d1_m8,1
49,4,126.01564273571543,11.717346288987331,-0.6355370687628118,-0.9607380590243041,0.7602308563344302,0.5127145267000166,medium,10,9.77209044097,22152360.3655,22152360.3655,1.00000000,0.99577495,0.99189321,width2_d1_m8,1
49,5,124.94705146373896,9.644918591138904,-0.02283514625543897,0.004858943385775666,0.02520271997355842,-0.03552304937004874,near_plain,8,9.85293182898,25784379.4436,25784379.4436,1.00000000,0.99989359,0.99998638,width2_d1_m8,1
49,6,126.41082416490133,8.600110346456502,-0.05310052258759579,0.13539951065898737,-0.7336177369518895,-1.1084427304185236,global,10,9.73955788739,24977126.4615,24977126.4615,1.00000000,0.99384524,0.98777427,width2_d1_m8,1
50,1,125.65178177597171,10.775611011570838,0.03337394530026086,0.05087365482001513,0.12168241749225159,-0.15867993955559348,near_plain,10,9.79924202501,23847052.1208,23847052.1208,1.00000000,0.99977886,0.99980571,width2_d1_m8,1
50,2,126.29268324617507,8.5,0.3046344643233611,0.18979879168149744,0.08967719984863437,0.06901882994016921,local,10,9.74637750902,27675520.3344,27675520.3344,1.00000000,0.99944112,0.99903516,width2_d1_m8,1
50,3,125.0983388019045,8.518545462548312,0.786621873279947,-0.7006267725508146,-0.13063992373535904,0.23048364273791455,local,10,9.83982484971,27382034.6469,27382034.6469,1.00000000,0.99547838,0.99111507,width2_d1_m8,1
50,4,125.41225084700429,8.660925734449997,-1.3576610289928221,0.4491896746144739,0.11558404885586926,-0.6936516335381586,global,10,9.81614599151,26705120.1361,26705120.1361,1.00000000,0.99235794,0.98487020,width2_d1_m8,1
50,5,125.37739459437925,8.5,0.16829331665002822,1.295288534075971,-0.2937802446595813,1.624986295950293,local,10,9.82508334492,24610465.5305,24610465.5305,1.00000000,0.98502018,0.97000794,width2_d1_m8,1
50,6,123.3063675825054,11.210220187837237,0.6595296772856751,-0.528570684930441,-0.1391959642438172,0.7859642683923465,medium,10,9.98784313136,22973617.6791,22973617.6791,1.00000000,0.99684311,0.99391684,width2_d1_m8,1
51,1,126.20822186454797,8.94403155099012,0.2600476205080232,-0.18058739487931302,0.01583418417377229,0.04038645640281929,local,10,9.7534881802,26924744.5338,26924744.5338,1.00000000,0.99959012,0.99934712,width2_d1_m8,1
51,2,124.95454265556667,10.765757586905263,0.39447886613667016,-0.3457158609486866,0.06646931017448843,0.4313237490037851,medium,10,9.85430527122,22850320.2629,22850320.2629,1.00000000,0.99880227,0.99783771,width2_d1_m8,1
51,3,125.84544573705573,8.867958648347399,0.1315669745943658,0.6077760375795933,-0.32102636476007756,-0.2349370756449481,local,10,9.78154908992,26664241.4926,26664241.4926,1.00000000,0.99823420,0.99663787,width2_d1_m8,1
51,4,124.27324460283552,9.530822971225072,-0.6230217203075126,-0.22009397981519208,0.18736783129224444,-0.2107076495226985,medium,8,9.9063525769,24960905.4665,24960905.4665,1.00000000,0.99845684,0.99710995,width2_d1_m8,1
51,5,126.62238712361459,8.5,1.2561492310255806,0.0618044172037593,-0.40477916919264195,0.7529799687024421,local,8,9.72194325693,26601618.6132,26601618.6132,1.00000000,0.99084432,0.98187086,width2_d1_m8,1
51,6,125.56921643499743,8.663347047046672,0.8683677809094654,-1.6111126331818522,-0.005142215653572216,-0.5840733243467806,local,10,9.80316670062,26281660.7998,26281660.7998,1.00000000,0.98902900,0.97830998,width2_d1_m8,1
52,1,124.95988372921151,9.690498719420214,-0.17699113785626372,-0.2887757726596257,-0.09739305980533891,-0.08994119379038323,near_plain,8,9.85197486381,25775263.8994,25775263.8994,1.00000000,0.99953977,0.99928072,width2_d1_m8,1
52,2,125.17746970469345,10.911541667066613,0.1372290578365144,-0.41718610549317614,-0.2503622336050569,0.45801706290755784,medium,10,9.83698933567,22892494.9577,22892494.9577,1.00000000,0.99887911,0.99800167,width2_d1_m8,1
52,3,125.02652096629927,8.5,0.6687894246418266,-0.7264471012989153,-0.3228330045227419,0.549252894915395,local,10,9.84605052075,26817804.9841,26817804.9841,1.00000000,0.99441474,0.98896316,width2_d1_m8,1
52,4,124.57795889443165,10.298567824717294,-0.09078487877854724,0.8455583156920131,-0.8547227135370081,0.018253301873068506,medium,8,9.88224794051,23392384.6681,23392384.6681,1.00000000,0.99668246,0.99366934,width2_d1_m8,1
52,5,124.18972666809766,9.682230806613282,0.01969451267993283,0.5876540354663513,0.018612176847498718,-0.3155195481875386,medium,8,9.9133315312,25779558.9755,25779558.9755,1.00000000,0.99869146,0.99757594,width2_d1_m8,1
52,6,125.56625082124415,9.228203041364518,0.5179237248065747,0.6871497033324339,-0.21931704046223732,0.3142917170381774,medium,10,9.80385548885,26671212.267,26671212.267,1.00000000,0.99751326,0.99520524,width2_d1_m8,1
53,1,125.5400336812758,10.115275905263614,-0.5163663005914749,0.24170524764883594,0.5237419790219964,0.30701544733594677,medium,8,9.80684760991,25188548.9841,25188548.9841,1.00000000,0.99815971,0.99655479,width2_d1_m8,1
53,2,126.17661025790174,9.055644659686493,0.0540465769433498,0.217347675257773,0.01673314574739526,0.47945155987219334,medium,10,9.75657147731,26814977.8471,26814977.8471,1.00000000,0.99908451,0.99831025,width2_d1_m8,1
53,3,124.47486296474499,10.027351334770158,-0.1303445428738247,0.46027489325722537,-0.08209257404142123,0.5675558114633303,global,8,9.89156137022,25420128.5995,25420128.5995,1.00000000,0.99847433,0.99713175,width2_d1_m8,1
53,4,126.4504346624244,8.5,0.6036054266289411,0.6828763306677444,0.19040822626216625,-0.12212763457432549,local,9,9.73428539097,27719673.9365,27719673.9365,1.00000000,0.99668162,0.99352306,width2_d1_m8,1
53,5,125.7020137545651,8.5,0.6920362767658964,0.21205042728782272,-0.17160998383147766,-0.23308605310791633,local,10,9.7923310954,27545131.3151,27545131.3151,1.00000000,0.99761250,0.99537819,width2_d1_m8,1
53,6,125.16544877970063,10.449760555947075,0.007502765746703494,0.011100686876795723,-0.005219122589412624,0.007087479958147914,near_plain,8,9.83690123651,26083515.8147,26083515.8147,1.00000000,0.99988149,0.99999822,width2_d1_m8,1
54,1,124.35282451596056,10.741543887025069,0.14566921484902612,-0.12355784846232885,-0.009117097390374973,-0.128955331802471,near_plain,10,9.90170416572,24810757.5248,24810757.5248,1.00000000,0.99975980,0.99977151,width2_d1_m8,1
54,2,126.71975144942205,10.758633644594875,1.036576523750329,1.0375107466680107,0.041575087825827195,-0.7179293204454972,medium,8,9.71783412694,24032576.8223,24032576.8223,1.00000000,0.99307108,0.98635436,width2_d1_m8,1
54,3,123.1118690414198,10.915877778626518,0.6171166563164715,0.23530512256730074,-0.09048103083074543,0.8290970640686876,medium,10,10.0031250368,23181360.7711,23181360.7711,1.00000000,0.99759961,0.99541061,width2_d1_m8,1
54,4,124.23026066982179,9.798045956242571,0.16637522924890125,0.020872938574446054,0.0012140337113773492,0.052363155937408756,near_plain,8,9.91008246627,25505926.8258,25505926.8258,1.00000000,0.99981520,0.99983875,width2_d1_m8,1
54,5,124.7533608950455,11.21813112723255,0.42431229512375934,0.05199876952935556,-0.09908881866481833,0.15345610042743574,medium,10,9.87066978115,23487363.8894,23487363.8894,1.00000000,0.99941877,0.99911307,width2_d1_m8,1
54,6,125.28516416621261,9.81750951769034,0.09387419889274684,0.43526551347240616,-0.21757890209020997,-0.4028638120459566,near_plain,8,9.82685305359,25748064.6891,25748064.6891,1.00000000,0.99883923,0.99787007,width2_d1_m8,1
55,1,124.63658259586794,10.34714206830732,-0.2281091027385122,0.10789971963467182,-0.06479104675747566,0.22859114599323366,near_plain,9,9.87857501649,25479351.8031,25479351.8031,1.00000000,0.99959483,0.99941699,width2_d1_m8,1
55,2,125.14662656127695,8.5,0.1263216142212089,0.5431084935219225,-0.1373425413623269,1.5693108017702797,local,10,9.84250535931,26639138.5991,26639138.5991,1.00000000,0.99050426,0.98087935,width2_d1_m8,1
55,3,125.81633505915649,8.679065895824376,0.20024301630438848,0.34360998729842096,-0.6275585433235272,-0.2147103553498631,local,10,9.7829238224,25802204.5352,25802204.5352,1.00000000,0.99785484,0.99591853,width2_d1_m8,1
55,4,126.12972289416362,10.067650400124997,-0.49415898508724476,-0.21759284437442172,-0.32761569835437765,-0.3031206282900183,medium,8,9.76103154148,25768496.9876,25768496.9876,1.00000000,0.99855856,0.99733258,width2_d1_m8,1
55,5,124.5254992579804,10.629146298135428,-0.801209784809144,-0.06145442861403083,1.0728904517079245,-0.5901863860257301,global,10,9.88719689614,21746564.837,21746564.837,1.00000000,0.99524083,0.99081217,width2_d1_m8,1
55,6,127.84520047175904,10.610922167680796,0.22654970048289425,-1.3144468927898454,1.205249538328741,0.7467265125285127,global,8,9.62947393954,21989153.7956,21989153.7956,1.00000000,0.98905520,0.97855482,width2_d1_m8,1
56,1,125.34620572587204,12.460773390021863,-0.06175728525328794,-0.2258835156372072,-0.7492007790829754,-0.6123808508523674,global,10,9.8261728971,20225353.734,20225353.734,1.00000000,0.99807615,0.99650820,width2_d1_m8,1
56,2,127.03859344002228,8.568833109123398,-0.17692947709123835,0.21115198420034692,-0.4999843362998999,0.6572479807949886,local,8,9.68983661143,26868003.7627,26868003.7627,1.00000000,0.99725629,0.99464088,width2_d1_m8,1
56,3,123.47122579873522,9.408247337501408,-0.23156318017806365,-0.5494498367705534,-0.2767031772771499,-0.12949593779843682,medium,8,9.97045540409,23832336.1062,23832336.1062,1.00000000,0.99860338,0.99740958,width2_d1_m8,1
56,4,125.92257417558515,8.969213797023611,0.2819076144527161,0.00883602617067776,-0.21340221900456507,1.123822479099816,local,10,9.77866293734,26412503.8769,26412503.8769,1.00000000,0.99564151,0.99130192,width2_d1_m8,1
56,5,124.75972728466317,9.472859758509523,0.4002102402436597,-0.040539735266046484,0.29202795255432046,-0.2980252558817591,near_plain,8,9.86754966568,23849204.4531,23849204.4531,1.00000000,0.99895455,0.99810168,width2_d1_m8,1
56,6,125.23481563493574,9.517269226153982,0.39357861439694575,-0.43840830729780855,0.5286941506657691,-0.06559059136321,near_plain,8,9.82960781518,22931840.744,22931840.744,1.00000000,0.99801426,0.99625885,width2_d1_m8,1
57,1,124.08170273573828,11.053776602001786,0.09055688714514132,0.7654193874088152,-0.3593164990119958,-0.1816593385989581,medium,10,9.92380516322,23427779.746,23427779.746,1.00000000,0.99838278,0.99704343,width2_d1_m8,1
57,2,125.76683564251155,8.551785182608475,1.002261512334778,-0.058690546206376926,0.08810840521300334,0.11064292183511312,local,10,9.78730299077,26750518.2354,26750518.2354,1.00000000,0.99646088,0.99308239,width2_d1_m8,1
57,3,122.98835968369445,9.429862298720309,-1.840682585205662,-0.7471400447088814,0.26827430484857917,1.238239577345062,global,10,10.0127619103,7853576.39606,7853576.39606,1.00000000,0.98575604,0.97169143,width2_d1_m8,1
57,4,125.99988802467678,10.98410661031517,-0.611666526126198,0.2010318327135927,-0.6312016384165419,-0.33235993282283205,medium,10,9.77211886099,23786836.0351,23786836.0351,1.00000000,0.99777879,0.99584675,width2_d1_m8,1
57,5,125.34231059765499,10.529131588449657,0.2967331291622981,0.17036647241321579,0.09249969168386074,-0.5128995532576052,near_plain,9,9.82361127963,23536330.4446,23536330.4446,1.00000000,0.99898433,0.99818081,width2_d1_m8,1
57,6,125.2995468649451,9.578640735128625,-0.12441989365838829,-0.06946788165480228,-0.16264586765849504,-0.4053644867587693,medium,8,9.82537475333,25974251.2952,25974251.2952,1.00000000,0.99932472,0.99882792,width2_d1_m8,1
58,1,125.57780550388895,8.5,0.39263393919059036,0.8508902286530442,-0.9229464348923617,0.14784803026065896,local,10,9.80029356293,24973012.4187,24973012.4187,1.00000000,0.99423646,0.98876704,width2_d1_m8,1
58,2,125.27897269884771,8.632449398381882,0.2580221968820096,-0.6988006144913257,0.27109395274067954,1.770145441187563,local,10,9.83426617622,24694244.9946,24694244.9946,1.00000000,0.98602043,0.97191429,width2_d1_m8,1
58,3,125.18083944601055,8.661424028413522,1.222254031713194,-0.033811224514788296,0.3915909463082282,0.2748379875226563,local,10,9.8333603348,27056000.9085,27056000.9085,1.00000000,0.99469977,0.98957787,width2_d1_m8,1
58,4,126.57596431233081,8.5,-0.22223937775760882,-0.05525023869939538,0.5564284847917982,0.17194539762517147,local,9,9.72400266884,26621742.1488,26621742.1488,1.00000000,0.99852962,0.99725232,width2_d1_m8,1
58,5,125.63425132642449,9.015112272095068,0.217106296354879,0.6381495003922255,0.7416144867009922,0.5438060931117948,local,10,9.79771631121,25306750.1093,25306750.1093,1.00000000,0.99557411,0.99137624,width2_d1_m8,1
58,6,124.37676507211046,9.125590099628184,-1.3938975688011928,-0.2960577689583517,0.8131479593502566,-1.1971784244631432,global,10,9.90083351494,22862379.4867,22862379.4867,1.00000000,0.98720795,0.97457506,width2_d1_m8,1
59,1,125.89882486444851,9.066924387728248,1.243550266885459,-0.32389301374438856,0.26679471357779055,1.7231869807830842,local,10,9.78586936529,24322229.5456,24322229.5456,1.00000000,0.98369518,0.96736817,width2_d1_m8,1
59,2,124.24412824071543,9.518866580121667,0.045582105789212096,-0.0869257381699287,0.06376904226972163,-0.09011082454030589,near_plain,8,9.90857897564,25501476.3076,25501476.3076,1.00000000,0.99984105,0.99987804,width2_d1_m8,1
59,3,127.16861318779597,11.483949850716442,-1.069847918846012,0.10216203427866577,0.8760923949075008,1.3863430505199683,global,10,9.68587309955,21330072.462,21330072.462,1.00000000,0.99262497,0.98545958,width2_d1_m8,1
59,4,125.76281124299025,10.445754277397178,-0.24942207507472466,0.056386587178136105,0.20590945794614968,0.2348748562681368,near_plain,8,9.79011396086,25895446.5322,25895446.5322,1.00000000,0.99950856,0.99924765,width2_d1_m8,1
59,5,125.28667598435688,8.5,0.40073421086658473,0.43931538726171915,0.3306759377293188,0.9394785964766351,local,10,9.82676811735,26295816.6136,26295816.6136,1.00000000,0.99559752,0.99125614,width2_d1_m8,1
59,6,126.47843666037133,8.799919561306575,1.093267411180523,0.7965672044517884,0.5992212568292257,0.3351043094469893,local,10,9.73195582154,25786771.0041,25786771.0041,1.00000000,0.99316764,0.98657461,width2_d1_m8,1
60,1,126.44223814626548,8.5,0.6190670603456142,-0.14501403368160282,0.31785438851685643,0.3657518420002203,local,10,9.73511941765,26944696.973,26944696.973,1.00000000,0.99773838,0.99562144,width2_d1_m8,1
60,2,124.70636383654188,10.035358851711727,-0.08221169199315856,-0.07335065680631139,-0.01645965727028101,0.029688724078247353,near_plain,8,9.8725456155,25641856.4315,25641856.4315,1.00000000,0.99985824,0.99993397,width2_d1_m8,1
60,3,124.37415892431622,10.61078276963976,0.0285756870928347,-0.17337507150648965,0.24484559661415023,-0.2129286258116172,near_plain,10,9.89980494804,23870866.6212,23870866.6212,1.00000000,0.99956088,0.99936969,width2_d1_m8,1
60,4,124.59754055727387,9.498286971595855,0.011974079847453675,0.029686994383269286,0.038852072241107705,0.018494108378428756,near_plain,8,9.88035575365,25504699.1815,25504699.1815,1.00000000,0.99989419,0.99998284,width2_d1_m8,1
60,5,125.14743782750897,10.552385920572458,0.08926918694085242,0.04002027963148713,-0.01594484132559011,0.007543280429230498,near_plain,10,9.83847213426,26211130.0736,26211130.0736,1.00000000,0.99985695,0.99995424,width2_d1_m8,1
60,6,126.07274661908409,9.984654065472066,0.2934335032956852,-0.30335648335438575,0.4728766556007604,-0.0021825334204258473,medium,8,9.76497360135,25555505.6961,25555505.6961,1.00000000,0.99883419,0.99790259,width2_d1_m8,1
61,1,124.62877747304991,9.481384039211632,0.1401537988811587,0.20354822102955217,-0.014482972525172194,-0.1701353260605856,near_plain,8,9.87794280286,25526422.9218,25526422.9218,1.00000000,0.99963852,0.99946713,width2_d1_m8,1
61,2,125.93187989594128,8.696052159522198,0.28886548207733403,-0.15846087527625186,0.19376848764575352,0.43354162623250814,local,10,9.77501382792,27115693.6873,27115693.6873,1.00000000,0.99878480,0.99770640,width2_d1_m8,1
61,3,123.01985150559217,8.63565870807736,-1.3894687532962584,1.6054913897116796,-1.402872589161448,1.7083989400842587,global,10,10.0152535182,18163649.0497,18163649.0497,1.00000000,0.95253714,0.90702787,width2_d1_m8,1
61,4,125.93302909013353,8.827632488488533,1.117191524165196,-0.5032425330915775,0.18887495369577278,0.7986503269930942,local,10,9.77675286901,26961997.6965,26961997.6965,1.00000000,0.99197638,0.98405667,width2_d1_m8,1
61,5,124.72858310240301,10.2824320766317,-0.04459280208511521,0.11163016076364421,0.01854308961676579,-0.07479498527983455,near_plain,8,9.8710934418,25737195.432,25737195.432,1.00000000,0.99983750,0.99990349,width2_d1_m8,1
61,6,125.57430969901776,11.118280096456669,0.36817592549250455,-0.1626083362734263,0.5451149231988179,0.7165981262800136,medium,10,9.80644036057,23675780.0325,23675780.0325,1.00000000,0.99784307,0.99593354,width2_d1_m8,1
62,1,123.4254221395638,10.300593714871065,0.7756833971941424,1.1251238479077572,-0.8575640129368284,1.1517516407563373,medium,10,9.97690991484,22344560.5769,22344560.5769,1.00000000,0.99183708,0.98392128,width2_d1_m8,1
62,2,124.32548917893371,9.926555674407538,0.023512571225620338,0.03629917617474385,-0.03044694609135184,0.04298897023643461,near_plain,8,9.90268123861,25572860.8922,25572860.8922,1.00000000,0.99988114,0.99997628,width2_d1_m8,1
62,3,124.03376507361905,10.321647669822347,0.5168703819853965,-0.07535678794865186,0.13909906667716354,0.5946383470656283,medium,10,9.92722720669,24775888.4031,24775888.4031,1.00000000,0.99836488,0.99692872,width2_d1_m8,1
62,4,125.60282949435646,8.847439451109187,0.961053882442353,0.3748883373803822,-0.46581100977163326,0.09979946135953158,local,10,9.79981171157,26017160.8632,26017160.8632,1.00000000,0.99530005,0.99082099,width2_d1_m8,1
62,5,125.36684721026079,10.833750796646914,0.20291699895607185,-0.020584332152659174,0.14863048778623178,-0.11605704172083678,near_plain,10,9.82161309354,23534554.4401,23534554.4401,1.00000000,0.99970828,0.99967054,width2_d1_m8,1
62,6,125.03240312267714,8.5,0.581859672795635,1.1046374984610856,0.05652790582816894,0.18318127072092827,local,10,9.84474242236,27396510.458,27396510.458,1.00000000,0.99452888,0.98923892,width2_d1_m8,1
63,1,124.15820390636183,9.53098412741743,-0.5095601769202287,0.11011096845499013,-0.40080880628532045,-0.1520226213564274,medium,8,9.91520890274,25232778.3782,25232778.3782,1.00000000,0.99852255,0.99726196,width2_d1_m8,1
63,2,127.31973751950466,9.554015970919346,0.7286818772283481,-1.2117566679971343,-0.5116178497820933,-0.9899274268197452,global,10,9.6704096867,24246903.7499,24246903.7499,1.00000000,0.99250243,0.98516833,width2_d1_m8,1
63,3,125.68797232586101,9.766428476307434,-0.7599332611689138,-0.7949113759469365,-0.5499084370061652,0.23956367151951352,medium,8,9.7945317012,24951965.833,24951965.833,1.00000000,0.99587375,0.99199576,width2_d1_m8,1
63,4,125.55756507355889,8.5,0.7085608106561799,0.008463730604149358,0.013390155658791786,0.959182996602298,local,10,9.80604690682,27008417.4254,27008417.4254,1.00000000,0.99497268,0.98997957,width2_d1_m8,1
63,5,123.81828252985095,10.382259026926716,0.24879524004289966,0.7123535588398366,0.22926278115916077,-0.7753061052528017,medium,10,9.94513531376,23263530.3981,23263530.3981,1.00000000,0.99676281,0.99371110,width2_d1_m8,1
63,6,124.33634700116488,9.798324860221072,-0.40227060788701124,0.35982790772031775,0.006329359461080819,-0.2951660742271193,near_plain,8,9.90178572588,25519270.6908,25519270.6908,1.00000000,0.99897255,0.99814502,width2_d1_m8,1
64,1,124.75841984305336,9.648029878519989,-0.0379885689510846,0.1122558346945586,-0.04910613249192369,-0.1774056530695738,near_plain,8,9.86794267372,25775975.2636,25775975.2636,1.00000000,0.99977425,0.99974514,width2_d1_m8,1
64,2,126.50977490363123,8.607274379347114,-0.0473982198282914,-0.185952200853998,-0.2768761080224609,0.723326411212049,local,10,9.73100367313,26733980.4757,26733980.4757,1.00000000,0.99781847,0.99572925,width2_d1_m8,1
64,3,125.47294626987487,8.5,0.07425583946402003,-0.15365450975606385,0.44566201461725385,-0.25916513146974895,local,10,9.80987900618,26741714.756,26741714.756,1.00000000,0.99885312,0.99788048,width2_d1_m8,1
64,4,125.49022916398759,10.130407200021642,0.018180202978127034,0.0034966045602933225,-0.010378994743618484,0.009283798631511537,near_plain,8,9.81092542298,25899486.0109,25899486.0109,1.00000000,0.99988927,0.99999731,width2_d1_m8,1
64,5,125.44317386477724,10.511887525751662,-0.03779670403491853,0.26576714457689343,0.06130379842101841,0.42291868988433,medium,8,9.81549960082,23829961.5233,23829961.5233,1.00000000,0.99930416,0.99882759,width2_d1_m8,1
64,6,125.63200333040957,8.574671452988204,0.3747958769761972,-0.0833295704077136,-0.4398083997322343,0.3300251237760984,local,10,9.79766171388,26694847.6205,26694847.6205,1.00000000,0.99824219,0.99665502,width2_d1_m8,1
65,1,125.48684527299966,11.697385244671878,-0.3403666244910431,-0.23667661056901562,0.13831310788182438,-0.17962097444457276,medium,10,9.8136470543,22336219.0755,22336219.0755,1.00000000,0.99942290,0.99914349,width2_d1_m8,1
65,2,125.24347524694475,8.5,0.9766903572574708,-0.11928525309817037,-0.122584986083594,1.0792956873281327,local,10,9.83150961439,26822881.1914,26822881.1914,1.00000000,0.99180005,0.98363211,width2_d1_m8,1
65,3,126.34683823062677,10.254954926683174,0.7230261217291643,1.0917989808909587,0.04464606747026756,0.7524402319055126,medium,8,9.74533056407,24800955.4387,24800955.4387,1.00000000,0.99511734,0.99043065,width2_d1_m8,1
65,4,124.46486575351324,11.190371612151658,-0.6997841145032472,-0.06495406783036906,0.33992933229819156,-0.9024084222375488,medium,10,9.89482525801,22964499.9492,22964499.9492,1.00000000,0.99703546,0.99428762,width2_d1_m8,1
65,5,125.35647696968763,10.18887691560927,0.1250178709768958,0.03199837371090858,0.136963917671822,-0.03328321469879961,near_plain,8,9.82148743647,26020030.4741,26020030.4741,1.00000000,0.99979863,0.99982099,width2_d1_m8,1
65,6,126.47715611301037,8.5,0.023424711291954687,0.10511459778721799,-0.1217370473309203,-0.4034058683132509,local,10,9.73260151554,27579575.8242,27579575.8242,1.00000000,0.99927626,0.99868227,width2_d1_m8,1
66,1,123.0826605296062,9.173122162789644,-0.49133745050792105,-0.3418020553293475,0.5044047869490242,0.1796450594960659,medium,10,10.0012771456,24729944.9921,24729944.9921,1.00000000,0.99802349,0.99626058,width2_d1_m8,1
66,2,126.551419269768,8.5,0.2496501495179918,-0.333011001916885,-0.06112771036548661,0.6377213021831798,local,9,9.72764641532,27455038.164,27455038.164,1.00000000,0.99779590,0.99568262,width2_d1_m8,1
66,3,126.06727138167413,8.523838325376646,0.5743042846112882,0.5449404057677844,0.41989035469488545,0.05482250553361533,local,10,9.76352284795,26711042.6669,26711042.6669,1.00000000,0.99711599,0.99441676,width2_d1_m8,1
66,4,124.54679693904207,11.285591867812236,0.42016078084920117,-0.23812660207738218,-0.4655113715409992,-0.6125132819441133,medium,10,9.88749135083,21697033.8627,21697033.8627,1.00000000,0.99822753,0.99672507,width2_d1_m8,1
66,5,125.24117856285716,9.873710091597953,0.1936750333022999,0.32201576009921257,-0.19114180937596853,-0.3929802975568832,near_plain,8,9.83038124281,25790005.1636,25790005.1636,1.00000000,0.99901505,0.99822407,width2_d1_m8,1
66,6,125.909640869513,10.581749178955171,0.9094592783707576,-1.304225154656711,1.3854156922541336,-0.9380561026725275,global,8,9.77720008564,20531246.6511,20531246.6511,1.00000000,0.98729051,0.97511065,width2_d1_m8,1
67,1,125.51546929733146,8.79534865449356,0.5307175524095996,0.6785473814597176,0.031260870552435406,1.1537419468440844,local,10,9.81037687664,26313790.2823,26313790.2823,1.00000000,0.99398212,0.98798749,width2_d1_m8,1
67,2,124.561291567853,9.968953653040481,-0.004886214087631478,0.013460928084683185,0.01232887953082857,0.015598542111305461,near_plain,8,9.88395514033,25441935.2636,25441935.2636,1.00000000,0.99989091,0.99999692,width2_d1_m8,1
67,3,125.53754070723234,12.296745473396749,1.2016174474286943,1.6922417755899675,1.7870688933356553,-0.05066422289765615,global,10,9.80760078917,16529773.1458,16529773.1458,1.00000000,0.98447618,0.96975573,width2_d1_m8,1
67,4,124.77476144057121,8.596065226494641,0.094963034647014,0.5758012248859032,0.02850017503089024,0.6132043712549229,local,10,9.86615973762,26829595.8176,26829595.8176,1.00000000,0.99755197,0.99521287,width2_d1_m8,1
67,5,125.69212028275125,10.295469775488153,0.12563390481781334,0.26575508077524035,0.20567501848461434,0.46878950905104966,medium,8,9.79573920588,25408686.6302,25408686.6302,1.00000000,0.99907947,0.99836646,width2_d1_m8,1
67,6,124.4935519735952,10.402291472327473,0.3532205507809891,0.42617555086736875,0.24751720546459471,-0.29949438820486995,near_plain,10,9.89003846966,24624354.1665,24624354.1665,1.00000000,0.99874066,0.99771332,width2_d1_m8,1
68,1,125.79706209198694,8.602335402448928,0.917743569812575,0.5542859118752825,-0.036308289502450075,-0.21293122244571347,local,10,9.78519125327,27381313.0029,27381313.0029,1.00000000,0.99555789,0.99127469,width2_d1_m8,1
68,2,125.39843121908247,10.794059954705176,-1.1526809291195432,0.886349466720882,-1.5539485623037066,-1.645361167284557,global,10,9.82031893151,18526590.1255,18526590.1255,1.00000000,0.98419517,0.96888802,width2_d1_m8,1
68,3,122.63787839922415,10.509443340639043,0.9667561031623517,-0.9390626041360078,-0.9943646811024773,0.5664178570395006,global,10,10.0395734159,20712714.4773,20712714.4773,1.00000000,0.99159301,0.98354795,width2_d1_m8,1
68,4,124.9935415087488,10.239732935680404,-0.186074299309437,0.06656455393258265,-0.1937947923391793,-0.2838464509429181,near_plain,8,9.85017113593,25581752.872,25581752.872,1.00000000,0.99950954,0.99924037,width2_d1_m8,1
68,5,124.59795740365827,10.63745883284485,0.011636588224585132,0.05813193508406317,-0.09298257005309085,-0.34020182170080226,near_plain,10,9.88221965151,23830684.6968,23830684.6968,1.00000000,0.99959803,0.99943248,width2_d1_m8,1
68,6,125.40555763208177,8.5,-0.09024863309573797,0.9851149809899226,-0.18424536427301677,0.9416446717542398,local,10,9.81797197573,27376526.6239,27376526.6239,1.00000000,0.99319699,0.98644642,width2_d1_m8,1
69,1,124.72333534718535,11.205217671458673,-0.880602157028915,0.7963213929191617,-0.5571944248169377,1.068045908639776,global,10,9.87498549957,22705448.0304,22705448.0304,1.00000000,0.99311650,0.98645578,width2_d1_m8,1
69,2,125.27931083364572,8.663668204365322,-0.35528271235571274,0.8482457592011108,0.11561295253527783,1.2649588662421487,local,10,9.83021311197,26481435.9698,26481435.9698,1.00000000,0.99052509,0.98103629,width2_d1_m8,1
69,3,124.88063634065036,11.737890565032204,-1.6667052977056338,-1.5656576008143204,-0.9565323898745591,-0.5360793490941584,global,10,9.86152219832,21093660.595,21093660.595,1.00000000,0.98588025,0.97226714,width2_d1_m8,1
69,4,125.4264343822292,8.5,0.26142156131749317,-0.12016356468860379,0.1944282930845468,1.048878574971884,local,10,9.81679477308,27535686.509,27535686.509,1.00000000,0.99568241,0.99137168,width2_d1_m8,1
69,5,126.43381250108985,8.5,0.7043812696850176,-0.39961193442413223,-0.24164236779375364,-0.14155640861747715,local,9,9.73537003191,26932011.8295,26932011.8295,1.00000000,0.99732234,0.99481077,width2_d1_m8,1
69,6,123.58355146727182,9.794559003566405,-1.0995341455039411,-1.2636613981959708,0.9330944045869916,-0.888766088106297,global,8,9.96303390225,20816487.1543,20816487.1543,1.00000000,0.98491669,0.97022841,width2_d1_m8,1
70,1,125.12916678734757,8.633843583726536,-0.24926797849468685,-0.20171838247168491,-0.06682058352956033,0.10002515805749501,local,10,9.83729330366,27032426.0426,27032426.0426,1.00000000,0.99953088,0.99922079,width2_d1_m8,1
70,2,125.88409535540391,9.077366339996711,0.1276460806351153,0.6980108338264224,0.5732158487782972,0.6086963356574826,medium,10,9.7789399672,25609560.1784,25609560.1784,1.00000000,0.99594918,0.99208465,width2_d1_m8,1
70,3,124.38061453666394,10.975164927976554,0.5194833826450544,-0.07873381933396995,0.09501591426702283,-1.1100369786261663,medium,10,9.90200855608,23269074.1754,23269074.1754,1.00000000,0.99679816,0.99375652,width2_d1_m8,1
70,4,126.28912125305673,11.383899379180159,0.6367623615265439,-0.049930212653187755,-0.49427003029959526,0.1543179852502965,medium,10,9.75042249452,22790458.7506,22790458.7506,1.00000000,0.99838251,0.99706352,width2_d1_m8,1
70,5,126.88137553145962,11.313222467207652,-0.17217276284598093,0.3524081215117061,-0.4114589825549009,-0.2770605957461644,medium,10,9.70493661975,22418802.409,22418802.409,1.00000000,0.99908841,0.99845490,width2_d1_m8,1
70,6,125.04000631794663,8.980637188744154,-0.09305249051565659,0.6291577925350547,0.3381036206534875,0.41543949517708534,local,10,9.84490807752,26198989.5002,26198989.5002,1.00000000,0.99753123,0.99523105,width2_d1_m8,1
71,1,122.83897608052551,11.47415393492417,1.2394753534414726,-0.23413973024350088,-1.2505443355396384,1.0328711559789814,global,10,10.025181061,19850531.7771,19850531.7771,1.00000000,0.98982629,0.98009409,width2_d1_m8,1
71,2,124.28094307490431,8.568833900032404,0.13494101763116623,0.9334936438359815,-0.10301935569647716,1.0575836616891543,local,10,9.90742932952,27355205.222,27355205.222,1.00000000,0.99329407,0.98662200,width2_d1_m8,1
71,3,124.40795137347754,11.032138525696286,0.08094426285333056,-1.3602654391691502,1.1999380447913177,-0.36995626988272123,medium,10,9.89585578138,20036130.7006,20036130.7006,1.00000000,0.99087161,0.98222769,width2_d1_m8,1
71,4,122.88860652411032,10.648732322521683,-1.4366388594325783,-0.44420762786215073,0.33125785542735464,1.3202154775957775,global,10,10.0227560876,23630201.4066,23630201.4066,1.00000000,0.99183283,0.98382697,width2_d1_m8,1
71,5,125.91993176809152,8.717619241962952,-0.5520816009101892,-0.046284337595925484,0.5453910875721902,0.16657986673851105,local,10,9.77506779712,26283809.4534,26283809.4534,1.00000000,0.99795295,0.99610218,width2_d1_m8,1
71,6,123.33850626643641,9.744416961558315,0.5567547368148043,0.6033789016874251,-0.2537907599301701,-0.4548609195853728,medium,8,9.98213913272,25376604.918,25376604.918,1.00000000,0.99713577,0.99446493,width2_d1_m8,1
72,1,125.04973972182331,8.610691147485047,0.2790905225277633,0.8760607511847208,-0.20030516428304537,1.2972002532303637,local,10,9.84784080754,26660350.3315,26660350.3315,1.00000000,0.99192765,0.98383741,width2_d1_m8,1
72,2,125.42276466188304,8.794374427109572,0.07696864638517165,0.3446898777394861,0.10274899973972651,1.2436504044624341,local,10,9.81837186677,25945585.9404,25945585.9404,1.00000000,0.99459451,0.98916225,width2_d1_m8,1
72,3,123.34300765732227,9.241843439489445,-0.41933091468893935,0.010963242645402604,-0.3064748205877369,0.09362962031684607,medium,10,9.98048224311,24989680.0787,24989680.0787,1.00000000,0.99900075,0.99819948,width2_d1_m8,1
72,4,124.83731858840459,10.122794398410987,-0.5235292726488687,-0.11811990003136419,-0.062475688583816136,0.3607278047778665,medium,8,9.86254479251,25386569.4782,25386569.4782,1.00000000,0.99887565,0.99795991,width2_d1_m8,1
72,5,125.83089662700108,11.458138779455968,0.7680686962750558,0.614421018955585,0.06173296855329102,0.40970914701249694,medium,10,9.78655658636,23436484.8474,23436484.8474,1.00000000,0.99785141,0.99597855,width2_d1_m8,1
72,6,124.56089409831887,10.058609241965769,0.11597300721949941,0.09850343657129099,0.1307251570199642,-0.16149805426657843,near_plain,8,9.88411509823,25696638.9935,25696638.9935,1.00000000,0.99972229,0.99966260,width2_d1_m8,1
73,1,126.15858048667853,9.833735236353217,1.2208200243649623,0.336858392368097,-1.378386402604862,1.816136732938919,global,8,9.76168077981,12432144.236,12432144.236,1.00000000,0.97964552,0.95974654,width2_d1_m8,1
73,2,126.44180486835572,8.5,0.34888257668631284,0.2472454971724717,-0.15756518726380767,-0.6165328247724986,local,10,9.73591628127,27199486.6805,27199486.6805,1.00000000,0.99775621,0.99561102,width2_d1_m8,1
73,3,125.79250302297646,8.5,0.4369983123909154,-0.20261043298090897,0.5931028366742646,0.4363620819112819,local,10,9.78499230759,26186390.4072,26186390.4072,1.00000000,0.99716337,0.99450418,width2_d1_m8,1
73,4,124.459917373051,10.207505898739242,0.024099671478494726,-0.028976681607949528,0.03217178679895897,-0.025606685542020027,near_plain,8,9.89233413256,25712771.3203,25712771.3203,1.00000000,0.99987895,0.99998457,width2_d1_m8,1
73,5,126.33136966427826,11.356435283900563,-0.27616384587216614,-0.11632905519079273,-0.08259034961257439,-0.6213098847037077,medium,10,9.74801029477,24304141.3921,24304141.3921,1.00000000,0.99891266,0.99806831,width2_d1_m8,1
73,6,125.6988731493343,8.635638664988512,0.24560630942331985,0.7927425132393402,-0.11592078498198313,0.08790390358005182,local,10,9.79264921062,27315736.6048,27315736.6048,1.00000000,0.99763221,0.99542542,width2_d1_m8,1
74,1,125.37621120490697,8.524211356342509,0.5860856310886297,0.3268184379657152,-0.039883068623385455,0.4454045310173419,local,10,9.81822139648,27189305.773,27189305.773,1.00000000,0.99785420,0.99584106,width2_d1_m8,1
74,2,125.38088062078059,10.49559921903904,0.11654586634413977,-0.11053701148367207,0.29319222934499123,-0.1041299248853339,near_plain,8,9.81991114501,25183776.8013,25183776.8013,1.00000000,0.99958956,0.99942271,width2_d1_m8,1
74,3,126.75568700900412,8.837775125638439,-0.506247397249391,-0.04418234517823233,0.5117655300680574,0.1823126001454589,local,10,9.71077097958,26389537.4234,26389537.4234,1.00000000,0.99822877,0.99664907,width2_d1_m8,1
74,4,124.60559315912587,11.045028986094335,-0.7427516601565236,0.8087054887517775,0.43411649112993667,0.47091498982999824,medium,10,9.88233740791,22631510.9101,22631510.9101,1.00000000,0.99612650,0.99252133,width2_d1_m8,1
74,5,124.31113817186225,10.495178560344518,0.4609013776778109,-0.3073563970244645,-0.4588265099313307,0.40127942710036035,near_plain,10,9.90470032681,23423524.3666,23423524.3666,1.00000000,0.99818204,0.99661022,width2_d1_m8,1
74,6,126.76523703895883,9.467682109506475,0.1667293270343051,0.6109323331596881,-0.8805610367654344,0.17647397166772283,medium,10,9.71011314008,23892626.9797,23892626.9797,1.00000000,0.99661781,0.99350910,width2_d1_m8,1
75,1,125.16432825497995,10.30792645510884,-0.21732814868199846,0.8134670264742545,-0.5305785062181351,-0.18925950696639915,medium,8,9.83652943491,24636087.2135,24636087.2135,1.00000000,0.99766126,0.99557559,width2_d1_m8,1
75,2,125.23658189042649,8.912791135903035,-0.24770691739940914,-0.3916109208586811,0.05792907910588631,0.23974623613955084,local,10,9.82925421289,26587321.3799,26587321.3799,1.00000000,0.99908497,0.99833254,width2_d1_m8,1
75,3,124.87511451754486,9.637603660969946,0.012869682364056004,-0.01078542124759388,0.004053543769770365,0.012620411016249278,near_plain,8,9.8586075834,25777525.5454,25777525.5454,1.00000000,0.99989897,0.99999715,width2_d1_m8,1
75,4,126.9449774168672,9.559595492298318,1.0320797166768831,-0.9749055868114154,-0.5225739394112108,-1.1256739850387008,medium,10,9.69932668862,24141744.8807,24141744.8807,1.00000000,0.99151904,0.98320713,width2_d1_m8,1
75,5,127.08008493555064,8.679932084813773,-0.30354827228295267,-1.423493251792485,0.253867429707373,-0.9894537641822293,local,8,9.68893948162,26577172.5143,26577172.5143,1.00000000,0.98726626,0.97468724,width2_d1_m8,1
75,6,122.16011362294245,8.578842793053791,0.6851432123298322,-0.027607392240061146,0.5011089417402754,0.6385966594862444,global,10,10.0772267982,25727182.6224,25727182.6224,1.00000000,0.99624158,0.99262714,width2_d1_m8,1
76,1,126.10863115418174,8.588035222553012,0.5467969219263185,-0.8503448075812468,0.3762324826521083,-0.5568687250509743,local,10,9.76098552053,26850319.5904,26850319.5904,1.00000000,0.99516424,0.99049300,width2_d1_m8,1
76,2,123.92868680793693,10.476297828002886,0.39893396536735404,0.32925049828187314,-0.12629791621569897,-0.4736274385935799,medium,10,9.9356321467,24119518.9826,24119518.9826,1.00000000,0.99863791,0.99749559,width2_d1_m8,1
76,3,125.27191505552004,11.496165147314395,0.6166356198917475,0.8027285746572537,0.9026483012506108,0.37084071314095435,global,10,9.82945542739,21666459.3852,21666459.3852,1.00000000,0.99591626,0.99219416,width2_d1_m8,1
76,4,122.6943266130205,8.911847609767744,0.13160373193198982,1.36055887861056,1.3678863683824365,1.1213728812501174,global,10,10.0313694332,19537594.6436,19537594.6436,1.00000000,0.97957344,0.95986731,width2_d1_m8,1
76,5,126.5923677209051,8.591638631462462,0.003291374444490791,0.3242171744276514,-0.1182858965995407,0.16484966766877798,local,10,9.72349901643,27570530.7114,27570530.7114,1.00000000,0.99943607,0.99902430,width2_d1_m8,1
76,6,124.68155767222794,9.975356281040865,0.004173031425635389,0.006749275002755226,-0.0047973275208346225,-0.052204910052743345,near_plain,8,9.87436599033,25612072.5977,25612072.5977,1.00000000,0.99988565,0.99998593,width2_d1_m8,1
77,1,124.49687836813487,9.86464800411884,0.3290814763307196,-0.3014446806090676,-0.19752703987341316,-0.19801457850351248,near_plain,8,9.88890789978,25389712.4354,25389712.4354,1.00000000,0.99919767,0.99860655,width2_d1_m8,1
77,2,126.81157301194071,8.5,0.9276046565492081,-0.14166050946069056,-0.020087542960566585,-0.03844803654920491,local,8,9.70645817752,27301214.4674,27301214.4674,1.00000000,0.99682600,0.99381041,width2_d1_m8,1
77,3,124.62523577779318,9.459835507184767,-0.4132789904609262,0.12348628947739243,-0.3245660361519993,-0.25719255333456004,near_plain,8,9.87811403112,25053558.1677,25053558.1677,1.00000000,0.99883764,0.99787522,width2_d1_m8,1
77,4,126.97319697143897,9.023953652892695,-0.08235253635505473,-0.18377544021789644,-0.059449948154972204,-0.01229771723947276,local,10,9.69475756281,26996156.3125,26996156.3125,1.00000000,0.99977809,0.99972449,width2_d1_m8,1
77,5,126.48979280805284,8.691813253023819,-1.3123068932521964,-0.6912044215674049,0.030374491297805006,0.07632711720238428,local,10,9.73142705289,27848002.0954,27848002.0954,1.00000000,0.99269801,0.98559898,width2_d1_m8,1
77,6,125.78049351802687,8.728855446144044,0.2260009664579784,0.28261313914966424,-0.36403606709259345,-0.4893810163998461,local,10,9.78682626582,26538267.1685,26538267.1685,1.00000000,0.99818945,0.99652384,width2_d1_m8,1
78,1,124.6447485331436,10.540577740970345,0.17986271264449172,0.06408282610445715,0.2292824469274678,-0.24115148244734247,near_plain,10,9.87818070463,24891057.4885,24891057.4885,1.00000000,0.99954118,0.99932330,width2_d1_m8,1
78,2,126.43129552058248,8.626942604450642,0.4284438879592011,0.37810921156228033,0.14370364944189773,-0.42670326278900106,local,10,9.73639143178,26821294.696,26821294.696,1.00000000,0.99798334,0.99609696,width2_d1_m8,1
78,3,126.11278160044044,8.5,0.09159289612394361,0.3739353772961017,0.4790724909646298,0.3017698815197515,local,10,9.76002382395,26545512.6366,26545512.6366,1.00000000,0.99817913,0.99653497,width2_d1_m8,1
78,4,124.90562169832447,10.042126955068168,-0.17467335399650158,-0.10845956827976325,0.10686037367665846,-0.13969978303307795,near_plain,8,9.85675259856,25551171.7717,25551171.7717,1.00000000,0.99970607,0.99962808,width2_d1_m8,1
78,5,124.9643722781436,10.455592620401223,0.1742665624711346,-0.08629288385415929,0.38873369521374723,-0.015503679063570197,medium,9,9.85256227112,25570098.3788,25570098.3788,1.00000000,0.99942660,0.99910404,width2_d1_m8,1
78,6,126.53712399831225,8.5,0.8487662139229805,0.3232717278787021,0.9569262577052143,-0.2174435629672447,local,8,9.7260129839,24652527.687,24652527.687,1.00000000,0.99391906,0.98813121,width2_d1_m8,1
79,1,125.36298914333484,10.554610306986556,0.001852380805637835,0.034060646949142515,0.01836448790211058,0.06705411782832721,near_plain,9,9.82150845503,25142642.541,25142642.541,1.00000000,0.99986656,0.99997216,width2_d1_m8,1
79,2,125.51392004231452,9.4839291713408,-0.01349971345739509,0.2343336773120464,0.292262887964062,-0.433093630280134,near_plain,8,9.80841631371,3195460.74822,3195460.74822,1.00000000,0.99490966,0.98988646,width2_d1_m8,1
79,3,124.67528652523318,9.31592091122455,-0.00015183462500456546,0.035974373797316495,-0.24593373850202743,0.12861536499008974,medium,10,9.87393797569,25752180.972,25752180.972,1.00000000,0.99966971,0.99953112,width2_d1_m8,1
79,4,126.54547574805737,9.005765420013638,-0.36688298231887706,-0.4753757584188851,-0.20821741765767787,0.38393209269784845,medium,10,9.72780309985,26718399.3801,26718399.3801,1.00000000,0.99834980,0.99685721,width2_d1_m8,1
79,5,125.01374380541164,9.687210030127094,-0.10911156538859557,-0.06315040045894926,-0.12631122245548687,0.3103645238455754,near_plain,8,9.84788520196,25577486.4205,25577486.4205,1.00000000,0.99956390,0.99931915,width2_d1_m8,1
79,6,126.37491749286636,9.01238715189594,0.5521239835153084,-0.9303686573266627,-0.6548304174859617,0.23186380622167202,medium,10,9.74022112777,25338063.0751,25338063.0751,1.00000000,0.99474727,0.98972034,width2_d1_m8,1
80,1,125.17642043371663,8.5,0.8471447946376638,-0.3768511789876629,0.29539908278015947,0.9581007569716897,local,10,9.83620086815,26892097.984,26892097.984,1.00000000,0.99277227,0.98559429,width2_d1_m8,1
80,2,126.49378603372438,8.530992794397566,0.42633877818963195,1.1346102271969913,0.10648148597714216,0.16949104107508903,local,9,9.73086406816,27107219.5195,27107219.5195,1.00000000,0.99469487,0.98956917,width2_d1_m8,1
80,3,125.56525985412817,9.440953280145985,0.26869936007627687,-0.1983467195072643,-0.4589795721157486,-0.35081804571332764,near_plain,10,9.8040233354,25204410.7236,25204410.7236,1.00000000,0.99862522,0.99744935,width2_d1_m8,1
80,4,124.41821238988899,10.85174612101959,0.4599677814834203,0.05419766944727622,0.5885365335437959,-0.2343307736519054,near_plain,10,9.89639444539,22948967.7375,22948967.7375,1.00000000,0.99856057,0.99740532,width2_d1_m8,1
80,5,125.69754237450888,9.28216819148993,1.308394109746652,-1.7017661943652673,-1.5615655427872825,-0.983489778369035,global,10,9.79035838977,19308986.6126,19308986.6126,1.00000000,0.97903242,0.95890406,width2_d1_m8,1
80,6,125.2840190058059,9.711251975760817,-0.03299384464764054,0.025871241035591686,0.03013580866923754,-0.006237967207192663,near_plain,8,9.82648689054,25537720.0198,25537720.0198,1.00000000,0.99989204,0.99998508,width2_d1_m8,1
81,1,126.30177498336134,8.721038274859021,0.3013231559285027,-0.5574595857219201,-0.08964162253480108,0.5688801715744727,local,10,9.74687226938,26916670.4165,26916670.4165,1.00000000,0.99731244,0.99473755,width2_d1_m8,1
81,2,126.9353630839337,8.5,-1.3908204704672047,-1.0280532140763552,0.08840645321535842,-0.2751142426198848,local,8,9.69775635082,27348264.4354,27348264.4354,1.00000000,0.98818944,0.97661687,width2_d1_m8,1
81,3,124.20100131737944,10.572420216000886,0.13957297529164847,-0.18167168632434566,-0.2697844399602008,0.04322051047104514,near_plain,10,9.91345958783,24387980.4827,24387980.4827,1.00000000,0.99957884,0.99940986,width2_d1_m8,1
81,4,126.86345380340069,9.62192178421232,0.12423978502780475,0.5007000772594654,0.7089294144354432,0.3428815362972595,medium,8,9.70332473114,24004462.8701,24004462.8701,1.00000000,0.99723133,0.99470858,width2_d1_m8,1
81,5,125.28705779838427,8.5,1.094857306910849,0.3076751073124018,-0.4056371519514116,0.2283944537433467,local,10,9.8242189035,26017035.8099,26017035.8099,1.00000000,0.99412003,0.98845580,width2_d1_m8,1
81,6,125.53956466487821,8.802486238561618,0.8732136592243864,0.38598800872857164,-0.07450417947134896,-0.2864726819481933,local,10,9.80553002445,26447418.5184,26447418.5184,1.00000000,0.99639476,0.99294731,width2_d1_m8,1
82,1,124.60970545157389,11.552812950559906,0.2954130245764939,0.47498853571538346,-0.1974687505055227,0.21880600685887064,medium,10,9.88258853322,22831584.3945,22831584.3945,1.00000000,0.99912839,0.99855217,width2_d1_m8,1
82,2,125.26934875655492,10.762213840969796,0.36000280903682946,0.5869131195410467,0.27377647499354774,0.40252773099966843,near_plain,10,9.82936145112,24428311.3144,24428311.3144,1.00000000,0.99837477,0.99699482,width2_d1_m8,1
82,3,126.82666234882745,10.311807854907482,0.04604852772448892,0.3761783480934966,-0.17625102414028304,0.032771668680761534,medium,8,9.70759475526,26006011.3826,26006011.3826,1.00000000,0.99948591,0.99919594,width2_d1_m8,1
82,4,126.09225907943964,8.5,0.6028995840342388,0.24933927103132747,-0.28116955739481275,0.0993372862187106,local,10,9.76174057568,27338599.7091,27338599.7091,1.00000000,0.99802517,0.99621833,width2_d1_m8,1
82,5,124.74628791988181,9.818767634591762,-0.1663870527661504,0.07682657993868491,-0.338228644479522,0.34670459569204903,near_plain,8,9.86915011744,25545115.1445,25545115.1445,1.00000000,0.99917214,0.99855080,width2_d1_m8,1
82,6,126.24948170553743,8.829098757571101,0.015506599040658035,0.5690355282847098,-0.6254009685994651,0.26729927677246995,local,10,9.74966324077,25932200.8481,25932200.8481,1.00000000,0.99751442,0.99523443,width2_d1_m8,1
83,1,123.38790648448057,11.599073036757312,0.010591698841847741,0.9867123070259778,0.1973088888506198,-0.3649935934956845,medium,10,9.98084654645,22146337.8095,22146337.8095,1.00000000,0.99757259,0.99544750,width2_d1_m8,1
83,2,125.92559102600498,8.5,-0.1853642621439283,-0.6092432729319445,0.11669362070187557,0.409223008977908,local,10,9.77518616913,27019590.3513,27019590.3513,1.00000000,0.99793204,0.99599960,width2_d1_m8,1
83,3,123.67343529670764,10.910430668580425,0.05237629945070765,0.3414453372592987,0.06839659537743104,-0.16935739532674254,medium,10,9.95651908419,21551995.3741,21551995.3741,1.00000000,0.99953472,0.99933263,width2_d1_m8,1
83,4,125.44944652209126,8.561341931486298,-0.1340637600533508,0.49133686004945754,0.5854855380217571,0.10903545807884922,local,10,9.81133383799,25986564.8954,25986564.8954,1.00000000,0.99753057,0.99527223,width2_d1_m8,1
83,5,125.55841004227997,8.5,0.5818713487827248,0.5185337555847793,0.030931967068413863,0.3343181299072979,local,10,9.80370981451,27417579.2098,27417579.2098,1.00000000,0.99764467,0.99543469,width2_d1_m8,1
83,6,125.04127237086512,11.536257871916568,0.1981390793898361,0.8572500447771985,-1.3894019093555214,-0.3185061667386859,global,10,9.84685461386,20010926.2688,20010926.2688,1.00000000,0.99454979,0.98955235,width2_d1_m8,1
84,1,125.59479951294085,9.871422548714735,-0.2198755911071363,-0.3356782192758575,-0.38593271015029157,0.18502517895617604,near_plain,8,9.80219900587,25390656.1879,25390656.1879,1.00000000,0.99902095,0.99826134,width2_d1_m8,1
84,2,124.52859929386635,10.057491328376367,-0.05609968297973697,0.14849659060902107,-0.12533548211988998,0.07176678935586914,near_plain,8,9.88661541475,25645282.1973,25645282.1973,1.00000000,0.99977440,0.99976909,width2_d1_m8,1
84,3,126.34979670275166,8.5,0.8467337700356528,0.7706697312675295,-0.056371405933309776,-0.07486422655452421,local,9,9.7420619254,27597224.1617,27597224.1617,1.00000000,0.99517606,0.99051824,width2_d1_m8,1
84,4,126.544643341657,9.504152681595539,0.38332385278330516,0.980614364638291,0.9977201619897047,-0.19114720182703193,medium,10,9.72638890012,23123274.8687,23123274.8687,1.00000000,0.99261127,0.98558062,width2_d1_m8,1
84,5,127.12140994345172,8.925714497143735,0.3709410267378051,0.8385817045114126,-0.28397774725000674,-0.47720517075138946,local,10,9.68395252701,26664799.6854,26664799.6854,1.00000000,0.99611502,0.99237257,width2_d1_m8,1
84,6,126.1411459821671,8.543439882268155,-0.14408513764560432,0.4031563491892381,0.8366949488908566,0.25658088789764766,local,10,9.75683733157,24997823.7951,24997823.7951,1.00000000,0.99627576,0.99281028,width2_d1_m8,1
85,1,125.78020856951186,8.770175231471253,-0.048044564967103506,0.21588350452235797,-0.5425033656521929,-0.03090628995058181,local,10,9.78591372086,26173838.5215,26173838.5215,1.00000000,0.99875777,0.99771849,width2_d1_m8,1
85,2,124.34415123552866,10.133936855205715,-0.16998836988508587,0.24754393839515998,0.5520099132627284,0.022094234924006306,near_plain,8,9.9010367061,25103052.505,25103052.505,1.00000000,0.99884739,0.99795048,width2_d1_m8,1
85,3,124.86344909722737,9.60474851180612,-0.015430103080810387,-0.018876631291670387,0.028410215418306906,-0.0994515346887986,near_plain,8,9.85953129398,25623271.8941,25623271.8941,1.00000000,0.99987078,0.99993832,width2_d1_m8,1
85,4,125.3143023388912,11.879648591758436,-0.35911762528554103,-1.1738177488906527,-0.5330540474790187,-0.4532846764633399,global,10,9.82775418775,22876167.6117,22876167.6117,1.00000000,0.99632710,0.99296950,width2_d1_m8,1
85,5,126.63059430894,10.901661151336922,-0.2851619520329478,-0.21601843086776507,0.5999176124162868,0.6478191900528991,medium,8,9.72385205158,24258364.5072,24258364.5072,1.00000000,0.99796755,0.99618180,width2_d1_m8,1
85,6,126.51753158056319,8.54173298348674,-0.3253614857087529,-0.06391551438523668,-0.6418395883355132,0.22721891341106268,local,10,9.72831922461,26150600.4992,26150600.4992,1.00000000,0.99777436,0.99575902,width2_d1_m8,1
86,1,125.92296878369041,8.55173176390592,0.9095023084993094,1.0476329188190219,0.03716430457069278,-0.5547373254784544,local,10,9.77651198424,27028154.2241,27028154.2241,1.00000000,0.99083045,0.98181116,width2_d1_m8,1
86,2,124.84073998032326,9.781759441451458,-0.036929323043133955,-0.24966399970323308,0.246290844138777,-0.2768560719504042,near_plain,8,9.86156493916,25623164.1022,25623164.1022,1.00000000,0.99934637,0.99889636,width2_d1_m8,1
86,3,127.56539360202872,8.783319854167036,-1.053530963718694,-1.5045657378886181,-0.5423341557084363,-0.10575938808634472,local,8,9.64933525801,26654195.1421,26654195.1421,1.00000000,0.98784987,0.97600482,width2_d1_m8,1
86,4,126.42866084237828,8.5119694429991,0.6462106219448721,0.06612360159803421,0.13112368913477696,-0.3084655947921786,local,10,9.73616516068,26839434.3058,26839434.3058,1.00000000,0.99809936,0.99633883,width2_d1_m8,1
86,5,126.30756453980412,8.5,1.1733466703283133,0.4689813645135405,0.12253152023268502,-0.6839237366412697,local,8,9.74695535138,27255286.627,27255286.627,1.00000000,0.99179564,0.98370597,width2_d1_m8,1
86,6,124.93816166155915,11.177807241293,-0.10126881774863361,-0.28181862907461624,-0.27330600163820673,-0.41177447821696195,medium,10,9.85615836214,23336931.726,23336931.726,1.00000000,0.99918274,0.99862981,width2_d1_m8,1
87,1,126.80078392050618,8.549375646649331,-0.9968730534969271,-0.4958040331897685,-0.06759531882137657,0.006999763795263569,local,8,9.70734510637,27424736.4551,27424736.4551,1.00000000,0.99555683,0.99128270,width2_d1_m8,1
87,2,126.28350579760442,8.5,0.5299113220031155,0.11042593875563324,0.22385635930881806,0.0869791837348173,local,10,9.74701419342,27579241.0585,27579241.0585,1.00000000,0.99877480,0.99770731,width2_d1_m8,1
87,3,124.99211696722399,9.081157328128167,0.4128931836475518,0.19905397561627114,0.473112461530252,0.48695245402434084,medium,10,9.84879484712,25758700.5777,25758700.5777,1.00000000,0.99796816,0.99611196,width2_d1_m8,1
87,4,125.57312803019259,8.599512570131813,0.7425022889549886,0.45481533262147433,0.886546306179332,0.3786339398656884,local,10,9.80116418326,24796292.774,24796292.774,1.00000000,0.99452457,0.98932225,width2_d1_m8,1
87,5,126.20014472962694,8.70570105100392,0.44753187972079506,-0.10493753364594294,0.11655436843412813,0.7585715852062394,local,10,9.75533467415,26568058.779,26568058.779,1.00000000,0.99724108,0.99456267,width2_d1_m8,1
87,6,126.274485921437,8.592903350262576,-0.7319095090422865,-0.1444054092996974,-0.44672569371772364,-0.18885820767953815,local,10,9.7475549438,26749390.7457,26749390.7457,1.00000000,0.99680860,0.99380783,width2_d1_m8,1
88,1,127.22249890901873,9.099022541019806,0.26280045392123075,0.9031816553268133,1.691402632821275,-1.5759541586358128,global,10,9.67646985839,18526347.5164,18526347.5164,1.00000000,0.97685813,0.95444607,width2_d1_m8,1
88,2,123.43265535696047,9.168027404894723,-0.006593600584349657,-0.8062707179813589,-0.21289175983926012,0.0060351955093918,global,10,9.97323504012,25121844.3896,25121844.3896,1.00000000,0.99793725,0.99606031,width2_d1_m8,1
88,3,124.85819570021233,9.187499989603568,-0.10556861854985794,0.26888327057051187,0.3570018255087113,-0.3547396331418808,medium,10,9.85940812245,25922680.9458,25922680.9458,1.00000000,0.99888542,0.99795218,width2_d1_m8,1
88,4,126.48701567165332,8.5,0.9191124790209273,1.0777909579962537,0.3995570127101084,-0.11002576879537733,local,8,9.73119023924,26923575.1658,26923575.1658,1.00000000,0.99172410,0.98367704,width2_d1_m8,1
88,5,124.31306882836984,10.190553106666068,0.13681609972051811,-0.10976648282506123,-0.14055434272642564,-0.17646496878075973,near_plain,9,9.9040561678,25343507.3517,25343507.3517,1.00000000,0.99969059,0.99960633,width2_d1_m8,1
88,6,124.78227881753357,10.612396775973629,0.6188460963282127,-0.507652562195329,0.7416558214506845,0.39410137469682005,medium,10,9.86707414829,22601263.7034,22601263.7034,1.00000000,0.99664478,0.99357489,width2_d1_m8,1
89,1,126.14189130437536,9.270838022327899,0.914076677844273,-0.6285564269837383,-0.4170416023743412,-0.6673353383215344,medium,10,9.75944627286,26000489.0117,26000489.0117,1.00000000,0.99486766,0.98991775,width2_d1_m8,1
89,2,126.69662949521245,8.780952425203036,0.15584639028096287,0.08582529915046039,-0.041584281237946094,-0.4758014042951232,local,10,9.71618666993,27252239.3329,27252239.3329,1.00000000,0.99907838,0.99828519,width2_d1_m8,1
89,3,126.94925726621562,8.5,0.21709024769344953,-0.004832425065527446,-0.014591047168015847,0.504743018331594,local,8,9.69666623226,27661406.7881,27661406.7881,1.00000000,0.99889312,0.99789921,width2_d1_m8,1
89,4,125.90945820003999,10.620108669647518,0.03286862809780544,-1.0330400453626585,0.13901243818272557,0.24117522876624942,medium,8,9.77901497078,24992060.3111,24992060.3111,1.00000000,0.99719513,0.99463327,width2_d1_m8,1
89,5,124.3908796227533,10.437345918454334,-0.133020448602989,0.04076848153203605,0.3112143082175565,-0.1126201917907903,near_plain,10,9.89807445239,25235672.7645,25235672.7645,1.00000000,0.99957154,0.99938909,width2_d1_m8,1
89,6,126.82013272354543,8.522661698193879,-1.363416201865562,-0.9604166394881718,-0.5195311978124185,-0.06491738104474248,local,8,9.7051974443,26156136.6741,26156136.6741,1.00000000,0.98810107,0.97652847,width2_d1_m8,1
90,1,125.56727731776016,10.041687255701293,0.5427218855670072,-0.0497996191939325,-0.20733078043896336,0.43693769381447256,near_plain,8,9.80509878653,25369827.3511,25369827.3511,1.00000000,0.99850132,0.99720218,width2_d1_m8,1
90,2,126.26828822514393,8.5,0.35558001005983725,-0.3213895852260792,-0.04190670206813331,-0.536124603106357,local,10,9.74904199673,27567232.9294,27567232.9294,1.00000000,0.99827329,0.99666049,width2_d1_m8,1
90,3,126.27235816017925,8.5,0.35038785635478603,0.33067869205307965,0.1933006590441403,0.09436710826377366,local,10,9.74794230963,27585958.5403,27585958.5403,1.00000000,0.99896990,0.99809705,width2_d1_m8,1
90,4,125.37876241866692,11.681781364568344,1.0345217198897965,0.38129448096146357,-0.2160282627158956,-0.2843654622435414,global,10,9.82215704735,23485962.9052,23485962.9052,1.00000000,0.99713936,0.99457903,width2_d1_m8,1
90,5,124.69592304010406,10.173943986915141,0.42617257617594645,0.1647933861307908,0.2483650701227818,-0.010499808429388802,near_plain,8,9.87346595577,25861718.4396,25861718.4396,1.00000000,0.99924544,0.99872067,width2_d1_m8,1
90,6,127.74806458978286,8.906307046483626,-0.8224793271460384,-1.2552595309840657,-0.2538657571219377,-0.3112008764050848,local,10,9.63627356819,27412198.0806,27412198.0806,1.00000000,0.99172009,0.98363245,width2_d1_m8,1
91,1,125.22612994372724,10.591520205143034,-0.4089129194604282,-0.26064049271696205,-0.5074617192911476,-0.1509505725619626,medium,10,9.83203666814,24737488.5532,24737488.5532,1.00000000,0.99861913,0.99750324,width2_d1_m8,1
91,2,126.4545089373966,8.5,0.608949365286354,0.41704591793592777,-0.1369760182456879,-0.30861106975247754,local,9,9.73417410858,27949533.4426,27949533.4426,1.00000000,0.99739721,0.99493502,width2_d1_m8,1
91,3,125.23089365088173,9.703014775627821,-0.07174017596161389,0.2703180214084244,0.17242869864060034,0.050558210791106284,near_plain,8,9.83059746456,25770986.638,25770986.638,1.00000000,0.99958646,0.99937686,width2_d1_m8,1
91,4,125.84757767781947,11.79434318671111,1.1615756268482391,-0.020189414297687946,0.31787720572144096,-0.8780394480868774,medium,10,9.78679232749,22861616.4207,22861616.4207,1.00000000,0.99597719,0.99221012,width2_d1_m8,1
91,5,126.16431004790275,8.526634540485563,0.7005230976362373,0.5243039862116354,0.2714420375793268,-0.2758247924584293,local,10,9.75656537068,26987470.0859,26987470.0859,1.00000000,0.99655115,0.99325591,width2_d1_m8,1
91,6,125.36103319530687,8.5,0.40536286349706674,0.685811540495735,0.002896337508055024,0.8334984490131715,local,10,9.82063989915,26989173.7555,26989173.7555,1.00000000,0.99580872,0.99169130,width2_d1_m8,1
92,1,123.6870741176243,9.763101650594574,-1.19170236098333,1.176642102252617,1.17171911525608,0.7022558525764107,global,8,9.95309898444,19542793.3802,19542793.3802,1.00000000,0.98477474,0.97004450,width2_d1_m8,1
92,2,124.46621580960975,9.684685671654293,-0.4218814202360798,0.47341548781950527,-0.5004645513384991,0.44736604618363973,near_plain,8,9.89121508311,24909218.7734,24909218.7734,1.00000000,0.99742553,0.99506044,width2_d1_m8,1
92,3,126.38009265083952,8.79579640084316,-0.12411257453300789,-0.14978964644417977,0.1279368823210253,0.5714152357851245,local,10,9.74080837794,26996945.2549,26996945.2549,1.00000000,0.99872948,0.99757800,width2_d1_m8,1
92,4,124.70230158866148,9.465632341021058,0.1981780414452916,0.20905798146550575,-0.062204863345962286,0.06977726432350123,near_plain,8,9.8720672007,25334308.5524,25334308.5524,1.00000000,0.99963979,0.99947265,width2_d1_m8,1
92,5,125.65085522079877,9.581299820193877,-0.3753381705001398,0.15444018833374368,-0.2095899268938608,-0.15520130575290023,near_plain,8,9.79755047736,25715795.9769,25715795.9769,1.00000000,0.99924463,0.99868689,width2_d1_m8,1
92,6,127.20538032343333,8.5,1.3617924564621546,0.7355013835812441,0.039042821095919056,0.08332537178101262,local,8,9.67646236214,28200332.9019,28200332.9019,1.00000000,0.99172295,0.98365585,width2_d1_m8,1
93,1,126.91650548490531,8.997057805769064,-1.1508961366189319,-0.5924879198950688,-0.06687872436059036,-0.5141511951192915,local,10,9.69995204636,26746872.8591,26746872.8591,1.00000000,0.99300337,0.98616162,width2_d1_m8,1
93,2,127.50723581900891,8.5,0.3299568988720337,0.6598745956225176,0.27468360749382575,0.18759350488583865,local,8,9.65337878714,27465825.204,27465825.204,1.00000000,0.99758863,0.99534031,width2_d1_m8,1
93,3,123.18168380586235,10.361800831918877,-0.16509948471595615,0.7067156198452367,0.7355606201345422,-0.3580877877226231,medium,10,9.99476817958,22395472.7258,22395472.7258,1.00000000,0.99674378,0.99378107,width2_d1_m8,1
93,4,123.77812368602612,10.889303087979222,0.4542637684713763,0.12985616047905013,0.4022561642167348,0.07829142696256819,medium,10,9.94781885564,23858207.6254,23858207.6254,1.00000000,0.99905749,0.99839213,width2_d1_m8,1
93,5,125.75603341282986,11.584813157696065,0.5706173524825279,0.9521437155798119,0.7273562119563916,0.8899294808350408,medium,10,9.79294423545,22047141.5383,22047141.5383,1.00000000,0.99510723,0.99051348,width2_d1_m8,1
93,6,126.44964350862367,11.384447052289913,-0.49089822304419856,0.05885544896035133,-0.6733894668611452,-0.16392816433312585,medium,10,9.73778250357,23261731.5106,23261731.5106,1.00000000,0.99828601,0.99688671,width2_d1_m8,1
94,1,126.69829028537578,8.5,0.5802897537392069,-0.4512699269335953,0.034795142678228266,0.22060071865577938,local,8,9.71539544253,27360540.0054,27360540.0054,1.00000000,0.99773270,0.99560891,width2_d1_m8,1
94,2,124.27737736435249,10.631111681609717,-0.004229769928981435,0.0038649712867830695,0.00012128558824485783,-0.0017655976231004521,near_plain,10,9.90756513332,25139857.5839,25139857.5839,1.00000000,0.99987500,0.99999825,width2_d1_m8,1
94,3,126.28040819059196,8.776342141981035,-1.11290646248665,-1.2484651965476856,-0.19517154610565257,-0.0020476323232534455,local,10,9.74775233978,27171316.7906,27171316.7906,1.00000000,0.99058796,0.98141420,width2_d1_m8,1
94,4,125.45408491180272,10.72766915894108,0.4788785562574218,0.03068659592876255,0.2383219792211415,0.5682113526833932,medium,10,9.81516381098,23738637.9711,23738637.9711,1.00000000,0.99859070,0.99740327,width2_d1_m8,1
94,5,126.26219519307725,8.5,0.46472963021509583,0.7358161747567264,0.362790774755389,-0.09153043805781069,local,10,9.74849927621,26597745.1609,26597745.1609,1.00000000,0.99650476,0.99318987,width2_d1_m8,1
94,6,126.32386183066295,10.193939559158299,-0.6237506477321543,0.2826811290727531,0.6813667792072373,-0.6596678607257832,medium,8,9.74638430619,23962279.7523,23962279.7523,1.00000000,0.99679639,0.99381998,width2_d1_m8,1
95,1,125.00319985238102,8.517859917098837,-0.6425068586882378,0.6020598853924163,0.2124627560205559,0.8970887044897654,local,10,9.84957065279,26638319.1347,26638319.1347,1.00000000,0.99338108,0.98681890,width2_d1_m8,1
95,2,126.1407665440845,8.574583625914222,0.4905384561510643,0.5698508421221878,-0.1392227268561746,0.08323058563655783,local,10,9.75819426332,27105496.8853,27105496.8853,1.00000000,0.99795273,0.99606498,width2_d1_m8,1
95,3,126.05261795192756,8.5,0.592021938575065,0.6881089278415754,-0.4191039378418834,-0.13702229109995862,local,10,9.76470738505,26890274.1107,26890274.1107,1.00000000,0.99622463,0.99263096,width2_d1_m8,1
95,4,126.3190894611013,8.658307026387943,0.6986674656525489,0.866903912771616,0.2102801806789604,0.052383492946980414,local,10,9.74444906511,26970465.6963,26970465.6963,1.00000000,0.99556026,0.99130038,width2_d1_m8,1
95,5,125.89286760524718,8.5,-0.009832876524457967,0.03449041808143449,0.24814399554432467,0.07449700236616094,local,10,9.77725651322,27376751.0185,27376751.0185,1.00000000,0.99966872,0.99949913,width2_d1_m8,1
95,6,126.6910383623433,8.509449348934556,1.5265049672258482,0.49447242015109405,-0.163861229220474,-0.05693761317942997,local,8,9.71559543069,27521447.5532,27521447.5532,1.00000000,0.99017678,0.98060146,width2_d1_m8,1
96,1,125.89460611060106,11.495676042218763,-0.11577951065678016,-0.6873549078764869,0.7123461999156837,-0.575377302094674,medium,10,9.78141435004,22313820.1301,22313820.1301,1.00000000,0.99701036,0.99432735,width2_d1_m8,1
96,2,126.16218126058386,8.589268363392591,0.27391590969732926,0.06161707887238338,0.4241507178321324,0.384735209939244,local,10,9.75664182901,26912140.7077,26912140.7077,1.00000000,0.99855870,0.99727730,width2_d1_m8,1
96,3,126.31837903255206,11.265573492362314,0.6622858932504136,0.1108433364908783,-0.1713779112071554,0.37209012558917487,medium,10,9.74841514963,23844443.2676,23844443.2676,1.00000000,0.99861663,0.99749646,width2_d1_m8,1
96,4,125.50951799399465,9.95975829140186,0.7573926960145023,-0.906078693781882,1.1357793553570437,0.49886624839608107,global,8,9.80782024658,21510664.6594,21510664.6594,1.00000000,0.99113013,0.98264869,width2_d1_m8,1
96,5,125.87830671832002,8.5,1.1755365528438986,0.47812683080702745,-0.5133987299909348,-0.21766212526966142,local,10,9.77793987867,25855602.1521,25855602.1521,1.00000000,0.99192192,0.98409505,width2_d1_m8,1
96,6,126.11936938083758,8.5,0.5073992684138993,0.3794602706683459,-0.18415653942934432,-0.4496476026039088,local,10,9.76039611298,27512855.3598,27512855.3598,1.00000000,0.99746192,0.99505057,width2_d1_m8,1
97,1,123.60498534274043,9.863349561996479,-0.6167723074559537,-0.7746449395548535,1.0109074092159873,-0.3317754583289436,medium,8,9.95903791962,22515784.0978,22515784.0978,1.00000000,0.99362639,0.98760082,width2_d1_m8,1
97,2,125.27211965027446,10.378241922728437,0.09844190435201561,-0.43944858018154287,-0.05619735126783565,-0.1569372996927927,near_plain,8,9.82842674709,24983537.9025,24983537.9025,1.00000000,0.99936167,0.99895233,width2_d1_m8,1
97,3,125.12868969871666,10.694727034602833,0.08552814891041571,-0.060638070796426774,-0.1864701814047514,0.17077858342654206,near_plain,10,9.84011851985,24987060.4131,24987060.4131,1.00000000,0.99970545,0.99965872,width2_d1_m8,1
97,4,124.87289360436168,10.80117006101498,-0.06055284224081246,-0.10463878819038583,-0.12015873155888789,-0.004953616811520636,near_plain,10,9.86045760118,24657157.5123,24657157.5123,1.00000000,0.99980725,0.99986988,width2_d1_m8,1
97,5,127.15941363355397,8.5,1.3751617772636446,0.7290677314113387,-0.43238571728957376,-0.14849472560351273,local,8,9.67950159909,26447955.2263,26447955.2263,1.00000000,0.98934791,0.97897927,width2_d1_m8,1
97,6,125.1426544694689,9.4539027136356,0.18920438353994967,-0.050993454766394025,0.14411150085919056,0.11120957898274608,near_plain,8,9.83721490053,18093174.2723,18093174.2723,1.00000000,0.99945685,0.99909960,width2_d1_m8,1
98,1,124.90007643210836,11.076020888006864,-0.567634359863497,0.4255733088013226,-0.5546656575676223,-0.7367224336064011,medium,10,9.85931073875,23613142.1079,23613142.1079,1.00000000,0.99716962,0.99459486,width2_d1_m8,1
98,2,125.24182893002703,10.48897340192035,0.3197228021745902,-0.1684223830158799,0.28414755743649206,-0.3224234162221016,near_plain,8,9.83099689962,23745487.4215,23745487.4215,1.00000000,0.99918775,0.99860975,width2_d1_m8,1
98,3,124.70041283224298,8.5,-0.1413199361882969,1.5099031659691404,-0.19636375293729705,0.7828155716856744,local,10,9.873064374,26948300.2329,26948300.2329,1.00000000,0.98943723,0.97901850,width2_d1_m8,1
98,4,122.33648616428904,10.14460598989281,1.6189973521317431,1.1020326146822148,1.744029275966418,0.8772371395479612,global,10,10.0610409995,18015689.7234,18015689.7234,1.00000000,0.98282700,0.96641992,width2_d1_m8,1
98,5,126.18553163352544,8.544634694190583,1.1439699899884601,0.457409160286107,-0.4890540753442606,-0.6075463410690433,local,10,9.75528235128,26155395.3985,26155395.3985,1.00000000,0.99085546,0.98191385,width2_d1_m8,1
98,6,126.40212922290266,8.5,0.8467873833281926,0.7766474528606723,-0.2558344752559924,-0.3374481615592245,local,8,9.73836523066,27326759.1426,27326759.1426,1.00000000,0.99405373,0.98826812,width2_d1_m8,1
99,1,126.58101490162859,8.91688647879449,0.848833620358912,0.1628054221155768,0.4562540111731391,-0.11066943302749406,local,10,9.72444687731,26549976.8974,26549976.8974,1.00000000,0.99710042,0.99438933,width2_d1_m8,1
99,2,125.88823180526921,8.555232963892212,0.15063189197902013,0.20006740581282367,0.1585157013156444,-0.0689808986010341,local,10,9.77778797121,27405474.6935,27405474.6935,1.00000000,0.99958737,0.99933276,width2_d1_m8,1
99,3,126.92960426198192,10.887345020919273,1.5079368878900408,-0.3358521162548571,-0.5216890158249059,1.406069344722878,global,8,9.70399345424,21940568.719,21940568.719,1.00000000,0.98797556,0.97616070,width2_d1_m8,1
99,4,126.33897702038999,8.731003873478375,0.09865585246676029,0.029643753862563932,0.07795432236733602,0.2302935437194495,local,10,9.74322639965,27210891.9011,27210891.9011,1.00000000,0.99969416,0.99954130,width2_d1_m8,1
99,5,126.84966186667242,8.5,0.08420919999967583,0.24939700595174946,-0.3640707144789938,0.7504418160294904,local,8,9.70479032233,26687701.8916,26687701.8916,1.00000000,0.99734202,0.99477484,width2_d1_m8,1
99,6,125.83015364176,8.5,-0.40906775605570916,0.29662129837782353,0.4162549326945491,0.21518212430273287,local,10,9.78206686833,26610530.8334,26610530.8334,1.00000000,0.99820249,0.99657623,width2_d1_m8,1
100,1,124.79623166872132,8.5,-0.026123039575975185,0.8034554139067119,-0.42950442837711367,1.0128038918714561,local,10,9.86602719968,26997476.9244,26997476.9244,1.00000000,0.99363958,0.98733088,width2_d1_m8,1
100,2,123.74907394080299,10.975637345949291,0.06488149635246732,0.08822599322740521,0.8935678471210171,-0.3198678873157935,medium,10,9.9497362596,21355537.4201,21355537.4201,1.00000000,0.99782115,0.99597472,width2_d1_m8,1
100,3,124.95130648569851,9.53248113222285,-0.12149116437848828,0.3325831671181253,0.19969824382071655,0.3301915790830624,near_plain,8,9.8526435442,25489516.0703,25489516.0703,1.00000000,0.99909509,0.99837663,width2_d1_m8,1
100,4,125.72150283118953,11.602750829305986,-0.0136436946844668,0.0006384374291640293,-0.1948560730452062,0.3624772614105046,medium,10,9.79524500458,22439778.5948,22439778.5948,1.00000000,0.99953266,0.99935012,width2_d1_m8,1
100,5,125.39123410509701,11.086657126637425,0.5694762582811679,-0.612814188611166,-0.2948901742282424,0.32840265515819067,medium,10,9.82028107891,23598431.9653,23598431.9653,1.00000000,0.99789743,0.99605818,width2_d1_m8,1
100,6,124.86822012664754,9.960098653638807,-0.7739309693989892,0.0075253624679921804,-0.7231782320507604,-0.9281336941991993,medium,8,9.86054070246,23973335.6919,23973335.6919,1.00000000,0.99435398,0.98891459,width2_d1_m8,1
101,1,126.42879257043076,8.577593863235371,0.3525734281072281,0.7143429689360086,0.6097847953531255,-0.13478143503934514,local,10,9.73517068095,26128589.0662,26128589.0662,1.00000000,0.99588921,0.99200106,width2_d1_m8,1
101,2,125.49056697895902,10.517832983163407,0.5687748175440617,-1.1227485655510057,-0.8610834116796944,0.6796504076220078,medium,8,9.81175723869,23394124.1255,23394124.1255,1.00000000,0.99322683,0.98673306,width2_d1_m8,1
101,3,126.56612837273074,11.43387681828736,-0.33864776478797465,0.8173510289648518,0.8321802764077515,0.3294712771606778,medium,10,9.7288012918,21900642.047,21900642.047,1.00000000,0.99630433,0.99294711,width2_d1_m8,1
101,4,126.1963096929915,10.696918749518858,-0.2715990448437807,0.8469937822397036,-0.7348845647313282,-0.4282259283535761,medium,8,9.7565367038,23880168.9783,23880168.9783,1.00000000,0.99683493,0.99394898,width2_d1_m8,1
101,5,125.79808932343848,8.564763254591305,0.5070982701200941,0.5047920044031208,0.013129480420459583,-0.19456503070589748,local,10,9.78499429347,26842912.6774,26842912.6774,1.00000000,0.99791674,0.99598269,width2_d1_m8,1
101,6,127.57393404948571,8.880622859102361,1.4673552495474877,0.6157133325409563,-0.12951574560837298,1.032278274596559,local,10,9.65087630932,26633531.2736,26633531.2736,1.00000000,0.98955396,0.97926120,width2_d1_m8,1
102,1,126.64389986918516,8.5,0.8861595971160212,1.0422529691842424,-0.34468595343369396,0.018363613360281195,local,8,9.71916049819,27373376.1111,27373376.1111,1.00000000,0.99303066,0.98626789,width2_d1_m8,1
102,2,125.03751429133764,10.864807664750511,0.15106748713395304,-0.11293462189753027,0.056297429608773736,0.09422113368316645,near_plain,10,9.84755602588,23325193.0394,23325193.0394,1.00000000,0.99976748,0.99979089,width2_d1_m8,1
102,3,126.1837827085419,8.616480000515425,0.4623968768533065,1.2186727877432761,0.43304884271536137,-0.14048330006609408,local,10,9.75443642458,25848652.5446,25848652.5446,1.00000000,0.99240575,0.98505121,width2_d1_m8,1
102,4,124.45007157670715,10.846248353804903,-0.5593850163805121,-0.4051227804407393,0.46120026963241123,-0.3921510040611507,near_plain,10,9.89420206918,23783814.2835,23783814.2835,1.00000000,0.99796308,0.99618831,width2_d1_m8,1
102,5,123.21967335558999,11.177945943188853,-0.7365921626636769,-0.2202678011379683,-0.7182586363804341,0.20584116729301494,medium,10,9.99301976908,22827528.9499,22827528.9499,1.00000000,0.99724828,0.99482860,width2_d1_m8,1
102,6,125.30972788188517,9.773367782123549,-0.6378178853011987,0.04685237517683394,0.03886126876147833,0.5655743761787626,medium,8,9.8252388605,25100707.3309,25100707.3309,1.00000000,0.99796650,0.99610161,width2_d1_m8,1
103,1,126.3922099071472,8.622290128031661,0.4562172138893756,1.0722662655952255,-0.7377994827026346,-1.0328860993251152,local,10,9.74143174011,25174480.9841,25174480.9841,1.00000000,0.98900917,0.97815644,width2_d1_m8,1
103,2,126.43450502566239,8.5,0.32023666221676517,-0.16519014685220945,0.07700802736123737,0.56788289809862,local,10,9.7363222046,26851211.9464,26851211.9464,1.00000000,0.99828753,0.99667902,width2_d1_m8,1
103,3,126.20977728179949,8.790141792295948,0.416450492224855,0.8059538254289379,-0.29529272933522505,0.21908867540600457,local,10,9.75309695378,26953087.4575,26953087.4575,1.00000000,0.99707505,0.99432233,width2_d1_m8,1
103,4,127.60501861917393,8.986475807209622,-0.9466214172129952,-1.4841161161772793,-0.30623732045764046,-0.5468452836706593,local,10,9.64809711039,26764492.0177,26764492.0177,1.00000000,0.98757646,0.97537777,width2_d1_m8,1
103,5,126.6890563657378,9.080945669571465,0.18123133405141156,0.16778756972016318,-0.3441117736459593,0.495156403592496,medium,10,9.71694788395,26527897.1896,26527897.1896,1.00000000,0.99864293,0.99744081,width2_d1_m8,1
103,6,123.33315615530536,10.159834309963975,0.08041503332903677,0.09305421946378556,0.040820179312268556,-0.3416399483836434,medium,10,9.98301267785,25426742.8029,25426742.8029,1.00000000,0.99956511,0.99934672,width2_d1_m8,1
104,1,126.24487353605113,8.689075937323413,-0.9004880124695498,-0.3450041398817371,-0.5531293817558126,0.4422011866301459,local,10,9.74993080158,26038171.0783,26038171.0783,1.00000000,0.99481192,0.98983482,width2_d1_m8,1
104,2,125.25102569679149,9.886750140247553,-0.002153103867752488,-0.011944512927054144,-0.0014374342758023389,0.005805087048290813,near_plain,8,9.82932362727,25782470.605,25782470.605,1.00000000,0.99989515,0.99999900,width2_d1_m8,1
104,3,124.37359382307226,9.569607159867378,0.43611234109985686,0.04961953731810764,-0.7068387160749544,-0.35530632049208466,medium,8,9.89770528589,24684653.0174,24684653.0174,1.00000000,0.99741105,0.99506986,width2_d1_m8,1
104,4,124.62768781538134,9.888246485909127,-0.29452806493092853,-0.4582506322051011,-0.960312496210287,-0.8305507712818637,global,8,9.87870501748,23586234.3898,23586234.3898,1.00000000,0.99471269,0.98967699,width2_d1_m8,1
104,5,125.52176315423463,10.492465911552813,-0.3316608144598079,1.431962792789038,-0.20708425387829554,-1.0630305582610993,global,8,9.8109941541,24559630.7275,24559630.7275,1.00000000,0.99295883,0.98609110,width2_d1_m8,1
104,6,126.12911611330674,8.790894512282081,0.09640014108159231,0.8987149012527607,0.3194851734543327,-0.17630884167593064,local,10,9.75920018867,26630476.7983,26630476.7983,1.00000000,0.99643678,0.99305941,width2_d1_m8,1
105,1,124.27269386894568,9.954882436023938,0.15791344275269625,0.5286650836625033,-0.9665320841190507,0.9359023865844895,global,8,9.90736797645,22983770.6588,22983770.6588,1.00000000,0.99465148,0.98954368,width2_d1_m8,1
105,2,127.53799774967119,11.307373816887111,-0.19189822942522805,0.42727080249173266,-1.234059791530881,0.4900319938509434,global,10,9.653763931,21497334.7479,21497334.7479,1.00000000,0.99575147,0.99188714,width2_d1_m8,1
105,3,124.8119366111135,11.498510218820414,-0.5897866978041787,-0.7631805248344801,-1.0069454080361262,0.9483233010955305,medium,10,9.86682932683,21654765.7734,21654765.7734,1.00000000,0.99469512,0.98971636,width2_d1_m8,1
105,4,124.58979424943914,10.45056985718646,-0.06578676242552522,-0.04020902410332383,0.010173355507234083,0.005266845378714108,near_plain,10,9.88236290237,25899172.7608,25899172.7608,1.00000000,0.99986672,0.99997126,width2_d1_m8,1
105,5,123.4782870777762,9.415654775635906,0.3429187121172165,-0.3986378048874779,-0.3753271543682609,-0.27212376232748403,medium,8,9.96987453996,25005258.7991,25005258.7991,1.00000000,0.99854423,0.99729409,width2_d1_m8,1
105,6,125.28301198049581,10.01758604884763,0.04047350590287396,0.38077899385913533,-0.0418843987659695,0.40220636984661545,near_plain,8,9.82732471232,25835238.7458,25835238.7458,1.00000000,0.99913868,0.99847433,width2_d1_m8,1
106,1,127.70926599118081,9.17342620880656,0.7738032596349935,-0.4578586699619387,-0.27055992478850066,1.5747007439876506,global,10,9.64529384216,25524194.4083,25524194.4083,1.00000000,0.98840506,0.97676160,width2_d1_m8,1
106,2,126.12752205225499,8.500355099124613,0.10532531012899315,0.8240991367480739,0.23515432299615668,-0.21479301634974438,local,10,9.75910145204,26832196.6671,26832196.6671,1.00000000,0.99688335,0.99393020,width2_d1_m8,1
106,3,126.09205214719897,8.85265543474045,0.39493585048287183,0.4462118692569803,0.3003152500615626,-1.0964877401496105,local,10,9.76542149173,26211879.443,26211879.443,1.00000000,0.99419255,0.98841153,width2_d1_m8,1
106,4,125.0085532072904,10.232286554612717,-0.4232518495914894,0.009716462666462533,0.14235386424924568,-0.758109953280095,medium,8,9.84999679429,25742061.025,25742061.025,1.00000000,0.99807724,0.99632287,width2_d1_m8,1
106,5,124.59987383099717,8.5,0.784322038535319,0.5661285762293735,-0.3341830022678364,0.7847920947068019,local,10,9.88007099277,26248274.8273,26248274.8273,1.00000000,0.99469425,0.98951004,width2_d1_m8,1
106,6,126.53015086395071,8.634507163247678,-0.7587359845511887,0.29316413998574054,0.1291769978081227,0.4974961803902754,local,10,9.72902720043,27325893.2896,27325893.2896,1.00000000,0.99660645,0.99333488,width2_d1_m8,1
107,1,126.02176475021483,8.697014676793685,0.5173067547456224,-0.2434695220796174,0.41641562228610607,0.2699401207113985,local,10,9.76749523438,26624041.5137,26624041.5137,1.00000000,0.99799624,0.99616368,width2_d1_m8,1
107,2,126.58832287413483,8.5,0.515626761771727,0.7420419801954816,-0.314093502215924,-0.3756731994012274,local,8,9.72400901869,27375901.6486,27375901.6486,1.00000000,0.99596054,0.99206726,width2_d1_m8,1
107,3,126.00849991962286,9.04490969876872,0.21662188615401756,-0.5734647920768926,0.7153421474005461,0.6373815842682184,medium,10,9.76913626737,24927842.5327,24927842.5327,1.00000000,0.99541558,0.99103155,width2_d1_m8,1
107,4,125.55863721665162,11.565286535783887,-0.9610350135990893,-0.4602948250431981,0.5368318626680204,0.04544148245316215,medium,10,9.80754277935,23000261.271,23000261.271,1.00000000,0.99730202,0.99491914,width2_d1_m8,1
107,5,126.68489476997291,8.884545408130245,-1.3735207664276508,-0.7405378043417075,-0.22768482394444128,0.13748862602522977,local,10,9.71641110976,26540983.9183,26540983.9183,1.00000000,0.99173997,0.98371854,width2_d1_m8,1
107,6,125.69951216268174,8.5,0.04740913104068245,-0.22005936305379062,0.2602574215569083,-0.0370483317613485,local,10,9.79225075877,27204513.1904,27204513.1904,1.00000000,0.99947280,0.99910957,width2_d1_m8,1
108,1,125.32791001659443,10.564615907490902,-0.1122647102089876,0.40151161150158377,-0.5739012909909844,0.3647431553106545,near_plain,9,9.82412855526,24574456.5699,24574456.5699,1.00000000,0.99842828,0.99711446,width2_d1_m8,1
108,2,125.31441638248621,10.777612692865269,-0.5541795428841445,-0.4417567678217064,0.1736988415803371,0.1659375275426942,medium,10,9.8256947258,24431959.8852,24431959.8852,1.00000000,0.99871111,0.99767416,width2_d1_m8,1
108,3,127.48622241738295,8.521463267717072,-0.020640048784417858,-0.14331579356148152,0.29114249069591447,0.679592611077288,local,8,9.65618227616,27082985.5743,27082985.5743,1.00000000,0.99798209,0.99606026,width2_d1_m8,1
108,4,128.0,8.5662283560964,-0.4529244048308908,-1.2502573907540337,-0.6962132936900428,-0.5856468908801652,local,8,9.61698088058,26461144.8503,26461144.8503,1.00000000,0.99099545,0.98218966,width2_d1_m8,1
108,5,126.47255464441261,8.5,1.2189415194261128,0.41254049236248824,0.23171812478871845,0.49994929624048356,local,8,9.73301055549,27758071.4159,27758071.4159,1.00000000,0.99395132,0.98805868,width2_d1_m8,1
108,6,126.11756457294508,11.327502341553583,-1.165409788805296,0.2641214000696117,-0.9025469183165885,-1.232056113539264,medium,10,9.76519444751,21863357.1727,21863357.1727,1.00000000,0.99184066,0.98396929,width2_d1_m8,1
109,1,124.8403491087963,9.47926990737396,0.2360060806903927,-0.20222627894243114,0.16019016160945843,0.03773274303593854,near_plain,8,9.86112081482,25154653.6675,25154653.6675,1.00000000,0.99953590,0.99926782,width2_d1_m8,1
109,2,126.74760440551408,8.722856762208831,0.5703314328067769,1.0810409072493754,0.4347849469749873,0.41631188738181296,local,10,9.71135194221,27071863.0267,27071863.0267,1.00000000,0.99371796,0.98764899,width2_d1_m8,1
109,3,122.87319119399477,10.020006745275847,0.9385539959444422,0.6432917291446592,-0.1287463985581947,0.45554392882490724,global,10,10.0202594941,24332624.2677,24332624.2677,1.00000000,0.99639069,0.99300259,width2_d1_m8,1
109,4,125.62020537559393,8.612189506111864,0.5356415810070827,0.865725008773877,0.14683252169655966,-0.24399968520636822,local,10,9.79897735477,26905522.7387,26905522.7387,1.00000000,0.99575587,0.99167187,width2_d1_m8,1
109,5,126.1634909629241,8.5,0.09801041425036094,0.6134737597928004,0.004050491967664466,-0.3998481487110134,local,10,9.75689585867,26886978.5287,26886978.5287,1.00000000,0.99796409,0.99605745,width2_d1_m8,1
109,6,124.82680286053144,9.00508923331717,-0.0548514822138329,1.359516800541466,0.034377997897667045,1.6003911876025376,local,10,9.86844756527,24075834.1955,24075834.1955,1.00000000,0.98507178,0.97015790,width2_d1_m8,1
110,1,125.23089290954817,10.21386279232939,-0.19039019152230532,-0.1845490935759478,-0.052764127357952856,0.004807065292527862,near_plain,8,9.83135939416,25609927.0387,25609927.0387,1.00000000,0.99971125,0.99964640,width2_d1_m8,1
110,2,125.93787788639781,8.5,0.5108812313673671,0.7159425684629204,-0.47978238281714136,0.7693382741602067,local,10,9.77483445538,26378631.0223,26378631.0223,1.00000000,0.99504769,0.99022309,width2_d1_m8,1
110,3,126.36763541495785,8.79243262060885,1.5977415867419997,0.8459664911584037,0.792819900791807,0.40555854646174916,local,10,9.74022470298,24838694.9156,24838694.9156,1.00000000,0.98880623,0.97794285,width2_d1_m8,1
110,4,125.69218544074873,11.31788395123321,-0.1646256764171503,0.2815106588767742,-0.35012730292858474,0.14377373015895223,medium,10,9.79685933354,22897476.8139,22897476.8139,1.00000000,0.99935163,0.99898839,width2_d1_m8,1
110,5,126.88059738304351,9.004031152766867,0.47675403879595313,0.38986941708210193,0.22188796628963692,-0.12744471854134018,local,10,9.70175141763,26752684.0304,26752684.0304,1.00000000,0.99849198,0.99715453,width2_d1_m8,1
110,6,126.9923336017532,8.604204616964815,1.4923736899000823,0.7916248913737371,0.26645406736245614,0.33308221674129806,local,8,9.6928648394,27590043.5976,27590043.5976,1.00000000,0.99080798,0.98184450,width2_d1_m8,1
111,1,125.32520367304097,11.157442998204775,-0.276914660842404,1.0798986972691664,-1.2118909527085548,0.2531664873048931,global,10,9.82421121607,21654013.3952,21654013.3952,1.00000000,0.99452095,0.98944245,width2_d1_m8,1
111,2,126.87272917490235,8.665993698837942,-0.5643634692818322,-1.0876131300345762,-0.3053482632007596,-0.9134274162666547,local,10,9.70469606144,26818905.4963,26818905.4963,1.00000000,0.99055950,0.98120516,width2_d1_m8,1
111,3,127.06628310235932,9.06054340560646,-0.15331317197599026,-0.8704433576804118,0.3319602889574201,-0.1824595307761976,local,10,9.68751690713,26383958.323,26383958.323,1.00000000,0.99672032,0.99363032,width2_d1_m8,1
111,4,126.3549803392655,8.739471793376683,1.2983162779879713,-0.12965640020265978,0.2207774264487533,0.1670694598261523,local,10,9.74202519032,27010543.292,27010543.292,1.00000000,0.99436148,0.98890079,width2_d1_m8,1
111,5,125.45727971678451,11.6297250722956,-0.578290076996784,-0.579787626824862,1.2853613147127234,0.41473062659166415,global,10,9.81448847583,20481765.7881,20481765.7881,1.00000000,0.99495673,0.99034783,width2_d1_m8,1
111,6,126.4998503707411,10.888630497517562,0.11955638205807373,0.06529914199424858,0.5220875253830196,0.04626465604022323,medium,8,9.73329237135,24793077.1825,24793077.1825,1.00000000,0.99921066,0.99869620,width2_d1_m8,1
112,1,123.54236936593226,10.528293934673245,-0.04773216991235485,0.4218734102778341,-0.4401603950770625,-0.5825966563013232,medium,10,9.9668560732,23947178.0912,23947178.0912,1.00000000,0.99830410,0.99683980,width2_d1_m8,1
112,2,127.11023781645682,8.5,1.023442181993118,0.800954587864516,0.3027866103238773,0.0038940598147116506,local,8,9.68357475483,27555698.1881,27555698.1881,1.00000000,0.99378933,0.98776998,width2_d1_m8,1
112,3,125.5193950126667,9.720059400859974,-0.4896631694711864,0.7162008079607158,-1.3648614064312614,0.8960048252391966,medium,8,9.80717645291,18432681.4958,18432681.4958,1.00000000,0.98984370,0.98008470,width2_d1_m8,1
112,4,123.68026389206327,10.189784993816328,1.995330071839335,-0.36535659716798774,0.7833420562391944,-0.8917705654924664,global,9,9.95602609484,23040085.88,23040085.88,1.00000000,0.98885798,0.97801383,width2_d1_m8,1
112,5,123.562627567195,9.008280503801304,-0.24340663276013397,0.21305994833895914,-0.3162799244684915,0.45140479517642085,medium,10,9.9628849333,25766301.0017,25766301.0017,1.00000000,0.99858699,0.99733672,width2_d1_m8,1
112,6,125.92181712909625,8.5,0.3507050657102534,0.18903248273068674,-0.22823495913512112,-0.23450366636689737,local,10,9.77516505331,26856594.5379,26856594.5379,1.00000000,0.99892331,0.99799925,width2_d1_m8,1
113,1,126.83255121409078,8.739805079980144,0.9205210029412464,0.19913303765706014,-0.16606180611902183,-0.5618408706599036,local,10,9.70594691471,26988980.9689,26988980.9689,1.00000000,0.99543224,0.99099468,width2_d1_m8,1
113,2,125.00543194998883,10.779907242297089,-0.03930171876607657,0.0071803489047442895,0.04556171276747985,-0.045252208181012464,near_plain,10,9.85001467946,25192097.1316,25192097.1316,1.00000000,0.99986028,0.99997295,width2_d1_m8,1
113,3,127.31732683109968,8.628478453952082,1.5714088610377472,1.3568340135939465,0.31514081129045024,0.28510095301034,local,8,9.66782575643,27382693.7509,27382693.7509,1.00000000,0.98592504,0.97220579,width2_d1_m8,1
113,4,125.34419186916993,9.638548430213278,-0.014478471429268128,-0.09674095031063899,0.019615119796750055,0.01256684088286178,near_plain,8,9.82167971528,25692373.4769,25692373.4769,1.00000000,0.99987330,0.99994421,width2_d1_m8,1
113,5,125.56551865403893,9.45328197345174,-0.08640585428092178,-0.18875005408808518,-0.1828863325640164,-0.19092054455738228,near_plain,10,9.80408179813,23952886.9996,23952886.9996,1.00000000,0.99953732,0.99925959,width2_d1_m8,1
113,6,125.12445526086803,10.286221249611362,-0.02795147123513153,-0.03897799379535305,-0.13721906256276922,0.23639355446518207,medium,8,9.83997061335,25779107.7417,25779107.7417,1.00000000,0.99970461,0.99963276,width2_d1_m8,1
114,1,122.7440902452256,10.130088466387754,1.3089735589689107,0.37586878599968854,-1.1900775176141605,0.1714359624634476,global,10,10.0281016594,20917487.7318,20917487.7318,1.00000000,0.98972634,0.97995673,width2_d1_m8,1
114,2,123.2043102487631,9.248555193992482,-0.395384346136174,-0.5827970552046489,-0.2975947722516671,0.11534695576489284,medium,10,9.99181169753,23539421.091,23539421.091,1.00000000,0.99817772,0.99654787,width2_d1_m8,1
114,3,125.39526489746649,9.071315497793913,0.39572181110069027,-0.1785408416865944,0.3201180954404237,-0.22831432852523836,medium,10,9.81687954252,26190499.7869,26190499.7869,1.00000000,0.99891611,0.99801269,width2_d1_m8,1
114,4,125.1085730223526,11.438426213123575,-0.6579906597685674,0.3885660511555127,-0.5772261502628047,-0.6049799250866823,medium,10,9.84307039385,23238601.5135,23238601.5135,1.00000000,0.99737305,0.99503769,width2_d1_m8,1
114,5,127.29904579425425,9.960706346225894,0.3599519840590333,0.3323785680479556,1.2274354644553165,0.8375775303495925,global,8,9.67029371305,22543418.2699,22543418.2699,1.00000000,0.99354378,0.98741357,width2_d1_m8,1
114,6,126.91772253410575,9.420674609824278,-0.257208173325594,-1.3309185407269433,-0.3794867139819933,0.5693673380537625,global,10,9.70006897526,25271304.0918,25271304.0918,1.00000000,0.99414605,0.98846843,width2_d1_m8,1
115,1,124.80538010907733,11.36061391372098,0.958913160248857,0.23114997171215346,0.4359090615781842,0.6643617406119742,medium,10,9.8673425789,23057386.4499,23057386.4499,1.00000000,0.99701575,0.99429781,width2_d1_m8,1
115,2,125.42235874987828,10.814751173328581,-0.10284580456035508,0.25612255452497323,-0.4259021938217262,-0.2125747985252241,near_plain,10,9.81714253815,23475329.8938,23475329.8938,1.00000000,0.99921427,0.99869278,width2_d1_m8,1
115,3,127.3488569511635,8.959884055482787,-0.15777373540697026,-1.773423881845385,-0.2720170561372798,-0.2667337169076205,local,10,9.66643076658,27679478.5588,27679478.5588,1.00000000,0.99008571,0.98040123,width2_d1_m8,1
115,4,127.15110670879176,8.630799115498112,1.264382951739108,0.5064890652471463,-0.14226857603952722,0.07669096420636166,local,8,9.68058281482,27393405.6592,27393405.6592,1.00000000,0.99336869,0.98693702,width2_d1_m8,1
115,5,124.42043115621054,9.782603704434129,-0.2279086955006477,0.06801656419526558,0.06983202281855139,0.23372348719295377,near_plain,8,9.89501733615,25415326.8181,25415326.8181,1.00000000,0.99959176,0.99938477,width2_d1_m8,1
115,6,125.75316490095881,10.268300795664127,0.12996037078458467,-1.0955930693585871,0.7481366874820408,0.734515526872034,global,8,9.79072496012,23688606.0945,23688606.0945,1.00000000,0.99330134,0.98687436,width2_d1_m8,1
116,1,124.52326147840105,11.31425567989062,-0.4564240215530009,-0.5583946109155448,-0.6732658399987325,-0.4691764481694122,medium,10,9.88903396247,22832278.298,22832278.298,1.00000000,0.99733164,0.99496591,width2_d1_m8,1
116,2,124.93165718698513,10.258978915851504,0.21731875791245303,-0.15451884364066248,0.18945456640598346,0.17689680347396042,near_plain,8,9.85500655127,26002876.1943,26002876.1943,1.00000000,0.99954684,0.99932074,width2_d1_m8,1
116,3,125.48801040683743,11.656914062944258,-0.021387726893001724,0.2939377985985814,0.02407189513949315,0.3044199627361882,medium,10,9.81360740274,22835976.8003,22835976.8003,1.00000000,0.99951374,0.99931687,width2_d1_m8,1
116,4,123.99265150632294,10.598530932717395,0.6369510278791968,0.8026640959832916,0.6421916473218823,0.08089545948831556,medium,10,9.92968888224,23371716.2518,23371716.2518,1.00000000,0.99640015,0.99309911,width2_d1_m8,1
116,5,125.57828046382116,9.57430008526963,-0.024467547291835534,-0.47588475118201645,0.39213799396680393,0.383610880926349,near_plain,8,9.80332157951,25109280.0767,25109280.0767,1.00000000,0.99834493,0.99688786,width2_d1_m8,1
116,6,127.90416157137435,8.771875400678361,-0.23820853597442365,-1.4057275831129084,-0.3209747745059787,-0.28232326086666704,local,8,9.62415929411,28017228.7027,28017228.7027,1.00000000,0.99305462,0.98629010,width2_d1_m8,1
117,1,124.01692126792064,9.472393677345162,0.6330998076369279,-0.27316832891816056,0.2513130206376897,-0.8878091795547136,medium,8,9.92830900516,23441068.8503,23441068.8503,1.00000000,0.99647589,0.99307141,width2_d1_m8,1
117,2,125.64802551380939,8.5,0.6860760521007853,0.37255623035034774,0.12531504993152615,-0.7822980657096889,local,10,9.79833646937,27010395.6963,27010395.6963,1.00000000,0.99516006,0.99038897,width2_d1_m8,1
117,3,126.3797035282251,8.5,0.4672151754394279,0.3084059469122703,-0.09433251706200557,0.10445678829870142,local,10,9.73966337932,27726105.8172,27726105.8172,1.00000000,0.99877710,0.99770745,width2_d1_m8,1
117,4,126.49134787054683,10.36160900816788,0.2545513065458098,-0.7249717721975205,-0.24290082516386413,0.31769757925391806,medium,8,9.73369664906,24821021.4568,24821021.4568,1.00000000,0.99811751,0.99645446,width2_d1_m8,1
117,5,123.54853253153706,10.836607202583119,-0.9995145770871943,-0.6026354848519737,-0.38531108879448517,0.35655447465860224,global,10,9.9662947864,23672124.9597,23672124.9597,1.00000000,0.99637605,0.99303275,width2_d1_m8,1
117,6,124.47750350213167,11.307798891209746,0.19112037659733994,-0.39312143986226594,-0.17604925777521774,-0.03812497429707945,medium,10,9.89260886928,23999748.0941,23999748.0941,1.00000000,0.99942329,0.99913176,width2_d1_m8,1
118,1,126.96931052587635,8.687222534093362,0.01779272591970829,0.03157479362631792,-0.6395049730161841,0.3776872851956005,local,10,9.69420979615,26163097.4591,26163097.4591,1.00000000,0.99800772,0.99621107,width2_d1_m8,1
118,2,123.97290052786904,9.492395116765302,0.3495225329581574,0.8884536750757038,0.7589264247328625,0.9052752043423405,medium,8,9.93081040253,23061680.53,23061680.53,1.00000000,0.99316702,0.98655519,width2_d1_m8,1
118,3,125.27553968951672,9.500070147047833,-0.3908009167747602,0.7104364008559518,0.7154622291214832,-0.3926576000429442,medium,5,8.9505792935,104474.859445,104474.859445,1.00000000,0.98948651,0.95780327,width2_d1_m8,1
118,4,124.61767868514681,9.741769633231092,-0.08898290834644107,-0.16356481680578377,0.011371062077926264,0.2600938646176987,near_plain,8,9.87925070089,25492015.9477,25492015.9477,1.00000000,0.99963731,0.99947153,width2_d1_m8,1
118,5,124.17769164282336,11.761244625471022,0.7916487036734069,0.3119020333980166,0.39446352921302663,0.5198132992084158,medium,10,9.9176536294,22342435.7842,22342435.7842,1.00000000,0.99791894,0.99614087,width2_d1_m8,1
118,6,126.80470001622946,9.982326750050566,-0.8112413575609215,-1.0570054317910573,0.042271191026187926,0.3242567389237847,medium,8,9.70894890349,25447515.2592,25447515.2592,1.00000000,0.99548791,0.99119637,width2_d1_m8,1
119,1,124.96066636433531,10.100749318825503,0.1746080619467783,-0.017568142097649286,0.4241821819254645,-0.46063889492187365,near_plain,8,9.85264785222,25174754.5111,25174754.5111,1.00000000,0.99884329,0.99790209,width2_d1_m8,1
119,2,122.68184559125932,9.746463652595924,0.4253930044284302,0.650151720432774,-0.5432049368662192,-0.9945631307393192,global,10,10.0371689142,24389296.6021,24389296.6021,1.00000000,0.99446713,0.98907824,width2_d1_m8,1
119,3,124.34505169136037,9.960223874479402,0.20763110208376573,-0.18060361273745193,-0.27814139759864887,-0.36429439550907927,near_plain,8,9.90128983777,25153518.9562,25153518.9562,1.00000000,0.99918020,0.99856997,width2_d1_m8,1
119,4,126.80453460098008,8.5,0.8627024734512734,1.0967747949412083,-0.25332742014667453,0.09595121627940403,local,8,9.706899984,27639139.2918,27639139.2918,1.00000000,0.99314886,0.98649622,width2_d1_m8,1
119,5,125.67044639390795,9.61950152187768,-0.4264001218290325,-0.29961617281268577,0.07416313320702539,-0.3650246546662592,near_plain,8,9.79646440648,25452420.1304,25452420.1304,1.00000000,0.99870747,0.99759533,width2_d1_m8,1
119,6,127.31182165141968,8.5,1.285932224617774,0.34094212806912216,-0.2355963501376292,-0.8382356801387658,local,8,9.67037688827,27039181.3701,27039181.3701,1.00000000,0.98942813,0.97899394,width2_d1_m8,1
120,1,124.12202775593641,10.329669124045626,-0.08162819535963817,-0.06398277926828633,-0.4630135296572051,-0.5051188557776503,medium,10,9.91971047517,24774136.6704,24774136.6704,1.00000000,0.99872713,0.99768358,width2_d1_m8,1
120,2,127.09917937267069,9.047207812288601,-0.10879205647967594,-2.1550021098084247,0.23935344686675608,-0.037127596107832506,local,10,9.68454304016,26428824.4727,26428824.4727,1.00000000,0.98376157,0.96797399,width2_d1_m8,1
120,3,124.5235516264614,10.511470140349841,-0.9561154698702719,0.135081129257278,-1.0896781831788824,-0.5197329721951065,medium,10,9.88642010434,22060617.0525,22060617.0525,1.00000000,0.99346005,0.98730056,width2_d1_m8,1
120,4,123.17244834956666,9.863567793758003,-0.11602445254811478,-0.17049311108340015,0.6369595916679962,0.2788385038836827,medium,9,9.99494737967,24430727.9126,24430727.9126,1.00000000,0.99846118,0.99717490,width2_d1_m8,1
120,5,126.72998157919841,8.657759975436159,1.1879038891510385,-0.28385098785488666,-0.5359307611836658,-0.24695370221586926,local,10,9.71211285275,26596724.4849,26596724.4849,1.00000000,0.99281512,0.98588523,width2_d1_m8,1
120,6,124.21857004006674,10.97842668649654,-0.9882777306204483,-0.7285559186236165,0.9791886987729213,-0.38115588597245653,medium,10,9.91212948113,22179118.6255,22179118.6255,1.00000000,0.99404113,0.98843841,width2_d1_m8,1
121,1,124.24571415961596,11.798033892676877,-0.9561282681068618,0.6176989454545201,-0.4717559401288385,-0.6702323359121946,medium,10,9.91235667491,21737701.5117,21737701.5117,1.00000000,0.99640708,0.99312509,width2_d1_m8,1
121,2,125.64310195507863,10.14849977565581,0.39183956575408974,0.47468813417559963,-0.5545807017722084,0.2280281684038048,near_plain,8,9.79865609465,24844769.6858,24844769.6858,1.00000000,0.99810735,0.99646263,width2_d1_m8,1
121,3,123.11603984816502,11.038594864286178,-0.15578868079219726,-0.5315015607448302,-0.32783958175385836,-0.3260943038791075,medium,10,10.0019045513,22130628.2601,22130628.2601,1.00000000,0.99878727,0.99784822,width2_d1_m8,1
121,4,123.58399327442925,10.11129935017982,0.5123499938082137,-0.42478858174468903,0.5034740672902815,0.6539913540763831,medium,10,9.96302215945,24665758.6921,24665758.6921,1.00000000,0.99689906,0.99400553,width2_d1_m8,1
121,5,126.02156013920697,8.999367642907865,-0.06250008075861313,-0.4361360159251573,-0.357256290854685,0.47018755579117594,local,10,9.76828180228,26299892.7311,26299892.7311,1.00000000,0.99831054,0.99677797,width2_d1_m8,1
121,6,126.76200492508815,10.875742117171296,0.5406669618030031,0.027287854528337485,-0.18593645795534497,-0.36098682835139545,medium,8,9.71361876791,23675550.7706,23675550.7706,1.00000000,0.99885829,0.99795701,width2_d1_m8,1
122,1,124.85534017868385,9.963346474260277,0.24962678627430035,-0.21182663727322554,-0.4393701663571974,0.010297151196752563,near_plain,8,9.86036221828,25282376.0008,25282376.0008,1.00000000,0.99908791,0.99841045,width2_d1_m8,1
122,2,126.12792761534438,8.655364489052976,0.029181985215065542,-0.5585189141234215,0.39878461062538967,-0.5329411367564693,local,10,9.75969400252,26912975.6422,26912975.6422,1.00000000,0.99720957,0.99456632,width2_d1_m8,1
122,3,126.60582649941087,8.697236514421514,1.206198680166793,0.5595959518676279,0.1324653134373728,-0.2945490736884587,local,10,9.72295568391,27200773.7558,27200773.7558,1.00000000,0.99336029,0.98688945,width2_d1_m8,1
122,4,126.91235862984566,8.612681112024204,0.28478049719046306,0.19299739454122783,0.16321365904962487,0.49148672921109604,local,10,9.69950184751,27557006.1944,27557006.1944,1.00000000,0.99869340,0.99751120,width2_d1_m8,1
122,5,125.03392662464509,10.780388100758215,0.2708899318626056,0.04436066779414616,0.08818976022809644,0.037325840977379066,near_plain,10,9.84772172458,24448471.8676,24448471.8676,1.00000000,0.99969296,0.99963859,width2_d1_m8,1
122,6,125.47654231458905,11.459437076661848,-0.1287167381831565,-0.43343955681748947,-0.35075818773362344,-0.154518457184406,medium,10,9.81392379513,22089456.7759,22089456.7759,1.00000000,0.99918199,0.99865712,width2_d1_m8,1
123,1,124.81331368942149,10.248846701125377,0.368742290246064,0.526854289650724,-0.6087958201823815,-0.33758534051691186,medium,8,9.86416201847,24896734.4939,24896734.4939,1.00000000,0.99762859,0.99551036,width2_d1_m8,1
123,2,126.92193693184517,10.161926746925136,0.7374521041246549,-0.5223913685491325,-0.2958462467183056,-0.9415642113982339,medium,8,9.7016000433,25016110.8721,25016110.8721,1.00000000,0.99592375,0.99199936,width2_d1_m8,1
123,3,126.80740739750225,8.822248058647405,-1.0837606088070098,-1.1801062361535162,0.09113540980298784,-0.4450717261215037,local,10,9.70828858704,26802633.1325,26802633.1325,1.00000000,0.98953979,0.97927837,width2_d1_m8,1
123,4,124.27409486156114,10.871617514029785,-0.08723924446053222,-0.23032086742597085,-0.5181070901316484,0.5810662666356958,medium,10,9.9084869143,23751563.6259,23751563.6259,1.00000000,0.99844895,0.99715200,width2_d1_m8,1
123,5,126.03551064636528,8.5,-0.06670195044406135,0.11474686441273621,-0.17637630748540317,0.021797950111607345,local,10,9.76620681855,27479310.8555,27479310.8555,1.00000000,0.99974328,0.99964422,width2_d1_m8,1
123,6,125.34130370336688,11.499667612051997,0.8846054634563296,-0.17455880169611948,0.14946933828872822,-1.0813954578935605,medium,10,9.82662030223,23391897.9636,23391897.9636,1.00000000,0.99623146,0.99266666,width2_d1_m8,1
124,1,126.57847697652078,10.486363566279591,0.22969705462996703,0.02943801309730154,-0.2710486632852641,-0.8684783217573682,medium,8,9.72832285057,23946771.892,23946771.892,1.00000000,0.99788584,0.99593625,width2_d1_m8,1
124,2,124.15820170603298,9.301413942158645,0.9057140952939258,-0.652633230797778,1.3611196550165108,-2.0803855052049727,global,10,9.92187564478,19123376.1443,19123376.1443,1.00000000,0.97956121,0.95941746,width2_d1_m8,1
124,3,127.40237366857028,9.138768968077123,0.09092397831927468,-1.10041284348246,-0.44524780645982487,-0.6903961656937407,local,10,9.66316879916,25287401.071,25287401.071,1.00000000,0.99474808,0.98964078,width2_d1_m8,1
124,4,126.44157129496105,8.5,0.9081512478034377,0.6506759432856253,-0.3727417665927191,0.7657381808985424,local,8,9.73577737882,26639204.8178,26639204.8178,1.00000000,0.99372330,0.98758862,width2_d1_m8,1
124,5,124.32569596245736,10.070211475748799,0.032598883348082044,0.02765502438707361,0.08440240367592049,-0.04495952430124717,near_plain,8,9.90280162032,25471447.2644,25471447.2644,1.00000000,0.99986128,0.99994378,width2_d1_m8,1
124,6,126.41402084736835,10.166478698493522,0.14292837628696098,-0.047241901501021255,0.6402370685479908,0.12235883002957393,medium,8,9.7386449106,25303904.2559,25303904.2559,1.00000000,0.99874001,0.99773749,width2_d1_m8,1
125,1,126.44465924023508,8.5,0.5394752855150787,-0.04730949983256266,-0.1766889494692474,0.918339041896417,local,9,9.73690564227,28008669.9908,28008669.9908,1.00000000,0.99574962,0.99154212,width2_d1_m8,1
125,2,125.35556056559075,11.693574136993432,-0.05415489094772191,-0.08397806595893076,0.16688450325659043,-0.15858407308127154,medium,10,9.82388593583,22298491.357,22298491.357,1.00000000,0.99972459,0.99974917,width2_d1_m8,1
125,3,126.42989183178463,8.751824214763117,0.23393296793770393,0.20247344469768888,-0.28495937546774974,0.14412728209292391,local,10,9.73599372728,27058014.9205,27058014.9205,1.00000000,0.99926195,0.99869269,width2_d1_m8,1
125,4,125.06808218671084,10.749590727879728,0.40244334486803823,0.09687998405385922,0.34968560530540993,-0.050375036739822354,medium,10,9.84487048988,23812573.0715,23812573.0715,1.00000000,0.99923839,0.99873756,width2_d1_m8,1
125,5,123.09089509795999,10.584827363930705,0.04232115015451332,0.3957731750232514,0.2954620863840425,-0.6665684851527187,medium,10,10.0038329869,22718502.4196,22718502.4196,1.00000000,0.99828464,0.99678636,width2_d1_m8,1
125,6,126.84900656088294,10.497117423952002,0.2218662142114156,-0.13379933777858644,-0.8121508208645625,-0.024118694624968517,global,8,9.70536386658,24402455.6573,24402455.6573,1.00000000,0.99809152,0.99647909,width2_d1_m8,1
126,1,125.90384155887267,11.483972508757306,0.5035729303621201,-0.19220012338734715,-0.005103455697004655,0.8075051528691257,medium,10,9.78179365338,23870896.1997,23870896.1997,1.00000000,0.99799812,0.99622651,width2_d1_m8,1
126,2,125.68639700333986,8.5,0.841517215344729,-0.22311490233028985,0.2444074639567872,0.981788842352922,local,10,9.79631447866,27081437.6604,27081437.6604,1.00000000,0.99337909,0.98679542,width2_d1_m8,1
126,3,124.10818514407677,11.41456387864621,0.6307133997613705,0.11767109994238689,-0.5121011021718469,-0.15535968485106477,medium,10,9.92210501316,23157947.9083,23157947.9083,1.00000000,0.99832921,0.99697155,width2_d1_m8,1
126,4,126.29283568807908,8.5,0.3040064985304149,0.23724942650109218,0.0424567574682492,0.16257178533825262,local,10,9.74644167524,27709048.0293,27709048.0293,1.00000000,0.99933494,0.99881912,width2_d1_m8,1
126,5,126.51913334588343,9.96285556549378,0.047872816790268446,-0.662614106722988,-0.3755622167995051,0.3648201077520543,medium,8,9.7309237137,25535353.8506,25535353.8506,1.00000000,0.99816586,0.99653866,width2_d1_m8,1
126,6,126.59886635615706,8.5,0.4997888275396669,0.769156169703053,0.38587500521986295,-0.5562579867676183,local,8,9.72348816617,27010451.0789,27010451.0789,1.00000000,0.99461079,0.98936262,width2_d1_m8,1
127,1,125.74808430571417,8.692427839549254,0.6307720579939602,0.5387160131332844,-0.3582976018540437,0.31153913022910606,local,10,9.78878468421,26855254.4764,26855254.4764,1.00000000,0.99700484,0.99418523,width2_d1_m8,1
127,2,126.332418724875,8.703066006301441,1.2030889173906132,0.878364905438811,0.07170265589879116,0.6259783084135693,local,10,9.74419688517,27444154.877,27444154.877,1.00000000,0.99254726,0.98527108,width2_d1_m8,1
127,3,125.19938284629596,9.758541988809712,-0.8793915860431439,0.6064499913240651,0.12957659250010845,0.6431299440085134,medium,8,9.83435266598,25195650.9133,25195650.9133,1.00000000,0.99518777,0.99054050,width2_d1_m8,1
127,4,127.54812313131278,8.898456970134541,-0.40733965004288925,-1.6581310171546986,0.008812091263203592,-0.4255214976747327,local,10,9.65157782046,27375357.6906,27375357.6906,1.00000000,0.98924093,0.97870729,width2_d1_m8,1
127,5,124.38589684777064,11.565877152959645,-0.4835746748376108,-0.39445602276538116,-0.06788032269239547,-0.2928474606894903,medium,10,9.90056210525,22900106.7476,22900106.7476,1.00000000,0.99888778,0.99806575,width2_d1_m8,1
127,6,126.18652207394254,9.53863605614337,-0.4499992169360988,-1.0921577727947722,-0.09632141013113737,0.11839790959849705,medium,10,9.75591771785,14861374.9991,14861374.9991,1.00000000,0.99572202,0.99160643,width2_d1_m8,1
128,1,127.84269520285204,9.454468042000304,-0.20818110646369523,-1.7782648376862993,-0.4451721617621788,-0.03583460309828912,local,10,9.62935849309,24830601.2145,24830601.2145,1.00000000,0.99134703,0.98293110,width2_d1_m8,1
128,2,123.56537216443398,9.560941211083325,1.0748084692317543,-0.13303202787434065,0.36891527744582975,-0.24033027777042604,medium,8,9.96315085308,24089312.0406,24089312.0406,1.00000000,0.99648512,0.99318701,width2_d1_m8,1
128,3,126.57911335050379,8.5,-0.6230576445564762,-0.2343261421896256,0.0271809037452531,0.022459857301816988,local,9,9.72434875405,27441210.4225,27441210.4225,1.00000000,0.99839030,0.99693319,width2_d1_m8,1
128,4,126.55918896142201,8.518384907753688,0.7133727220493421,-0.021619356401046813,-0.791451164399754,-0.38790851497143825,local,8,9.72477875401,25281454.9922,25281454.9922,1.00000000,0.99471055,0.98967664,width2_d1_m8,1
128,5,127.02670507674338,8.5,1.0803492180803274,-0.12466218758867037,0.849805332465523,-0.211744143584864,local,8,9.68895334384,25995917.3843,25995917.3843,1.00000000,0.99409070,0.98843850,width2_d1_m8,1
128,6,124.73585013691687,10.433394976737347,0.04337322315685466,0.20992075454432274,-0.3323304696393237,0.16559588138316567,near_plain,10,9.87066723254,25237359.2741,25237359.2741,1.00000000,0.99945115,0.99914638,width2_d1_m8,1
129,1,126.5268807793929,8.96400202470817,1.5202054052176668,0.0881344846659936,0.5626594078925063,0.41662837000029523,local,10,9.72915403666,26117979.0331,26117979.0331,1.00000000,0.99234417,0.98489705,width2_d1_m8,1
129,2,124.32452895521557,10.300838455572375,0.15355440590260497,-0.10708333454668272,0.09735948659705354,-0.058314891046940764,near_plain,10,9.9032235816,25677809.2651,25677809.2651,1.00000000,0.99977096,0.99977413,width2_d1_m8,1
129,3,127.34281497416607,8.82689182095905,-0.5612235724174462,-2.0268215549793838,-0.1851993522108467,-0.021965814155126245,local,9,9.66655058977,27853378.1534,27853378.1534,1.00000000,0.98596129,0.97225237,width2_d1_m8,1
129,4,126.96029070655709,8.545078098592416,1.2305522235853958,0.8959132433181857,0.06084252675234733,-0.18925729420124593,local,8,9.69555659281,27534203.3455,27534203.3455,1.00000000,0.99127566,0.98274953,width2_d1_m8,1
129,5,126.29928387837177,8.939366733589758,1.4035394133470471,0.18722582457623138,-0.1708576548104611,0.10016191634131427,local,10,9.74626253156,26245742.5815,26245742.5815,1.00000000,0.99307521,0.98636850,width2_d1_m8,1
129,6,127.33120484494341,8.90600351104264,-1.2712097169345233,-1.259447556937395,-0.5547554200815423,-0.3657617909637154,local,10,9.66762990691,25855054.7041,25855054.7041,1.00000000,0.98661549,0.97354837,width2_d1_m8,1
130,1,123.34420785888419,10.640490737905521,-0.24630953152303903,-0.4366894487172488,-0.8522321501681362,0.07693027410841147,global,10,9.98176774475,23248810.8293,23248810.8293,1.00000000,0.99762400,0.99557124,width2_d1_m8,1
130,2,126.32002399013942,8.5,0.5502595168720532,0.5612470500493808,-0.9622529667070439,-0.07142700950035136,local,9,9.74231780021,24529998.0869,24529998.0869,1.00000000,0.99412140,0.98855900,width2_d1_m8,1
130,3,125.5614452269154,11.76345518970524,-0.30699169186972236,-0.5821152712954711,0.714855321095434,-0.08232766167731531,medium,10,9.8074441802,21803773.6057,21803773.6057,1.00000000,0.99790926,0.99616318,width2_d1_m8,1
130,4,127.04286418719774,8.5,1.28759734042278,0.556194003963181,-0.5164903119176026,0.21761407411142955,local,8,9.68789424663,26175972.6051,26175972.6051,1.00000000,0.99113691,0.98255315,width2_d1_m8,1
130,5,123.70397066606029,11.048602564532048,-0.5704602973451033,-0.30547278401204797,0.24706547416918867,0.028698028957801158,medium,10,9.9541488568,23303850.9455,23303850.9455,1.00000000,0.99889498,0.99806760,width2_d1_m8,1
130,6,127.76021294996514,8.670832723781228,-0.6843095347404062,-1.7614837359134519,-0.0034547928871002664,-0.6371387096307646,local,8,9.63646378704,26924855.5698,26924855.5698,1.00000000,0.98439024,0.96905523,width2_d1_m8,1
131,1,124.37180040470737,10.800839391891587,0.1321139219351814,0.3436772087251417,0.21099009264038,0.21439047057694,near_plain,10,9.90027758796,24067018.272,24067018.272,1.00000000,0.99937457,0.99900562,width2_d1_m8,1
131,2,127.86422675905158,9.052636613007289,-0.4883062638257272,-1.3275818590495394,0.25771698309747854,-0.3236593925294809,local,10,9.62734926225,26257763.7097,26257763.7097,1.00000000,0.99228204,0.98477313,width2_d1_m8,1
131,3,123.23301445519319,10.286618055111472,-0.5178304295025151,0.12971073457527038,1.117492294822037,0.29069061152851017,medium,10,9.98963357217,22826400.488,22826400.488,1.00000000,0.99594758,0.99225626,width2_d1_m8,1
131,4,124.04712898084523,10.246824582601205,1.8586754138130592,0.5329456259077632,-1.4365747702365335,2.0567691664116006,global,9,9.92918135515,16297812.1552,16297812.1552,1.00000000,0.97135952,0.94361294,width2_d1_m8,1
131,5,125.84230165904012,8.5,0.4441604986528762,0.579392624327717,0.13189064380570156,-0.19512630639794648,local,10,9.78145195633,27256057.9498,27256057.9498,1.00000000,0.99772046,0.99559152,width2_d1_m8,1
131,6,125.05546798436318,10.692492379972911,-0.5917363551213454,0.07676854164872082,0.3963033425370438,-0.1743867576421314,medium,10,9.84583011702,24494035.2278,24494035.2278,1.00000000,0.99874571,0.99774974,width2_d1_m8,1
132,1,126.77040237218881,10.875921642992358,0.2940350120679094,0.5031800442146053,0.793718056052521,0.2829576239492786,medium,8,9.71218929916,23485697.792,23485697.792,1.00000000,0.99748126,0.99526707,width2_d1_m8,1
132,2,127.20401194268211,8.5,-0.711150245929418,-2.1916759303829316,0.1638149000386746,-0.09406898903028887,local,8,9.67627557687,27239645.437,27239645.437,1.00000000,0.97941968,0.95940756,width2_d1_m8,1
132,3,125.15369692474353,8.5,0.6166068570154223,0.23219952720726228,-0.2584577320760971,-0.19564664047602517,local,10,9.8351056112,26896223.2396,26896223.2396,1.00000000,0.99784252,0.99584738,width2_d1_m8,1
132,4,125.63650501147954,10.751324266124373,-0.5771512246818716,-0.004699582184406914,-0.3269180663287542,-0.4254891654611741,near_plain,10,9.80053212152,24305174.8328,24305174.8328,1.00000000,0.99843518,0.99711294,width2_d1_m8,1
132,5,125.08958337343512,9.499992517435684,-0.25084757908356436,-0.16119593561798332,-0.046599166667052605,0.3152165306720936,near_plain,8,9.84166963443,25674932.4675,25674932.4675,1.00000000,0.99939373,0.99896915,width2_d1_m8,1
132,6,126.45754689228424,11.637381814122442,0.20977704676744535,0.9360445640186501,-1.0775889051015741,0.7626768496053997,medium,10,9.73795073651,21132855.9531,21132855.9531,1.00000000,0.99521357,0.99077335,width2_d1_m8,1
133,1,125.0198388106316,9.202399746137601,-0.6704544754170239,0.898057991784814,-0.9520713353053928,0.8517782104067048,medium,10,9.8472274905,22960789.0555,22960789.0555,1.00000000,0.99014398,0.98054075,width2_d1_m8,1
133,2,124.95233594107155,10.725265347567266,-0.0415734549248217,-0.03737822969283428,0.0014937741320012118,0.039535491397759914,near_plain,10,9.85411561289,25303011.3525,25303011.3525,1.00000000,0.99986411,0.99997795,width2_d1_m8,1
133,3,126.08358733465552,8.5,0.3584767003600786,0.35319400487452307,0.17392914230555426,-0.49941589307975065,local,10,9.76322876099,27081923.7823,27081923.7823,1.00000000,0.99792221,0.99596286,width2_d1_m8,1
133,4,123.27882276897004,10.909646556880041,-0.5939173824441948,-0.7487039178800805,1.0576168221417068,-0.30913683886381815,medium,10,9.98722793338,21393336.401,21393336.401,1.00000000,0.99475964,0.98989984,width2_d1_m8,1
133,5,123.9990386633886,9.50922170317974,0.21845380739114562,-0.47272548332388603,-0.03761600808823928,0.017648609575236784,medium,8,9.92815683989,25458306.9204,25458306.9204,1.00000000,0.99913794,0.99847373,width2_d1_m8,1
133,6,125.41132609675864,8.5,0.8417359666265651,1.2836646170864072,0.12011680606731862,0.3864798538702233,local,10,9.81501072595,27851762.229,27851762.229,1.00000000,0.99182550,0.98386450,width2_d1_m8,1
134,1,124.52071157738857,9.06823356647006,-1.2598079615571967,1.2748195721450155,0.10707941652204012,-0.6697559836256363,medium,10,9.88635489624,25628818.1418,25628818.1418,1.00000000,0.99044566,0.98112843,width2_d1_m8,1
134,2,127.24240725192456,8.5,1.8407744198874818,0.9616136920905275,0.327660125164216,0.05924170506380244,local,8,9.67376176064,27770980.3847,27770980.3847,1.00000000,0.98539213,0.97112809,width2_d1_m8,1
134,3,126.03019469111715,10.273229956459616,0.27925537318659077,0.2640829174710657,0.6819373642859667,-0.0939348763563489,medium,8,9.76843693951,24722491.2003,24722491.2003,1.00000000,0.99831357,0.99689731,width2_d1_m8,1
134,4,123.90658127083833,9.405873589662962,-0.05751945817695697,-0.35764837573703295,-0.27615453976433635,0.13291665998902613,medium,8,9.93530979799,24268284.765,24268284.765,1.00000000,0.99925361,0.99870746,width2_d1_m8,1
134,5,128.0,8.961396273402796,-0.14970720117483094,-0.9314332495583895,-0.6101062557896519,-0.8830785970779162,local,10,9.61836107907,26122814.3585,26122814.3585,1.00000000,0.99363555,0.98739146,width2_d1_m8,1
134,6,124.5485276900299,11.124129446612166,0.3090356658855886,-0.8144566017873748,-1.3922736377880787,-1.413994244138709,global,10,9.88811291252,19966499.5952,19966499.5952,1.00000000,0.99063479,0.98160633,width2_d1_m8,1
135,1,126.8569083745057,8.5,1.1170703482292115,0.5230982803528084,-0.21265380976014697,0.4074549265775117,local,8,9.70309773337,27385297.1848,27385297.1848,1.00000000,0.99407358,0.98832538,width2_d1_m8,1
135,2,126.91018917551153,9.771129977098713,0.2617683094577542,-0.3530626159835766,0.016735961361507123,-0.28020268822730743,medium,8,9.7006822007,26319886.3307,26319886.3307,1.00000000,0.99922673,0.99864305,width2_d1_m8,1
135,3,126.13428792030528,8.5,0.5099263052564537,-0.16202234147535183,-0.01166997968836872,-0.10727030793012488,local,10,9.75870241141,27627607.1363,27627607.1363,1.00000000,0.99889958,0.99795096,width2_d1_m8,1
135,4,126.14390633120095,8.694848308321255,-1.404843501812572,0.14349555759836252,-0.008009715103776419,-0.04542385973094157,local,10,9.75812002706,27301996.2492,27301996.2492,1.00000000,0.99321016,0.98661878,width2_d1_m8,1
135,5,127.14192071914432,8.80277300214098,-0.42106943643894107,-1.3924904113203695,0.6034377136348033,-0.6915833801642518,local,10,9.68204115549,25695029.554,25695029.554,1.00000000,0.98763143,0.97554835,width2_d1_m8,1
135,6,126.42349367889813,8.702350129931526,1.4309561431619937,0.401769840187029,0.10472727462084205,0.5574359678480278,local,10,9.73724404035,27402176.5758,27402176.5758,1.00000000,0.99227024,0.98471547,width2_d1_m8,1
136,1,123.79621325438079,9.978844860299771,0.006924650915934305,-0.33040403856191647,-0.3796225880831836,-0.27676427145103405,medium,8,9.94508493183,25092380.1645,25092380.1645,1.00000000,0.99906878,0.99836260,width2_d1_m8,1
136,2,127.05775403775428,8.543846975363108,0.6105909231185569,0.16096797748776276,0.18874213967943515,0.3552503911485072,local,8,9.68797069857,27489170.4997,27489170.4997,1.00000000,0.99814429,0.99642837,width2_d1_m8,1
136,3,124.31634796651396,10.628770577621271,-1.266910221677465,-0.7901805863472154,-0.3961056572437419,1.2192795402638192,medium,10,9.90653594211,24110087.7745,24110087.7745,1.00000000,0.99214598,0.98449316,width2_d1_m8,1
136,4,124.72261320926393,9.460727058891628,-0.1384351207333883,0.16028378249332598,0.023846392406664335,-0.14455568128729046,near_plain,8,9.87043826784,25540228.8399,25540228.8399,1.00000000,0.99971827,0.99962667,width2_d1_m8,1
136,5,127.17020546789199,8.5,2.2,0.8746304521122803,0.754158245447726,0.009577537974632941,local,8,9.67912419053,26317049.3769,26317049.3769,1.00000000,0.98111313,0.96272459,width2_d1_m8,1
136,6,124.79964705853119,9.664859690706148,0.16516204873092,0.8171389922962828,0.2412806810177528,0.23903143564669005,medium,8,9.86454946076,25849937.8312,25849937.8312,1.00000000,0.99760386,0.99541672,width2_d1_m8,1
137,1,125.07322298674899,10.258054965925718,0.3136109455776538,0.12131542257174655,0.3030212324082793,0.3928635516448563,medium,8,9.84404369365,25306777.741,25306777.741,1.00000000,0.99905945,0.99833854,width2_d1_m8,1
137,2,123.81997832038633,9.248630717054262,0.40353565776928946,0.3149664728939806,-0.10753673298010108,0.1661548181272955,medium,10,9.94219820315,25680066.6587,25680066.6587,1.00000000,0.99904331,0.99827020,width2_d1_m8,1
137,3,126.55795717857774,8.53029178973609,0.28518780522677367,0.9148236416330648,-0.14821878285557627,0.4933446582356959,local,9,9.72656023448,27022865.5793,27022865.5793,1.00000000,0.99622974,0.99259212,width2_d1_m8,1
137,4,124.73579349752093,9.894713091216966,0.05040457608641569,-0.27158117355749556,0.13545944712672364,0.14381152664487196,near_plain,8,9.86998102024,25413967.1725,25413967.1725,1.00000000,0.99958518,0.99938107,width2_d1_m8,1
137,5,126.48442683162524,8.5,0.4827470115694178,0.39353254471448285,-0.11574420868328242,-0.3011309691860377,local,9,9.73192460796,27069728.9954,27069728.9954,1.00000000,0.99805882,0.99625665,width2_d1_m8,1
137,6,126.72018066866916,11.163520365597504,0.11041090749673765,-0.23616974609085273,-1.1315307232390874,0.6915131795804359,medium,10,9.7165504277,22267972.0916,22267972.0916,1.00000000,0.99598789,0.99231748,width2_d1_m8,1
138,1,124.6565690384071,10.505465489313954,0.5274964880704479,-0.10406110003773239,-0.12944389319913058,0.5514173400620633,near_plain,10,9.87769939344,24856044.6161,24856044.6161,1.00000000,0.99843576,0.99708330,width2_d1_m8,1
138,2,126.41594675329887,10.89629336540355,0.046758171044829655,-0.3585846493346162,0.33494264850222843,-0.15556568321806646,medium,9,9.73999499414,24472697.0298,24472697.0298,1.00000000,0.99926509,0.99878994,width2_d1_m8,1
138,3,127.34282558216714,8.5,1.2011555599652326,0.5441406899823685,0.3557633739087086,0.00795569173866098,local,8,9.66587054758,27903766.366,27903766.366,1.00000000,0.99384448,0.98787804,width2_d1_m8,1
138,4,126.97832414274106,9.163237893411809,0.32595976278183314,0.6284559465605608,0.2043012273471423,-0.8696753607109932,medium,10,9.69640464759,26032024.9548,26032024.9548,1.00000000,0.99560503,0.99129595,width2_d1_m8,1
138,5,127.01138518235322,8.5,2.2,1.390429004742569,-0.1709051161565298,0.7595909235508581,local,8,9.69089489708,26157205.5874,26157205.5874,1.00000000,0.97756990,0.95579870,width2_d1_m8,1
138,6,125.47449169718091,11.585302782517163,-0.1084651530330778,-0.9608152039687501,-0.2416182691402291,0.15163593587749613,medium,10,9.81446115675,23675477.566,23675477.566,1.00000000,0.99804968,0.99639493,width2_d1_m8,1
139,1,124.67542404589051,9.697813616569194,0.11999725318596219,0.07277993641430372,-0.15548823104338652,0.04680694915751024,near_plain,8,9.87448974296,25570982.3222,25570982.3222,1.00000000,0.99977051,0.99974607,width2_d1_m8,1
139,2,125.47144434373794,8.708911035844757,0.6692604035144307,1.563927260353627,0.39382758394438216,0.8864939947742868,local,10,9.81132161048,25617213.6321,25617213.6321,1.00000000,0.98759896,0.97546622,width2_d1_m8,1
139,3,125.00519817654411,10.761424098030487,-0.009505284986479845,-0.039492567685911,-0.004646096320397683,-0.061367359221450014,near_plain,10,9.84999152226,24949260.9769,24949260.9769,1.00000000,0.99986175,0.99997459,width2_d1_m8,1
139,4,126.73624001938991,8.673691276453669,2.2,0.7729230567102869,0.5790933562320568,-0.05227427657814175,local,8,9.7128563461,26464126.1819,26464126.1819,1.00000000,0.98251665,0.96546250,width2_d1_m8,1
139,5,127.18900886539566,8.5,1.3744027584833005,0.8739859214751936,0.6352667100130783,-0.28435062153460805,local,8,9.67766873793,26464326.4512,26464326.4512,1.00000000,0.98859784,0.97747269,width2_d1_m8,1
139,6,127.75024665291092,8.5,1.3528842840105741,1.4373153430092915,0.4524512201535015,0.2590771330075874,local,8,9.63450014231,26941331.1992,26941331.1992,1.00000000,0.98592179,0.97221906,width2_d1_m8,1
140,1,127.7806873160711,8.794418407499968,-0.05689068702445471,-1.6465156405519983,-0.3509637255388657,-0.35297343829992456,local,8,9.63359812735,27587621.6477,27587621.6477,1.00000000,0.99107740,0.98235834,width2_d1_m8,1
140,2,127.50428665154378,8.643322989917921,0.9587852273390376,0.8528133298215675,-0.041915273387683916,-0.5264902136119232,local,8,9.65507029302,27463373.5209,27463373.5209,1.00000000,0.99234799,0.98483400,width2_d1_m8,1
140,3,124.6460673536115,10.801590555291632,0.14698114549995595,-0.0680682905355183,0.07809352184575996,-0.07343563101675765,near_plain,10,9.87846181071,24429660.7084,24429660.7084,1.00000000,0.99979083,0.99983686,width2_d1_m8,1
140,4,127.4420142065358,8.520755753522488,1.0779979023476813,0.4340234967248739,0.044820384165691785,0.2943328381512813,local,8,9.658613364,27345819.6667,27345819.6667,1.00000000,0.99526887,0.99069787,width2_d1_m8,1
140,5,126.21979227049042,10.97850607111397,0.00890745036638907,-0.5275871582901966,0.3825349342752635,-0.28718282523388766,medium,10,9.75532320953,24002755.7019,24002755.7019,1.00000000,0.99872268,0.99770892,width2_d1_m8,1
140,6,126.31199534865826,8.730776686276963,0.985123935863212,0.02463436127049834,-0.4730802372544938,-0.17176303665667608,local,10,9.74462075176,26085290.9968,26085290.9968,1.00000000,0.99519237,0.99060075,width2_d1_m8,1
141,1,125.4400238767203,9.413942347843514,0.3979894476293564,0.29693871645489534,-0.9650490171238747,1.062777312544283,medium,10,9.81478120794,23790944.87,23790944.87,1.00000000,0.99331242,0.98682889,width2_d1_m8,1
141,2,124.02318832513528,10.453254570306274,0.08426750247266024,-0.8523675022212885,0.0679032314378949,0.3913223753296933,medium,10,9.92791380987,24639589.7409,24639589.7409,1.00000000,0.99774935,0.99572660,width2_d1_m8,1
141,3,126.59768699157499,9.668355445637161,-0.33877929999507983,0.5518929957609626,-0.8886860997005199,0.9070014973478782,medium,8,9.72499302415,13241436.12,13241436.12,1.00000000,0.99361063,0.98743049,width2_d1_m8,1
141,4,125.7121330919487,11.15314285143159,1.7155433622078187,-0.5495940021032548,-1.2898397133180253,0.7672568374222495,global,10,9.7938730924,20292137.4405,20292137.4405,1.00000000,0.98484423,0.97028420,width2_d1_m8,1
141,5,127.3386366965892,8.902142164503715,0.956333732970796,0.7640550605539118,-0.6199972671993793,0.5985351973050991,local,10,9.66648893918,25955951.3383,25955951.3383,1.00000000,0.99316637,0.98656053,width2_d1_m8,1
141,6,125.35616122408928,11.175760657929658,0.12109882686221884,0.4737246735059477,0.07050182672808869,-0.07301941025595649,medium,10,9.82302219758,23500945.8915,23500945.8915,1.00000000,0.99934513,0.99896136,width2_d1_m8,1
142,1,127.1675868449856,8.534647586905967,-0.5002699085911303,-0.9752776307148517,-0.31838056044119656,-0.7978607424676135,local,8,9.68132348175,27111612.1812,27111612.1812,1.00000000,0.99240977,0.98491006,width2_d1_m8,1
142,2,126.45808517648581,11.49440828087305,-0.22980810647212557,0.6982797822790485,0.17721154743505774,0.7197933445174987,global,10,9.7386385145,22814217.2463,22814217.2463,1.00000000,0.99762586,0.99549438,width2_d1_m8,1
142,3,127.36779874197487,8.683297956843717,-0.21712165311795376,-1.8212964670678806,-0.7825592752525123,-0.7158822938182258,local,8,9.66564906465,25615484.2813,25615484.2813,1.00000000,0.98638927,0.97303989,width2_d1_m8,1
142,4,128.0,8.600491774500677,0.36318752770899515,-1.1615498881504978,-0.25878555036414985,0.32763937051116043,local,8,9.61683021972,27894735.9334,27894735.9334,1.00000000,0.99428130,0.98871832,width2_d1_m8,1
142,5,127.11479711780899,8.509445073994991,0.7004008479576644,0.6861782741368677,0.40913162655492585,0.24251298482633865,local,8,9.68303168424,26707946.4352,26707946.4352,1.00000000,0.99598325,0.99215033,width2_d1_m8,1
142,6,125.424644195522,8.661817861015198,1.4679399970106215,1.473645885801092,0.0987199794782736,0.14980843514997436,local,10,9.81404279013,27405139.0594,27405139.0594,1.00000000,0.98573227,0.97181610,width2_d1_m8,1
143,1,127.18077344319904,8.60027224454441,-0.6069333763158379,-1.2660723396522018,-0.8998924138604087,-0.27437312202483827,local,8,9.67750196685,25206160.0074,25206160.0074,1.00000000,0.99047586,0.98125450,width2_d1_m8,1
143,2,127.47796353627056,8.924136786110921,-0.383161096638837,-2.1746839997161147,-0.05712589498375484,-0.18958771151278278,local,10,9.65645604684,26837154.4268,26837154.4268,1.00000000,0.98395507,0.96829814,width2_d1_m8,1
143,3,126.28243049935827,8.5,0.11125277148502838,1.0754320241179367,-0.6048275008475469,0.5041090546416501,local,9,9.74738817444,26406017.2799,26406017.2799,1.00000000,0.99449900,0.98917569,width2_d1_m8,1
143,4,125.83697787081286,9.962503159719008,0.6321884972631001,0.2372266148081702,-0.7704583714107587,0.7776627624220634,medium,8,9.78385540565,23964275.2034,23964275.2034,1.00000000,0.99551354,0.99125677,width2_d1_m8,1
143,5,126.9810579954141,9.589882399427806,0.37665049039364873,0.13362031734368918,-0.7755672314527552,0.06340049775063394,medium,10,9.69388047702,22749191.2327,22749191.2327,1.00000000,0.99754193,0.99534322,width2_d1_m8,1
143,6,127.76585138391992,8.5,1.436860684066355,0.860448791363909,0.46918514488088925,0.1386817245721366,local,8,9.63366318993,27648520.3992,27648520.3992,1.00000000,0.99021151,0.98067818,width2_d1_m8,1
144,1,125.01052812110876,9.42785824179778,-0.04890732346727536,0.17589050812019102,0.19357493566942802,-0.036772039827168757,near_plain,10,9.84752814939,17823550.1633,17823550.1633,1.00000000,0.99942808,0.99903759,width2_d1_m8,1
144,2,123.75819046916372,11.618428086704464,-0.512198346363568,-0.324304832014197,-0.23905179596815485,-0.1385384242314387,medium,10,9.95080425252,22264956.3565,22264956.3565,1.00000000,0.99896105,0.99822952,width2_d1_m8,1
144,3,126.00712232333612,8.639719153571509,1.060049414283219,0.04435963212783095,0.26661301039397084,0.8786629554019851,local,10,9.77074543028,27539233.0944,27539233.0944,1.00000000,0.99359009,0.98726077,width2_d1_m8,1
144,4,126.31068321518373,8.5,0.48064103221387305,0.13751900277420237,-0.7825699847403953,1.0912168380845768,local,9,9.74681237245,24911821.0473,24911821.0473,1.00000000,0.99256352,0.98524573,width2_d1_m8,1
144,5,125.20455837586611,9.022392188001326,0.3295912857652392,1.9379133412040503,-2.118999382871995,0.6761642598318645,global,10,9.82620872344,16676942.0907,16676942.0907,1.00000000,0.97759258,0.95624730,width2_d1_m8,1
144,6,125.14153097224589,9.911253763800769,0.07995169911957456,-0.15293074927920458,-0.31447802546992454,-0.40002864523097736,near_plain,8,9.83811752242,25496752.4916,25496752.4916,1.00000000,0.99916223,0.99852752,width2_d1_m8,1
145,1,124.87630108103177,9.661209611956107,0.029688903678712637,-0.01727323690574712,-0.029890693103394334,-0.012128221267817221,near_plain,8,9.8585596437,25827536.2324,25827536.2324,1.00000000,0.99989357,0.99998748,width2_d1_m8,1
145,2,126.96899254025742,9.33740323459714,-0.2924204915239706,-1.2440083928783476,-0.601780563749909,-0.7350024548361216,local,10,9.69659562713,24253747.8896,24253747.8896,1.00000000,0.99267206,0.98551067,width2_d1_m8,1
145,3,127.16446020756463,8.895245633304407,-0.800827216843349,-2.2,-0.39990789013806083,0.10248358475450649,local,10,9.6802602751,26879015.0966,26879015.0966,1.00000000,0.98361724,0.96763783,width2_d1_m8,1
145,4,125.14275551638137,10.359177036517101,0.2923312082952915,0.21550551815523006,-0.2140274570064288,0.11905149785478636,near_plain,8,9.83846119475,25440994.2639,25440994.2639,1.00000000,0.99943022,0.99909467,width2_d1_m8,1
145,5,126.32760741320593,8.626674752980318,0.29277807609928586,0.3520423569056922,0.07415698480281546,0.7962486409305586,local,10,9.74543484628,26597824.8837,26597824.8837,1.00000000,0.99726768,0.99460837,width2_d1_m8,1
145,6,126.90627781998235,8.993754883063321,1.9484445950242848,0.7139399028870018,0.31856247717922453,0.06659265841076331,local,10,9.70001001293,26777589.5662,26777589.5662,1.00000000,0.98718287,0.97467467,width2_d1_m8,1
146,1,126.73445271446457,8.673738384165059,-1.69074493364958,-0.8458029158586621,0.08498342921683055,0.01490662526369086,local,9,9.71275942551,27642380.1618,27642380.1618,1.00000000,0.98801579,0.97631281,width2_d1_m8,1
146,2,122.52785046074764,11.112325095303756,-0.19574510464433703,-1.290198253475272,-0.8730090142416205,-0.07410824851961495,global,10,10.0494660101,22615162.463,22615162.463,1.00000000,0.99536641,0.99108239,width2_d1_m8,1
146,3,126.4130133097367,8.657962776656012,0.4917546980483155,-0.689439767070475,-0.2832264482614452,1.0620446784435225,local,10,9.74053640676,26517097.7364,26517097.7364,1.00000000,0.99260718,0.98524226,width2_d1_m8,1
146,4,123.6000281403314,9.031045350573091,-0.5339197712082059,0.8477055178475166,0.7732490605706694,-0.7730032550002878,medium,10,9.95958489626,23924691.9805,23924691.9805,1.00000000,0.99312196,0.98648225,width2_d1_m8,1
146,5,127.3293230648291,8.5,1.66616114929344,0.8683308815439637,0.22668962550395394,-0.33448232824535273,local,8,9.66797247859,27358506.3803,27358506.3803,1.00000000,0.98616604,0.97260577,width2_d1_m8,1
146,6,124.35384680781013,10.979842073580333,0.11303683220458738,0.36287926952572747,0.2815884200879176,0.25061888191098536,medium,10,9.90198806771,23881588.083,23881588.083,1.00000000,0.99924631,0.99876024,width2_d1_m8,1
147,1,124.76164507342575,9.844113428494602,0.23097001879288986,-0.3646567673756905,0.19035235143770718,0.3268007008854951,near_plain,8,9.86802122861,25501374.3375,25501374.3375,1.00000000,0.99898456,0.99816928,width2_d1_m8,1
147,2,126.71897648744347,11.132270506112208,-1.9706646083780448,1.7479153709675286,-2.124272203284954,-0.2761053360671988,global,8,9.71083350253,15537198.6855,15537198.6855,1.00000000,0.97198352,0.94543709,width2_d1_m8,1
147,3,125.25124549288806,10.112305806219272,0.5409749641606039,1.20492580932203,0.45976520372620144,0.9028246240189408,medium,8,9.83060578289,24104335.9728,24104335.9728,1.00000000,0.99325665,0.98672814,width2_d1_m8,1
147,4,127.41934237830513,9.549659363117971,-0.5704104339696325,-0.9365911487504572,0.48890732947999327,-0.4340411520411114,global,10,9.66156915622,23713380.4181,23713380.4181,1.00000000,0.99459910,0.98939993,width2_d1_m8,1
147,5,124.991322215636,9.66960902526071,0.09032163551312666,0.027529239661631566,-0.04440383276303765,0.019141001741317276,near_plain,8,9.84948931573,25651298.9848,25651298.9848,1.00000000,0.99986886,0.99993810,width2_d1_m8,1
147,6,127.79357063084113,8.928778419463276,-0.10123058134259894,-1.7691168657558913,-0.7226256186675375,-0.8856837248772341,local,10,9.63430294342,25699761.3333,25699761.3333,1.00000000,0.98715641,0.97452551,width2_d1_m8,1
148,1,123.4527869887644,11.324530141807486,-0.18690475066086976,0.5362974796236015,-0.7936277597174524,0.6578343947737935,medium,10,9.97510059557,21945413.7355,21945413.7355,1.00000000,0.99706133,0.99442882,width2_d1_m8,1
148,2,125.52467263769029,10.896843003105946,-0.4293671347114151,0.9535679443784173,-0.22775428228149242,-0.3597892487184188,global,10,9.80949151928,24929654.3739,24929654.3739,1.00000000,0.99740784,0.99506936,width2_d1_m8,1
148,3,127.05411928485017,8.5,0.8009670125047528,0.32622586185301994,0.1068736007610282,0.28595120795556217,local,8,9.68812675661,27371276.7952,27371276.7952,1.00000000,0.99722599,0.99459878,width2_d1_m8,1
148,4,127.4499403135039,8.611540919004234,-0.39642258975243594,-1.7909463812176538,-0.1357381909969828,0.10414981544150029,local,8,9.65804423798,28520900.2613,28520900.2613,1.00000000,0.98888654,0.97803360,width2_d1_m8,1
148,5,127.32338234284353,8.5,1.039741100295925,1.1573415284785886,0.6636495774563121,0.30930302853826075,local,8,9.66638803769,26109820.2372,26109820.2372,1.00000000,0.98976449,0.97984701,width2_d1_m8,1
148,6,124.11455337389526,10.802515517520753,0.3581279755220962,0.010314462102325117,-0.013445768207367259,-0.299499517562989,medium,10,9.92095273724,24325746.7663,24325746.7663,1.00000000,0.99940139,0.99905186,width2_d1_m8,1
149,1,127.36663944827608,8.791169518013412,-0.04989667990157731,-2.118116994394526,-0.018240959521181738,0.47895003388131163,local,8,9.66501708452,26700755.2262,26700755.2262,1.00000000,0.98423236,0.96882524,width2_d1_m8,1
149,2,127.18071104123239,8.861582446251125,-0.6114104753342495,-1.3895657449771317,-0.4828721458063796,-0.7375099259992169,local,10,9.68051135486,26447218.5845,26447218.5845,1.00000000,0.98915257,0.97847549,width2_d1_m8,1
149,3,125.33112488840348,10.408173668653754,0.05616387754994686,0.03853167692541674,0.02194432536940876,0.04763507457226763,near_plain,8,9.82379664206,25911488.3947,25911488.3947,1.00000000,0.99986661,0.99996551,width2_d1_m8,1
149,4,125.26134012042212,9.410824788931397,-0.3528334987059364,0.3074726326820323,-0.6700181802768811,-0.4627566758844304,medium,10,9.82758592127,24904164.546,24904164.546,1.00000000,0.99736856,0.99495830,width2_d1_m8,1
149,5,127.35619730076154,8.971182799934061,-0.40727186167927687,-0.7898682632635213,-0.5056828449344448,-0.7378986177457897,local,10,9.66666860467,25917145.794,25917145.794,1.00000000,0.99459279,0.98931586,width2_d1_m8,1
149,6,127.80263016821227,8.752036828300962,-0.4074761007671106,-2.114278132577442,-0.15467887312894443,-0.3728754244642609,local,8,9.63226419686,27002727.3816,27002727.3816,1.00000000,0.98375260,0.96786088,width2_d1_m8,1
150,1,122.83799344121562,10.635060481102029,0.5769570287428989,-1.2169184491823493,0.7251082623784799,-1.0403098350249467,global,10,10.0247501462,22694822.5626,22694822.5626,1.00000000,0.99221823,0.98471436,width2_d1_m8,1
150,2,126.6019682413675,10.22303405928358,-1.0860456229077433,-0.6180931738066306,0.4445553507195772,0.5931667807570142,medium,8,9.72511347275,24527364.0692,24527364.0692,1.00000000,0.99549059,0.99120452,width2_d1_m8,1
150,3,127.82962862502113,8.623270947621688,-0.051792929474334365,-1.7284347420387198,0.3927179966816788,-0.4964792758917841,local,8,9.62908684175,26709875.4421,26709875.4421,1.00000000,0.98637717,0.97309249,width2_d1_m8,1
150,4,124.6135893918121,11.193656662238343,-0.2516041462120849,-0.4950452609912992,0.08329889064309981,0.3232234162589639,medium,10,9.88178939189,24259147.0164,24259147.0164,1.00000000,0.99904944,0.99836724,width2_d1_m8,1
150,5,126.02531333971075,8.5,1.0908487991213913,1.1326687353173097,-0.31366348854492676,0.7875030180642484,local,9,9.76790685131,27089766.6957,27089766.6957,1.00000000,0.99072076,0.98163461,width2_d1_m8,1
150,6,127.07529425924088,8.5,-0.5590578947909222,-2.2,0.03883756420118428,-0.2680837167960305,local,8,9.68674265105,27234154.3786,27234154.3786,1.00000000,0.98010117,0.96070713,width2_d1_m8,1
151,1,126.22688414940124,10.567303169681193,0.569429268532298,0.4571716665681459,-0.17337730525741557,-0.8665611776632876,medium,8,9.75568380358,23884693.4886,23884693.4886,1.00000000,0.99663005,0.99342637,width2_d1_m8,1
151,2,127.63869645006908,8.5,1.0927831146157654,0.9638731675331866,-0.1630691543946058,0.038006915975130666,local,8,9.64347389881,28088599.1188,28088599.1188,1.00000000,0.99238242,0.98496809,width2_d1_m8,1
151,3,124.0721444185613,9.292206698468023,-0.4430947877334076,0.27773766222139895,0.24711379595706184,0.024051455252620757,medium,10,9.92192281628,24734392.2085,24734392.2085,1.00000000,0.99891650,0.99802382,width2_d1_m8,1
151,4,127.65867741233653,8.586004505113092,-0.24841428569493187,-1.8980040501299638,-0.35739236541124386,0.03003453502924247,local,8,9.64229989578,28054881.1777,28054881.1777,1.00000000,0.98826625,0.97680073,width2_d1_m8,1
151,5,125.68932943629838,9.76270769461515,-0.7814906902044457,0.3131075051835759,0.4255872744743021,1.1056135651804,medium,8,9.79746986225,23894670.2789,23894670.2789,1.00000000,0.99396337,0.98802620,width2_d1_m8,1
151,6,126.26679922097928,8.722629769625625,0.657896254946371,-0.22966802158612504,0.14522263071123143,0.3763510570804114,local,10,9.74905660397,26630579.7414,26630579.7414,1.00000000,0.99770984,0.99556005,width2_d1_m8,1
152,1,126.17236356561476,8.611538589998226,0.344702971399067,-0.932989933295481,-0.9751247127603898,-0.22542110838961293,global,10,9.75422342268,24446707.2987,24446707.2987,1.00000000,0.99380810,0.98792048,width2_d1_m8,1
152,2,125.3198303455841,9.836521379092817,-0.12457212214649316,-0.0963470765761964,0.2375715651901279,0.034436780744588,near_plain,8,9.8237533283,25575414,25575414,1.00000000,0.99967435,0.99956087,width2_d1_m8,1
152,3,125.9504180955706,8.5,-0.0809816376804543,0.037209185577939285,-0.632426992827672,0.5080553474153067,local,10,9.77279212091,26044281.4677,26044281.4677,1.00000000,0.99753370,0.99524444,width2_d1_m8,1
152,4,127.74846242901269,8.657753022764037,-0.3362583090431319,-1.3344897720567512,-0.35279944690216214,-0.02482482707186695,local,8,9.63546220168,28183063.0967,28183063.0967,1.00000000,0.99371425,0.98761764,width2_d1_m8,1
152,5,127.71330771121181,8.5,1.4253848518968335,1.056054495199588,-0.19511917627292036,0.5964680243118928,local,8,9.63808838149,27889446.5872,27889446.5872,1.00000000,0.98909332,0.97843935,width2_d1_m8,1
152,6,127.46449769860841,8.638746062630483,1.2130643798500733,0.8582821612574397,0.00985483632814604,-0.33959065965548474,local,8,9.65762089566,27793966.8189,27793966.8189,1.00000000,0.99118615,0.98255489,width2_d1_m8,1
153,1,124.38203473557705,11.788460235229099,1.0701510436948791,-0.500366889991656,0.5166266623267737,1.365209545494863,global,10,9.90427521984,21370296.9668,21370296.9668,1.00000000,0.99282086,0.98584538,width2_d1_m8,1
153,2,127.45383486237115,8.5,0.434167543249697,-1.5759902430679982,0.002521863361797577,0.21800236314406118,local,8,9.6578059759,27818962.6265,27818962.6265,1.00000000,0.98993993,0.98010476,width2_d1_m8,1
153,3,127.38789363209558,10.050983333626142,-0.6458026112112019,-1.0923402568002818,-1.4859137155661042,1.9013974752922445,global,8,9.66834073433,18747470.8495,18747470.8495,1.00000000,0.98278946,0.96592067,width2_d1_m8,1
153,4,127.50272961996494,8.649891753293337,0.9398403974461664,0.05271050246227793,0.4175104843620509,0.29790582243691555,local,8,9.65400349082,26735992.0581,26735992.0581,1.00000000,0.99645610,0.99307837,width2_d1_m8,1
153,5,126.31563683571095,8.5,0.38293425877582,0.6211136651280941,-0.36353765889154277,-0.8899004830572612,local,9,9.74675115652,26796780.3149,26796780.3149,1.00000000,0.99438830,0.98883951,width2_d1_m8,1
153,6,127.57281838575399,8.909890816556105,0.11469208688631546,-2.2,-0.45342075862163556,-0.25225702267510614,local,10,9.64942443166,26443611.214,26443611.214,1.00000000,0.98568675,0.97170309,width2_d1_m8,1
154,1,127.62091703057348,8.5,0.6618826631962192,0.6651349116209353,-0.8656100184805395,0.5210869551934392,local,8,9.64380011915,25401084.4323,25401084.4323,1.00000000,0.99347098,0.98720922,width2_d1_m8,1
154,2,127.72094812825483,8.871765109183581,-0.9953524301061518,-1.7340706875057503,-0.1788792450847127,-0.04147664602025923,local,9,9.63799949339,27031414.3032,27031414.3032,1.00000000,0.98704667,0.97439403,width2_d1_m8,1
154,3,126.82730409637786,11.060203012625257,0.3230326693022667,0.10476276028581188,-0.4486494267226879,0.3920796023591352,medium,9,9.70875780519,22637697.4106,22637697.4106,1.00000000,0.99886480,0.99799205,width2_d1_m8,1
154,4,122.38997256142476,10.369044562161076,-0.7508363183375001,0.5834895436186605,-0.45023835652796684,-1.1375191937614562,global,10,10.0622225131,23414069.8448,23414069.8448,1.00000000,0.99473148,0.98962881,width2_d1_m8,1
154,5,127.67063055477787,8.5,1.2400695164079703,1.324549952990993,-0.33690768706607066,0.5133033467016717,local,8,9.64099942666,27341809.9394,27341809.9394,1.00000000,0.98880580,0.97788643,width2_d1_m8,1
154,6,126.40286956002082,8.5,0.13180769206708964,0.3540222341205273,0.41592376559327,-0.21711160136348515,local,10,9.73764185734,26944562.097,26944562.097,1.00000000,0.99853550,0.99724295,width2_d1_m8,1
155,1,127.58861990078208,8.747034684174755,-0.6211599413607292,-1.5251889578740072,-0.8918881973916577,-0.4241808199833116,local,8,9.6474395675,25180351.3281,25180351.3281,1.00000000,0.98814797,0.97660586,width2_d1_m8,1
155,2,127.55552556500291,8.64209669235245,-0.7002332300893575,-1.8283321923129994,-0.3188336232897439,-0.5601082877001324,local,8,9.65171629304,26870840.9901,26870840.9901,1.00000000,0.98452602,0.96933144,width2_d1_m8,1
155,3,124.73027853376571,10.20292548023563,-0.021082296658392993,0.03327428688963345,0.03365518750495679,0.028758643600034495,near_plain,8,9.87088634661,25780894.3651,25780894.3651,1.00000000,0.99987862,0.99998254,width2_d1_m8,1
155,4,127.51891273256989,9.059805371331413,1.5225089024721925,1.1536132113214528,-0.0039572948428717725,0.9898486554722581,local,10,9.65462609312,26590840.9944,26590840.9944,1.00000000,0.98848895,0.97719626,width2_d1_m8,1
155,5,127.90370354219876,8.642249541399316,0.4337193042882044,-0.8851926358706164,-0.77791374177645,-0.3870284600875995,local,8,9.62289213953,25657383.092,25657383.092,1.00000000,0.99472466,0.98968528,width2_d1_m8,1
155,6,126.71339421788666,11.567173929632077,-0.23855894514039694,0.23781234929365558,-0.5667740220676576,0.3148837438733758,medium,10,9.71813109027,22181738.8702,22181738.8702,1.00000000,0.99878256,0.99786761,width2_d1_m8,1
156,1,126.48724062267462,10.966833677964047,0.19001340704771175,-0.1420087823606928,1.0355250482552734,-0.6388112895091506,global,9,9.73422090276,21817469.4549,21817469.4549,1.00000000,0.99652082,0.99336256,width2_d1_m8,1
156,2,124.87624065895989,10.557399256756824,0.2590075226670062,0.29835960159783737,0.34576575108017393,-0.35345963546762443,near_plain,10,9.85995982927,23891720.382,23891720.382,1.00000000,0.99892015,0.99808062,width2_d1_m8,1
156,3,127.57345270874308,8.97778755818777,0.49287651403840343,-1.7284978994754117,-0.9786542783780974,-0.6461841480958532,local,10,9.64880486402,23577363.2201,23577363.2201,1.00000000,0.98854958,0.97741976,width2_d1_m8,1
156,4,126.95043060041658,9.692827843272765,-0.2615592473426206,0.46497941578438773,0.39213606942641277,-0.5801400780168615,medium,8,9.69779416539,25490522.7333,25490522.7333,1.00000000,0.99786674,0.99591193,width2_d1_m8,1
156,5,127.24549278091806,8.5,1.0105053369081891,0.7271650304759754,-0.7338949538553152,0.17970276373017113,local,8,9.67203643961,26039580.0817,26039580.0817,1.00000000,0.99197591,0.98425013,width2_d1_m8,1
156,6,127.70989452275413,8.918691595719316,-0.9232620021012836,-2.2,-0.7929805728502085,-0.8378116644402557,local,8,9.64204384949,24358538.7917,24358538.7917,1.00000000,0.97560219,0.95175760,width2_d1_m8,1
157,1,127.89875353042059,8.694354307649109,0.9483098798589418,0.6426429660809497,0.005880229893662409,-0.23989730401518466,local,8,9.62442675611,27506060.8487,27506060.8487,1.00000000,0.99501198,0.99018042,width2_d1_m8,1
157,2,125.01678566670518,10.04137684870293,0.21867331626225806,0.2159061619960967,-0.21291129460138464,-0.3323745852453782,medium,8,9.84813450836,25896716.7937,25896716.7937,1.00000000,0.99924403,0.99869686,width2_d1_m8,1
157,3,124.30293716441726,9.666720598138161,0.16963102090579282,0.1071736684428122,-0.03197594388143188,0.1584589316252036,near_plain,8,9.90411669437,25527618.3737,25527618.3737,1.00000000,0.99972571,0.99965125,width2_d1_m8,1
157,4,127.72431029312654,8.646123321755429,-0.06773740705102366,-1.520130039618539,-0.37596626249545073,0.39269046201886343,local,8,9.63769984972,27331746.4021,27331746.4021,1.00000000,0.99205881,0.98430402,width2_d1_m8,1
157,5,127.88043777095636,8.849290269508064,-0.442493327640608,-1.2821080687150044,-0.4432367091065371,-0.407646850139906,local,10,9.62622133527,27570623.7945,27570623.7945,1.00000000,0.99289636,0.98597090,width2_d1_m8,1
157,6,126.69278694383942,8.790486111556412,1.4697482587315087,0.9237721380335304,0.2628698125314584,0.6619353754202298,local,10,9.71645768557,26582192.3332,26582192.3332,1.00000000,0.99041071,0.98103896,width2_d1_m8,1
158,1,127.96185658313594,8.5,-0.40759203187960735,-1.359751026104066,-0.11624119652501311,-0.321255249214808,local,8,9.61968266172,28299394.6771,28299394.6771,1.00000000,0.99222183,0.98461509,width2_d1_m8,1
158,2,127.12127357436262,8.5,1.3531488125419857,1.3609434836560053,0.4748543121824227,0.20427343749310983,local,8,9.68223474692,26853396.6481,26853396.6481,1.00000000,0.98653548,0.97343022,width2_d1_m8,1
158,3,128.0,8.521388311778091,0.5409309661860784,-1.3934967768375432,0.01076067185960572,0.6500554075780139,local,8,9.61799658926,27378679.8688,27378679.8688,1.00000000,0.98927060,0.97869986,width2_d1_m8,1
158,4,123.91859077616994,9.953753891451997,1.0605763992141846,1.1155588237857064,1.6817527206459446,-1.3607083003043854,global,9,9.93580886206,16314395.0416,16314395.0416,1.00000000,0.97681012,0.95440310,width2_d1_m8,1
158,5,127.59684365913044,8.961683712900799,0.8388047182271463,0.763550935828337,-0.36639390231172075,0.23261744228888662,local,10,9.64700561171,27124949.4799,27124949.4799,1.00000000,0.99545560,0.99110772,width2_d1_m8,1
158,6,126.82689858565882,8.5,0.6751392337659196,-0.4173346520125576,-0.7789313145614322,0.9495664550176569,local,8,9.70664374919,24870241.1941,24870241.1941,1.00000000,0.99121351,0.98258965,width2_d1_m8,1
159,1,124.9075571184241,10.644236481430246,-0.07056456137610691,0.07047731464329018,0.06251539605536685,-0.07285568038931871,near_plain,10,9.85746885595,25638581.349,25638581.349,1.00000000,0.99983390,0.99991362,width2_d1_m8,1
159,2,123.30584583823503,12.289947340122183,-1.118601122412477,-0.13934814547828678,0.38987090791853385,-0.41290643403292904,global,10,9.98886483923,21073699.2561,21073699.2561,1.00000000,0.99723585,0.99481662,width2_d1_m8,1
159,3,126.78092638121588,11.621629858722601,-0.25301500962730306,-0.7133288553410155,0.9702899696049725,0.7357966664114197,medium,10,9.71298925115,21978412.687,21978412.687,1.00000000,0.99571930,0.99177633,width2_d1_m8,1
159,4,124.81829434445454,11.296430187998627,-0.5923172510448985,0.8304509868979808,0.03898932926231513,-0.46324792433925266,medium,10,9.86591929619,22626370.9594,22626370.9594,1.00000000,0.99758416,0.99543794,width2_d1_m8,1
159,5,125.70346689214738,10.137873396242547,0.13889465382543353,0.1293399792734577,-0.13695811575150332,-0.013761716623934772,near_plain,8,9.79426594267,26042047.7704,26042047.7704,1.00000000,0.99975238,0.99972484,width2_d1_m8,1
159,6,126.38242490337235,10.62061939658594,0.23840149250447662,-0.01799396541571796,0.18074130010217826,-0.2527591547758262,medium,8,9.74237995245,24365471.9536,24365471.9536,1.00000000,0.99954449,0.99932360,width2_d1_m8,1
160,1,127.44686323789134,8.915692485601754,0.6886336985374706,0.3429554646656695,0.5641101466972552,-0.2114023370955453,local,10,9.65816353425,26266277.7035,26266277.7035,1.00000000,0.99691343,0.99402511,width2_d1_m8,1
160,2,123.24537627087399,11.535450409390151,-0.41186255651094206,-0.5996082882394029,-0.8097155619427377,0.2694649812735559,medium,10,9.99166036435,22542014.9418,22542014.9418,1.00000000,0.99746269,0.99527789,width2_d1_m8,1
160,3,123.51883416061241,9.63415646281307,-0.972724198085465,-1.0248146885484475,-0.7858522709772131,1.0558987663547783,medium,8,9.96791184746,23004127.3979,23004127.3979,1.00000000,0.99100574,0.98225693,width2_d1_m8,1
160,4,127.53086657634302,8.738857179318826,-0.1782547112106365,-2.2,-0.4450823051483954,0.3753862566839101,local,8,9.65257916662,26844387.9403,26844387.9403,1.00000000,0.98493449,0.97020570,width2_d1_m8,1
160,5,127.63393829271534,8.747155478000689,-0.258182933096101,-1.8339034605123388,0.37452551549213553,-0.4510976447097752,local,8,9.64407155159,26403879.1424,26403879.1424,1.00000000,0.98503249,0.97044088,width2_d1_m8,1
160,6,123.78631962994686,11.092653933627014,-0.5046608116185316,-0.23548413986399297,-0.5401819405857069,0.08236069583426697,medium,10,9.9473374949,23949562.5991,23949562.5991,1.00000000,0.99850296,0.99730761,width2_d1_m8,1
161,1,126.0256643527152,8.5,0.8739745463178397,0.3899221476489817,0.6121398958132858,-0.37843296444060587,local,10,9.76691439922,26325961.7531,26325961.7531,1.00000000,0.99491742,0.99002512,width2_d1_m8,1
161,2,123.02348749577628,10.218753534089972,0.983658024934088,0.7253475217209087,0.7843217662521014,0.35319136225910674,medium,10,10.0074175079,22793228.6713,22793228.6713,1.00000000,0.99484643,0.99000019,width2_d1_m8,1
161,3,127.35935348430252,8.5,1.7338741366657346,0.8672915743338894,-0.014928778918283203,-0.002165500071031848,local,8,9.6648075425,28091799.1736,28091799.1736,1.00000000,0.98654500,0.97340374,width2_d1_m8,1
161,4,126.33547921494684,11.785374281381205,0.4751017891722622,-1.00251337480762,-0.11386109181798376,-0.723940847481916,medium,10,9.74850557946,23421580.2202,23421580.2202,1.00000000,0.99695589,0.99418082,width2_d1_m8,1
161,5,127.9740622551821,8.5,1.6055870876015215,1.3169467507629955,0.5215546471551189,0.2985927180407538,local,8,9.61767182614,27197153.5266,27197153.5266,1.00000000,0.98501434,0.97042774,width2_d1_m8,1
161,6,124.83996586025305,11.683200082442553,0.13217498499399705,0.7201197290677646,-1.1282632540446624,1.0891288364575482,medium,10,9.86533478279,20147456.0398,20147456.0398,1.00000000,0.99442527,0.98917627,width2_d1_m8,1
162,1,126.20472046352562,11.097736335774671,-0.4058598227040051,-1.29637642070731,0.8591999340658467,1.2545556340136645,global,10,9.75815542355,22492876.4993,22492876.4993,1.00000000,0.99083754,0.98196107,width2_d1_m8,1
162,2,127.26758989470952,8.509620106909443,1.3374649023568859,0.7888335962478789,0.1268731082594045,-0.2684496064043636,local,8,9.67221929324,27505633.5658,27505633.5658,1.00000000,0.99062859,0.98145434,width2_d1_m8,1
162,3,125.70333549802754,9.564482162611412,-0.014938177769531616,-0.029163846364438684,-0.019006274569512684,0.015537468948475311,near_plain,8,9.793499776,25778138.9916,25778138.9916,1.00000000,0.99989835,0.99998989,width2_d1_m8,1
162,4,126.77368436145404,10.401739842492304,0.4474668037252205,0.10183375666345551,-1.2938464262305645,-0.8953844486995695,medium,8,9.71112237228,22074367.2124,22074367.2124,1.00000000,0.99307564,0.98650356,width2_d1_m8,1
162,5,124.77899944701487,10.048753339994835,-0.8830296873188772,0.45971019360745546,-0.29273965738857943,-1.0235583506142678,medium,8,9.86859672132,24627634.6601,24627634.6601,1.00000000,0.99497752,0.99010092,width2_d1_m8,1
162,6,125.5061830082424,9.878319806131179,-0.1030449018850309,-0.3001489065031491,0.5419660698787001,-0.4461989124755118,near_plain,8,9.80929482598,25129688.7652,25129688.7652,1.00000000,0.99826594,0.99675043,width2_d1_m8,1
163,1,125.4584019065335,10.592508535848319,0.03405156528525777,-0.03753032855945454,-0.15793188914350442,0.26528408975242745,near_plain,9,9.8142105139,25780021.3096,25780021.3096,1.00000000,0.99966018,0.99955657,width2_d1_m8,1
163,2,127.03966370688086,8.5,0.4851189568870595,0.8026532836037028,-0.6505343680968216,-0.27619379459861854,local,8,9.68853738579,25863946.7519,25863946.7519,1.00000000,0.99500706,0.99022279,width2_d1_m8,1
163,3,128.0,8.660975446103043,-0.9155762608665274,-1.1634145361993187,-0.048830552227793034,-1.052614455842711,local,8,9.62062804398,26516056.5087,26516056.5087,1.00000000,0.98578536,0.97167889,width2_d1_m8,1
163,4,127.01149844426251,8.556446445463113,1.8961356544698946,0.9971812068380671,-0.13170157027110752,-0.38116282700357806,local,8,9.69234959332,27151643.3318,27151643.3318,1.00000000,0.98090706,0.96225325,width2_d1_m8,1
163,5,127.70478348866034,8.956519360934495,1.4062571490813458,0.9548533853208279,-0.15662720902099367,-0.22968531505482248,local,10,9.63940861921,27287811.8074,27287811.8074,1.00000000,0.98964447,0.97952854,width2_d1_m8,1
163,6,125.4442027731752,10.820220214130181,0.08685028480352353,-0.11945262333720558,0.3997976970150662,-0.21594569506837957,near_plain,10,9.81545007595,24360033.94,24360033.94,1.00000000,0.99935959,0.99898158,width2_d1_m8,1
164,1,126.85080120773893,8.504204772218129,0.41696859454499813,0.43262176108703077,0.5232953518562171,-0.028202810846318746,local,8,9.70289941706,26590049.1699,26590049.1699,1.00000000,0.99760354,0.99540172,width2_d1_m8,1
164,2,125.66901397493791,9.858300656191469,0.3005873898012634,0.5748349249723582,0.08656936302290141,-0.12343531374708294,near_plain,8,9.79658401428,26245171.4993,26245171.4993,1.00000000,0.99869496,0.99759547,width2_d1_m8,1
164,3,126.56571147926567,11.378817148567151,0.1446276996518583,0.4187715956295497,-0.5702991385590483,-0.2456887852501487,medium,10,9.72907119101,22617120.702,22617120.702,1.00000000,0.99870652,0.99770968,width2_d1_m8,1
164,4,124.64686424234263,11.596568404996226,1.0882676564521188,-0.15021470022560535,-0.687595537567824,0.21115718762948044,medium,10,9.8791800754,21835723.7779,21835723.7779,1.00000000,0.99603070,0.99241190,width2_d1_m8,1
164,5,124.66136004369422,10.441090167268634,-0.4062098626512353,-0.38592442487738565,-0.3074206176652297,-0.5903540739452747,medium,10,9.87731379477,25413590.3466,25413590.3466,1.00000000,0.99800601,0.99622230,width2_d1_m8,1
164,6,126.96569789497691,8.5,1.746879612043456,1.1665549109709943,-0.05304664464605057,0.12601047438967788,local,8,9.69461380499,27844213.0962,27844213.0962,1.00000000,0.98465567,0.96968687,width2_d1_m8,1
165,1,128.0,8.5,0.036474711523105274,-1.3691990019378975,0.6847892292513972,-0.39802893639447484,local,8,9.61508478985,25662287.7293,25662287.7293,1.00000000,0.98905723,0.97845399,width2_d1_m8,1
165,2,124.64052840449783,10.198717096574075,0.018519714351941302,0.03082720859839272,-0.02902833972680659,-0.03318439767261136,near_plain,8,9.87793847417,25603741.4212,25603741.4212,1.00000000,0.99987928,0.99998400,width2_d1_m8,1
165,3,125.98634142453825,10.535568873797228,0.34738107384304073,0.8613685533046787,-0.0451871224863325,-0.4406649129941176,medium,8,9.7732849617,24194263.0811,24194263.0811,1.00000000,0.99732827,0.99487339,width2_d1_m8,1
165,4,125.70416100124736,10.43736384496529,0.44309140627308863,0.5039737211496222,-0.13957835891658632,-0.09794120356963293,near_plain,8,9.79465926737,24722393.5634,24722393.5634,1.00000000,0.99874831,0.99772946,width2_d1_m8,1
165,5,127.25114673867961,8.584589593758032,1.6406577164024054,0.5606045225160687,0.8821435526429554,0.1106641069127952,local,8,9.6721354029,26027809.5199,26027809.5199,1.00000000,0.98901284,0.97835589,width2_d1_m8,1
165,6,126.78166990398651,8.5,1.0495393339156642,0.5365779646131099,-0.4507953968404863,0.48698580292350246,local,8,9.70858338523,27023304.4221,27023304.4221,1.00000000,0.99351220,0.98722836,width2_d1_m8,1
166,1,127.2746285795413,8.5,0.16539873388298565,-1.4838688882005018,-0.5798846092579215,0.2674023478566963,local,8,9.67116842723,27107474.7643,27107474.7643,1.00000000,0.99187288,0.98395795,width2_d1_m8,1
166,2,124.32646979972388,10.311782441908607,-0.08147763485883491,-0.26923208047060965,-0.39286273033564467,0.007194954023298394,near_plain,10,9.90296699076,25393371.9457,25393371.9457,1.00000000,0.99932227,0.99889178,width2_d1_m8,1
166,3,125.05270907650049,10.058491375128991,-0.9094182742032692,-0.5515442303341804,0.9748457942763893,-0.42780472327851793,medium,8,9.84440352047,23040336.195,23040336.195,1.00000000,0.99400701,0.98832916,width2_d1_m8,1
166,4,124.6599407284098,9.775726833577261,-0.20557817456705285,-0.016518328182317132,-0.004891038235286638,0.4286844029327946,near_plain,8,9.87621700197,25548695.1487,25548695.1487,1.00000000,0.99931811,0.99882108,width2_d1_m8,1
166,5,127.81699483076753,9.89850852614131,0.7977072025113885,-0.8747979854697642,0.26223544966383905,-0.8245865321895199,global,8,9.63280373118,25344429.3056,25344429.3056,1.00000000,0.99510662,0.99038020,width2_d1_m8,1
166,6,123.39922446903678,10.385548165962323,-0.9568763202648434,0.8868631035783023,-0.33200112459241204,-0.8283386889790803,medium,10,9.9786900798,23822272.6472,23822272.6472,1.00000000,0.99479470,0.98980886,width2_d1_m8,1
167,1,126.52388733558227,8.85768152259989,0.5855150175509647,0.030321821194528475,0.09157301136964063,0.5660545824601566,local,10,9.72980031914,27028911.6895,27028911.6895,1.00000000,0.99782580,0.99577332,width2_d1_m8,1
167,2,126.20727976545497,8.925961427979106,0.8202660255477021,-0.1896157409294966,0.23408172000673322,1.4981621498885436,local,10,9.75946037817,26607160.929,26607160.929,1.00000000,0.98991121,0.97976031,width2_d1_m8,1
167,3,125.25727449386059,10.121304878412277,1.0698124167165792,-0.08180156015033568,-1.3416640604838752,0.6702730267447055,medium,8,9.8271254703,20877805.0078,20877805.0078,1.00000000,0.98951175,0.97950449,width2_d1_m8,1
167,4,124.93079224062366,9.755680846771522,-0.038239669066413205,-0.004691081462408778,0.03445732074988344,-0.0019268297114119273,near_plain,8,9.85434467884,25743101.0597,25743101.0597,1.00000000,0.99989060,0.99998547,width2_d1_m8,1
167,5,123.51266978997349,10.895504537430751,-0.41265966060153003,-0.39734512226708657,-0.31475958389451963,-0.16160494925574687,medium,10,9.96931317818,24940840.4676,24940840.4676,1.00000000,0.99885198,0.99797556,width2_d1_m8,1
167,6,123.53797941195928,9.889228836413473,0.2603729916609361,0.7722572438104227,0.26902044919750967,0.14385006580462512,medium,8,9.96567184032,25334445.5978,25334445.5978,1.00000000,0.99784313,0.99591330,width2_d1_m8,1
168,1,122.56264160974412,11.593000877294113,-0.8279284839596963,-0.8620469321487582,-0.9255969190469874,1.214800810938197,global,10,10.0493930281,19769964.057,19769964.057,1.00000000,0.99326987,0.98684745,width2_d1_m8,1
168,2,125.74410046619874,10.26800425947468,0.4562104981619034,-0.04174077153957473,0.019374334241867408,0.15451923970995685,near_plain,8,9.79133163241,25963889.4591,25963889.4591,1.00000000,0.99932879,0.99887898,width2_d1_m8,1
168,3,127.10981946345068,8.561400204897675,-0.16941846027298169,-1.2850322910469587,0.36410702829430236,-0.0716882405248091,local,8,9.68323384906,26813183.2337,26813183.2337,1.00000000,0.99274360,0.98571832,width2_d1_m8,1
168,4,123.4450860529134,10.27342729231587,1.6971216818644985,-0.58288592604684,1.785079246485233,-1.0141264855807255,global,10,9.97204108768,18396500.2443,18396500.2443,1.00000000,0.98481248,0.97026493,width2_d1_m8,1
168,5,124.79073034322744,12.04138868239793,-0.02865929619047547,-0.8583716995033159,-1.5031502360780955,0.5935165127800826,global,10,9.86784207458,18188278.2396,18188278.2396,1.00000000,0.99400054,0.98848131,width2_d1_m8,1
168,6,125.38077991077242,10.082745845478394,0.10703099663573801,0.06190662240146555,0.15336439869646573,0.08098439357535756,near_plain,8,9.81937718162,25889643.8123,25889643.8123,1.00000000,0.99977733,0.99977336,width2_d1_m8,1
169,1,125.36453684976831,10.411298789975065,-0.5498068007125213,-0.32305293997835743,-0.3855327484665818,0.12402355265385945,near_plain,8,9.8209412105,25606891.5619,25606891.5619,1.00000000,0.99849876,0.99724553,width2_d1_m8,1
169,2,124.21026001815737,9.681823402015219,-0.009371510701455366,-0.24333742665686486,0.2284190566761477,0.7799543136596137,medium,8,9.91276521717,26015085.9239,26015085.9239,1.00000000,0.99799251,0.99612557,width2_d1_m8,1
169,3,124.37211985492692,9.993531449800827,0.9900766033530692,-0.5176244065830793,-0.646369853723026,0.3781686074341133,medium,8,9.89870551006,24616341.1312,24616341.1312,1.00000000,0.99449426,0.98926100,width2_d1_m8,1
169,4,128.0,9.038937682894552,-0.5234398073816557,-0.630240639236487,-0.9034027461328745,0.2121358502140949,local,10,9.61550483255,24819517.5375,24819517.5375,1.00000000,0.99517276,0.99063062,width2_d1_m8,1
169,5,124.3879406613117,10.55846392988059,0.2679937584153279,0.23638731426580206,0.20856148618334003,0.07436896071100091,near_plain,10,9.89855508073,24969759.7914,24969759.7914,1.00000000,0.99947853,0.99920464,width2_d1_m8,1
169,6,125.93733134941391,8.911249404623849,0.33771149785455773,0.8585171635298201,-0.28597637365147544,0.1689786473785168,local,10,9.7744015424,26844811.7287,26844811.7287,1.00000000,0.99712926,0.99443511,width2_d1_m8,1
170,1,126.58436523147739,8.720943039303648,0.6025311529827034,-0.03371492108363311,0.47986178459698464,-0.8969504957948002,local,10,9.72591648201,25966096.5463,25966096.5463,1.00000000,0.99549174,0.99107050,width2_d1_m8,1
170,2,123.97210399968668,9.953136229418078,0.02764228402748048,-0.20338964480443922,-0.6307688073732429,-0.6016843098201327,medium,8,9.93113271683,24687147.4108,24687147.4108,1.00000000,0.99783239,0.99588636,width2_d1_m8,1
170,3,126.87255728147181,8.60259455898257,1.4553229264055947,0.7585892294217031,0.2145329459767631,-0.17835822576056426,local,8,9.70226889862,27825481.6146,27825481.6146,1.00000000,0.99030351,0.98082515,width2_d1_m8,1
170,4,126.9633952089,9.008419341331528,1.0000254258154,0.4437133362086487,-0.383470886548628,0.0634794463435974,local,10,9.69511513745,26711634.4695,26711634.4695,1.00000000,0.99536527,0.99094052,width2_d1_m8,1
170,5,125.18360808021716,11.586928429503962,-1.1277467316730694,-0.15338303132661424,-0.9870303755261393,0.4673749325719676,medium,10,9.8363776814,21783294.031,21783294.031,1.00000000,0.99431646,0.98902684,width2_d1_m8,1
170,6,123.22988441259459,10.06926954484185,-0.3237725287394593,0.7731890709481675,-0.2591353627546267,0.1955530465905031,medium,10,9.99104646215,25017815.4896,25017815.4896,1.00000000,0.99788954,0.99600633,width2_d1_m8,1
171,1,123.62734680371398,9.634733119388052,-0.05219538638623167,1.020026586325232,-1.1199416432788496,-0.8428965389185126,medium,8,9.95812243173,21139998.1513,21139998.1513,1.00000000,0.99232014,0.98494147,width2_d1_m8,1
171,2,127.17802400476526,8.5,-1.2965888890197184,-0.6042863393938654,0.07665243938814098,-0.2492425035263063,local,8,9.67892468185,27887107.7,27887107.7,1.00000000,0.99213777,0.98445570,width2_d1_m8,1
171,3,126.74737606598126,8.5,0.373217453691311,0.03342154344222299,-0.9015563882006147,1.14532701395387,local,9,9.71322209835,24313510.8772,24313510.8772,1.00000000,0.99172914,0.98359557,width2_d1_m8,1
171,4,127.81263813723356,8.5,-0.8628953302286511,-1.6272518421372761,-0.3414826838358552,-0.649818804322512,local,8,9.63259504331,26848336.7882,26848336.7882,1.00000000,0.98427426,0.96880564,width2_d1_m8,1
171,5,125.37802328199366,9.46207057618156,0.25178495041393845,-0.41719501295522693,-0.48526314943511106,0.008795479610607337,medium,10,9.818424715,11279957.7813,11279957.7813,1.00000000,0.99784207,0.99586316,width2_d1_m8,1
171,6,126.82124344574999,10.384973772342988,0.17527907634881223,0.42388027695453456,0.4906494134880225,0.00977783940341892,medium,8,9.7078603703,24937925.2655,24937925.2655,1.00000000,0.99873629,0.99772275,width2_d1_m8,1
172,1,125.294507344292,9.864458269672372,0.06503118913674785,0.06982207228551543,0.021685193853515555,-0.1434187984655761,near_plain,8,9.82587961426,25792979.9621,25792979.9621,1.00000000,0.99981895,0.99984310,width2_d1_m8,1
172,2,126.32489553492101,8.5,0.9112609211048197,-0.3780303282910596,-0.2874645311648366,-0.38502516166829365,local,9,9.74394684793,26397694.74,26397694.74,1.00000000,0.99571022,0.99158815,width2_d1_m8,1
172,3,127.55213935456787,8.5,1.7760107019072633,1.2754242213615314,-0.23277104202578194,0.11404624350867233,local,8,9.64981929382,27568463.2997,27568463.2997,1.00000000,0.98271552,0.96588054,width2_d1_m8,1
172,4,124.63477914691578,9.449647972212029,1.3698786128903846,0.7183175102672434,0.48098829725094516,-1.451632791409843,global,10,9.88347923996,15900816.5772,15900816.5772,1.00000000,0.98348185,0.96706174,width2_d1_m8,1
172,5,125.03795208976653,9.434493865751417,0.9670693258500034,-0.8485205386712917,-0.704456116129665,0.8537009041759118,medium,10,9.84683813772,18551731.1234,18551731.1234,1.00000000,0.98978705,0.97977725,width2_d1_m8,1
172,6,127.10749325446648,8.652936019251108,-0.2306649925407715,-2.0503552732474226,0.07995348417452888,0.10245939697473358,local,8,9.68383433002,26947674.5333,26947674.5333,1.00000000,0.98490519,0.97019270,width2_d1_m8,1
173,1,127.4790803677035,8.5,0.9474858987492418,0.8822041354680585,-0.4892252885357688,-0.11611742982592563,local,8,9.65523935887,26801325.1846,26801325.1846,1.00000000,0.99269268,0.98560930,width2_d1_m8,1
173,2,127.9192255567809,8.681998440789176,-0.8740845875157737,-1.9458273980885878,0.12042211180214485,0.11095819670360363,local,8,9.6223561456,27146756.6065,27146756.6065,1.00000000,0.98424882,0.96889866,width2_d1_m8,1
173,3,126.89095954859633,8.5,1.3770550654726155,1.2995879891449755,0.018431540811409908,-0.356625107074545,local,8,9.70155628722,27300355.1327,27300355.1327,1.00000000,0.98517326,0.97063732,width2_d1_m8,1
173,4,127.62248966555734,8.5,1.339457434479064,0.16842784560837887,0.02862676701175426,0.47098857747152706,local,8,9.64535810451,27792227.3998,27792227.3998,1.00000000,0.99299215,0.98614529,width2_d1_m8,1
173,5,128.0,8.5,-0.21751920965926794,-1.4300265844490996,-0.7758589314773672,0.13316158482369886,local,8,9.61562776673,26167175.2973,26167175.2973,1.00000000,0.99210134,0.98445710,width2_d1_m8,1
173,6,127.88603467414278,8.864069901786406,-0.11068951058866874,-1.941614723317187,-0.6533952153518816,-0.006020712900385462,local,8,9.62529838164,26596986.1024,26596986.1024,1.00000000,0.98866584,0.97761502,width2_d1_m8,1
174,1,127.43769682793793,8.5,1.4960415124294963,0.17628302402930374,0.0943345984700611,0.5530039367106079,local,8,9.6595518985,27896510.0207,27896510.0207,1.00000000,0.99132179,0.98281533,width2_d1_m8,1
174,2,127.29432148939283,8.54240351113102,-0.06582691463645379,-1.4306779813357693,-0.7762004307742361,0.09304436228106393,local,8,9.66907218293,25830362.7833,25830362.7833,1.00000000,0.99232140,0.98489537,width2_d1_m8,1
174,3,125.46849833142056,9.339684198764818,-0.654354898864246,0.5263150038946629,-0.41697239622795534,0.04052557195254658,global,10,9.81126812693,25199180.1873,25199180.1873,1.00000000,0.99720905,0.99462608,width2_d1_m8,1
174,4,125.2592158489807,11.213913356174352,0.08269625245568357,-0.5664712132991018,0.15144973536399642,-0.3273519011299465,medium,10,9.83084562528,23172105.6668,23172105.6668,1.00000000,0.99893046,0.99812808,width2_d1_m8,1
174,5,122.28238000598687,9.074557475579466,0.5311880277071939,-0.05430298882781681,0.4169384340311486,-0.8950419475625695,global,10,10.0688368924,25009265.7689,25009265.7689,1.00000000,0.99621270,0.99253255,width2_d1_m8,1
174,6,124.7154212275665,10.574453817515648,-0.4174986452555253,-0.3163076054544689,0.4889205526370102,-0.46479654957422745,medium,10,9.87278309226,23678307.4139,23678307.4139,1.00000000,0.99814651,0.99653723,width2_d1_m8,1
175,1,126.79939856845067,11.801855929265702,-0.3320621776387159,0.47403980837753434,-0.21499396688222983,0.5781649847671244,global,10,9.71257461872,22651216.9017,22651216.9017,1.00000000,0.99848340,0.99724003,width2_d1_m8,1
175,2,126.9283357845153,8.721426242387944,1.23662975512394,0.2796170897561283,0.4792067450331055,0.3163576191768477,local,10,9.69782612522,26931433.1048,26931433.1048,1.00000000,0.99440621,0.98900169,width2_d1_m8,1
175,3,126.21508772171087,11.518032839666677,-1.098652646837642,0.6639957542529178,-0.5268694485356186,0.8483775757309555,medium,10,9.75770288037,23004361.388,23004361.388,1.00000000,0.99387630,0.98801978,width2_d1_m8,1
175,4,125.53349132197896,10.365550766620123,0.2016619128933762,-0.022694938371894874,-0.06405679530845163,0.02991343812356756,near_plain,8,9.80789766173,25989955.6521,25989955.6521,1.00000000,0.99977416,0.99977817,width2_d1_m8,1
175,5,127.83035394434201,8.86731790875582,-0.09165292617514709,-1.6210668591067061,-0.5990437731107757,-0.06908920187848105,local,10,9.62939462889,25734968.4833,25734968.4833,1.00000000,0.99174374,0.98372064,width2_d1_m8,1
175,6,127.60900079379357,8.779965276696682,1.3242022429288784,0.7358624464394924,0.9748108096046745,0.5580612923754984,local,8,9.6450051161,24802753.3913,24802753.3913,1.00000000,0.99004509,0.98042339,width2_d1_m8,1
176,1,125.94251007896652,9.189932968673876,0.060032474013019366,-0.2870839401921574,0.10611517971856121,0.7353525147195281,medium,10,9.77560324147,26311226.7664,26311226.7664,1.00000000,0.99801827,0.99614659,width2_d1_m8,1
176,2,122.7057819364679,10.633519172323036,1.6872685043694955,0.1319092860657296,2.0241365524167505,-1.0686984713225456,global,10,10.032939193,16860724.6758,16860724.6758,1.00000000,0.98315274,0.96703383,width2_d1_m8,1
176,3,125.29588415768066,9.412321569827737,-0.4579781868879089,0.49312091774162004,-0.44161447831696843,-0.26251352412532103,medium,10,9.82494624563,24489255.6168,24489255.6168,1.00000000,0.99790556,0.99601387,width2_d1_m8,1
176,4,126.37561751727179,8.5,0.5586522154021827,0.5835925460164613,0.013871320267486886,-0.09697032399320976,local,10,9.74004072769,27236646.1289,27236646.1289,1.00000000,0.99753502,0.99522224,width2_d1_m8,1
176,5,125.68267780370715,9.377562135508102,0.38243143686517145,0.13604267498621037,0.10414316884324981,-0.007113655391537965,medium,10,9.79480260776,25921053.0508,25921053.0508,1.00000000,0.99940761,0.99900019,width2_d1_m8,1
176,6,126.23895562390207,8.7656421671016,0.5827839506155579,-0.057591959103807905,-0.3833842779532325,1.2503518453864388,local,10,9.75465285477,26770499.6457,26770499.6457,1.00000000,0.99291168,0.98582552,width2_d1_m8,1
177,1,125.27735186355063,10.719517109408674,-0.2833955049101339,0.09569089541981968,0.40813969233473746,0.2862579299873501,near_plain,10,9.8284637741,24952944.3176,24952944.3176,1.00000000,0.99912071,0.99849640,width2_d1_m8,1
177,2,125.79799641023047,10.98555416761732,0.11901958944712154,-0.3867478154167261,0.6582295863662599,0.4305678078541688,global,10,9.78797824775,23941412.2194,23941412.2194,1.00000000,0.99809168,0.99646591,width2_d1_m8,1
177,3,127.41245750332833,8.616357120171514,0.3607628247514265,0.4734377423618098,-0.012302417409505828,-0.40811409821128264,local,8,9.66135542012,27041512.5575,27041512.5575,1.00000000,0.99800446,0.99613569,width2_d1_m8,1
177,4,124.89469476445689,9.846015998511142,-0.018211051481697438,-0.4741662737606809,0.029072569464852704,-0.26045740477459256,near_plain,8,9.85746171017,25962309.4873,25962309.4873,1.00000000,0.99912698,0.99845481,width2_d1_m8,1
177,5,127.2496249346895,8.546132789331253,1.353290211514608,0.879269341527355,0.25295905226423526,0.556190246219272,local,8,9.67341218606,27647761.0496,27647761.0496,1.00000000,0.99126510,0.98273417,width2_d1_m8,1
177,6,128.0,8.5,0.5005278115207267,0.46505213772141146,-0.024269411458152257,0.24430804405420037,local,8,9.61642143849,28167893.8154,28167893.8154,1.00000000,0.99821664,0.99657692,width2_d1_m8,1
178,1,128.0,8.924801770326235,1.0534859844224238,0.2212072447270324,0.18350102677591834,-0.1808664115016858,local,10,9.61692141136,27076029.3951,27076029.3951,1.00000000,0.99614588,0.99245678,width2_d1_m8,1
178,2,125.64582043676315,10.743557214224953,-0.021823804925935907,-0.01003399421865133,0.023047637897365632,-0.012462631196226499,near_plain,10,9.79963332563,25714776.9844,25714776.9844,1.00000000,0.99987264,0.99999285,width2_d1_m8,1
178,3,124.49577239698411,11.566725008092233,-0.3453321601652301,-0.2194626813634134,0.3910812286702947,0.455298502389061,medium,10,9.89182671343,21775775.6223,21775775.6223,1.00000000,0.99887885,0.99805063,width2_d1_m8,1
178,4,124.28370732441148,11.176245596478175,-0.8744129844467531,-0.6170709081133148,-0.9265365633826887,0.5201783748588165,medium,10,9.90725175783,22184958.4204,22184958.4204,1.00000000,0.99510086,0.99055681,width2_d1_m8,1
178,5,127.21760001860993,8.5,1.4541469928083135,0.5241008764731682,-0.36907910020558365,-0.32097182307614747,local,8,9.67538082589,26439601.9478,26439601.9478,1.00000000,0.98901441,0.97829685,width2_d1_m8,1
178,6,127.60791177806026,8.50521444073878,-1.0764200230229066,-1.9191793233134316,-0.2978311287673665,-0.27959618095527117,local,8,9.64694369611,26931251.74,26931251.74,1.00000000,0.98150591,0.96342536,width2_d1_m8,1
179,1,126.72875111708854,8.5,1.275979560995098,1.0188969871772176,-0.4787166458977766,-0.11635111366783299,local,8,9.71242436902,26837607.513,26837607.513,1.00000000,0.98871663,0.97772855,width2_d1_m8,1
179,2,126.97240217938447,8.5,1.0357656985877703,0.43130811830597576,0.1756752361275965,-0.15521459802001547,local,8,9.69436618675,27832572.7807,27832572.7807,1.00000000,0.99534369,0.99084738,width2_d1_m8,1
179,3,127.97517663957873,8.5,1.0955797789227766,0.7831400215848194,0.41324229830194276,-0.4481591356884571,local,8,9.61886622945,27310719.2152,27310719.2152,1.00000000,0.99148661,0.98315015,width2_d1_m8,1
179,4,124.28696870613061,10.389776109447768,0.026263088268283073,0.031795337956932075,0.025038508011702328,0.03154627068484262,near_plain,10,9.90639672207,25842643.4602,25842643.4602,1.00000000,0.99987383,0.99998378,width2_d1_m8,1
179,5,127.42336111463794,8.5,0.7075841839607329,0.377847804363011,0.21277235633094949,0.202685958507101,local,8,9.65989089239,27802023.6767,27802023.6767,1.00000000,0.99758363,0.99532139,width2_d1_m8,1
179,6,127.07202351013368,8.516984245895989,1.6176250488022235,0.895518461246386,0.22224655658934506,0.3394071865497438,local,8,9.68664431701,27660911.1468,27660911.1468,1.00000000,0.98887979,0.97802326,width2_d1_m8,1
180,1,122.33567170856716,8.764913761629973,0.28592251660588275,-1.2743221889122527,-1.7611132589214156,-0.9414026750229798,global,10,10.0589015924,17615562.7529,17615562.7529,1.00000000,0.98317988,0.96705955,width2_d1_m8,1
180,2,127.6517397853932,8.92599356836389,1.4786839403058736,0.5254477795929646,-0.3217803085422519,-0.25780385030657654,local,10,9.6429361621,26547339.5287,26547339.5287,1.00000000,0.99029577,0.98084576,width2_d1_m8,1
180,3,127.0786603748569,8.5,1.2906846845608313,0.7489295583060636,0.08901100036172599,-1.1582003073868403,local,8,9.69111152752,26530504.2848,26530504.2848,1.00000000,0.98416183,0.96842864,width2_d1_m8,1
180,4,124.15547221344417,10.595257827566204,0.4613506468308458,0.6281712486944783,-0.5249701618594308,0.609005428311591,medium,10,9.91756942545,23770918.9418,23770918.9418,1.00000000,0.99727867,0.99480169,width2_d1_m8,1
180,5,126.42122730805836,10.490602322040072,0.17652948194434015,0.050672755182969986,-0.41850251565110475,-0.47136088028300627,medium,8,9.73929438722,25706674.0036,25706674.0036,1.00000000,0.99887047,0.99796754,width2_d1_m8,1
180,6,124.9894673522536,10.718918076610855,-0.0405157743771522,-0.3620188086521695,-0.07886870034704496,0.4556951097952249,near_plain,10,9.85155765097,25088393.3466,25088393.3466,1.00000000,0.99914023,0.99851035,width2_d1_m8,1
182,1,128.08859636809618,9.255430160030693,0.15988489722207283,-0.18147502957827505,-0.0696449899463325,-0.36744833893742557,medium,10,9.61079207328,26922386.4868,26922386.4868,1.00000000,0.99936061,0.99887774,width2_d1_m8,1
182,2,127.71755942900795,8.681042087742059,-0.46062435902554877,-1.309526581104089,-0.26758025722104295,0.3966179899524229,local,8,9.63801434914,27165878.3601,27165878.3601,1.00000000,0.99360406,0.98738460,width2_d1_m8,1
182,3,128.27558518268265,8.405244466848456,-0.4017576056352335,-2.1907503781617876,-0.5031310961669001,-0.22784458465928398,local,8,9.5961982715,27282740.5262,27282740.5262,1.00000000,0.98298723,0.96635612,width2_d1_m8,1
182,4,127.9851054142542,8.661508824949644,0.4741170083456452,1.0591602799146185,-0.10561079764771573,0.4417800662092853,local,8,9.61798396474,27615781.9288,27615781.9288,1.00000000,0.99526063,0.99067223,width2_d1_m8,1
182,5,125.47588699668744,10.22452301117953,0.0038502839920990344,-0.021958554984196965,-0.018302168640388458,-0.016654609653252044,near_plain,8,9.81215696552,25920347.5579,25920347.5579,1.00000000,0.99988566,0.99999450,width2_d1_m8,1
182,6,127.46560008175264,8.31190547739793,1.8838590267866884,1.0887864931871176,-0.23174367775338817,0.3254874344481296,local,8,9.65582582128,26995644.3054,26995644.3054,1.00000000,0.98241798,0.96530935,width2_d1_m8,1
183,1,128.11874598122066,8.585174242931648,-0.57229752501253,-1.1318292513293193,-0.5835823512135676,0.05394945612948766,local,8,9.60695699561,27315025.6641,27315025.6641,1.00000000,0.99380333,0.98782587,width2_d1_m8,1
183,2,129.71189910256356,8.660413880991747,0.306505529167618,0.05195280029834415,-0.32629640932065795,-0.06808090499336439,medium,8,9.48925064835,27873496.0306,27873496.0306,1.00000000,0.99916193,0.99848762,width2_d1_m8,1
183,3,126.5985875591492,8.80458658188076,-0.25770026464004225,-0.10807070744406722,0.19057336999244756,0.21407865399299053,medium,10,9.72320853933,27054731.6014,27054731.6014,1.00000000,0.99941818,0.99899621,width2_d1_m8,1
183,4,126.31751093025463,9.166655804259257,0.9438715650319491,-1.2862646092701706,0.15200995874286938,-1.4717789383723618,medium,10,9.74942460667,24281455.5999,24281455.5999,1.00000000,0.98822866,0.97654129,width2_d1_m8,1
183,5,127.43565944228384,8.739460857802436,-0.5081764523812038,-1.907664628770737,-0.2701018362396598,0.06287224111590148,local,8,9.65933428867,27392722.4312,27392722.4312,1.00000000,0.98775460,0.97579486,width2_d1_m8,1
183,6,128.1544487196529,8.710950321748498,-1.4865199298475447,1.1542086103153328,-0.4749983636117654,-0.43391714828468,medium,8,9.60431421536,26094617.9905,26094617.9905,1.00000000,0.98739707,0.97514003,width2_d1_m8,1
184,1,129.36978168326587,9.004998009093757,-0.24666445682062643,-0.028758109959400313,-0.44741642605029086,1.2254157795964407,medium,8,9.51817420637,26471321.3071,26471321.3071,1.00000000,0.99449560,0.98900186,width2_d1_m8,1
184,2,126.52049208572572,8.693393763390782,0.39871590618875347,-0.37534566410146786,-0.5490603461592547,1.3940468565190702,local,10,9.73383492517,25477900.4734,25477900.4734,1.00000000,0.99087376,0.98172982,width2_d1_m8,1
184,3,127.91014413478942,8.244631740507367,0.5870289516770116,0.4221540895084803,0.17390491398088043,0.2528980161899356,local,8,9.62286842365,27618925.9402,27618925.9402,1.00000000,0.99782602,0.99579404,width2_d1_m8,1
184,4,127.68658674835487,8.229619240308846,-0.05073683881898827,-1.5429679163720387,-0.44124806235417746,0.10259350250766175,local,8,9.63962132903,28474232.9968,28474232.9968,1.00000000,0.99156128,0.98333021,width2_d1_m8,1
184,5,127.15997183380709,8.43271478040784,1.3680168703381574,1.0165382311978908,0.34483691148904716,-0.14215474124461672,local,8,9.67999429055,27553646.9531,27553646.9531,1.00000000,0.98879524,0.97784451,width2_d1_m8,1
184,6,126.20208785736706,8.71383807650433,0.34678290945493084,0.1692392002626989,-0.5412243703359739,-0.5612455606812247,medium,10,9.75390537975,25749698.3733,25749698.3733,1.00000000,0.99722846,0.99461657,width2_d1_m8,1
185,1,126.49015955545319,8.649837388158948,0.36856403436489793,0.19090125226347404,-0.31017290805310127,0.9323615709343469,local,10,9.73340178217,26673814.8588,26673814.8588,1.00000000,0.99623223,0.99252254,width2_d1_m8,1
185,2,126.9910379714249,8.955655245135322,-0.41988197949208284,0.6687506975850162,-0.0716129954315351,-0.008853279012862814,medium,10,9.69330994476,27171123.2174,27171123.2174,1.00000000,0.99796422,0.99609553,width2_d1_m8,1
185,3,127.358194942479,8.361700826016591,-0.31362731800532356,-1.5248318068400952,-0.7967661784335609,0.36071490110787224,local,8,9.66418217829,27051441.672,27051441.672,1.00000000,0.99063961,0.98154516,width2_d1_m8,1
185,4,127.48735399981287,8.782959029909476,0.13252638235970066,-1.5767059162814483,0.031521996281048126,-0.10553615348473369,local,10,9.65531850498,27063980.1552,27063980.1552,1.00000000,0.99156163,0.98334576,width2_d1_m8,1
185,5,127.38399732913605,8.615892264318218,1.8515578838291222,0.9592347105123354,-0.5168050311024953,0.7131035691658831,local,8,9.66222626549,25436699.7955,25436699.7955,1.00000000,0.98268727,0.96586401,width2_d1_m8,1
185,6,126.59067194903226,9.192857435494185,0.5203459839330755,0.4169277877396025,-0.5495382313009034,0.7784892160291663,medium,10,9.72502419035,25958539.8957,25958539.8957,1.00000000,0.99606729,0.99228844,width2_d1_m8,1
186,1,128.32457352257924,8.47213365964138,-0.31661868722947134,-1.356091323189146,-0.32010238314122147,-0.21072445003487214,local,8,9.5921256084,28025306.7793,28025306.7793,1.00000000,0.99298315,0.98614427,width2_d1_m8,1
186,2,126.99204787336764,8.625229962984294,-0.6807494179311616,-0.11755150550721116,-0.2682443186329633,-1.3924720177942969,medium,8,9.69796793969,26287215.3061,26287215.3061,1.00000000,0.99099928,0.98194597,width2_d1_m8,1
186,3,128.28279358052689,8.292555843621388,0.15453970498790093,-1.377750232107333,-0.0050580527832093936,-0.29888733426086334,local,8,9.59504378959,28754818.542,28754818.542,1.00000000,0.99263586,0.98545063,width2_d1_m8,1
186,4,127.76057930231106,8.328162778268567,1.050033951787692,0.4588127410464977,0.005863852871086178,-0.14015252940303907,local,8,9.6342559558,28271050.8441,28271050.8441,1.00000000,0.99489565,0.98994881,width2_d1_m8,1
186,5,126.27681458017715,9.069897828518624,-0.12818302905148493,-0.6403346645621109,-0.7439894950747654,-0.5515628519106618,medium,10,9.74816486504,25132900.0604,25132900.0604,1.00000000,0.99605899,0.99232328,width2_d1_m8,1
186,6,127.79269898731586,8.945445389459703,-0.498333472427966,-2.090444116350879,-0.29278501261543677,0.10015913932092381,local,10,9.63260230084,26328558.4723,26328558.4723,1.00000000,0.98626704,0.97286012,width2_d1_m8,1
187,1,128.08558847827047,8.49465953786045,-0.7060360304837565,-1.3517662159697108,-0.6576000019529098,-0.6574679981751368,local,8,9.6110989354,26203664.1269,26203664.1269,1.00000000,0.98779745,0.97581715,width2_d1_m8,1
187,2,129.03585323461985,8.893333505865247,-0.45966136498200827,-0.7062800433325395,1.4236710774106085,-0.5547892733106239,medium,8,9.53627007419,22153504.7837,22153504.7837,1.00000000,0.98851045,0.97753160,width2_d1_m8,1
187,3,129.42266178645556,8.796962926272236,-0.537193290404764,0.6090866344531303,-1.0346616959148764,-0.4375408375780996,medium,8,9.50910437854,24734153.8338,24734153.8338,1.00000000,0.99367963,0.98767202,width2_d1_m8,1
187,4,127.50219210175901,8.527183600997562,-0.758710459907624,-1.2905390790031717,0.11725659310474812,-0.4305217426286087,local,8,9.65479806536,27304219.1815,27304219.1815,1.00000000,0.99015295,0.98049361,width2_d1_m8,1
187,5,127.43153690481195,8.20277673778842,-0.2611831849291576,-1.7632595440577594,0.027082421989306493,0.1132282178557513,local,8,9.65876229334,27987230.3475,27987230.3475,1.00000000,0.98778446,0.97585503,width2_d1_m8,1
187,6,128.5614482420171,8.4772471638516,-0.7228736723337097,-1.3560023950928488,-0.48701911305077694,0.029923446455113023,local,8,9.57404467328,27538235.3683,27538235.3683,1.00000000,0.99146047,0.98315069,width2_d1_m8,1
188,1,127.58795356790237,8.84890500261016,-0.07442278946912545,-1.7732396347117212,-0.3880422660619294,0.26785849904356507,local,10,9.64807843806,26326225.1584,26326225.1584,1.00000000,0.99026405,0.98075796,width2_d1_m8,1
188,2,127.69304966494772,8.852309227900193,-0.8866200489835909,-1.6008558018008578,-0.1692629526790972,-0.288209619210293,local,9,9.64054550109,27229397.0369,27229397.0369,1.00000000,0.98806672,0.97638293,width2_d1_m8,1
188,3,127.9541859921227,8.402813096986778,-0.6130891023875832,-0.9013227389928327,0.0372585617914864,-0.689430444096917,local,8,9.62137536261,27532939.5463,27532939.5463,1.00000000,0.99292332,0.98593816,width2_d1_m8,1
188,4,127.36264371592841,8.297934629268475,-0.22455301802867444,-1.3057384955040754,-0.38343890351780524,0.205953721341765,local,8,9.66422540373,28518163.615,28518163.615,1.00000000,0.99369420,0.98756896,width2_d1_m8,1
188,5,123.86026086342376,10.011224585889241,-0.037331505044390534,-0.986728585227851,-0.0241570750738076,-0.7851402159890127,global,8,9.94136900701,24806824.3922,24806824.3922,1.00000000,0.99583230,0.99182790,width2_d1_m8,1
188,6,126.36594514903007,8.046095484331245,-1.3085533351943788,-0.9628023053656009,0.6335324380161524,-1.0323668494149532,medium,8,9.74453756979,25507761.066,25507761.066,1.00000000,0.97956902,0.95944824,width2_d1_m8,1
189,1,126.79151985677585,8.425964259439972,0.2699719741804594,-0.5287817802369378,-0.8542078049931273,0.6878047855274654,medium,8,9.70779095016,24766489.0337,24766489.0337,1.00000000,0.99417700,0.98855762,width2_d1_m8,1
189,2,126.86330182858524,8.570161247713074,-0.48106008967547337,-0.1698569918924423,0.4947195884820963,-0.6070381864861366,medium,9,9.70319945964,26716428.403,26716428.403,1.00000000,0.99689226,0.99391958,width2_d1_m8,1
189,3,128.13689811980197,8.446471010535449,1.4963080150963461,1.0911582025057973,-0.24034813942734423,0.1490942219715794,local,8,9.60566250096,28088965.7983,28088965.7983,1.00000000,0.98752414,0.97535727,width2_d1_m8,1
189,4,127.83633974302988,8.598657392885015,-0.24205774587710283,0.46935305244652525,0.06011860021717119,-0.5046485651641703,medium,8,9.62937704956,27781641.2702,27781641.2702,1.00000000,0.99822231,0.99656363,width2_d1_m8,1
189,5,127.5973662144992,8.430361828527392,0.7274715567308482,0.659630243361442,-0.0213733864325025,-0.14190224167872317,local,8,9.64675770518,27623643.966,27623643.966,1.00000000,0.99625527,0.99266047,width2_d1_m8,1
189,6,127.5002134263587,8.789733239567843,-0.7399500351432027,-2.3,-0.31403310378152105,0.18553472251270525,local,8,9.65458609043,27055096.8459,27055096.8459,1.00000000,0.98225636,0.96495745,width2_d1_m8,1
190,1,128.52333469269638,8.089052175904602,-0.2323486967121749,0.18263463328217022,0.20927394310320502,0.2452133271553676,medium,8,9.57678342129,28405778.0927,28405778.0927,1.00000000,0.99915813,0.99845155,width2_d1_m8,1
190,2,126.73544779631641,8.200990489746996,1.0599861297252997,0.2105787242992503,0.2420169942719399,1.1155137937532862,medium,8,9.71551747285,27056591.7859,27056591.7859,1.00000000,0.99141758,0.98285347,width2_d1_m8,1
190,3,127.69626949519298,11.25177924654977,-1.6474988593454163,-0.31901877117912125,0.13524562301943677,1.7238408045777396,global,8,9.64774249373,22139261.2655,22139261.2655,1.00000000,0.98890073,0.97792275,width2_d1_m8,1
190,4,126.29184633328525,9.323959965334344,1.1889366869289784,-0.16152813909825836,0.09180465220844813,0.3950480842069044,medium,10,9.74793005436,26432379.3873,26432379.3873,1.00000000,0.99519573,0.99056126,width2_d1_m8,1
190,5,128.0043339078996,8.281834605001501,1.2096369526080355,0.4230145471182464,-0.13209628246291,0.13017015186657982,local,8,9.61563855434,27996381.1892,27996381.1892,1.00000000,0.99363643,0.98745821,width2_d1_m8,1
190,6,128.88261456769686,8.110085707659783,0.1735973548974234,0.05641723862377768,-0.046481167105162036,0.15723059172378928,medium,8,9.55001712059,28555269.7738,28555269.7738,1.00000000,0.99969361,0.99952229,width2_d1_m8,1
191,1,127.8715666815106,8.344362541039937,1.158621245233328,0.9534274523752329,-0.0848636108968133,0.34770626955675843,local,8,9.62579037419,28486599.0229,28486599.0229,1.00000000,0.99209905,0.98439769,width2_d1_m8,1
191,2,125.33826970546129,10.556782046505557,-0.021918731925915928,-0.03788629332315417,-0.03623459423542362,0.04074304466916136,near_plain,9,9.8234669584,25550382.6626,25550382.6626,1.00000000,0.99986865,0.99997694,width2_d1_m8,1
191,3,127.99480987705944,8.419407573422191,-1.2194816265316093,-1.250825243850455,-0.09991413770026655,-0.47084101415094903,local,8,9.61804085133,27196951.5486,27196951.5486,1.00000000,0.98620865,0.97265726,width2_d1_m8,1
191,4,127.07201318838698,8.330727297941213,-0.12292250263066616,-1.3668177767033736,-0.393027436038915,0.17675169025371612,local,8,9.6864252431,29138604.6232,29138604.6232,1.00000000,0.99332630,0.98683800,width2_d1_m8,1
191,5,128.53984369527862,8.145515749528421,0.41500492273362205,-1.142210557354427,0.240622112338083,-0.06792728132300324,local,8,9.5752061578,28338956.954,28338956.954,1.00000000,0.99368101,0.98755371,width2_d1_m8,1
191,6,125.35464294995887,9.481330292295006,0.19704601651778242,-0.15747669780937162,-0.3422479154206346,0.04750588464618022,near_plain,8,9.82041440184,21984998.3949,21984998.3949,1.00000000,0.99926209,0.99872779,width2_d1_m8,1
192,1,129.08873100716707,8.0,-0.3124085647846887,-0.08424288608622635,-0.08227121697996528,0.007603245337174019,local,8,9.53456796301,28154783.2038,28154783.2038,1.00000000,0.99946460,0.99906808,width2_d1_m8,1
192,2,128.63237869687194,8.0,-0.2553867073084431,0.08680005800621869,-0.12062660060057173,0.07714090744632876,local,8,9.56846504968,28561398.9635,28561398.9635,1.00000000,0.99953164,0.99920271,width2_d1_m8,1
192,3,125.6557460009772,9.4404921023153,-0.07345330703030271,0.08632269133024839,-0.0418341853920481,0.07732796956846533,near_plain,10,9.79701370113,25687794.558,25687794.558,1.00000000,0.99984305,0.99987338,width2_d1_m8,1
192,4,128.10309649439782,8.0,-0.4851196714465404,0.4325262351723718,-0.2078133222850812,0.3993756949198275,local,8,9.60848792625,28518762.0998,28518762.0998,1.00000000,0.99719272,0.99450389,width2_d1_m8,1
192,5,126.08467038956111,8.791513204909315,-0.6523529282122675,0.5952377102003823,1.0901136952929278,-0.21444622192319418,medium,10,9.76049647825,23378081.6075,23378081.6075,1.00000000,0.99314378,0.98665066,width2_d1_m8,1
192,6,127.03500806017223,8.590214779969392,-0.23014579866053042,-1.4424466442649482,0.04124790264509731,-0.12131259215759424,local,8,9.68954533785,28191154.6837,28191154.6837,1.00000000,0.99230696,0.98481670,width2_d1_m8,1
193,1,127.11373528149318,8.491192093298086,-0.6414546375371666,-1.7922972337872471,-0.28643201835512516,-0.3257274772434686,local,8,9.68423415366,27088660.2074,27088660.2074,1.00000000,0.98638804,0.97304997,width2_d1_m8,1
193,2,128.285361034871,8.04333424523968,0.8329293633097014,1.1247026218579097,-0.09247918966823454,0.4218475787165912,local,8,9.59462900713,28527977.278,28527977.278,1.00000000,0.99261492,0.98540654,width2_d1_m8,1
193,3,128.36841842283596,8.157292447922263,0.12219127148932518,0.42552215488281725,0.08761609190667466,0.14039269007094263,local,8,9.58836935934,28034606.5709,28034606.5709,1.00000000,0.99907320,0.99828537,width2_d1_m8,1
193,4,127.26176705154545,8.676789183577169,-0.22511710666502657,-1.9073874364605843,0.16055184753805235,-0.0027041049181550786,local,8,9.67195451473,27163968.2749,27163968.2749,1.00000000,0.98651148,0.97336769,width2_d1_m8,1
193,5,128.8191655603134,8.0,0.2853725125894988,-0.24937554479390323,-0.11767129502455091,0.6145937653500286,local,8,9.55572091208,28300939.5794,28300939.5794,1.00000000,0.99771374,0.99550425,width2_d1_m8,1
193,6,127.82760353359534,8.476253951009383,-0.445572668869999,-2.137292446723354,0.08429043971093766,0.2055620055819279,local,8,9.62889492755,27068861.7753,27068861.7753,1.00000000,0.98254428,0.96554379,width2_d1_m8,1
194,1,127.20441136575523,8.662952689288252,-0.28316275623099213,-2.011458443628276,-0.20189014288187795,0.1796722857377231,local,8,9.67689940944,27558090.1259,27558090.1259,1.00000000,0.98671655,0.97374085,width2_d1_m8,1
194,2,127.77667635861778,8.199896040645896,0.005201514235272459,-1.0995378523747699,-0.5505971336956326,0.013458167146755379,local,8,9.63236345534,28404589.9285,28404589.9285,1.00000000,0.99503662,0.99026473,width2_d1_m8,1
194,3,128.88993905495877,8.596375787836884,0.09010909338361639,1.2173454875437495,1.4621691126007168,0.20958180764499512,medium,8,9.54440031019,21174119.4627,21174119.4627,1.00000000,0.98308674,0.96695957,width2_d1_m8,1
194,4,126.67104337322819,8.477094038440278,0.37899040849152166,-1.6962363147347763,-0.5275204094235262,0.23666161975971214,local,8,9.71753831772,26887761.2195,26887761.2195,1.00000000,0.98926448,0.97877279,width2_d1_m8,1
194,5,127.79677182255209,8.535203410392336,0.2179678837671421,-0.8548220793079981,-0.34904411388143636,0.3113099579702748,local,8,9.63179165951,27186001.4133,27186001.4133,1.00000000,0.99658871,0.99332925,width2_d1_m8,1
194,6,125.30859672335136,10.578331017452042,0.0036041817599031106,0.027290739768394065,-0.03480020746243231,-0.018988361775119658,near_plain,9,9.82577365656,25605243.017,25605243.017,1.00000000,0.99987368,0.99998832,width2_d1_m8,1
195,1,127.22621158185508,8.029608177096733,-0.17417231754963125,-1.4150112063225178,-0.36373593192416886,0.8345044804346975,local,8,9.67635804555,26720728.6671,26720728.6671,1.00000000,0.98994205,0.98000580,width2_d1_m8,1
195,2,128.23590278778642,8.29975091335348,0.3824904818386003,-1.8302553409225528,-0.14860902750863236,-0.2535088207742138,local,8,9.59853123677,28984531.9597,28984531.9597,1.00000000,0.98765913,0.97559320,width2_d1_m8,1
195,3,126.94178555369807,8.162123757189937,-0.5933471093990192,-1.23586190969887,-0.5327564936462228,0.6853844324311553,local,8,9.69669890806,27600624.3808,27600624.3808,1.00000000,0.99180967,0.98379809,width2_d1_m8,1
195,4,127.89100008863201,8.25243192925052,0.34331412483971746,-1.644994994792481,-0.7205222101059292,0.08373554159517245,local,8,9.62389092161,27836010.0175,27836010.0175,1.00000000,0.98943647,0.97914661,width2_d1_m8,1
195,5,124.75067609765571,10.075260373601045,0.47568164892600984,-0.153450209293446,0.13194437738286469,0.4607901299026912,near_plain,8,9.86947563411,25682710.3194,25682710.3194,1.00000000,0.99868176,0.99756063,width2_d1_m8,1
195,6,128.57991971762837,8.120432251890964,-0.4230601970787972,-0.15696490446921313,0.04169902385173682,0.6990162778015503,local,8,9.57385888392,28788143.2878,28788143.2878,1.00000000,0.99743943,0.99494474,width2_d1_m8,1
196,1,128.63013678496299,8.080687202061473,0.68091769893314,1.129193243946416,-0.1877075214846123,0.5548074797464008,local,8,9.56924729686,28433379.1162,28433379.1162,1.00000000,0.99312244,0.98639680,width2_d1_m8,1
196,2,126.62129283888892,8.732029894932165,-0.7034311010729477,0.016926978655862235,-0.338214674002393,0.7281738442990355,medium,10,9.72248645828,26470310.2719,26470310.2719,1.00000000,0.99589231,0.99189909,width2_d1_m8,1
196,3,128.31351799475598,8.184318079895267,0.3982020643471631,-1.4650036244349962,0.30993134528138594,-0.7477236835748793,local,8,9.59313763732,27963375.5362,27963375.5362,1.00000000,0.98855550,0.97733582,width2_d1_m8,1
196,4,129.56798408077458,9.359275197243306,0.4271852430053642,0.18717907212177076,0.38226104216751433,0.5156337300918232,medium,10,9.50115578537,27104706.6432,27104706.6432,1.00000000,0.99821591,0.99658980,width2_d1_m8,1
196,5,129.9943508479797,8.630057258008264,1.1862140729712127,1.0293073240018233,0.9953538772306745,-0.9565166351890158,medium,8,9.47042250122,23861044.5185,23861044.5185,1.00000000,0.98138522,0.96317716,width2_d1_m8,1
196,6,129.06869706064083,8.252213077506514,-0.3609737604269398,-0.07219309906631534,-0.13118904466985187,0.00658157670036022,local,8,9.53628642802,28367857.8094,28367857.8094,1.00000000,0.99932956,0.99880270,width2_d1_m8,1
197,1,126.86325320507596,8.492308478170685,-0.4024761132713169,-1.5091347511091269,-0.17848927765292902,0.32358352106819777,local,8,9.70277070434,27655504.8662,27655504.8662,1.00000000,0.99172833,0.98365614,width2_d1_m8,1
197,2,128.69722011569058,8.0,-0.8165458141338386,-0.019123976288271533,-0.3268699945225939,0.08540077277241385,local,8,9.56329186205,28291010.7445,28291010.7445,1.00000000,0.99645046,0.99307176,width2_d1_m8,1
197,3,127.15038125126186,8.748769358579718,0.02925544912388789,0.32286617520207195,0.5443087753313345,-0.31904287743450266,medium,10,9.68057840443,26464058.6556,26464058.6556,1.00000000,0.99813165,0.99645080,width2_d1_m8,1
197,4,127.266954280689,8.214759207073916,-0.2378165441562543,-2.235383558530704,-0.2673530527418574,0.2124019317191215,local,8,9.67174684521,28022853.4549,28022853.4549,1.00000000,0.98219115,0.96480747,width2_d1_m8,1
197,5,125.50579476773433,8.861487723598978,0.5090347908663919,1.3035196343070248,-0.5996885096670633,-0.6012523829225666,global,10,9.80890550038,25872480.421,25872480.421,1.00000000,0.99110433,0.98240068,width2_d1_m8,1
197,6,127.03954024288655,8.256348506977137,0.06240323296081164,-2.0909754331431314,-0.5070078348325935,0.020914515603928346,local,8,9.68904838379,28153944.2171,28153944.2171,1.00000000,0.98527402,0.97088223,width2_d1_m8,1
198,1,128.03407424909696,8.526012673518425,0.34482520903736297,-2.2721266976850414,-0.2620539562308377,-0.20902125064304572,local,8,9.61405015198,28265586.4152,28265586.4152,1.00000000,0.98273645,0.96588831,width2_d1_m8,1
198,2,127.35617533166727,8.596864851279447,0.03585318577893565,-1.1170801198304339,-0.004985401954318958,0.5469213736147155,local,8,9.66592134277,27532287.3354,27532287.3354,1.00000000,0.99453294,0.98919594,width2_d1_m8,1
198,3,127.5602802827971,8.441970095890841,-0.26372676092303193,-1.6429486145869665,-0.02191905029383584,0.2801688084665402,local,8,9.64955528944,28300329.1355,28300329.1355,1.00000000,0.99005649,0.98034340,width2_d1_m8,1
198,4,128.89018919906903,8.034315098784807,0.975983473363671,-0.03440227484984852,0.11229976849566636,-0.16827517959154759,local,8,9.54945780286,28672163.0231,28672163.0231,1.00000000,0.99619554,0.99253429,width2_d1_m8,1
198,5,126.78291999553721,8.498830704294832,-0.5627603042756051,-1.3396336996895464,-0.5648714153734078,-0.1790827898319887,local,8,9.70856580458,27065604.3243,27065604.3243,1.00000000,0.99179794,0.98381925,width2_d1_m8,1
198,6,126.58705499292418,8.625762069549111,0.2315717169247014,-1.0313954072809337,-0.81056070494898,0.07464481299262123,local,10,9.72285182136,25735416.6196,25735416.6196,1.00000000,0.99455756,0.98936794,width2_d1_m8,1
199,1,129.5768946648671,8.0,0.6726409471789021,-0.3929286630278336,0.3814910430057461,-0.7369422546686734,local,8,9.49978903003,27252288.3889,27252288.3889,1.00000000,0.99545952,0.99101282,width2_d1_m8,1
199,2,126.61350888139604,8.362760260725947,-0.3981777894142704,-1.3041477460683781,-0.31907075693112974,0.3277959925818073,local,8,9.7216494505,28310172.0375,28310172.0375,1.00000000,0.99341622,0.98701115,width2_d1_m8,1
199,3,128.05949424512457,8.512035027208691,0.8379253129774205,0.8527650164746441,-0.458263944045575,0.273362148488197,local,8,9.61149026767,26816971.4435,26816971.4435,1.00000000,0.99427689,0.98875787,width2_d1_m8,1
199,4,128.10243230117936,8.46142732946686,-0.1986153176949635,-1.6137440027866101,-0.10474157358567757,-0.12126083964078824,local,8,9.60874919452,28164065.4253,28164065.4253,1.00000000,0.99066488,0.98154605,width2_d1_m8,1
199,5,126.9952976882018,8.0,-0.09217559898812565,-1.4692537123876026,-0.47226452185602424,-0.049092930861391076,local,8,9.69184791937,28336738.519,28336738.519,1.00000000,0.99179339,0.98379374,width2_d1_m8,1
199,6,127.48496766247455,8.87934345644092,-0.26340301036755853,-0.33848672449341943,0.8331374125589048,-0.3111896144733378,medium,10,9.65453173316,25294712.5206,25294712.5206,1.00000000,0.99653996,0.99332948,width2_d1_m8,1
200,1,127.3554355661068,10.31113821429689,-0.971896179603505,-1.042920755041778,0.8538029188362131,-0.18593623064884945,global,8,9.66647870052,23556681.3591,23556681.3591,1.00000000,0.99257099,0.98547658,width2_d1_m8,1
200,2,128.52541866850973,8.436089953517275,0.1741803697254869,1.0422419757522208,-0.4670283193519782,0.6799160798527424,medium,8,9.57783860224,27816164.8535,27816164.8535,1.00000000,0.99433630,0.98879864,width2_d1_m8,1
200,3,126.99186508191855,8.451068568053666,-0.5685034788764414,-1.2057577914351025,-0.6285156502107161,0.3170975882184729,local,8,9.69216554742,26236007.2868,26236007.2868,1.00000000,0.99304696,0.98632126,width2_d1_m8,1
200,4,127.4691143902534,9.29620647039157,-1.0243802174366627,-0.1494806528062207,1.188730243419395,1.223729309706307,medium,10,9.65867020088,22606105.6303,22606105.6303,1.00000000,0.98917802,0.97860193,width2_d1_m8,1
200,5,128.90425277052972,8.0,0.9511790067994075,0.3379743278562059,0.24962628126926245,-0.1479955142869407,local,8,9.54835151986,28189157.987,28189157.987,1.00000000,0.99569976,0.99154888,width2_d1_m8,1
200,6,125.77826282938682,10.160636453149577,0.06973303857786418,-0.08254882629070727,-0.035377528172014,0.05723032159008491,near_plain,8,9.78848112914,26092457.7202,26092457.7202,1.00000000,0.99985063,0.99991998,width2_d1_m8,1
201,1,128.0913067083211,8.04744231332915,0.9849682929861381,0.8596931810290716,0.405246707321377,-1.2681071513453044,medium,8,9.61496232224,25987247.2975,25987247.2975,1.00000000,0.98249205,0.96508316,width2_d1_m8,1
201,2,127.73156843266331,8.335318612686777,2.048458776560309,0.569697820795487,0.030882159944565793,0.7077662351915281,local,8,9.63710404933,27721982.8268,27721982.8268,1.00000000,0.98310582,0.96658402,width2_d1_m8,1
201,3,128.2982827778471,8.0,-0.7561145254536936,-0.1614817945428248,-0.18442883227446877,0.8972186968175488,local,8,9.59561286044,27068205.2017,27068205.2017,1.00000000,0.99435061,0.98874401,width2_d1_m8,1
201,4,129.25716577494342,8.515899681899533,0.3168978122581547,-1.5177503840854203,-0.24679139767556513,1.2853093422525432,medium,8,9.5281535704,26525119.9791,26525119.9791,1.00000000,0.98388249,0.96785196,width2_d1_m8,1
201,5,127.34487853422078,8.492911859278571,-0.0697784458942592,-1.3302389634138578,-0.609384094602889,0.3359076482545522,local,8,9.66572010344,27304319.6308,27304319.6308,1.00000000,0.99320828,0.98661816,width2_d1_m8,1
201,6,129.29087132417783,8.055780904540969,0.8123503989476709,-0.17053276845915866,0.5477897370213551,0.06286157586589214,local,8,9.51920595767,27453751.9137,27453751.9137,1.00000000,0.99643607,0.99305699,width2_d1_m8,1
202,1,127.55274378268982,8.316427603296567,1.4279772312892245,0.7365771567454326,-0.10952359097356883,-0.007275687069812131,local,8,9.64977504824,28205624.8254,28205624.8254,1.00000000,0.99010906,0.98045424,width2_d1_m8,1
202,2,127.49077697440913,8.243555269562833,0.45264012460885295,-1.4696050953517297,-0.11275251196453384,0.2838264986430006,local,8,9.65496025486,28261940.5593,28261940.5593,1.00000000,0.99049317,0.98118093,width2_d1_m8,1
202,3,127.40795759370769,8.32880466653474,-0.42034483965199554,-0.9889757301386939,-0.5701067504904471,0.14219860786478916,local,8,9.6603036178,26839729.606,26839729.606,1.00000000,0.99506918,0.99034087,width2_d1_m8,1
202,4,128.15593792090505,8.452126763723998,0.2823085906538959,-1.821401330400929,-0.184877804710948,-0.566135997711438,local,8,9.6053695988,27610075.0408,27610075.0408,1.00000000,0.98775752,0.97575398,width2_d1_m8,1
202,5,127.47332048266142,8.33598631826256,0.7114667596588836,1.1265740206043908,0.190164719156543,0.4266238956141467,local,8,9.65599922636,27376335.9317,27376335.9317,1.00000000,0.99322505,0.98663199,width2_d1_m8,1
202,6,128.68976010997014,8.467822639027778,0.6515303482875717,-1.3149883130894129,-0.2242107206277709,-0.4767766575965644,local,8,9.56499677701,28759986.1086,28759986.1086,1.00000000,0.99256687,0.98531149,width2_d1_m8,1
203,1,129.77686917053208,9.200163644944665,-0.4051312277002892,0.4616703188045286,0.4147967219193103,0.5766034814026451,medium,10,9.48585031015,26780641.5829,26780641.5829,1.00000000,0.99703658,0.99421819,width2_d1_m8,1
203,2,128.62389519205246,8.049235592090033,1.0557095518199355,-0.326623015542913,0.23384672110096924,-0.11808281722169056,local,8,9.56912274436,28602749.5588,28602749.5588,1.00000000,0.99532401,0.99080558,width2_d1_m8,1
203,3,128.3299314555921,8.0,-0.10323922202246799,0.32020066332686453,-0.3262600876876103,0.4733989796929245,local,8,9.59145811118,28348208.8341,28348208.8341,1.00000000,0.99816982,0.99645752,width2_d1_m8,1
203,4,128.71029456908923,8.09992878593738,0.8819609075071434,1.2007850425854933,0.07407288128989159,1.073819737055915,local,8,9.56522222281,27586812.0699,27586812.0699,1.00000000,0.98939512,0.97889933,width2_d1_m8,1
203,5,127.0659264799255,8.427883615200606,-0.5616207335180212,-1.1187971219414545,-0.42275759091129356,0.2524349626995083,local,8,9.68679221766,26645597.3075,26645597.3075,1.00000000,0.99426478,0.98871958,width2_d1_m8,1
203,6,128.73541546812092,8.148424766955086,0.6948543155118369,1.2870078936234028,0.27875707364572117,0.17148398556267147,local,8,9.56059434553,27515320.5253,27515320.5253,1.00000000,0.99116192,0.98255770,width2_d1_m8,1
204,1,124.03823535421915,11.243770958384639,0.042592562292760094,0.17815521689476221,0.6941725187938923,1.4382749648605317,global,10,9.93075527453,21647423.3714,21647423.3714,1.00000000,0.99470209,0.98956791,width2_d1_m8,1
204,2,128.75946097582067,8.118676409507623,-0.8076396711732753,-0.20774351559418866,-0.5406340120541756,0.8160648382485003,local,8,9.56013283199,26585427.891,26585427.891,1.00000000,0.99327421,0.98668077,width2_d1_m8,1
204,3,128.49445869563883,8.005037246164726,-0.26682033953668866,0.12785857888326185,-0.15281363357915081,-0.02385343900552729,local,8,9.57871306835,27607444.936,27607444.936,1.00000000,0.99946312,0.99906840,width2_d1_m8,1
204,4,128.24845110261714,8.050127750329214,0.0012151399164693766,0.6161042941338082,0.026943822395603556,0.5861711838236885,local,8,9.59822517193,28545538.7042,28545538.7042,1.00000000,0.99709835,0.99428376,width2_d1_m8,1
204,5,128.9670917042257,8.39339710565465,0.6997256763165532,-1.65702181952304,-0.30668137137015766,-0.16704436939047146,local,8,9.54406179827,27831637.4211,27831637.4211,1.00000000,0.98906625,0.97838523,width2_d1_m8,1
204,6,128.31522502786697,8.261401254587977,-0.5859265192104075,-0.7276683744790792,-0.26371860638766664,-0.19112758536996335,local,8,9.59247963379,28596392.6503,28596392.6503,1.00000000,0.99612894,0.99240922,width2_d1_m8,1
205,1,128.6778927703707,8.151548725970317,-0.189053291652109,-0.20088196210035492,-0.27598988125567736,-0.21442476452046505,local,8,9.565185595,28248564.8887,28248564.8887,1.00000000,0.99913697,0.99841764,width2_d1_m8,1
205,2,128.48074545791047,8.326785533026262,-0.6381695027537339,0.345724024496318,1.1508540855181526,0.5758912653797135,medium,8,9.57829553258,23395698.3872,23395698.3872,1.00000000,0.99160644,0.98355321,width2_d1_m8,1
205,3,128.09297902787355,8.0,0.8699880642667956,-1.947674699730134,-0.06061206689638238,0.07469239244466747,local,8,9.6091028564,27601616.665,27601616.665,1.00000000,0.98145636,0.96335919,width2_d1_m8,1
205,4,127.65225122791378,8.938612040942445,-0.29164756850859413,-0.3108307653749489,-0.29408898293063634,-0.09687259690510369,medium,10,9.64291674706,26954899.9158,26954899.9158,1.00000000,0.99900906,0.99819076,width2_d1_m8,1
205,5,128.9217449214358,8.18463816000405,0.9610547922737286,-0.10967227091909262,0.016787975984024872,-0.22558498836389157,local,8,9.54727533383,28877760.5689,28877760.5689,1.00000000,0.99627895,0.99270031,width2_d1_m8,1
205,6,127.89933201237372,9.171669934222669,-0.041227624100600324,-0.31169377764943634,0.47715022427689413,0.31696854267418706,medium,10,9.62449988241,26364494.5621,26364494.5621,1.00000000,0.99855732,0.99730249,width2_d1_m8,1
206,1,128.4708919544469,8.220417195662375,-0.8302778778692701,-1.1961355345983002,-0.21772885910799483,-0.10180048497115071,local,8,9.58086908051,28048833.3989,28048833.3989,1.00000000,0.99166506,0.98352460,width2_d1_m8,1
206,2,126.65096773353365,8.420055375883166,0.9759126286904642,-1.250679507809552,0.2465432420673772,-0.8241904801153779,medium,8,9.71964770827,26722462.2569,26722462.2569,1.00000000,0.99015460,0.98049984,width2_d1_m8,1
206,3,128.062684771935,8.357567068192285,0.9258410166705431,-1.8094026626874349,-0.2549422837166945,0.039293168301080594,local,8,9.61171074098,27504032.1967,27504032.1967,1.00000000,0.98511024,0.97055626,width2_d1_m8,1
206,4,128.70779357702258,8.016511654413273,0.08119333758813906,0.6495567176532128,0.11216112534819345,0.25670784822541526,local,8,9.56297846862,28841822.9857,28841822.9857,1.00000000,0.99789164,0.99591691,width2_d1_m8,1
206,5,127.74038685046271,8.3990081920558,0.03540895712082101,-1.428263203568294,0.0010150526528183677,-0.2579153425510157,local,8,9.63594620966,28395473.3198,28395473.3198,1.00000000,0.99233207,0.98485239,width2_d1_m8,1
206,6,128.20218836880494,9.136914657677442,0.5716899768535666,0.7157142707091624,0.49505925321321453,-0.42113280971072087,medium,10,9.60195844092,25877374.1896,25877374.1896,1.00000000,0.99558082,0.99134571,width2_d1_m8,1
207,1,128.7427283897727,9.357408641166323,-0.13990641729671993,0.22358719129582183,-0.13869099243706595,0.2622207746418499,medium,10,9.56188318381,26942005.8812,26942005.8812,1.00000000,0.99945045,0.99906847,width2_d1_m8,1
207,2,129.89592156029218,8.57981462798542,0.638306114755304,0.48287284070632563,1.0146177283018558,-0.24570434212263992,medium,8,9.47406362441,24859450.0949,24859450.0949,1.00000000,0.99365651,0.98762507,width2_d1_m8,1
207,3,128.30123764438198,8.264184495120544,1.303561409297452,0.1180367221376422,-0.03198257163682819,0.09926581504719773,local,8,9.59344742204,27760728.595,27760728.595,1.00000000,0.99347376,0.98712728,width2_d1_m8,1
207,4,127.94097694905798,8.415071003843128,0.5606090759271003,-1.585815503424072,-0.21824296096302045,-0.33088668882897265,local,8,9.62082050204,28191822.4553,28191822.4553,1.00000000,0.99044554,0.98111108,width2_d1_m8,1
207,5,128.39427713952506,8.18374766403688,0.34959063068147017,-2.3,0.04126539075116137,-0.1944247711163326,local,8,9.58607426087,27591255.8717,27591255.8717,1.00000000,0.97882869,0.95824652,width2_d1_m8,1
207,6,128.74704771082833,8.57066013347967,0.8986833147781845,0.13242688271923816,0.07091037509446724,0.02496233093862532,local,8,9.56056264188,27829204.9395,27829204.9395,1.00000000,0.99714271,0.99443844,width2_d1_m8,1
208,1,127.9641950779872,9.612963972034095,-0.10956751079653293,-0.4435815035924978,-0.5150967627371329,-0.6875435153467813,global,10,9.62099668739,24044633.131,24044633.131,1.00000000,0.99728523,0.99472884,width2_d1_m8,1
208,2,128.8138166120943,8.184417770127462,-0.10475046149893136,0.07609592876582705,0.2119726563049507,0.38265509191214025,local,8,9.55546626303,27926349.6372,27926349.6372,1.00000000,0.99914050,0.99840415,width2_d1_m8,1
208,3,126.57931204028752,8.751284474678094,0.746560619933974,-0.8136226729403806,-0.9119163915104306,0.4432290673735504,medium,10,9.72371826671,24266640.9557,24266640.9557,1.00000000,0.99157401,0.98344212,width2_d1_m8,1
208,4,127.04701619829078,9.111354531621451,-0.6003232066907993,-1.4932799657778002,-1.0628759106117585,-0.6690951848504785,medium,10,9.68936355996,22545001.4884,22545001.4884,1.00000000,0.98716651,0.97467033,width2_d1_m8,1
208,5,127.20499835796308,8.250202173891175,-0.48895110062199615,-1.1454171943937124,-0.08858283941252398,-0.2537819756165076,local,8,9.67654893404,28466273.7706,28466273.7706,1.00000000,0.99362842,0.98741344,width2_d1_m8,1
208,6,128.44494254149723,8.087133137909154,0.1391140810980126,0.13882874771376405,-0.12141858971885112,0.13681091353388233,local,8,9.58253325589,28670032.7502,28670032.7502,1.00000000,0.99964794,0.99943429,width2_d1_m8,1
209,1,128.50270326013842,8.064326522794111,1.110206290921879,0.07526114803286305,-0.1065678178252773,-0.35738600669032206,local,8,9.57848715271,28322212.3779,28322212.3779,1.00000000,0.99424052,0.98862957,width2_d1_m8,1
209,2,128.2882927814977,8.228761441598495,-0.3342358998998075,-0.8750551764673857,-0.13906319546466295,-0.15650422839255998,local,8,9.59452602043,28975477.3974,28975477.3974,1.00000000,0.99648897,0.99312163,width2_d1_m8,1
209,3,129.14434114178906,8.07540419801845,-0.3281444752089297,-0.43653480621710444,0.31312975359960593,0.4799296590365889,local,8,9.53096351652,27415244.9569,27415244.9569,1.00000000,0.99762788,0.99537969,width2_d1_m8,1
209,4,128.39087098865627,8.25061876220872,-0.0776059552232977,0.613271713797494,-0.19388249482232484,0.22658945492106847,local,8,9.5868311101,28010138.0834,28010138.0834,1.00000000,0.99824341,0.99662486,width2_d1_m8,1
209,5,128.13345243749464,8.36638657520654,0.3736046907827169,-1.4439555538901805,0.04791458782066087,-0.1811162927683706,local,8,9.60612366392,28051245.9046,28051245.9046,1.00000000,0.99180822,0.98382319,width2_d1_m8,1
209,6,128.27330464197527,8.545782643762626,0.8580157686961811,-1.4154624646296046,-0.30840034470588207,-0.2728145928027724,local,8,9.5958113814,27539687.515,27539687.515,1.00000000,0.99094842,0.98212517,width2_d1_m8,1
210,1,128.31864102349454,8.0,0.9197473022094385,-1.446604772414854,-0.22404663678231487,-0.510644842682216,local,8,9.59205469729,27983231.8508,27983231.8508,1.00000000,0.98912437,0.97848657,width2_d1_m8,1
210,2,127.94626611535205,8.404729213119923,-0.14059084719700396,-1.2294173271252953,-0.34300930908335103,-0.08176867986413153,local,8,9.62025383088,28268928.7395,28268928.7395,1.00000000,0.99457180,0.98931637,width2_d1_m8,1
210,3,127.99669242323924,8.67689375241676,-0.3005699863610779,-0.03989773163371152,-0.45785549462161035,-0.3853983767412236,medium,8,9.61667733489,26918847.1912,26918847.1912,1.00000000,0.99832177,0.99680719,width2_d1_m8,1
210,4,125.24959178836521,10.158533549886727,-0.4566516467487097,-0.28680797955631376,-0.45536803874820353,-0.4118932903430967,near_plain,8,9.82985869925,25113554.2319,25113554.2319,1.00000000,0.99810499,0.99643538,width2_d1_m8,1
210,5,128.73453511848348,8.17503113016531,-0.1438130249332243,0.8642642008768684,-0.279092387940878,0.2163523800478915,local,8,9.56108898601,28242508.0141,28242508.0141,1.00000000,0.99674166,0.99362774,width2_d1_m8,1
210,6,129.11187468021134,8.878019584798233,0.7416790533171451,-0.06925356932462967,-0.29415451854460783,-0.20814661831642345,medium,8,9.53371651073,27332802.2294,27332802.2294,1.00000000,0.99753951,0.99524900,width2_d1_m8,1
211,1,128.75654675309556,8.06699824593139,1.0598394536326838,-0.6715241133949166,0.09548002721695967,-0.18849564256265078,local,8,9.55927181983,28383325.1525,28383325.1525,1.00000000,0.99407027,0.98830844,width2_d1_m8,1
211,2,126.78516610898693,8.225932504626277,-0.3073236303024238,-1.309955285744991,-0.4132225311378967,0.36106571490138584,local,8,9.70838175604,28250042.4241,28250042.4241,1.00000000,0.99319398,0.98656687,width2_d1_m8,1
211,3,128.19021831706075,8.353000294533285,0.8920630218654221,-0.6147646492529596,-0.34932142468832,-0.20773436340819285,local,8,9.60156949357,26903123.3463,26903123.3463,1.00000000,0.99508037,0.99034578,width2_d1_m8,1
211,4,128.63411139919072,9.282684099184529,-0.19079306581893762,0.2439155174222123,-0.46154177860760215,0.5569610278455,medium,10,9.57013605801,26432012.6383,26432012.6383,1.00000000,0.99804943,0.99625835,width2_d1_m8,1
211,5,129.31367665482412,8.237344686420679,0.3755674857588731,0.17263574239156532,0.6872558928935779,-0.536552609883169,medium,8,9.51804130816,26770158.9483,26770158.9483,1.00000000,0.99637990,0.99293272,width2_d1_m8,1
211,6,128.89110768360584,8.0,0.08315507855104234,-0.14421190482074317,-0.3615594192938682,-0.11990535946346673,local,8,9.54897118039,27593741.4073,27593741.4073,1.00000000,0.99922063,0.99859820,width2_d1_m8,1
212,1,128.83166632813357,8.0,1.3051927619601067,-0.838971177454755,0.3477111773647045,-0.23584239663791223,local,8,9.553448277,28155908.4231,28155908.4231,1.00000000,0.99078194,0.98179146,width2_d1_m8,1
212,2,124.28268316205497,10.617775005319963,0.06835113273287777,0.1365733258299394,0.14686158864442309,-0.014407882197631783,near_plain,10,9.9070391216,25561107.804,25561107.804,1.00000000,0.99976959,0.99978867,width2_d1_m8,1
212,3,128.59189162020232,8.0,1.9026245136405753,-0.805747744736712,-0.14361760449993907,-0.26752153751321656,local,8,9.57100170236,26507309.8352,26507309.8352,1.00000000,0.98274477,0.96593792,width2_d1_m8,1
212,4,128.45705560843015,8.698373189964265,1.2677771784697387,-1.5336637564589295,-0.6125966219829412,-0.6746971476778658,local,8,9.58194844381,25867374.4312,25867374.4312,1.00000000,0.98653447,0.97342173,width2_d1_m8,1
212,5,128.0672033636901,8.176759917407166,-0.04085331769350964,-1.2913833142971471,-0.29807248887778726,-0.33061998038287177,local,8,9.61128131945,28677257.7577,28677257.7577,1.00000000,0.99342997,0.98701853,width2_d1_m8,1
212,6,127.47034808876204,8.636766371794174,-0.4599883810548004,0.04708043956960539,-0.06635916398361985,0.47448158505168436,medium,8,9.65706063066,27404938.599,27404938.599,1.00000000,0.99839791,0.99691797,width2_d1_m8,1
213,1,129.00261151659993,8.054333168666004,0.8445867514432257,0.2997979602636311,0.28767223903595196,0.011302674494798576,local,8,9.54089701635,28119461.8002,28119461.8002,1.00000000,0.99671618,0.99358613,width2_d1_m8,1
213,2,129.03643548948227,8.0,1.0398257591188707,0.0075965718712656255,-0.03401574141895278,-0.06026897937160469,local,8,9.53849429693,28398701.7609,28398701.7609,1.00000000,0.99556373,0.99128154,width2_d1_m8,1
213,3,128.1212383346851,8.042442148586177,-0.01960346374446728,-0.24170940000143024,-0.16325342972258158,0.44529335130682113,local,8,9.60724177563,28292611.7172,28292611.7172,1.00000000,0.99885179,0.99781394,width2_d1_m8,1
213,4,128.86459899305083,8.0,0.9258802447856416,0.7950600262231248,0.03567543261302067,-0.6631626861017325,local,8,9.55311602933,27646632.5201,27646632.5201,1.00000000,0.99076108,0.98162513,width2_d1_m8,1
213,5,128.0688527747574,8.075812598421125,0.6124332486871737,-1.4644911405736887,-0.5394777575802248,-0.3227542984343452,local,8,9.61044321292,28381433.621,28381433.621,1.00000000,0.99047795,0.98119606,width2_d1_m8,1
213,6,128.98868513010066,8.0,0.10010730767681283,0.4261155933473404,0.23510280422928864,0.058022828503434126,local,8,9.54183780067,27800740.0021,27800740.0021,1.00000000,0.99886080,0.99786958,width2_d1_m8,1
214,1,128.08596681765638,8.173178233997522,0.11226770754190135,-0.8725571635646329,0.15341164029796234,-0.07883136903416087,local,8,9.60938652087,27917085.1118,27917085.1118,1.00000000,0.99672475,0.99360433,width2_d1_m8,1
214,2,129.12810589677864,8.4212640949483,1.0470260778045137,-0.07723984682822158,0.12326371151811823,-0.3474652093528071,local,8,9.53249045545,28053349.1981,28053349.1981,1.00000000,0.99573509,0.99160921,width2_d1_m8,1
214,3,125.62260351818998,10.3676834181893,0.2858012860411232,-0.42291018022053783,-0.18432585769122833,0.25557934436407603,near_plain,8,9.8009732841,25737522.3955,25737522.3955,1.00000000,0.99901158,0.99824809,width2_d1_m8,1
214,4,126.03857019118828,8.464433601915731,-0.05935104217612014,0.328222780001776,0.07143227437307614,0.24461833609485845,medium,10,9.76615219345,27398089.9252,27398089.9252,1.00000000,0.99928468,0.99871298,width2_d1_m8,1
214,5,128.55445336288597,8.0,-0.42673634958971846,-0.5608844306172042,-0.0824543990946301,0.4854346299237084,local,8,9.57487741945,28013053.7543,28013053.7543,1.00000000,0.99734798,0.99480626,width2_d1_m8,1
214,6,128.00337383311924,8.680152806624381,-0.820422789688696,-0.05225194130486632,-0.12718874558804227,-0.9523125069477102,medium,8,9.61864349222,27395843.5584,27395843.5584,1.00000000,0.99432727,0.98870356,width2_d1_m8,1
215,1,127.09959038888991,8.641999023676393,0.38978803312720434,0.18535742541050548,0.6282766767509278,-0.4052439132246033,medium,10,9.68429060923,25954878.486,25954878.486,1.00000000,0.99734658,0.99488111,width2_d1_m8,1
215,2,127.08692611415906,8.521624129940546,0.21913431269705352,1.372681742689948,1.4758721567928126,-1.3552366058840923,medium,9,9.6848881831,19414883.8431,19414883.8431,1.00000000,0.97139684,0.94382727,width2_d1_m8,1
215,3,128.26269569044632,8.151231292372188,-0.07580873612044642,-0.13826377834114661,0.20467052284161247,-0.2253844029291719,medium,8,9.59624066117,28070189.492,28070189.492,1.00000000,0.99946192,0.99906226,width2_d1_m8,1
215,4,126.12016548631338,11.125034812081115,-1.7147978651745863,0.44847082062419874,-0.06591846408448787,-0.675452265232841,global,10,9.76393734687,24626498.2366,24626498.2366,1.00000000,0.99282159,0.98592302,width2_d1_m8,1
215,5,129.5677632263959,8.245877485926192,-0.3161410611043441,-0.30918680840223,0.1176975748728033,0.24531077509013088,medium,8,9.49968913849,28662053.5028,28662053.5028,1.00000000,0.99898654,0.99810661,width2_d1_m8,1
215,6,129.3216665557448,9.173385036152196,-0.29608906860376594,0.5546704406802778,0.5838912479548461,0.10648608860766973,medium,10,9.51807947072,26291421.0087,26291421.0087,1.00000000,0.99742084,0.99505502,width2_d1_m8,1
216,1,129.01763213376037,8.102491477341594,-0.3384482228711194,-0.17981440441374802,0.4655618287405672,0.8551318652661352,local,8,9.5415280308,27407794.2582,27407794.2582,1.00000000,0.99591755,0.99190284,width2_d1_m8,1
216,2,128.08899129338786,8.237927885343604,0.027653207079749775,-1.6877876531644234,0.0015025938059607113,-0.2613665320407623,local,8,9.60947815565,28060671.3889,28060671.3889,1.00000000,0.98891907,0.97808388,width2_d1_m8,1
216,3,128.69288142104352,8.083228125764526,-0.33443161010212746,-0.9341752122657359,-0.13885818473127196,-0.3525756716648748,local,8,9.56453494519,28800516.7689,28800516.7689,1.00000000,0.99539101,0.99090900,width2_d1_m8,1
216,4,128.93816401933665,8.720955472202322,0.3798651708790982,-1.012277663101384,-0.5225678108654228,-0.7367309982834607,local,8,9.54736065617,26671704.2755,26671704.2755,1.00000000,0.99432106,0.98878234,width2_d1_m8,1
216,5,127.64233752004581,8.263433076850879,-0.8669685707215177,-0.21037601618176405,-0.1497463103645218,-0.6253577188841472,medium,8,9.64418111127,28220315.1415,28220315.1415,1.00000000,0.99496419,0.99002830,width2_d1_m8,1
216,6,126.04538388496603,8.112181984454498,-1.3128553243049383,-0.17053030052965834,0.1289893916881968,1.60011889114978,medium,9,9.77300016383,25186524.5641,25186524.5641,1.00000000,0.98353785,0.96704955,width2_d1_m8,1
217,1,128.48791494527387,8.245878691458081,1.0359575774977816,-0.12935056056063307,0.2964775312028795,-0.6928396746044996,local,8,9.58072966894,27732072.0842,27732072.0842,1.00000000,0.99433587,0.98877127,width2_d1_m8,1
217,2,123.90501194249602,11.843211886205204,-1.554827847330575,-0.03653316249783378,0.3762918794545147,0.5347183736580887,global,10,9.9399048802,20609806.743,20609806.743,1.00000000,0.99507144,0.99045820,width2_d1_m8,1
217,3,127.52898570093478,8.23737064952518,-0.33039311428728024,-1.6984446323557782,-0.14129932674344337,0.04660458319559985,local,8,9.65164865584,28368566.5818,28368566.5818,1.00000000,0.98917717,0.97859878,width2_d1_m8,1
217,4,129.04250740521775,8.0,1.1755122387166437,-0.18183084027373747,0.028566087961991893,-0.2730717176545939,local,8,9.53817222699,28714272.5535,28714272.5535,1.00000000,0.99422151,0.98859852,width2_d1_m8,1
217,5,129.2169710700032,8.229672027050404,-0.8890936838834511,-1.1742782452616631,-0.14807040253441667,-0.5034306367296617,local,8,9.52671775579,27885532.3276,27885532.3276,1.00000000,0.98937197,0.97890934,width2_d1_m8,1
217,6,127.9729244152148,8.613070089820596,-0.34658142359261657,0.7384166876996243,0.742839617420127,-1.195787089182475,medium,8,9.62074447553,24622930.6076,24622930.6076,1.00000000,0.99091655,0.98194869,width2_d1_m8,1
