order,batch,index,a_ring_um,h_ring_um,C1_um,S1_um,C2_um,S2_um,C3_um,S3_um,C4_um,S4_um,C5_um,S5_um,C6_um,S6_um,source_kind,width_min_um,width_max_um,selected_mode_index,selected_freq_MHz,selected_Q,selected_Q_candidate,same_sign_fraction,breathing_uniformity,best_strict_mac,best_ref_label,valid_for_Q
6,1,1,127.55689591433102,8.921351413674769,0.0,0.0,-1.003487071123571,0.22682361243521443,0.0,0.0,0.5138256645765273,-0.20277613818243784,0.0,0.0,0.05787164231845873,0.01989977608484718,d2,8.061282859651907,10.469091530328678,5,8.84912740609,103392.259834,103392.259834,1.00000000,0.99963567,0.99507758,width2_d1_m8,1
6,1,2,122.90841068058572,8.847002403950512,-0.06910892714316005,-0.009352986463122642,0.02271685262718931,0.05227985937595563,-0.03771358483232924,0.04217679887431608,0.8286807134030213,-0.2950026378482312,0.013822488992688304,0.052572883074843216,0.03453217123442245,-0.03756360728986026,near_d4,7.877543485596464,9.916365177898594,10,10.0478534985,48301909.1396,48301909.1396,1.00000000,0.99766042,0.99911208,apodized_d1_m10,1
6,1,3,122.79104804250704,8.785697511171493,0.0,0.0,0.0,0.0,0.0,0.0,0.7756879438970479,-0.2553324912572792,0.0,0.0,0.0,0.0,strict_d4,7.969072358502024,9.602322663840962,10,10.0551444972,53374714.1908,53374714.1908,1.00000000,0.99809187,0.99946456,apodized_d2_m10,1
6,1,4,122.32940973421884,8.721630659344655,0.0,0.0,0.0,0.0,0.0,0.0,0.9802231929970803,0.14588020866897253,0.0,0.0,0.0,0.0,strict_d4,7.730644330070578,9.712616988618732,10,10.1020666402,53610431.7886,53610431.7886,1.00000000,0.99699526,0.99954328,apodized_d1_m10,1
6,1,5,123.39102555427982,8.921738924910287,-0.05146996200192482,0.0037939241990002604,0.010334692546631781,0.04398137733208543,-0.017746740891116573,-0.004603022121888426,0.7567202062843211,0.18827268108389517,-0.027405155059320337,0.021971754028111128,0.0042667165479414485,0.010449241600208943,near_d4,8.10028357096808,9.813834706088542,10,10.0049349106,57796719.7928,57796719.7928,1.00000000,0.99834674,0.99965520,apodized_d2_m10,1
6,1,6,123.04793790575363,8.786143113480103,0.0,0.0,0.0,0.0,0.0,0.0,0.3833994047069391,-0.013214060620514204,0.0,0.0,0.0,0.0,strict_d4,8.402516101266354,9.169770125693852,10,10.0180589013,45869147.5249,45869147.5249,1.00000000,0.99975965,0.99947971,apodized_d3_m10,1
6,2,1,122.32115355608363,8.784241812437548,0.0378938398695577,-0.06200222514303856,0.05207093042836932,-0.005758953820117405,0.015959809637292266,0.015531881861494875,0.7324738087715944,0.1380160510126404,-0.027137003297999483,-0.028474806923038245,0.022290343120300305,-0.019980809713701333,near_d4,7.967009169089824,9.6205180732813,10,10.0918104547,57529812.1166,57529812.1166,1.00000000,0.99845021,0.99972464,apodized_d2_m10,1
6,2,2,122.334425391703,8.71211750002678,0.006404739663693821,-0.008531843048841125,0.012654594598106817,-0.008115875003649018,-0.0037398934161240725,0.0004705197851599414,0.4675215142254201,0.2539196469898781,-0.009279865543646931,0.0023859703814689665,0.002097993017962179,-0.0007649173888910784,near_d4,8.168132153310024,9.259802909803394,10,10.0802196457,45308531.5207,45308531.5207,1.00000000,0.99928503,0.99924203,apodized_d3_m10,1
6,2,3,122.98436981109153,8.767481593313512,0.0,0.0,0.0,0.0,0.0,0.0,0.6104061866057603,-0.20171465632298774,0.0,0.0,0.0,0.0,strict_d4,8.124617555136922,9.410345631490102,10,10.0324605598,53798683.3938,53798683.3938,1.00000000,0.99893025,0.99966215,apodized_d3_m10,1
6,2,4,122.1332345075796,8.732528368954037,0.0,0.0,0.4626565441509846,0.06676523389983242,0.0,0.0,0.9518220880748042,-0.25995992438677645,0.0,0.0,0.009050899249346425,-0.003434873130979311,d2,7.596870411714796,10.180412114928695,10,10.1168060369,49386217.113,49386217.113,1.00000000,0.99643070,0.99799377,apodized_d1_m10,1
6,2,5,122.01625399901259,8.400235405861888,0.0,0.0,0.0,0.0,0.0,0.0,0.5387318132504927,-0.014955732233219885,0.0,0.0,0.0,0.0,strict_d4,7.861309825948225,8.939160985775553,10,10.1096797213,54038807.6627,54038807.6627,1.00000000,0.99927011,0.99995652,apodized_d3_m10,1
6,2,6,123.02066691773211,8.594792979042705,-0.018142587159647297,0.004637685922730969,-0.024851554606120648,-0.0016702974914232019,0.018586910988895314,-0.043440052684385166,1.0062319951764114,-0.05622376275977939,4.392804886276383e-05,0.020792733162115756,-0.02536075117394357,-0.0010069454780674936,near_d4,7.519366802715696,9.720658765332951,10,10.0468885461,48500995.6626,48500995.6626,1.00000000,0.99677127,0.99951673,apodized_d1_m10,1
6,3,1,122.81463066010335,8.64242171795726,0.0,0.0,0.0,0.0,0.0,0.0,0.8248128365134111,0.09547428982464548,0.0,0.0,0.0,0.0,strict_d4,7.812147511666921,9.472695924247601,10,10.0555049433,57764087.4767,57764087.4767,1.00000000,0.99798353,0.99991249,apodized_d1_m10,1
6,3,2,122.8820347825632,8.831725695626632,0.0,0.0,0.0,0.0,0.0,0.0,0.8393002159486022,0.16950108842816808,0.0,0.0,0.0,0.0,strict_d4,7.975524945210591,9.687926446042674,10,10.0500847651,58789417.1918,58789417.1918,1.00000000,0.99791984,0.99975768,apodized_d1_m10,1
6,3,3,127.76486567670749,9.767534174893367,0.0,0.0,0.12137209858197075,0.06119400597131718,0.0,0.0,0.3115602503263899,0.02144999467987449,0.0,0.0,0.002382262363332584,-0.011566969168983438,d2,9.381408659999098,10.204581669834731,8,9.64508267213,40027017.7026,40027017.7026,1.00000000,0.99987450,0.99919164,width2_d1_m8,1
6,3,4,122.32968098826858,8.263033308624188,0.0,0.0,0.0,0.0,0.0,0.0,0.48700320433006944,-0.05008949311547389,0.0,0.0,0.0,0.0,strict_d4,7.773462181062208,8.752604436186166,10,10.0817913455,52172142.766,52172142.766,1.00000000,0.99940624,0.99986706,apodized_d3_m10,1
6,3,5,122.31473536128598,11.644195150128674,0.4313896045019221,-0.3748091389304631,0.49289547073937734,-0.39061709620622076,-0.5305283948670764,-0.15556173175153276,0.6900804830718024,0.28088449068589094,-0.09253619163579657,0.022489944796401984,0.09095587195452842,0.039309701963732846,novel,10.050865933625087,13.146322954231284,10,10.0886636877,23150713.604,23150713.604,1.00000000,0.99675702,0.99462150,apodized_d3_m10,1
6,4,1,122.72376464944159,8.877364301800695,-0.00914727745659645,-0.012763398129644821,0.012808233916993289,0.002846519929519702,0.005593200177415776,-0.0012524479954577736,0.6116678344351579,-0.25685157831311456,-0.013988223577870393,0.02695311414634557,0.0038315203713905088,0.004823961005234712,near_d4,8.185287462582423,9.580469718904718,10,10.0536683338,50981323.6919,50981323.6919,1.00000000,0.99884868,0.99944772,apodized_d3_m10,1
6,4,2,123.11929130730911,8.276640936154976,0.0,0.0,0.0,0.0,0.0,0.0,0.44191643096670286,-0.18813142485864506,0.0,0.0,0.0,0.0,strict_d4,7.796410243783642,8.75687162852631,10,10.0153709583,45979800.0268,45979800.0268,1.00000000,0.99939664,0.99946133,apodized_d3_m10,1
6,4,3,122.07922465161437,8.611207610827098,0.0,0.0,0.0,0.0,0.0,0.0,0.9474763466106777,-0.2682451877034244,0.0,0.0,0.0,0.0,strict_d4,7.626496496773468,9.595918724880727,10,10.1219788385,47921042.4546,47921042.4546,1.00000000,0.99692625,0.99917411,apodized_d1_m10,1
6,4,4,122.492524695998,8.272557476575622,0.0,0.0,0.0,0.0,0.0,0.0,0.8376143989712159,0.32252311316396,0.0,0.0,0.0,0.0,strict_d4,7.375115644776602,9.169999308374644,10,10.0842845151,44931053.7827,44931053.7827,1.00000000,0.99726898,0.99900684,apodized_d1_m10,1
6,4,5,122.69036997338361,8.483214691307026,0.0,0.0,0.0,0.0,0.0,0.0,0.4559080762834626,0.14334013691827266,0.0,0.0,0.0,0.0,strict_d4,8.005325806242274,8.961103576371778,10,10.0506190245,49838049.7693,49838049.7693,1.00000000,0.99946120,0.99960768,apodized_d3_m10,1
6,4,6,123.54118845497649,8.703290297954792,0.0045983793699339815,-0.01634432550306015,-0.018133475908759803,0.011477013857158193,0.009290011516463154,0.004432635388188562,0.7139859052975399,0.004593353658055295,-0.009773560166059696,0.0036943612225877266,0.006718786038919886,-0.006046794676253494,near_d4,7.956569905409846,9.445773492790831,10,9.99146472529,61576243.5231,61576243.5231,1.00000000,0.99862638,0.99995351,apodized_d2_m10,1
6,5,1,122.43904648598301,8.77174443208947,0.0,0.0,0.0,0.0,0.0,0.0,0.40420348139613893,-0.041180888237332874,0.0,0.0,0.0,0.0,strict_d4,8.365450644693482,9.178038219485458,10,10.0687383773,47108860.1949,47108860.1949,1.00000000,0.99970959,0.99955125,apodized_d3_m10,1
6,5,2,122.65257173345398,8.422737348357026,0.0,0.0,0.0,0.0,0.0,0.0,0.8441796202058619,0.20671644808932566,0.0,0.0,0.0,0.0,strict_d4,7.553624235688584,9.291850461025469,10,10.0705849002,52712681.8324,52712681.8324,1.00000000,0.99759845,0.99957924,apodized_d1_m10,1
6,5,3,126.9452083905618,8.565901246536418,0.0,0.0,-0.5144873507736402,-0.8124433940727324,0.0,0.0,0.6480095794351236,0.36791250721330065,0.0,0.0,0.02614840663813802,-0.0006766673945755732,d2,7.103218994114213,10.068570023591723,5,8.93913506653,104651.345821,104651.345821,1.00000000,0.99963424,0.99602355,width2_d1_m8,1
6,5,4,125.26186326640529,8.683929065774748,0.4255986116129229,-1.239658056872785,-1.4151130683234519,-0.1272059812733446,0.45838538633848036,0.15228200828077454,0.6163926851910271,0.3746126019177878,0.08242926078889912,-0.028251624593194413,0.0018924793327823597,-0.1533795860230554,novel,6.608731385203385,12.244876175633717,10,9.84687622868,19351427.3891,19351427.3891,1.00000000,0.98678624,0.97456854,apodized_d3_m10,1
6,5,5,123.87308205592183,8.613467035715331,0.027908329360469393,0.01502550763816918,-0.07001485615735778,0.00993087231899093,-0.01772690015443282,0.020365019129415646,0.7264163072212334,0.4382573424244518,-0.04065850474089149,-0.06625908820007805,0.02252163950189645,-0.014432099044710003,near_d4,7.669278495146965,9.5638649680086,10,9.96635125285,40976356.836,40976356.836,1.00000000,0.99765569,0.99822431,apodized_d2_m10,1
6,5,6,123.08524820873859,8.762379084339727,0.05945309841812278,-0.02806333057878081,0.028179298349798806,0.016789131200578785,0.046058015486572755,0.06314794777966523,1.006028662575372,0.19809563835493818,-0.004050081854679296,0.012765544718292441,-0.047794924497074356,0.03553181745560788,near_d4,7.692026245888104,9.902126799476054,10,10.0411633986,43949095.0427,43949095.0427,1.00000000,0.99669163,0.99915895,apodized_d1_m10,1
6,6,1,122.27369576750665,8.977941234352846,0.0,0.0,0.0,0.0,0.0,0.0,0.7242441823603647,-0.26499528154680263,0.0,0.0,0.0,0.0,strict_d4,8.206740596366423,9.749141872339269,10,10.0950248087,53807760.5676,53807760.5676,1.00000000,0.99840577,0.99939951,apodized_d3_m10,1
6,6,2,124.1801854639593,8.41677539102737,0.0,0.0,-0.29555339613051984,0.4011185190846288,0.0,0.0,1.006470126392555,0.06274820251106335,0.0,0.0,0.014841044754493476,0.038022689636542435,d2,7.0210136663304565,9.72195302015139,7,9.1413889052,107373.821696,107373.821696,1.00000000,0.99992486,0.99854555,width2_d1_m8,1
6,6,3,122.9877446548107,8.74773156426948,0.021402488129761782,0.03545942634568523,0.009051364349383905,0.028886070890883027,0.0025114180785202065,0.013552518851466463,0.9410746928232551,-0.08324073144360311,0.058174005865182066,0.013192988099322026,-0.02745792614667323,0.05302025216728982,near_d4,7.774956180118333,9.773153708533583,10,10.0461753917,51690929.5732,51690929.5732,1.00000000,0.99726685,0.99962769,apodized_d1_m10,1
6,6,4,123.51663739993664,8.697570372470288,0.0,0.0,0.0,0.0,0.0,0.0,0.44764493505264774,0.050572514154493396,0.0,0.0,0.0,0.0,strict_d4,8.24709141602157,9.148049328919006,10,9.98260313502,49921881.4602,49921881.4602,1.00000000,0.99959325,0.99970647,apodized_d3_m10,1
6,6,5,125.83235768285019,8.260692693138326,0.0,0.0,0.544531955535508,-0.014903052604531997,0.0,0.0,0.4636701053733248,0.09783520086409143,0.0,0.0,0.009540464238846105,0.01737629699926115,d2,7.64194248042785,9.289181169918594,8,9.79953743469,48520831.3027,48520831.3027,1.00000000,0.99847169,0.99767523,apodized_d3_m10,1
6,7,1,122.35615025900393,8.83510926093399,0.0,0.0,0.0,0.0,0.0,0.0,0.8587916486277134,0.296116320690822,0.0,0.0,0.0,0.0,strict_d4,7.926831339482217,9.743387182385762,10,10.0943820416,51226226.4256,51226226.4256,1.00000000,0.99757012,0.99926673,apodized_d1_m10,1
6,7,2,123.81794530915974,9.013516527359537,0.0,0.0,0.0,0.0,0.0,0.0,1.0358556329885704,0.01898563468517048,0.0,0.0,0.0,0.0,strict_d4,7.97762932053961,10.049403734179462,10,9.9816410672,57615032.3552,57615032.3552,1.00000000,0.99691403,0.99963861,apodized_d1_m10,1
6,7,3,124.00038556495979,8.685336907188178,0.02263099590531786,0.0009818155851688832,-0.01957634337186383,-0.10221920846062704,0.06281172441992712,-0.015450257465401166,0.6216764685696897,0.08024764524885107,0.002619938821935186,0.03422405970938744,-0.014376387749841324,-0.004609648464415657,near_d4,7.885916332301869,9.413010566000287,10,9.95077032453,57495645.8644,57495645.8644,1.00000000,0.99893366,0.99980988,apodized_d3_m10,1
6,7,4,123.36897478079266,8.425569494761161,0.0,0.0,0.0,0.0,0.0,0.0,0.869889260835411,0.17295463589260568,0.0,0.0,0.0,0.0,strict_d4,7.538730110587698,9.312408878934624,10,10.0132029226,51724733.1902,51724733.1902,1.00000000,0.99749646,0.99965409,apodized_d1_m10,1
6,7,5,128.67278192793646,11.707406318290978,0.3004656906752574,0.9494040666171242,-0.19825440783421433,-0.11862113686598863,-0.45948775891319216,-0.13719605468980722,0.38426199576125164,0.11796552416693751,-0.021339166418626432,-0.16168025384837148,-0.10686664658885581,-0.008631549571940733,novel,9.687024652608862,13.359013892603844,10,9.58121550351,21218509.6403,21218509.6403,1.00000000,0.99683662,0.99310553,width2_d1_m8,1
6,7,6,124.33807031084869,8.302610247897867,0.0,0.0,-0.42812606933029596,0.05357855867937066,0.0,0.0,0.4123141625979726,-0.2384327530093676,0.0,0.0,-0.008945271917497354,-0.010485940778536639,d2,7.730683776034493,9.207276346582846,10,9.91557467457,44616036.8353,44616036.8353,1.00000000,0.99877364,0.99787598,apodized_d3_m10,1
6,8,1,122.56154659772496,8.801317870509589,0.0,0.0,0.0,0.0,0.0,0.0,0.7954842440186803,-0.2092020530124619,0.0,0.0,0.0,0.0,strict_d4,7.978852350990255,9.623783390028922,10,10.0746375605,57341019.9679,57341019.9679,1.00000000,0.99808241,0.99964235,apodized_d1_m10,1
6,8,2,124.89672377915801,8.349744309758124,-0.017226530001465214,0.02426878859263338,-0.01388283409759264,0.011633479223456965,-0.00549291902188294,-0.005504049853805186,0.6627082140933743,0.11789278275389159,-0.01867134067722148,0.013120766063991844,0.004329817060495358,0.011544776700280418,near_d4,7.672256450107425,9.075090217059401,10,9.88181890431,57115351.104,57115351.104,1.00000000,0.99867393,0.99982876,apodized_d3_m10,1
6,8,3,122.35147516071078,8.843108284793658,-0.0348702613968309,-0.06113932708435215,-0.04767912183632668,0.0609241014115957,0.05662023342123265,0.018562617842653797,0.7179628265653147,-0.36937089582589694,-0.004141674213877656,0.015790633474382663,0.0014054409897731725,0.033489008366919225,near_d4,7.983613226260064,9.831351294414413,10,10.0890993104,46370467.3264,46370467.3264,1.00000000,0.99805436,0.99873906,apodized_d2_m10,1
6,8,4,128.02058735386245,8.263832305179099,0.0,0.0,-0.004912005025592908,0.6984327437739392,0.0,0.0,0.5933735629419693,0.11824338100853399,0.0,0.0,-0.004923447517329144,-0.019095781381576228,d2,6.9450482236519315,9.010444048106127,7,8.91921423674,104426.979356,104426.979356,1.00000000,0.99979902,0.99707063,width2_d1_m8,1
6,8,5,122.573376759709,8.508448232356628,0.0,0.0,0.0,0.0,0.0,0.0,0.9419063299518236,-0.22167395198089881,0.0,0.0,0.0,0.0,strict_d4,7.540892763183776,9.476003701529478,10,10.0812525814,49757630.3379,49757630.3379,1.00000000,0.99698744,0.99934669,apodized_d1_m10,1
6,8,6,123.25065305674619,8.924421345050689,0.0,0.0,0.0,0.0,0.0,0.0,0.8017801389374772,0.21801286716888757,0.0,0.0,0.0,0.0,strict_d4,8.093608318685474,9.755234371415904,10,10.0181973412,57241175.3461,57241175.3461,1.00000000,0.99809535,0.99962032,apodized_d1_m10,1
6,9,1,122.4620349495931,8.730518292263376,0.0,0.0,0.0,0.0,0.0,0.0,0.5604043931982821,0.3968729820811893,0.0,0.0,0.0,0.0,strict_d4,8.043865528542929,9.417171055983824,10,10.0737805892,42809170.7022,42809170.7022,1.00000000,0.99861977,0.99865712,apodized_d3_m10,1
6,9,2,122.73406855038179,8.473007192618882,0.0,0.0,0.0,0.0,0.0,0.0,0.6311752225155863,0.006999898669550705,0.0,0.0,0.0,0.0,strict_d4,7.8418319701032955,9.104182415134469,10,10.0542761015,56654690.8118,56654690.8118,1.00000000,0.99892620,0.99999655,apodized_d3_m10,1
6,9,3,126.69889789202813,10.852415929316571,0.0,0.0,0.20313009102354493,-0.10698918756177037,0.0,0.0,0.7857047059724186,-0.10702761070476687,0.0,0.0,-0.02461539088608843,-0.011361164602794226,d2,9.970464386171633,11.836504297382508,9,9.74058119813,53029099.096,53029099.096,1.00000000,0.99883503,0.99966615,apodized_d3_m10,1
6,9,4,122.62686873190394,8.3260393563462,-0.011899097051726754,-0.01751966633885823,0.02293763462237559,-0.02585017756300987,-0.00017835722057213,0.010614286669208415,0.491336756187956,0.03670393426815485,-0.006993701876836162,-0.007406649060656745,0.012835310672265262,0.00951616394843879,near_d4,7.79511759036491,8.873959058631941,10,10.0574402726,51767634.732,51767634.732,1.00000000,0.99939965,0.99985803,apodized_d3_m10,1
6,9,5,123.73459855803928,8.657516893778235,-0.013000454874091119,-0.0053646127152292685,-0.007033920921075208,0.01282010586363706,0.01485723517222735,-0.01392279454730756,0.37351433336168566,-0.03842235926375046,-0.008639077230795222,0.027269324496649396,-0.009726499307541318,0.015137362396605198,near_d4,8.235175111699924,9.085590804675233,10,9.96216436997,45572964.723,45572964.723,1.00000000,0.99974858,0.99943164,apodized_d3_m10,1
6,10,1,122.0631319272763,8.300109305642561,0.0,0.0,0.0,0.0,0.0,0.0,0.6021529037190744,0.21964801691446406,0.0,0.0,0.0,0.0,strict_d4,7.6591466192066555,8.941071992078466,10,10.1089448465,48559135.196,48559135.196,1.00000000,0.99878005,0.99956707,apodized_d3_m10,1
6,10,2,122.59153032578786,8.3984681945496,-0.03345371502108346,-0.005932436545579169,-0.008157761742508766,0.03622373347809327,-0.009229947727813798,-0.018938205264460408,0.8463517688859986,-0.15492855978302517,-0.0006946888367820559,-0.004860184370622407,-0.023817864588562474,0.00864879611214145,near_d4,7.500853413331165,9.303360261296012,10,10.0757325552,53267390.0989,53267390.0989,1.00000000,0.99763188,0.99969605,apodized_d1_m10,1
6,10,3,123.63591711242516,8.962193241782895,0.01090245354206715,-0.0034909723556599886,-0.0013369620397682253,-0.007165477832432755,0.017285110514668463,-0.006987763947547657,0.6856858400453701,-0.0890979890384317,-0.0013644475154477454,-0.014405868920289857,-0.0051413832558523795,-0.012089803020013933,near_d4,8.254762418168436,9.681331484403099,10,9.9820005072,58782022.237,58782022.237,1.00000000,0.99881257,0.99991531,apodized_d3_m10,1
6,10,4,123.03689503908174,8.549598470927892,0.0,0.0,0.0,0.0,0.0,0.0,1.074642226765483,-0.1424909118656736,0.0,0.0,0.0,0.0,strict_d4,7.465583686377723,9.63361325547806,10,10.0489648606,44355968.8489,44355968.8489,1.00000000,0.99615971,0.99909725,apodized_d1_m10,1
6,10,5,123.61428801801011,9.008737753106066,0.0,0.0,0.0,0.0,0.0,0.0,0.7548701843733959,-0.10871181590391998,0.0,0.0,0.0,0.0,strict_d4,8.246084152945683,9.77139135326645,10,9.98645653051,59856678.6798,59856678.6798,1.00000000,0.99850730,0.99988526,apodized_d2_m10,1
6,10,6,124.57933890658298,8.483822776218416,0.011152469806940886,-0.004769597101556299,-0.009571379218244774,0.020667806149100344,-0.006122200922745341,-0.002754441272412158,0.519983686907083,-0.002376228223018502,0.006164438892071985,-0.014217299001418491,-0.02768796825153085,0.010965797897096289,near_d4,7.949912979322873,9.05742039842823,10,9.90071383428,55032996.7277,55032996.7277,1.00000000,0.99933888,0.99989597,apodized_d3_m10,1
6,11,1,123.35617375728975,8.57538101614923,0.0,0.0,0.0,0.0,0.0,0.0,0.7496312310379654,0.014423609384158686,0.0,0.0,0.0,0.0,strict_d4,7.825703063494714,9.325058968803745,10,10.0083329503,58641111.6509,58641111.6509,1.00000000,0.99840135,0.99999340,apodized_d2_m10,1
6,11,2,123.19144811412404,8.360108250328775,0.01778124163542034,-0.026721379088532796,0.004302392239398255,-0.022481244222433912,-0.021136329165218005,0.01676310298710914,0.5312442658447268,0.21896362708343486,0.013950520315998386,-0.01795836738449946,-0.0037889012389877644,-0.0017413341744636815,near_d4,7.731426776368797,9.012541308185362,10,10.0131875761,48681178.2123,48681178.2123,1.00000000,0.99906482,0.99950608,apodized_d3_m10,1
6,11,3,129.64286741618577,8.208614871178673,0.0,0.0,-0.2659628829525307,0.6505477088884108,0.0,0.0,0.6558363015112344,0.22367549334264014,0.0,0.0,-0.0037087278289470193,0.007828475085520582,d2,6.8353864092808,9.142905000892453,7,8.81090115406,103586.858621,103586.858621,1.00000000,0.99982111,0.99731368,width2_d1_m8,1
6,11,4,126.02563485276868,8.33251179493559,0.0,0.0,0.23291732605459403,-0.7021901648029278,0.0,0.0,0.6277121071000258,-0.17997809150392965,0.0,0.0,-0.019409341900597166,-0.04085992304104259,d2,7.042702410685925,9.417982091693139,5,9.0470854721,105665.738832,105665.738832,1.00000000,0.99978247,0.99700428,width2_d1_m8,1
6,11,5,123.09372382219478,8.922850371636084,0.0,0.0,0.0,0.0,0.0,0.0,0.8196680370191385,-0.1225508155436253,0.0,0.0,0.0,0.0,strict_d4,8.094103510583556,9.751597232688612,10,10.0315920049,60733560.7119,60733560.7119,1.00000000,0.99812883,0.99987918,apodized_d1_m10,1
6,11,6,124.47380078278148,10.106780187096858,-0.47886767344022396,0.196961068028088,-0.1469349297557414,0.45977976945822285,0.16313730788832848,0.12427510029535749,0.7875622466635075,0.06335965097049034,0.07992541077642024,-0.01312736317720642,-0.032413926333117404,0.08277278530331161,novel,8.179195060357126,11.146419094581983,9,9.91746810113,45292265.8482,45292265.8482,1.00000000,0.99688979,0.99633555,apodized_d3_m10,1
6,12,1,122.7139051013983,9.15133409132198,0.0,0.0,0.0,0.0,0.0,0.0,0.857536169834098,0.28367507668714637,0.0,0.0,0.0,0.0,strict_d4,8.248108309465527,10.054559873178432,11,10.0638059732,54506988.1547,54506988.1547,1.00000000,0.99778327,0.99937784,apodized_d1_m10,1
6,12,2,124.38931256142261,8.540323889745945,0.0,0.0,0.0,0.0,0.0,0.0,0.6974587030430779,0.011819709822022201,0.0,0.0,0.0,0.0,strict_d4,7.842865186702867,9.237782592789022,10,9.92307993028,60334067.571,60334067.571,1.00000000,0.99864874,0.99995936,apodized_d2_m10,1
6,12,3,123.37860006304642,8.288278137071181,0.006866435034927273,0.010377534975363636,-0.028661391384349085,-0.0007403245573448816,0.003156596806749397,-0.03488611896714473,0.3697822988207482,0.0321002811596295,0.004170880592278429,-0.0024549494453102224,-0.0012365606255144669,0.006292915993890808,near_d4,7.895542316979506,8.73117039485474,10,9.99110387904,46354297.0171,46354297.0171,1.00000000,0.99972326,0.99949987,apodized_d3_m10,1
6,12,4,123.69837855051587,8.515869941023183,0.0,0.0,0.0,0.0,0.0,0.0,0.4002415967582651,0.16939574869140164,0.0,0.0,0.0,0.0,strict_d4,8.081315630226465,8.950424251819902,10,9.96643080868,45994932.0812,45994932.0812,1.00000000,0.99957157,0.99935585,apodized_d3_m10,1
6,12,5,129.6055446309609,8.562477127552473,0.0,0.0,-0.048649414272883294,-0.06442059084608094,0.0,0.0,0.5114753732164635,-0.03741778233726643,0.0,0.0,0.05115336555995309,0.060173865237547385,d2,7.9122101814698285,9.082149258747675,8,9.51629488706,49711831.4371,49711831.4371,1.00000000,0.99928357,0.99968608,apodized_d3_m10,1
6,13,1,127.51888212998396,8.653377178064593,-1.7849659954094768,-0.3340560146054796,1.5806940164798824,0.5232008103536303,-0.3110524921961041,-0.4158199255499947,0.2109953603435064,0.03435619717404559,-0.19295684413176178,-0.10746674360148106,0.10621443483788634,-0.10712227911481409,novel,6.87850550050144,12.994887417174285,8,9.65536635276,18225921.548,18225921.548,1.00000000,0.98494753,0.97012919,width2_d1_m8,1
6,13,2,122.5981602725546,8.442791130152951,0.0,0.0,0.0,0.0,0.0,0.0,0.5546850002659097,-0.07058587977112855,0.0,0.0,0.0,0.0,strict_d4,7.8836806304079685,9.001901629897933,10,10.062277309,54964938.8324,54964938.8324,1.00000000,0.99920150,0.99992948,apodized_d3_m10,1
6,13,3,122.60787728724962,8.499457268169309,0.0019858816855887968,0.010640696895602585,0.03758743619405326,-0.015753269476376536,0.02179611464853327,0.0003176713687802467,0.47303469984028923,0.13800364374507132,-0.02086564135855374,-0.03649146718926752,-0.03125182923758588,0.036166498471296556,near_d4,7.906415781178375,9.030043410121424,10,10.0581288915,47313375.9727,47313375.9727,1.00000000,0.99937026,0.99956047,apodized_d3_m10,1
6,13,4,124.63841833596524,8.67249809112368,0.0,0.0,-0.27697343260574553,-0.2429148381608737,0.0,0.0,0.6689350286858582,0.4925237787186291,0.0,0.0,-0.004082297045361591,-0.0003507900541232923,d2,7.678675117676802,9.847216835250467,10,9.90271908147,39082586.4449,39082586.4449,1.00000000,0.99743746,0.99720511,apodized_d3_m10,1
6,13,5,123.95619707418773,8.407565966787097,0.0,0.0,0.0,0.0,0.0,0.0,0.736378271703332,0.2517520871152324,0.0,0.0,0.0,0.0,strict_d4,7.6294329397375105,9.185698993836683,10,9.9600805683,52298636.4266,52298636.4266,1.00000000,0.99812234,0.99944406,apodized_d2_m10,1
6,13,6,123.68381840741853,8.462318513858927,0.00020090084797982162,-0.000271414826642096,-0.0029330938380476056,0.0060293492022027335,-0.0003194945149568993,-0.01085739926403155,0.5046882499565899,0.12890018730647834,-0.002925124828686517,0.005099719279016014,-0.00162681634194713,0.0009486380003687874,near_d4,7.922156104084904,9.002631869455064,10,9.9718302394,53556349.6184,53556349.6184,1.00000000,0.99932650,0.99975501,apodized_d3_m10,1
6,14,1,122.99919109704777,9.022994895717448,0.03945822200371881,-0.020400723105949637,-0.00447739151808959,0.021320486273563963,-0.011058496849128746,0.0032196269157469303,0.640793833779073,0.3510261271164587,0.0034909256581789885,-0.03483742481266427,-0.0024936605813182843,-0.020825750505072616,near_d4,8.220849920913926,9.831119511447586,10,10.0323059783,46389291.4133,46389291.4133,1.00000000,0.99854332,0.99898757,apodized_d3_m10,1
6,14,2,122.78803895615243,8.899783062732372,-0.012495596344212769,0.0004765393081363812,-0.0036234469348684177,0.0030406218694804033,0.010695558553342099,-0.003385230369374754,0.4570639015670079,0.18780027773244662,0.015285098860143616,-0.007796298334970145,-0.0076498931677605,-0.007696720216970483,near_d4,8.370263402531924,9.413518676177397,10,10.0421683013,46369813.7486,46369813.7486,1.00000000,0.99946325,0.99942970,apodized_d3_m10,1
6,14,3,122.73480253592044,8.950695082708728,0.0,0.0,0.0,0.0,0.0,0.0,1.1486024413331426,-0.16389345734460792,0.0,0.0,0.0,0.0,strict_d4,7.790461200692189,10.110928964725268,10,10.0751193153,47344818.4753,47344818.4753,1.00000000,0.99591434,0.99891132,apodized_d1_m10,1
6,14,4,124.65192066987369,8.22841960782324,0.0,0.0,0.0,0.0,0.0,0.0,0.6262007799388757,0.08726791338513011,0.0,0.0,0.0,0.0,strict_d4,7.596167624708581,8.860671590937898,10,9.89996977618,55216353.7734,55216353.7734,1.00000000,0.99883453,0.99992194,apodized_d3_m10,1
6,14,5,127.24134065193586,8.68915506944419,0.0,0.0,-0.15165168975667365,-0.24474166721062543,0.0,0.0,0.6594075756591617,0.04445961827488062,0.0,0.0,-0.03550244274139469,0.02966264067580066,d2,7.755059820471903,9.545285815126142,10,9.69889067223,55664233.691,55664233.691,1.00000000,0.99852498,0.99931298,apodized_d3_m10,1
6,14,6,122.11796643477801,8.339396624469742,0.0,0.0,0.0,0.0,0.0,0.0,0.7213595820727571,-0.06067305757765044,0.0,0.0,0.0,0.0,strict_d4,7.615561899535618,9.063231349403868,10,10.1093419944,54755549.8498,54755549.8498,1.00000000,0.99842901,0.99995966,apodized_d2_m10,1
6,15,1,122.74050751298752,8.325006039670066,0.0,0.0,0.0,0.0,0.0,0.0,0.41235664986274834,0.31106971245366033,0.0,0.0,0.0,0.0,strict_d4,7.80855092715863,8.841461152181504,10,10.0451816584,41968539.3763,41968539.3763,1.00000000,0.99921033,0.99881635,apodized_d3_m10,1
6,15,2,123.79219081403241,8.724838618998488,0.012896318597330569,0.004505453374493802,-0.006421152788866586,0.009700505715235326,-0.010175684371047222,-0.00507937114800224,0.8001345100811118,0.10331557233800867,-0.012383027053932726,-0.0004664231268077766,0.006149012636371254,-0.012349875985767643,near_d4,7.868042678878047,9.543578387248859,10,9.97480716299,60104156.9169,60104156.9169,1.00000000,0.99815250,0.99990005,apodized_d1_m10,1
6,15,3,123.27170818615146,8.882106069591421,0.0,0.0,0.0,0.0,0.0,0.0,0.8719791086675722,-0.06368687055082309,0.0,0.0,0.0,0.0,strict_d4,8.007808486693621,9.75640365248922,10,10.0193853809,60944958.2746,60944958.2746,1.00000000,0.99785982,0.99993600,apodized_d1_m10,1
6,15,4,123.83060490355405,9.05505749010826,0.0,0.0,-0.06158796163244482,-0.07690974839324109,0.0,0.0,0.7363856131432049,0.005087149761009499,0.0,0.0,0.07274481387895089,0.0448592349989036,d2,8.186524316062227,9.80324408492293,10,9.96837088159,48344510.083,48344510.083,1.00000000,0.99850184,0.99965381,apodized_d2_m10,1
6,15,5,123.68828946522986,8.645920259676481,0.0,0.0,0.0,0.0,0.0,0.0,0.8881017426188325,0.06697922643527901,0.0,0.0,0.0,0.0,strict_d4,7.755309653616596,9.536530865736367,10,9.98721988009,57114051.0817,57114051.0817,1.00000000,0.99762760,0.99988184,apodized_d1_m10,1
6,16,1,122.8059030430097,8.80127354773784,0.0,0.0,0.0,0.0,0.0,0.0,0.53486412731412,0.040347155659108756,0.0,0.0,0.0,0.0,strict_d4,8.264897847251294,9.337649248224384,10,10.043734159,54127632.9411,54127632.9411,1.00000000,0.99936430,0.99990278,apodized_d3_m10,1
6,16,2,122.42058417097866,8.477264564436268,0.0,0.0,0.0,0.0,0.0,0.0,0.720128347229211,0.14501345002434196,0.0,0.0,0.0,0.0,strict_d4,7.742722757787737,9.2118063710848,10,10.0839062689,57208265.3331,57208265.3331,1.00000000,0.99841977,0.99980327,apodized_d2_m10,1
6,16,3,122.27093627930589,8.821430566738133,0.0,0.0,0.0,0.0,0.0,0.0,0.6939426617607245,-0.016195560682108975,0.0,0.0,0.0,0.0,strict_d4,8.12734541918063,9.515515714295637,10,10.0941240903,61199042.128,61199042.128,1.00000000,0.99876457,0.99997204,apodized_d3_m10,1
6,16,4,122.29754133221962,8.7097121157324,0.03323888642567727,-0.002479143128490277,0.013889238612752191,-0.045206089921044044,-0.008665569040213414,-0.06108632344224553,0.5933481879276863,0.04795099954772155,0.014768349983628061,-0.036942362008041615,0.025212101891134646,0.01031613007101424,near_d4,8.053613308308556,9.383476450161101,10,10.0880751372,55045468.1303,55045468.1303,1.00000000,0.99908881,0.99987409,apodized_d3_m10,1
6,16,5,122.74152021161092,8.855780362034029,0.0,0.0,0.0,0.0,0.0,0.0,0.29630542908550256,-0.0985464981604504,0.0,0.0,0.0,0.0,strict_d4,8.543524610220912,9.168036113847146,10,10.0397411931,40092860.9712,40092860.9712,1.00000000,0.99986577,0.99912575,width2_d1_m8,1
6,16,6,123.24215816835132,8.359012137592835,0.0,0.0,0.0,0.0,0.0,0.0,0.5170012405131671,0.04194597678523438,0.0,0.0,0.0,0.0,strict_d4,7.840344282688875,8.877679992496795,10,10.0082475772,53932332.5137,53932332.5137,1.00000000,0.99932945,0.99991693,apodized_d3_m10,1
6,17,1,122.5672201471495,8.671278008694234,-0.06373531491958875,0.05749117122687012,0.01444341520791567,-0.005011635522705072,0.012655897262479295,-0.00820278250437595,0.5809258230375096,0.08736660155403028,-0.010243695862730051,0.014894855096402993,-0.031034244940948256,0.03751657137575432,near_d4,8.010357083783632,9.353190531695496,10,10.0655469431,52702054.0987,52702054.0987,1.00000000,0.99909059,0.99979657,apodized_d3_m10,1
6,17,2,124.47101445640732,8.908277494622375,0.0,0.0,-0.006463972082909216,0.017055263936288315,0.0,0.0,0.4562780625079764,-0.09825003637161232,0.0,0.0,0.012031972085289926,0.05954813515866408,d2,8.397477309849222,9.400206289325752,10,9.90628688595,44968854.9474,44968854.9474,1.00000000,0.99952373,0.99954388,apodized_d3_m10,1
6,17,3,123.0581954773282,8.25223482227525,0.0,0.0,0.0,0.0,0.0,0.0,0.8358178679461636,0.024517467926840914,0.0,0.0,0.0,0.0,strict_d4,7.416070464700129,9.08839917985037,10,10.037535747,54104008.6735,54104008.6735,1.00000000,0.99773446,0.99993590,apodized_d1_m10,1
6,17,4,122.85734171501936,9.026013579692037,-0.0025701214775243693,0.008036454564062491,0.0015502997584991905,0.0232476887008519,-0.004007363624054416,-0.0029602953019863564,0.9050196515625429,0.24697257939588482,0.013155115369458528,0.04785877661536773,0.026956981058667846,-0.0144394659617175,near_d4,8.034212990827594,10.009765097814808,10,10.0544515266,52790064.7012,52790064.7012,1.00000000,0.99748897,0.99940553,apodized_d1_m10,1
6,17,5,122.5506138320683,8.675951823264349,0.01872336377408547,-0.07139650956346788,-0.005450761936521988,-0.02058106445283453,0.05570955659766332,0.05677374236369737,0.8237160328344572,-0.35102455086827794,-0.04588384090809833,-0.029115873930573098,-0.011658294821789537,-0.04647484655544402,near_d4,7.733096340062263,9.743617466206409,10,10.0775896669,44512050.6326,44512050.6326,1.00000000,0.99745259,0.99880022,apodized_d1_m10,1
6,17,6,123.66255441564466,8.570908333983507,0.02039815200829348,0.02524424693877048,-0.002538045815919445,0.00032987385650282055,0.006422013867752309,0.01580385047069413,0.5144783186399838,0.0757199859892753,-0.02324379125897672,0.009997253491439689,0.010613252490396002,-0.007707781979282902,near_d4,8.015872082272482,9.109874811354814,10,9.97370792145,53988417.2977,53988417.2977,1.00000000,0.99935419,0.99983587,apodized_d3_m10,1
6,18,1,122.55462266642878,8.5160631622206,0.0,0.0,-0.5243335265581456,0.058816885100374854,0.0,0.0,0.9226545454189081,0.27224826273364633,0.0,0.0,-0.02635441281741298,0.10330635870878964,d2,7.473437281377611,9.992834269048643,5,9.25367580943,108152.073992,108152.073992,1.00000000,0.99986049,0.99773541,width2_d1_m8,1
6,18,2,123.69856226119585,8.75221280892831,0.0,0.0,0.0,0.0,0.0,0.0,0.7738230744468363,-0.12950818295189534,0.0,0.0,0.0,0.0,strict_d4,7.96765698579077,9.536768632065849,10,9.98112693014,60516611.0761,60516611.0761,1.00000000,0.99828571,0.99985952,apodized_d2_m10,1
6,18,3,122.92564404906202,8.714803288443003,0.0,0.0,0.0,0.0,0.0,0.0,0.6753086956488957,-0.4173867873704464,0.0,0.0,0.0,0.0,strict_d4,7.920927735516068,9.508678841369937,10,10.0405530414,44921560.214,44921560.214,1.00000000,0.99809261,0.99854336,apodized_d3_m10,1
6,18,4,128.07649975310267,10.058606268145036,0.7383024558222311,-0.5047478978314301,0.9132233802194285,-0.34795410602346966,0.30034913934218466,-0.15352946181417304,0.5653801839231261,-0.14568937011265914,-0.0008524073839938362,-0.333874419597573,0.15972782727421803,-0.09263207653409411,novel,8.82384460895111,13.129538087022352,8,9.62956524385,20483052.4581,20483052.4581,1.00000000,0.99497413,0.99034970,apodized_d3_m10,1
6,18,5,123.15942434387225,9.064137527319591,0.0,0.0,0.0011730494216606103,-0.1359236396706529,0.0,0.0,0.8298645293613324,0.3451791416368068,0.0,0.0,0.03647594640175869,0.09231742113239581,d2,7.9670121227198205,10.01931328483303,10,10.0272498641,38500160.7096,38500160.7096,1.00000000,0.99748805,0.99859833,apodized_d1_m10,1
6,19,1,122.07159938975963,8.746267050255321,0.0,0.0,0.0,0.0,0.0,0.0,0.6984370562963612,0.3023511117082214,0.0,0.0,0.0,0.0,strict_d4,7.985235773820072,9.50729832669057,10,10.11136222,51201616.9302,51201616.9302,1.00000000,0.99834187,0.99921009,apodized_d3_m10,1
6,19,2,124.10872412257504,8.399195239431528,0.003768954906781842,-0.008616830455028417,0.02035088408225045,-0.02962894085884027,-0.011735407126111068,-0.0212395401921612,0.979131397714882,-0.16746196957693676,-0.0338514766740971,-0.011435757886628668,0.004587815635959098,-0.0013961179588502736,near_d4,7.356332820950567,9.455984949174805,10,9.95853063411,48606198.7867,48606198.7867,1.00000000,0.99671924,0.99933767,apodized_d1_m10,1
6,19,3,123.65642478727,8.613858051821078,0.0,0.0,0.40518941135178704,-0.15979279998327672,0.0,0.0,0.5111629207062337,0.3782526580522122,0.0,0.0,-0.04551545771229213,0.089433510153709,d2,7.6053466792586075,9.631308129622926,10,9.9749703539,33491003.2154,33491003.2154,1.00000000,0.99798341,0.99701981,apodized_d3_m10,1
6,19,4,126.85259345550367,8.596529781923739,0.0,0.0,0.4333355522725028,0.15371464652086125,0.0,0.0,0.547442549996566,-0.03552338827279972,0.0,0.0,-0.10105655227222848,-0.1274679044273483,d2,7.67899307130866,9.499937291362038,10,9.72498627084,30993276.3635,30993276.3635,1.00000000,0.99818994,0.99774842,apodized_d3_m10,1
6,19,5,123.34781418552726,8.48554371573658,0.0072317183799159215,0.03377196289753838,0.08493654863165956,-0.031530736984686704,-0.014972951651213932,0.010720672427530714,0.7220542693056039,-0.20246283967945428,0.05292134215081086,0.03686227397698802,-0.02936938761539803,0.007436105878864563,near_d4,7.697040888762963,9.322049807014734,10,10.0083179063,52180665.8282,52180665.8282,1.00000000,0.99825905,0.99949176,apodized_d2_m10,1
6,19,6,122.10154575662402,8.455825856171076,0.0,0.0,0.0,0.0,0.0,0.0,0.5876648297180525,-0.03104074249283885,0.0,0.0,0.0,0.0,strict_d4,7.8674272557035865,9.044224456638567,10,10.104520769,57023613.8734,57023613.8734,1.00000000,0.99909677,0.99998668,apodized_d3_m10,1
6,20,1,122.86165116225908,8.667913345699962,0.0,0.0,0.0,0.0,0.0,0.0,0.6326922360606588,-0.29746350988369336,0.0,0.0,0.0,0.0,strict_d4,7.968853910833316,9.366972780566607,10,10.0437656919,50922897.5248,50922897.5248,1.00000000,0.99861086,0.99926159,apodized_d3_m10,1
6,20,2,122.44974107601527,8.662523148866702,0.0,0.0,0.0,0.0,0.0,0.0,0.8444456601986633,-0.25818380588199596,0.0,0.0,0.0,0.0,strict_d4,7.779624417387661,9.545421880345742,10,10.0865204478,52284726.0365,52284726.0365,1.00000000,0.99763887,0.99941919,apodized_d1_m10,1
6,20,3,129.47429897399593,8.790773255639843,-0.7811428742995872,0.340256333036868,1.0146048557013476,0.1793104011373754,0.14997319688559418,0.23002448417337895,0.44094995861954533,0.21015871436178246,-0.17179865932719962,0.5001131248566202,-0.10144738873759346,0.06390034122948468,novel,7.169047036918592,11.094379612730135,8,9.52459080798,15627215.7887,15627215.7887,1.00000000,0.99202819,0.98419106,apodized_d3_m10,1
6,20,4,122.72245109997297,8.529835947927333,0.0,0.0,0.0,0.0,0.0,0.0,0.5910669383280325,0.28603393651473646,0.0,0.0,0.0,0.0,strict_d4,7.8731994780232615,9.186472417831405,10,10.0537747578,48757453.5266,48757453.5266,1.00000000,0.99875730,0.99929366,apodized_d3_m10,1
6,20,5,123.20691587173923,8.250085205961463,0.0,0.0,0.0,0.0,0.0,0.0,0.9533029579159114,0.24648733944793882,0.0,0.0,0.0,0.0,strict_d4,7.265468735648824,9.234701676274103,10,10.0310739631,43851806.7633,43851806.7633,1.00000000,0.99665270,0.99909984,apodized_d1_m10,1
6,20,6,123.59526604510658,8.651942489963332,0.00013245445736436494,-0.014185094997757884,0.014781417410810455,0.015971846231023865,0.010963510111565433,0.0033770360184346773,0.7129422473012245,-0.1540228849684975,-0.014946525816336821,-0.015365262377989474,-0.006186585081731543,0.001315143492332032,near_d4,7.89712500692486,9.413108630588296,10,9.98729542723,56714777.3699,56714777.3699,1.00000000,0.99851207,0.99975719,apodized_d2_m10,1
6,21,1,123.34419109564635,8.338261998458629,-0.057401175073181696,-0.00892278920501812,0.014616080170377405,-0.05041775413292207,0.04236418068421052,-0.06691512981788182,0.9108404158583773,0.27097588794146815,0.010967186025214595,0.004636035582257049,0.013053035966746784,-0.0026779411769310667,near_d4,7.217568280654802,9.342527317544102,10,10.0176767379,43635640.0376,43635640.0376,1.00000000,0.99690982,0.99904046,apodized_d1_m10,1
6,21,2,123.1140412834066,8.708163661047774,0.0,0.0,0.0,0.0,0.0,0.0,0.8690015291180916,-0.34566413803315454,0.0,0.0,0.0,0.0,strict_d4,7.772951408440981,9.643375913654566,10,10.033220735,49426225.6373,49426225.6373,1.00000000,0.99730460,0.99896863,apodized_d1_m10,1
6,21,3,127.45493330121016,8.286840543372575,0.0,0.0,0.0520375542659217,0.04507017560961738,0.0,0.0,0.366219753932739,-0.16975878986718246,0.0,0.0,0.03659118668180537,-0.04386394958531442,d2,7.810953138642237,8.7873613233803,8,9.67152145609,44471091.6623,44471091.6623,1.00000000,0.99955877,0.99915502,apodized_d3_m10,1
6,21,4,122.96588244248274,8.488093640263996,0.0,0.0,0.0,0.0,0.0,0.0,1.183700566773576,-0.031091772748029392,0.0,0.0,0.0,0.0,strict_d4,7.304029064672685,9.672158215855308,7,9.21128618945,108415.529091,108415.529091,1.00000000,0.99999594,0.99882703,width2_d1_m8,1
6,21,5,122.11449213640036,8.86808714520033,0.017774857064893016,0.0036182249346771718,0.015468071182029816,-0.003146717724921737,-0.007721480342003055,-0.026564739755274236,0.45919889138382325,-0.21126658438039608,-0.04029888022346808,0.006106172411553738,0.01608500425805975,0.01448806180806227,near_d4,8.30824786801284,9.417059079090608,10,10.0978163461,45077265.1287,45077265.1287,1.00000000,0.99939779,0.99932796,apodized_d3_m10,1
6,22,1,128.79660521886703,8.972345821952423,0.0,0.0,0.405776107449317,-0.026996045949224487,0.0,0.0,0.6771612094628485,-0.12056925757949333,0.0,0.0,-0.019540636927488707,-0.08005657405872417,d2,8.170476033719813,10.077559883686813,10,9.58149638506,50892281.517,50892281.517,1.00000000,0.99831781,0.99879176,apodized_d3_m10,1
6,22,2,127.53408414746816,8.580270037753426,0.7615243927108919,-0.3948007480288649,1.233100943763067,0.7572024028551432,0.1455192059105268,0.2750295432077623,0.5677015679718447,0.04970877780895866,0.04225072924029627,-0.21430591006137245,0.18624611856316836,0.0821550637220993,novel,6.601698379571338,11.567780202336145,8,9.67022811065,24658196.1451,24658196.1451,1.00000000,0.98908640,0.97899404,apodized_d3_m10,1
6,22,3,122.43271821098774,8.949611390544513,0.0,0.0,0.0,0.0,0.0,0.0,0.7137515271207407,0.10514280719421451,0.0,0.0,0.0,0.0,strict_d4,8.228172993700445,9.671049787388581,10,10.0812977661,60367640.6043,60367640.6043,1.00000000,0.99867728,0.99987654,apodized_d3_m10,1
6,22,4,122.467055032475,8.380879135192082,0.05862646412264166,-0.014147012056145141,0.0293122929578558,-0.051437119274308794,0.019469505047076858,-0.03880361952682391,0.7168000671972782,-0.20629662131053852,-0.010510717354823248,0.008380743018411949,-0.02129542572700441,0.01566784292134718,near_d4,7.576227670903259,9.211948882709848,10,10.0804070492,51516956.2598,51516956.2598,1.00000000,0.99825308,0.99952317,apodized_d2_m10,1
6,22,5,122.62849362563954,8.630604413126871,0.0,0.0,0.0,0.0,0.0,0.0,0.30939122455837975,-0.16019432792603944,0.0,0.0,0.0,0.0,strict_d4,8.282221494670502,8.978987331583243,10,10.0497375534,40501651.9415,40501651.9415,1.00000000,0.99976650,0.99894907,apodized_d3_m10,1
6,22,6,123.04388718323045,8.505798449601905,0.0630480438658734,-0.09036216928297862,0.008666834554950327,0.0059455172108285265,0.05298539389313425,0.027486529064441868,0.9365919683674994,-0.2608874135461321,-0.02782257739496275,-0.017307001239002896,-0.005403981561787075,0.030740284436357106,near_d4,7.499383869503497,9.639913842929547,10,10.0425238592,45402878.2855,45402878.2855,1.00000000,0.99688097,0.99906950,apodized_d1_m10,1
6,23,1,123.77559726580421,8.589238486204517,0.0,0.0,0.0,0.0,0.0,0.0,0.7071056059684535,-0.13663172993921918,0.0,0.0,0.0,0.0,strict_d4,7.869149552332962,9.309327420076071,10,9.97258785845,59409076.548,59409076.548,1.00000000,0.99854248,0.99980919,apodized_d2_m10,1
6,23,2,123.15565481296157,8.549045109105569,-0.015563036040346017,-0.011067008673684786,0.012090464260382749,0.009658020220935785,0.012598593456965818,-0.021243052033529802,0.391766933216987,-0.13738335783451727,-0.04786752918909755,-0.022149219060737153,0.0007253443601324728,-0.004413522572478201,near_d4,8.106091094824832,9.013582710046585,10,10.009927222,45688103.395,45688103.395,1.00000000,0.99961600,0.99935819,apodized_d3_m10,1
6,23,3,123.36463688477552,8.858371009487616,0.0,0.0,0.0,0.0,0.0,0.0,0.7830610547691021,-0.02337277315214776,0.0,0.0,0.0,0.0,strict_d4,8.074971276335926,9.641770742639306,10,10.0081589271,62163670.8934,62163670.8934,1.00000000,0.99835018,0.99999170,apodized_d2_m10,1
6,23,4,123.54546166431588,9.101412754902967,0.0,0.0,0.0,0.0,0.0,0.0,0.7382226918770595,0.011019819486858607,0.0,0.0,0.0,0.0,strict_d4,8.363190063025908,9.839635446780026,10,9.99107608001,61619335.8839,61619335.8839,1.00000000,0.99866461,0.99995371,apodized_d2_m10,1
6,23,5,122.43736583412753,9.027737070566383,0.0,0.0,0.0,0.0,0.0,0.0,1.0415954542828458,-0.10063405904630389,0.0,0.0,0.0,0.0,strict_d4,7.9813284616215325,10.074145679511233,11,10.0945102326,56194092.0309,56194092.0309,1.00000000,0.99683832,0.99954344,apodized_d1_m10,1
6,23,6,122.76148502874722,8.414973423065799,0.0016977857525713581,-0.004023716682508246,0.005846488557723457,-0.0077728863324157465,-0.006519544855311382,-0.002628755779757214,0.42070583402924355,0.13851918318117304,0.0006081837987365228,0.006602232208101822,0.010488017925498624,-0.0007930620397143247,near_d4,7.963660600811757,8.874210470178783,10,10.0434517373,47658943.5125,47658943.5125,1.00000000,0.99954707,0.99951840,apodized_d3_m10,1
6,24,1,122.30053347659468,8.48683823277245,0.0,0.0,0.0,0.0,0.0,0.0,0.9606897237926779,0.13752691773203274,0.0,0.0,0.0,0.0,strict_d4,7.516357827726156,9.457318637818744,10,10.1045050669,51551164.6105,51551164.6105,1.00000000,0.99696788,0.99954125,apodized_d1_m10,1
6,24,2,122.26662434355842,9.02109791519072,0.0,0.0,-0.3715358588027251,-0.22238228973843668,0.0,0.0,0.8681238727320535,-0.09827726454512951,0.0,0.0,0.1134030459247722,0.016212218229833417,d2,7.813512380132969,10.147354600800726,10,10.1019464938,36337541.4229,36337541.4229,1.00000000,0.99703384,0.99811685,apodized_d1_m10,1
6,24,3,122.5697461839355,8.66831232357618,0.0,0.0,0.0,0.0,0.0,0.0,0.6222487668863893,-0.009962939216132498,0.0,0.0,0.0,0.0,strict_d4,8.04606355668979,9.29056109046257,10,10.0668926845,59482232.2457,59482232.2457,1.00000000,0.99902227,0.99999897,apodized_d3_m10,1
6,24,4,128.59476011858095,8.83149464250813,0.0,0.0,0.06627396249356934,0.6031923815438678,0.0,0.0,0.5134053169355854,-0.019231692968470302,0.0,0.0,-0.005286080037537145,0.003138037029202612,d2,7.7153297932386735,9.485459712224591,8,9.59156475141,52426327.9728,52426327.9728,1.00000000,0.99805218,0.99726419,apodized_d3_m10,1
6,24,5,122.58057958377246,8.724348707811671,-0.005065442698087158,0.010623723333285566,-0.024208650221409264,0.016699016080212674,-7.06188790608656e-05,0.006090560109940199,0.5372090727502299,-0.11855167468570979,-0.06280767586690311,-0.03983729555401738,0.00693198547210787,0.015129423406850223,near_d4,8.089021317680029,9.356380685718813,10,10.0625311324,51437217.4524,51437217.4524,1.00000000,0.99924966,0.99973097,apodized_d3_m10,1
6,25,1,122.17498455225389,8.938059446317526,-0.04288730720047129,-0.007621097511378326,0.010044404119883795,0.0066364990360151905,0.004940685112327191,0.012906428209139372,0.6481921452162359,0.1671678317759754,0.030600453760289307,-0.029330116944352752,0.01956299087621261,-0.01951124678897173,near_d4,8.156898988354179,9.645186986472039,10,10.1000911599,53419645.9522,53419645.9522,1.00000000,0.99885462,0.99971728,apodized_d3_m10,1
6,25,2,122.17129722642422,8.530424979120465,0.006598336426277514,0.009705912896181746,-0.01487007978995022,0.014663169223863341,-0.022875058517694506,-0.01528575931232452,0.3746316713061553,0.06200102424418855,-0.0013578721119795576,-0.019317028207967758,0.02039239141019654,0.005492824768009163,near_d4,8.116235503871964,8.94216486317023,10,10.0899288433,45351993.7619,45351993.7619,1.00000000,0.99972286,0.99943534,apodized_d3_m10,1
6,25,3,122.65253526505282,8.741057947785523,0.0,0.0,0.0,0.0,0.0,0.0,0.7355484422574717,-0.20099305646341095,0.0,0.0,0.0,0.0,strict_d4,7.978602210115166,9.503513685455879,10,10.0647958783,57416035.0267,57416035.0267,1.00000000,0.99837491,0.99964773,apodized_d2_m10,1
6,25,4,122.48151366381529,8.697984369590975,0.0,0.0,0.0,0.0,0.0,0.0,0.7040561759886713,-0.11750055822018897,0.0,0.0,0.0,0.0,strict_d4,7.984220631111421,9.411748108070528,10,10.0775324672,59643464.2749,59643464.2749,1.00000000,0.99861815,0.99983820,apodized_d3_m10,1
6,25,5,122.49005167367486,9.015357574013713,-0.04054169791669701,0.016692860635889664,-0.009156943776055247,0.0016134164838804228,0.04583475573443244,-0.04589915631151268,0.7440078413220392,0.27151510899995146,-0.034944289928664496,-0.045053307678214284,0.02746724197185054,0.0583364940259787,near_d4,8.163828936752678,9.917028095048282,10,10.0781491694,45955021.2105,45955021.2105,1.00000000,0.99820803,0.99917192,apodized_d2_m10,1
6,25,6,123.05055366326526,8.414594802032909,0.004025359773272149,0.009124632228770512,0.06465468931362596,-0.04181835953342081,-0.032862082343252434,-0.01301765170974571,0.757116479160874,-0.3182456312760477,-0.004915593647272887,0.01776319615425507,0.0035998528142716347,-0.005629193810634458,near_d4,7.554760834492729,9.351174860840016,10,10.0344090355,47376224.8573,47376224.8573,1.00000000,0.99782269,0.99906440,apodized_d1_m10,1
6,26,1,124.36047372305485,8.255619337596952,0.0,0.0,0.2066108004561955,0.25246204069473166,0.0,0.0,0.5386050152401451,-0.006890444081145549,0.0,0.0,0.017677569002534494,-0.0006768588698945725,d2,7.458050833522473,9.029573356493172,10,9.91946747244,53682966.2893,53682966.2893,1.00000000,0.99881982,0.99914916,apodized_d3_m10,1
6,26,2,124.18527451384958,8.875743968703173,0.0,0.0,0.09602392158587275,0.013336898272709917,0.0,0.0,0.8860623109377048,0.10624901435746387,0.0,0.0,0.027218897187757773,0.07036533079281199,d2,7.926481627193647,9.909056875014379,10,9.94649743521,52379750.341,52379750.341,1.00000000,0.99765985,0.99967971,apodized_d1_m10,1
6,26,3,122.11368877562458,8.805924017693728,0.0,0.0,0.0,0.0,0.0,0.0,0.7997378066757292,-0.1803303442275043,0.0,0.0,0.0,0.0,strict_d4,7.986169614103658,9.6256784212838,10,10.1117313309,58586815.0617,58586815.0617,1.00000000,0.99810666,0.99973376,apodized_d1_m10,1
6,26,4,122.37847821701244,8.800118300240555,0.0,0.0,0.0,0.0,0.0,0.0,0.62329614866388,0.22098763106092975,0.0,0.0,0.0,0.0,strict_d4,8.138829287528171,9.46140731295294,10,10.0826523745,53231617.822,53231617.822,1.00000000,0.99885650,0.99959997,apodized_d3_m10,1
6,26,5,123.01649431550679,8.890525674890242,0.0,0.0,0.0,0.0,0.0,0.0,0.9648237381692351,0.19668875251875204,0.0,0.0,0.0,0.0,strict_d4,7.905891759167973,9.875159590612512,10,10.0443366244,53993213.0748,53993213.0748,1.00000000,0.99715093,0.99950048,apodized_d1_m10,1
6,26,6,129.9293432319237,8.932147160744776,-1.1028615606902668,-2.176488458635343,-0.46465801882362245,0.31259230781891767,-0.4595838710902359,0.1464343590998054,0.35415402215182734,0.138980209809076,0.05876914796413246,-0.047845627961142556,-0.1688218812487955,0.011855244925864816,novel,6.8834060515712965,12.295460497723509,8,9.4842218191,22820499.9301,22820499.9301,1.00000000,0.98137716,0.96254219,width2_d1_m8,1
6,27,1,122.34122620087294,8.716947568092893,0.0,0.0,0.0,0.0,0.0,0.0,0.8560377248974952,0.17646685987008273,0.0,0.0,0.0,0.0,strict_d4,7.842926798137893,9.590968338047894,10,10.0956703788,57247740.6478,57247740.6478,1.00000000,0.99774912,0.99971145,apodized_d1_m10,1
6,27,2,122.47168407993236,8.486009628386078,-0.0009357621318695491,-0.004907497183674198,0.006478605689372043,-0.009762210157033952,-0.0020114592563784,-0.0022664187341061054,0.8873680988593481,0.10830949583318272,0.01896933511581233,0.009582309591062984,-0.011912796256095783,-0.009710067258065499,near_d4,7.566214138572471,9.391408995130702,10,10.0870532288,53777518.0749,53777518.0749,1.00000000,0.99749126,0.99977741,apodized_d1_m10,1
6,27,3,122.20045139099282,8.696976901684625,0.0,0.0,-0.2824036167060084,0.031607104355646495,0.0,0.0,0.9892214382921344,-0.18465206414693053,0.0,0.0,-0.08628590524561493,-0.0036252765475143995,d2,7.658011548708441,10.06983701495679,10,10.1132625983,44951489.3876,44951489.3876,1.00000000,0.99663089,0.99888130,apodized_d1_m10,1
6,27,4,124.12283420524226,8.962151801613356,0.0,0.0,0.0,0.0,0.0,0.0,0.5358015380937808,0.0225998837891877,0.0,0.0,0.0,0.0,strict_d4,8.42588793476993,9.498415668456781,10,9.93689425423,53963406.6767,53963406.6767,1.00000000,0.99939679,0.99989671,apodized_d3_m10,1
6,27,5,122.95652068401505,8.601089699827094,0.0,0.0,0.0,0.0,0.0,0.0,0.6435368600569634,0.16610655148281694,0.0,0.0,0.0,0.0,strict_d4,7.936483823006501,9.265695576647687,10,10.0363569525,55604513.2714,55604513.2714,1.00000000,0.99879745,0.99976304,apodized_d3_m10,1
6,28,1,126.73540022270565,8.980187395830882,0.0,0.0,-0.11863500278185202,-0.03330315769905044,0.0,0.0,0.9858159482121518,-0.1876626378526221,0.0,0.0,-0.00047087668250707273,-0.0007566878641322787,d2,7.931616978487904,10.09915384580504,10,9.7499590467,54856489.2141,54856489.2141,1.00000000,0.99706678,0.99942728,apodized_d1_m10,1
6,28,2,124.16487005249256,8.718491509071574,0.0,0.0,0.050889085798263255,0.0011965362540257327,0.0,0.0,0.4230486430557698,0.5015690843098901,0.0,0.0,0.03620663620729218,-0.015717593237919616,d2,8.042992049347793,9.419225997136445,10,9.93055428706,33497779.0963,33497779.0963,1.00000000,0.99860266,0.99751800,apodized_d3_m10,1
6,28,3,123.23591680046212,8.572127315330969,0.0,0.0,0.0,0.0,0.0,0.0,0.7087587009344034,0.2601295449702213,0.0,0.0,0.0,0.0,strict_d4,7.817142449891147,9.32711218077079,10,10.0166244292,51652803.4117,51652803.4117,1.00000000,0.99831937,0.99939658,apodized_d2_m10,1
6,28,4,122.22697111342579,8.722701264539486,0.0,0.0,0.0,0.0,0.0,0.0,0.9980284853210278,-0.0231105489279557,0.0,0.0,0.0,0.0,strict_d4,7.724474204679784,9.720928324399187,10,10.1112027137,53227838.3445,53227838.3445,1.00000000,0.99695643,0.99965770,apodized_d1_m10,1
6,28,5,124.59962424382438,8.813833984239057,0.00814636137455354,0.01964268564842195,-0.03098654350111735,-0.020089292654106403,0.012111010565796691,-0.02568889055031998,0.6487449716327166,0.05768124271776992,-0.00825271562005291,-0.006745328693781699,0.0047120247739189155,0.004073599342890687,near_d4,8.136020088744322,9.532130802291205,10,9.90358445087,59332588.5462,59332588.5462,1.00000000,0.99893436,0.99995145,apodized_d3_m10,1
6,28,6,122.32989656844583,8.530572666449643,0.028284235949453895,0.0528752600363232,0.017072419568425947,-0.0005288426333922123,8.518472058157157e-05,-0.0062488654440086755,0.6239833360991579,0.13087180588840547,0.0053666113857863025,0.015209284942763919,0.004407360061613787,-0.002242712878694246,near_d4,7.855576497222575,9.22796958840543,10,10.0871141267,56089870.0548,56089870.0548,1.00000000,0.99888725,0.99982344,apodized_d3_m10,1
6,29,1,122.36705801927334,8.827824865422262,0.0,0.0,0.0,0.0,0.0,0.0,0.9144456402686985,-0.13991044428166566,0.0,0.0,0.0,0.0,strict_d4,7.902806776876849,9.752842953967674,10,10.0956049268,57021670.9181,57021670.9181,1.00000000,0.99750673,0.99974349,apodized_d1_m10,1
6,29,2,122.27136933484094,8.409787129814438,0.0,0.0,0.0,0.0,0.0,0.0,0.3970709262562286,-0.04538272356502133,0.0,0.0,0.0,0.0,strict_d4,8.010147613285305,8.80942664634357,10,10.0826754688,48575264.8558,48575264.8558,1.00000000,0.99968144,0.99959039,apodized_d3_m10,1
6,29,3,122.39769706053877,8.814560690419787,0.0,0.0,0.0,0.0,0.0,0.0,0.5840486387493,0.008599870307513215,0.0,0.0,0.0,0.0,strict_d4,8.230512051670487,9.398609329169087,10,10.0791725195,56455390.5642,56455390.5642,1.00000000,0.99920675,0.99997630,apodized_d3_m10,1
6,29,4,126.4830642599713,8.547826084495098,0.0,0.0,-0.3070155941417492,-0.35101647571953754,0.0,0.0,0.25825681345583834,0.34937924467539905,0.0,0.0,-0.053552737737198514,0.04136827403434166,d2,7.822765813460357,9.382708951754456,10,9.74205254415,31389336.8897,31389336.8897,1.00000000,0.99864616,0.99674754,width2_d1_m8,1
6,29,5,122.14253114474596,9.011531500526138,0.0,0.0,0.0,0.0,0.0,0.0,0.9788908817893675,-0.27773251236981034,0.0,0.0,0.0,0.0,strict_d4,7.994007736024708,10.029055265027568,11,10.1164609051,52455884.3279,52455884.3279,1.00000000,0.99698556,0.99919702,apodized_d1_m10,1
6,29,6,129.77474403055422,9.30143481968137,0.898186591357061,0.10941664428395947,1.6901837795588277,-0.004140006180918032,-0.4307465245457225,-0.3139712224145065,0.8980972419998685,-0.310513632923737,-0.056377051770425624,0.10755836844053257,0.07521540357288842,0.12383832373699949,novel,6.93414369895404,12.392680289807537,11,9.51559129223,18861490.0002,18861490.0002,1.00000000,0.98649089,0.97625916,apodized_d2_m10,1
6,30,1,122.24852827085213,8.626882110783908,-0.0037315658583402743,0.0013511073212900137,0.002456790970316319,-0.0031621489258648943,-0.002341268612673435,-0.00030741436459087794,0.25883141109934815,0.009123601011268273,-0.001752841536392896,0.005387756968290357,0.001951732293560278,-0.0009157813391730852,near_d4,8.36274889799681,8.897947721154537,10,10.0788485165,39063119.0646,39063119.0646,1.00000000,0.99993613,0.99934270,width2_d1_m8,1
6,30,2,122.7039995827522,9.152638851236107,0.0,0.0,0.0,0.0,0.0,0.0,0.730044062623459,0.1096337290615662,0.0,0.0,0.0,0.0,strict_d4,8.41444146120241,9.890836241269804,10,10.0591787171,59988360.8947,59988360.8947,1.00000000,0.99867290,0.99987167,apodized_d3_m10,1
6,30,3,124.186687709711,8.70233622571163,0.01627516158394897,0.06062280714016888,0.04926507315681295,-0.012149422848835927,-0.04340893408623217,0.02279173038608207,0.8313693116362431,0.035597442496021786,-0.024265329756390872,0.03126209372912261,0.010446546046991734,-0.03951874505327905,near_d4,7.802067216348344,9.650282629064803,10,9.94449025978,57707910.5226,57707910.5226,1.00000000,0.99795331,0.99985758,apodized_d1_m10,1
6,30,4,122.64518043058001,8.815760619616372,0.04296114581055625,0.025819132112655734,-0.07467035010194127,-0.039136980141750946,0.007805950349792886,0.022717311960731974,0.7549419298937348,-0.04207201771700469,0.02033548077776191,0.05495078283476762,-0.06523886709700245,-0.007779854288765374,near_d4,8.022832501999947,9.769493878650987,10,10.0660349704,54189554.6414,54189554.6414,1.00000000,0.99837137,0.99977041,apodized_d2_m10,1
6,30,5,122.57497710952767,9.009850212111305,0.0,0.0,0.0,0.0,0.0,0.0,0.6431453484403307,0.28271240743406767,0.0,0.0,0.0,0.0,strict_d4,8.307318204884062,9.712382219338547,10,10.0669271815,50756100.2347,50756100.2347,1.00000000,0.99872221,0.99937098,apodized_d3_m10,1
6,31,1,125.48744970129505,8.930566737314368,0.0,0.0,-0.12831746119570064,-0.12873248802804435,0.0,0.0,0.41498054169704424,0.14211642538515318,0.0,0.0,-0.06523559520884624,-0.022853551933530156,d2,8.37431929508684,9.586249080406674,10,9.8244954614,42574081.2748,42574081.2748,1.00000000,0.99947736,0.99911048,apodized_d3_m10,1
6,31,2,122.88471057578114,9.10627495516468,0.07053117300659408,0.03790118509551469,-0.002435128348218168,0.024907921121450204,0.046344447043628126,-0.03129100020622074,0.8934940623457288,-0.03296389446249869,-0.0027937075971608627,-0.07059799942567176,0.04694132479922828,-0.022214718955062943,near_d4,8.126606795611796,10.170063632453429,10,10.0512572494,54135020.4357,54135020.4357,1.00000000,0.99775772,0.99974220,apodized_d1_m10,1
6,31,3,122.15745891943823,9.097217904882982,0.0,0.0,0.0,0.0,0.0,0.0,0.7225091141241277,0.24639831897848138,0.0,0.0,0.0,0.0,strict_d4,8.333929635862821,9.860506173903143,11,10.1042876242,54171434.977,54171434.977,1.00000000,0.99849750,0.99949614,apodized_d3_m10,1
6,31,4,124.51657287523051,9.03485558598025,0.0,0.0,0.0,0.0,0.0,0.0,0.7497512224138408,0.005689437762793248,0.0,0.0,0.0,0.0,strict_d4,8.28510436356641,9.78460680839409,10,9.91368282128,62362134.5672,62362134.5672,1.00000000,0.99858839,0.99997157,apodized_d2_m10,1
6,31,5,129.43289751265266,8.747616924889359,0.0,0.0,0.0,0.0,0.0,0.0,0.7161119879497378,-0.08188143235540357,0.0,0.0,0.0,0.0,strict_d4,8.026868933043378,9.46836491673534,8,9.53647470554,62650149.0346,62650149.0346,1.00000000,0.99861589,0.99990829,apodized_d2_m10,1
6,31,6,129.44504516870316,8.69865928965214,0.0,0.0,0.0,0.0,0.0,0.0,0.5940278775113551,0.13266433388093316,0.0,0.0,0.0,0.0,strict_d4,8.090029880527016,9.307288698777263,8,9.53093978773,58485803.3683,58485803.3683,1.00000000,0.99906854,0.99984522,apodized_d3_m10,1
6,32,1,128.8406713763927,10.259814481510173,-0.08079856105091121,-0.09642623963425256,-0.2205916610670362,0.6147651910222331,-0.09316416998670585,-0.20082374648588186,0.2321187942694285,-0.2483543850854193,-0.09820028245653006,0.1154840539325318,-0.18294609677366713,0.07962052407091452,novel,9.007278848245146,11.291688497815711,8,9.56456162054,17687852.4543,17687852.4543,1.00000000,0.99783224,0.99530345,width2_d1_m8,1
6,32,2,122.80986042612557,8.325837316051102,0.0,0.0,0.013805614844831464,0.41178537603143156,0.0,0.0,0.392205230504621,-0.07288286157482175,0.0,0.0,-0.014509794507316041,-0.022506336927624458,d2,7.490018077959901,8.790578385207324,10,10.0389628476,44949100.8686,44949100.8686,1.00000000,0.99894530,0.99821036,apodized_d3_m10,1
6,32,3,125.96889627356336,8.93305576478224,0.0,0.0,0.0,0.0,0.0,0.0,0.754717108272128,0.06875562365073455,0.0,0.0,0.0,0.0,strict_d4,8.17528615611536,9.69082537344912,10,9.79985693908,62488233.5104,62488233.5104,1.00000000,0.99850893,0.99994545,apodized_d2_m10,1
6,32,4,126.31171871491435,8.709998193084173,0.0,0.0,0.0,0.0,0.0,0.0,0.7987844430536207,0.12649696381034645,0.0,0.0,0.0,0.0,strict_d4,7.901382490605134,9.518613895563213,10,9.77573419366,61738567.3083,61738567.3083,1.00000000,0.99814195,0.99986908,apodized_d1_m10,1
6,32,5,122.70661962874019,9.193844173325367,0.0,0.0,0.09656088721088345,-0.1548784079279245,0.0,0.0,0.6219794852488345,0.37074031771026383,0.0,0.0,0.0015444721764581771,0.023787943024518577,d2,8.279502619763898,9.990813984512716,10,10.0552540298,44670684.8147,44670684.8147,1.00000000,0.99850198,0.99867337,apodized_d3_m10,1
6,32,6,122.01387000448644,9.081566243634322,0.0,0.0,0.0,0.0,0.0,0.0,0.8222454991990883,-0.10152107119865292,0.0,0.0,0.0,0.0,strict_d4,8.253193778819488,9.909938708449156,11,10.1200213284,61674982.8124,61674982.8124,1.00000000,0.99820521,0.99991784,apodized_d1_m10,1
6,33,1,123.30702482024991,8.342050819155446,0.022640135181625227,-0.02145946919719597,-0.019181308710010267,-0.0052017666027619515,-0.005712346224697189,-0.010693657248887682,0.5545613942881517,0.035904154397261544,-0.023799098197645578,-0.002906782938055665,-0.007600347944784246,-0.008107601842041711,near_d4,7.723999055090389,8.937816006046152,10,10.0046060793,53904848.3811,53904848.3811,1.00000000,0.99918171,0.99994608,apodized_d3_m10,1
6,33,2,122.94540494391417,8.820111174150483,-0.0072620199198590385,-0.0007281729931567664,0.01580487896816613,0.012221373120200118,-0.031383525230337384,-0.006200270693725273,0.942471909423773,0.10739094208858167,0.021892383952183948,-0.018371344562076418,-0.022733407704337787,0.01771964858188918,near_d4,7.841222812805526,9.789794952099452,10,10.0493741427,56718109.8349,56718109.8349,1.00000000,0.99733644,0.99970765,apodized_d1_m10,1
6,33,3,127.9580516846636,8.763088752741645,0.0,0.0,0.0,0.0,0.0,0.0,0.5207861806483072,-0.10698045149478871,0.0,0.0,0.0,0.0,strict_d4,8.231440513090451,9.294736992392838,10,9.63874307778,54991333.6003,54991333.6003,1.00000000,0.99935847,0.99980397,apodized_d3_m10,1
6,33,4,128.7040677119141,8.89403314127667,0.03896273425922353,0.060538873320361744,-0.014999111822717646,-0.006095960607069751,0.011885988672218552,-0.009732070953220923,0.6314506746887353,0.12403919560065577,0.02110993252772898,0.012819718673252174,-0.005229558454278799,0.030701825658066097,near_d4,8.181215248452677,9.630914128684434,10,9.5868967883,57371723.661,57371723.661,1.00000000,0.99895838,0.99981253,apodized_d3_m10,1
6,33,5,129.25896218093646,8.74022152182282,0.031369697385880996,0.07625042446326244,-0.04861149342919395,-0.015000495128081973,-0.05648202533309075,0.0043987301351084696,0.7125822597936854,-0.14845247725832655,0.027318522535114298,-0.008238115267416274,-0.01942336272163744,-0.015757010578659948,near_d4,7.91849191485527,9.610807704568604,8,9.54928133606,58754798.1054,58754798.1054,1.00000000,0.99851599,0.99967869,apodized_d2_m10,1
6,34,1,123.82257270314975,9.042982613599284,0.008680473174341043,0.0013038671161972398,-0.021809431898029818,0.010218445880405899,0.0033012099173263757,-0.0036996362598800112,0.6512147702483676,0.12983651260308676,-0.008039697461619512,0.004759576386814037,-0.001582271942657316,-0.01675376857894394,near_d4,8.335143485362828,9.746114222019383,10,9.96541253439,56489307.3817,56489307.3817,1.00000000,0.99894190,0.99985512,apodized_d3_m10,1
6,34,2,126.52344906369606,11.61213873959554,0.0,0.0,0.18999643940851974,0.399641506569917,0.0,0.0,0.5552060860811258,-0.28567172614150527,0.0,0.0,0.022929054790908728,0.031331984759228236,d2,10.591388934226211,12.381381597901655,10,9.74719925415,37809263.1354,37809263.1354,1.00000000,0.99905996,0.99827943,apodized_d3_m10,1
6,34,3,123.3786955713411,9.152544567497662,0.0,0.0,0.0,0.0,0.0,0.0,0.8950373528433795,-0.06167271348838737,0.0,0.0,0.0,0.0,strict_d4,8.255385409642209,10.049703725353117,10,10.0107429221,62647108.9715,62647108.9715,1.00000000,0.99787159,0.99994053,apodized_d1_m10,1
6,34,4,122.9521477038627,9.013422989696805,0.0,0.0,0.0,0.0,0.0,0.0,0.7692002939409105,0.11745635967692265,0.0,0.0,0.0,0.0,strict_d4,8.235361734336774,9.791484245056836,10,10.0408269523,61199047.563,61199047.563,1.00000000,0.99843153,0.99987850,apodized_d2_m10,1
6,34,5,125.03867414300962,9.095490720337194,0.0,0.0,0.0,0.0,0.0,0.0,0.8472061260720772,0.02237616740767451,0.0,0.0,0.0,0.0,strict_d4,8.248019772365717,9.942961668308671,10,9.87601914945,63360534.2503,63360534.2503,1.00000000,0.99812397,0.99999263,apodized_d1_m10,1
6,34,6,123.28831654936964,8.865078252126933,-0.01612194704060029,-0.020369787263725094,-0.014802509152635455,0.010297944167470787,-0.018788968985626046,0.008442714258930378,0.5523519254438651,0.05437553887664877,0.029703313737092427,-0.001288443465616773,0.0049544920048621,-0.008542752107660888,near_d4,8.271464143275889,9.467946568370174,10,10.0050577662,53949101.6502,53949101.6502,1.00000000,0.99930365,0.99988992,apodized_d3_m10,1
6,35,1,123.90938171155406,8.570107709895442,0.0,0.0,0.0,0.0,0.0,0.0,0.7191962454771766,0.12186670469160685,0.0,0.0,0.0,0.0,strict_d4,7.840675740224276,9.299539679566609,10,9.96243109506,59321984.8921,59321984.8921,1.00000000,0.99849204,0.99985353,apodized_d2_m10,1
6,35,2,128.4782663346529,8.484992308800345,0.020622573022767064,0.019631800576707745,0.019676769152585847,0.049981817035455026,0.01876723753463577,-0.01580635364530771,0.5966812046546752,0.1695597923670271,-0.006698460658128459,-0.005783015942642347,0.00015154637742751637,-0.020059127322687467,near_d4,7.7901987789319005,9.152771720998917,8,9.60333064398,55792519.5899,55792519.5899,1.00000000,0.99892738,0.99970650,apodized_d3_m10,1
6,35,3,128.98977247810825,9.129805780199112,0.0,0.0,0.0,0.0,0.0,0.0,0.6917638036536717,0.1619783186487304,0.0,0.0,0.0,0.0,strict_d4,8.419404216027978,9.840207344370246,10,9.56743326389,59613927.4438,59613927.4438,1.00000000,0.99877942,0.99979348,apodized_d3_m10,1
6,35,4,129.86590469336377,9.544712837990136,-1.4349506635313545,0.8532350699800979,-0.4149121611044142,0.29483720804921565,-0.10695816903097288,-0.02151963523831446,0.9825346718222758,-0.008425850937657575,-0.06668664826552345,-0.31767468333120663,0.0668593962908936,0.049447424869432155,novel,6.607734107781021,11.850683695921882,10,9.51558395746,21804353.6355,21804353.6355,1.00000000,0.98666442,0.97834825,apodized_d1_m10,1
6,35,5,126.35547274968786,8.219356211304309,0.0,0.0,0.11227174267487947,0.3936270753679012,0.0,0.0,0.45988631178085515,-0.10573844086676891,0.0,0.0,-0.003557554661512077,0.006726562973544695,d2,7.347337635131882,8.798705772097744,8,9.75998447491,51270428.945,51270428.945,1.00000000,0.99871907,0.99836581,apodized_d3_m10,1
6,35,6,123.9550635195626,8.979461248711278,0.025176390647231636,-0.0012950058204297737,0.03035438755431214,-0.023505607178871298,0.009016330501134096,-0.004162050343368465,0.8684160594291387,0.09614414664187498,-0.018086924042899098,0.055799589541684486,-0.03568406618026324,-0.0005835022999495032,near_d4,8.039089780367718,9.920192927782905,10,9.96379655627,57446327.4013,57446327.4013,1.00000000,0.99786523,0.99981208,apodized_d1_m10,1
6,36,1,123.25900730539055,8.759849040415133,0.0,0.0,0.0,0.0,0.0,0.0,0.8969783667837019,0.19851622671828317,0.0,0.0,0.0,0.0,strict_d4,7.841197958683767,9.678500122146499,10,10.0220979441,54913039.9956,54913039.9956,1.00000000,0.99749629,0.99959989,apodized_d1_m10,1
6,36,2,122.11717544266003,8.853392916806273,0.0,0.0,0.0,0.0,0.0,0.0,0.6911773379506804,0.23070347542636951,0.0,0.0,0.0,0.0,strict_d4,8.12475291106463,9.582032922547915,10,10.1068933754,55153983.9893,55153983.9893,1.00000000,0.99857343,0.99954809,apodized_d3_m10,1
6,36,3,126.7730126518651,8.778951031549633,0.0,0.0,0.0,0.0,0.0,0.0,0.630737540683161,-0.04247341068820318,0.0,0.0,0.0,0.0,strict_d4,8.146787140457322,9.411114922641945,10,9.73312247086,60601342.1703,60601342.1703,1.00000000,0.99901324,0.99998455,apodized_d3_m10,1
6,36,4,126.57785033254729,9.712901931955619,0.0,0.0,0.0918197010706021,0.0960737834820815,0.0,0.0,0.09727249398022168,0.0891035456714242,0.0,0.0,0.004259782314979563,0.007846672696287213,d2,9.516757712705301,9.976207249193529,8,9.728891855,29278713.7552,29278713.7552,1.00000000,0.99990709,0.99977356,width2_d1_m8,1
6,36,5,127.93883465199401,9.08398700424008,-0.005028725416237085,0.014769584005579315,0.004008023155432631,0.013600641128725518,-0.010578321263894436,0.009647426254017107,0.9062429461997608,-0.09353813044027866,-0.006207970382351547,0.018778312046221185,0.0034479512368474907,-0.016305033161613653,near_d4,8.13729417420998,10.03068498022966,10,9.6544997254,61261590.0102,61261590.0102,1.00000000,0.99775736,0.99987134,apodized_d1_m10,1
6,37,1,128.05438936167633,8.836838796312115,-0.016534941315888882,-0.0054404716095151524,-0.019818112990341814,-0.04387831243779765,0.009350625828087197,0.023209115047452752,0.7377938588169404,-0.22194643615452786,-0.011141897132081672,-0.006156188966948064,0.004768354617565914,-0.0033763906885588813,near_d4,8.009528777875614,9.65584001555776,10,9.63999881093,57982977.6862,57982977.6862,1.00000000,0.99836399,0.99955868,apodized_d2_m10,1
6,37,2,122.96523779286775,9.010921046740336,0.0,0.0,0.0,0.0,0.0,0.0,0.736290202337599,0.3106934884474518,0.0,0.0,0.0,0.0,strict_d4,8.211856829553396,9.809985263927276,10,10.0387857188,51198514.5357,51198514.5357,1.00000000,0.99826219,0.99920442,apodized_d2_m10,1
6,37,3,123.01681626661123,9.209207992537305,0.04267104373807382,0.008980749687834255,0.00602278869699551,-0.078029628590729,0.018789468791805927,-0.02894949754309541,0.6467217527018634,0.07380751377970926,0.017892753966807166,0.0708715868458625,-0.011442896495386167,-0.007731044711727413,near_d4,8.419276366850845,9.97707195319404,10,10.030235606,52734508.7539,52734508.7539,1.00000000,0.99898049,0.99980425,apodized_d3_m10,1
6,37,4,128.2058674783499,8.614768090457693,0.02159439376135508,-0.037108882161726364,-0.0013759962380514882,0.011151690333954235,0.02589184090195065,-0.009825857343656612,0.5892886944348064,-0.0914016902337213,0.020463832888856955,0.01791142241937524,0.03891681905323187,-0.01589351515005079,near_d4,7.968108541145121,9.316958878538667,8,9.62309566173,56109193.6899,56109193.6899,1.00000000,0.99906728,0.99985116,apodized_d3_m10,1
6,37,5,123.41553801593818,9.212682414095752,0.0,0.0,0.0,0.0,0.0,0.0,0.6998527649555965,-0.17015783219794695,0.0,0.0,0.0,0.0,strict_d4,8.492453361920441,9.932911466271063,10,9.9998671918,57840692.4287,57840692.4287,1.00000000,0.99875870,0.99977189,apodized_d3_m10,1
6,37,6,128.45754260760648,11.116668201079325,0.7453265039655759,-0.7866641913225667,-0.10383186162512992,0.47900474272418436,-0.27338760445071075,0.3310042981700112,0.6332745476854731,0.3270157648281573,-0.013898522008056968,-0.17855974821928572,-0.03926765676602384,-0.11941597610397736,novel,8.944232299878191,13.340677408020673,9,9.60440363525,23229735.1553,23229735.1553,1.00000000,0.99509488,0.99110153,apodized_d3_m10,1
6,38,1,124.91118202548579,8.587339191772168,0.0,0.0,0.1350226078316227,0.03394482446012552,0.0,0.0,0.4615652684622592,0.009292681259276818,0.0,0.0,-0.02257708271647069,0.054376088044265775,d2,8.0948534914202,9.174004230146002,10,9.87192358139,48051681.6847,48051681.6847,1.00000000,0.99944386,0.99956864,apodized_d3_m10,1
6,38,2,122.99579945542627,8.597480540399218,0.0,0.0,0.0,0.0,0.0,0.0,0.8144188454035015,0.034519175061995616,0.0,0.0,0.0,0.0,strict_d4,7.782353115115226,9.41260796568321,10,10.0403719808,58571241.1022,58571241.1022,1.00000000,0.99805356,0.99998230,apodized_d1_m10,1
6,38,3,123.90613259031473,8.833524713302836,0.0,0.0,0.0,0.0,0.0,0.0,0.9602338210231562,-0.011464979408340039,0.0,0.0,0.0,0.0,strict_d4,7.87329089227968,9.793758534325992,10,9.97202523256,57445834.6294,57445834.6294,1.00000000,0.99730158,0.99980742,apodized_d1_m10,1
6,38,4,122.05334086239151,8.464893558016431,0.0,0.0,0.0,0.0,0.0,0.0,0.7530024553453405,-0.15051985147740085,0.0,0.0,0.0,0.0,strict_d4,7.697051176151417,9.232735939881445,10,10.1158082751,55323603.5332,55323603.5332,1.00000000,0.99823489,0.99980071,apodized_d2_m10,1
6,38,5,122.51181744582843,8.432949938556428,0.0,0.0,0.0,0.0,0.0,0.0,0.7109185391978531,-0.06385936908270443,0.0,0.0,0.0,0.0,strict_d4,7.719250763785478,9.146649113327378,10,10.0760736093,57528701.6993,57528701.6993,1.00000000,0.99852133,0.99994573,apodized_d2_m10,1
6,38,6,123.12536679008855,8.695514805817535,-0.001729372897478513,-0.005878464613684785,-0.015747439543032076,0.0031831738960851597,0.01749388827770184,0.005982849803624102,0.7886388471572128,-0.046356761621239556,-0.011661598155322486,-0.018698497464213232,-0.0006054351119911379,0.003547479375357331,near_d4,7.885555317091202,9.535043744295036,10,10.0284243177,59335075.3731,59335075.3731,1.00000000,0.99823567,0.99997090,apodized_d1_m10,1
6,39,1,122.81946536522165,8.503888682335868,0.0,0.0,0.0,0.0,0.0,0.0,0.8119931427887008,-0.0024052647351790607,0.0,0.0,0.0,0.0,strict_d4,7.691895539547167,9.315881825124569,10,10.0550608808,58133758.0443,58133758.0443,1.00000000,0.99802366,0.99998911,apodized_d1_m10,1
6,39,2,125.21184686253615,8.925513829914026,0.0,0.0,0.26357176563083035,-0.038474003245238655,0.0,0.0,0.42442624719208827,-0.38615226118860047,0.0,0.0,-0.036406833042334184,-0.015319081215494298,d2,8.239905072929202,9.757043207240347,10,9.84684172399,37759666.6993,37759666.6993,1.00000000,0.99887028,0.99796090,apodized_d3_m10,1
6,39,3,129.43454489141635,10.747799620170742,0.0,0.0,0.1983682563448258,0.046175449176441716,0.0,0.0,0.7431567503625439,0.08225466440243116,0.0,0.0,0.03721542593081436,0.002924229796376328,d2,9.960491038772117,11.733287895734074,8,9.53330259478,57528240.6507,57528240.6507,1.00000000,0.99900536,0.99975960,apodized_d3_m10,1
6,39,4,127.56374255703408,8.623546104998203,-0.0013509888962179406,0.012538909403535201,0.07376519301805913,0.005901150284136147,-0.036425689840902206,0.03287704294263907,0.8704512600106871,0.013312026695536635,-0.0252836364749689,-6.899261907459133e-05,0.012917123962106881,-0.01756939635899837,near_d4,7.7017228889132445,9.644463177841462,8,9.682987818,58169570.5968,58169570.5968,1.00000000,0.99772053,0.99987610,apodized_d1_m10,1
6,39,5,124.290890600854,8.65500890390935,0.0,0.0,0.0,0.0,0.0,0.0,0.548813074193775,-0.010315477450144581,0.0,0.0,0.0,0.0,strict_d4,8.106170146840684,9.203847660978015,10,9.92449407654,56430388.4994,56430388.4994,1.00000000,0.99929250,0.99994971,apodized_d3_m10,1
6,40,1,124.43479676919777,9.058506568250305,0.0,0.0,0.0,0.0,0.0,0.0,0.8030881946316389,0.14604636062624338,0.0,0.0,0.0,0.0,strict_d4,8.242258403446854,9.874754733053756,10,9.92238551769,60103830.7942,60103830.7942,1.00000000,0.99825559,0.99983146,apodized_d2_m10,1
6,40,2,127.46152325514699,8.652371736357441,0.004571749237304768,-0.010030999767898747,0.007080354690468949,-0.004254129670297901,-0.012542946392462338,0.001232406154301199,0.7889769157977334,-0.06907253741394818,0.015822721372846977,-0.007350334940559928,-0.010257835756436056,-0.007160618276359721,near_d4,7.8517433770575975,9.463541656057249,10,9.68724635565,61317835.8068,61317835.8068,1.00000000,0.99821065,0.99995070,apodized_d1_m10,1
6,40,3,123.9578385597274,9.03367492855655,0.007601215811169627,0.003464716067669183,0.004507660944284403,-0.01710436031342786,-0.005728517553142593,-0.00581189843243697,0.6060580017173743,0.0692806440444223,0.00816694155515765,0.037767087241407954,-0.027609750013793236,0.010994822643087558,near_d4,8.362051507959873,9.711237855501825,10,9.952797701,54486065.251,54486065.251,1.00000000,0.99913906,0.99989909,apodized_d3_m10,1
6,40,4,123.93785042871652,8.902955166596415,0.0,0.0,0.0,0.0,0.0,0.0,0.8160446343184659,0.019523346667749995,0.0,0.0,0.0,0.0,strict_d4,8.086726289647736,9.719184043545095,10,9.96310268552,62604285.2585,62604285.2585,1.00000000,0.99819889,0.99999595,apodized_d1_m10,1
6,40,5,127.86698857467624,9.081249481737457,0.0,0.0,0.0,0.0,0.0,0.0,0.7054145510049299,-0.07341191202561241,0.0,0.0,0.0,0.0,strict_d4,8.372025631102096,9.790473332372818,10,9.65204807017,61727748.9156,61727748.9156,1.00000000,0.99878467,0.99993952,apodized_d3_m10,1
6,40,6,123.3046525736248,9.101989117810877,0.0,0.0,0.0,0.0,0.0,0.0,0.6609581590125815,-0.20263389875778381,0.0,0.0,0.0,0.0,strict_d4,8.410763235330906,9.793215000290848,10,10.0076431662,54992444.659,54992444.659,1.00000000,0.99883415,0.99968294,apodized_d3_m10,1
6,41,1,129.86063347242253,9.546469850405247,0.0,0.0,0.02854185983593411,-0.16646332629404834,0.0,0.0,0.5374731119787152,0.039618876606150745,0.0,0.0,-0.016670677960811203,-0.02281322624386235,d2,8.859513372071383,10.101719409832368,10,9.49697052025,53821453.5564,53821453.5564,1.00000000,0.99939023,0.99963943,apodized_d3_m10,1
6,41,2,127.00992000874896,8.773865236371412,0.0037448951417236144,-0.02010030702353916,0.008723172828917118,0.00419478515832273,-0.016664774610179504,0.010765397096460346,0.8427708988516511,0.07396593946316801,0.013080907623068901,0.003047414528407442,-0.018141272305267953,0.0064918176552797285,near_d4,7.91945352702839,9.658639737827468,10,9.72357737334,59680887.9889,59680887.9889,1.00000000,0.99796578,0.99992474,apodized_d1_m10,1
6,41,3,123.86963681047588,8.745035769949236,0.0,0.0,0.0,0.0,0.0,0.0,0.863077361829531,0.14293310101281462,0.0,0.0,0.0,0.0,strict_d4,7.870250420051033,9.61982111984744,10,9.9711634708,57932367.5532,57932367.5532,1.00000000,0.99777228,0.99979838,apodized_d1_m10,1
6,41,4,125.95246526993745,8.934088348335242,0.0,0.0,0.0,0.0,0.0,0.0,0.8036599976402234,0.13207994938116177,0.0,0.0,0.0,0.0,strict_d4,8.119702309356997,9.748474387313488,10,9.80320142405,61032383.3627,61032383.3627,1.00000000,0.99821485,0.99986131,apodized_d1_m10,1
6,41,5,124.77711252687335,8.581004370911996,0.004158708725854468,0.004110123706824437,-0.03283536084422204,0.004968621392845209,-0.015433269710503223,0.028023497153539377,0.7278478452897326,-0.08824340344102288,0.026261154682121556,-0.0006763168215213541,-0.02182748041204163,-0.01654561427178777,near_d4,7.801469399565493,9.38833100926281,10,9.8934378185,58817540.4362,58817540.4362,1.00000000,0.99846490,0.99987923,apodized_d2_m10,1
6,41,6,128.0333490358858,8.826989209958995,0.0,0.0,0.0,0.0,0.0,0.0,0.6323684788351712,-0.08638860402098379,0.0,0.0,0.0,0.0,strict_d4,8.188751927780634,9.465226492137356,10,9.63728364365,60317092.9705,60317092.9705,1.00000000,0.99899795,0.99993904,apodized_d3_m10,1
6,42,1,123.18443474769991,9.80231291905558,0.0,0.0,-0.11210995352812618,-0.06076935150624023,0.0,0.0,0.6797535400886742,-0.04500857167049833,0.0,0.0,0.013715433458486281,-0.04142555588249634,d2,9.091060427529943,10.582123304210423,9,10.0167524426,56800446.2883,56800446.2883,1.00000000,0.99902811,0.99983120,apodized_d3_m10,1
6,42,2,129.08141688722904,8.371614553968865,0.0,0.0,0.1957862640372357,-0.21427689790656157,0.0,0.0,0.399331117445489,-0.051412769128534506,0.0,0.0,-0.11512466404764146,-0.06581906830226009,d2,7.758752249176647,8.970133772841132,8,9.55124750338,36165592.0815,36165592.0815,1.00000000,0.99916101,0.99861309,apodized_d3_m10,1
6,42,3,126.04831559449836,8.9245938017192,0.0,0.0,0.0,0.0,0.0,0.0,0.692025919741207,0.007793907351240957,0.0,0.0,0.0,0.0,strict_d4,8.232567881977992,9.616619721460406,10,9.79121721111,61447980.9328,61447980.9328,1.00000000,0.99881047,0.99998168,apodized_d3_m10,1
6,42,4,123.276269257557,8.845040040569764,-0.01778845327702449,-0.022895075525622283,-0.014942031726085488,0.006185709719413027,0.025443037077740854,0.05468783818627156,0.6601126750239183,0.19750915794754634,-0.004581415979692288,0.012762507758075392,-0.0010208967963400847,0.003579782142445539,near_d4,8.1017866665787,9.604425749893055,10,10.0105336024,54749782.091,54749782.091,1.00000000,0.99874227,0.99964043,apodized_d3_m10,1
6,42,5,129.55680653596028,10.875006514542836,-0.9103352268668568,-0.0017882247225933234,-0.049491118771172626,0.2918139458794127,-0.24977893086910763,0.31239090529970737,0.7060185109913935,-0.4905325759590833,0.028397726791527855,0.0656106196569809,0.13011423744298395,0.07763425771565408,novel,9.238413523121578,12.918314889028768,8,9.52475923122,24001243.1763,24001243.1763,1.00000000,0.99592519,0.99323272,apodized_d3_m10,1
6,43,1,123.82328193199453,9.045194081934001,0.0413934851342614,-0.01987529749371118,-0.008822756797899713,0.015644482731383205,-0.0005543715225387351,-0.006168130727491009,0.6946456044342602,0.132542094153069,0.008267243226234849,0.002876533641617778,0.018753075823246187,0.009840948540154413,near_d4,8.281417230156801,9.813468343415499,10,9.96713187622,57813494.9378,57813494.9378,1.00000000,0.99875452,0.99982075,apodized_d3_m10,1
6,43,2,124.71447989381967,8.882341936842113,0.0,0.0,-0.4646050346707935,0.09372024096732784,0.0,0.0,0.48265715701085754,-0.060364062096196054,0.0,0.0,0.09593862897943137,0.010272287352642025,d2,8.222399937824507,9.752757320202656,10,9.88811034757,37911690.1832,37911690.1832,1.00000000,0.99868914,0.99804736,apodized_d3_m10,1
6,43,3,128.52487618430578,8.940369372032063,0.0,0.0,0.0,0.0,0.0,0.0,0.6964666005891244,-0.051011853574346254,0.0,0.0,0.0,0.0,strict_d4,8.242040922053187,9.638697822010938,10,9.60259309041,62245877.1013,62245877.1013,1.00000000,0.99878773,0.99995862,apodized_d3_m10,1
6,43,4,124.77290121461134,8.884569981063683,0.0,0.0,0.0,0.0,0.0,0.0,0.5423043713801898,-0.14050092973105935,0.0,0.0,0.0,0.0,strict_d4,8.32438411591864,9.444755846208725,10,9.88556050216,53083733.8933,53083733.8933,1.00000000,0.99928406,0.99976261,apodized_d3_m10,1
6,43,5,127.1258634568903,10.449490842239834,0.0,0.0,-0.3214188667704585,-0.060410507611608745,0.0,0.0,0.5976071536088926,-0.18918707322285633,0.0,0.0,-0.008732730032069876,-0.008185049105367187,d2,9.707738555188701,11.392492533588873,8,9.70233510072,49974411.3397,49974411.3397,1.00000000,0.99914181,0.99913966,apodized_d3_m10,1
6,43,6,125.5138304221048,8.867888645301086,0.011404544212489483,-0.003808798491932266,0.004981560042676975,-0.0005342076194935727,-0.006536389467576995,0.02243401925578476,0.8405358504373505,0.038129094170091325,-0.02951621995216884,0.016007757972642648,0.014442514345494322,0.013528459199967575,near_d4,7.977298499181985,9.752711276109622,10,9.83910801285,61143215.3233,61143215.3233,1.00000000,0.99803286,0.99995136,apodized_d1_m10,1
6,44,1,123.52372753118159,8.404429340535687,0.026908499515397356,-0.05198749836902013,0.016115746618403166,-0.05092341344306042,0.010153698588391295,-0.02490841819021375,0.769902099631962,0.13266947136776874,-0.03390328394012654,0.00328700569902793,0.0015545971618586044,0.004396613871266181,near_d4,7.538358635797769,9.200885761044702,10,9.99625944583,54768020.1674,54768020.1674,1.00000000,0.99809719,0.99976963,apodized_d1_m10,1
6,44,2,124.17357000011098,8.697787042491491,0.0,0.0,0.0,0.0,0.0,0.0,0.7500483988747814,0.17769864242799374,0.0,0.0,0.0,0.0,strict_d4,7.927029094141469,9.468544990841513,10,9.9421592317,59321493.3053,59321493.3053,1.00000000,0.99832306,0.99973113,apodized_d2_m10,1
6,44,3,122.24651963806544,8.688246668590766,0.0,0.0,0.0,0.0,0.0,0.0,0.7167603336314363,-0.0744888447118566,0.0,0.0,0.0,0.0,strict_d4,7.967626618594521,9.408866718587012,10,10.0974401815,61428662.7424,61428662.7424,1.00000000,0.99858824,0.99992123,apodized_d2_m10,1
6,44,4,125.06292465298921,8.569425353115673,0.0,0.0,0.0,0.0,0.0,0.0,0.7297784165539745,-0.06350045596711308,0.0,0.0,0.0,0.0,strict_d4,7.836995072216478,9.301855634014867,10,9.87087827866,61118325.4407,61118325.4407,1.00000000,0.99848612,0.99995294,apodized_d2_m10,1
6,44,5,122.68474279365842,11.130360727203291,0.0,0.0,0.1986725354326219,-0.16018013102006823,0.0,0.0,0.5390109124110666,0.049069635538096734,0.0,0.0,-0.006737726593549892,-0.017456442605782385,d2,10.42564039054386,11.864149165060246,10,10.0515519687,45000649.7376,45000649.7376,1.00000000,0.99954803,0.99927745,apodized_d3_m10,1
6,44,6,123.10474189566484,8.715222396376296,0.0,0.0,0.0,0.0,0.0,0.0,0.7845690720798236,0.2331995438889682,0.0,0.0,0.0,0.0,strict_d4,7.896767693912806,9.533677098839785,10,10.0300328763,52860894.2623,52860894.2623,1.00000000,0.99805596,0.99954979,apodized_d1_m10,1
6,45,1,123.84812478694063,8.885527795038655,0.0,0.0,0.0,0.0,0.0,0.0,0.6481733510975126,-0.0220119518508782,0.0,0.0,0.0,0.0,strict_d4,8.236981087592538,9.534074502484772,10,9.96354069526,59503086.2676,59503086.2676,1.00000000,0.99897931,0.99999575,apodized_d3_m10,1
6,45,2,124.79897530815546,8.602150059093034,0.0,0.0,0.0,0.0,0.0,0.0,0.7420020398704237,0.23573286641683813,0.0,0.0,0.0,0.0,strict_d4,7.823618722114449,9.380681396071619,10,9.89239131656,55305493.8947,55305493.8947,1.00000000,0.99822189,0.99952669,apodized_d2_m10,1
6,45,3,123.12603717856305,9.022152648265852,0.0005982776896588284,-0.0069828516310898306,0.010060214272410894,0.0015855564210173118,0.002356447837985628,-0.030352772372089058,0.8547090233488069,-0.014537590204683018,0.012209353449066904,0.0032525144898421644,-0.007965228063088881,-0.004357192861819996,near_d4,8.134680050245722,9.9016289295166,10,10.0300729238,61914993.7453,61914993.7453,1.00000000,0.99803641,0.99997257,apodized_d1_m10,1
6,45,4,124.7279665958643,8.782203443877831,-0.3479049622494843,-0.9034303763675411,-0.06935286052823497,0.3812079781966278,0.020987070933487395,-0.12901152809066907,0.36663977160870775,0.2888907808095267,0.11397849815961292,0.06097621761396954,-0.09795605432204718,0.1487533218824531,novel,7.452425839788118,10.241416635154044,10,9.88521601292,23238566.9276,23238566.9276,1.00000000,0.99564528,0.99134126,apodized_d3_m10,1
6,45,5,124.55264010094628,8.95414993399222,-0.03926193686851312,-0.10010155042771628,0.03341572645162866,0.044442008727272116,0.004136480659198678,0.007148226763682456,0.8461780939431162,-0.17387184996949487,-0.022667837740012235,0.013484321887222582,-0.06728363078761392,0.024092635336382607,near_d4,7.9724758382172904,9.965364984021907,10,9.91529761573,51072983.7872,51072983.7872,1.00000000,0.99781765,0.99950457,apodized_d1_m10,1
6,46,1,122.01312936322843,8.74538025984578,0.0,0.0,0.0,0.0,0.0,0.0,0.7624846806954182,-0.055904326832683066,0.0,0.0,0.0,0.0,strict_d4,7.980853264803303,9.509907254888258,10,10.1185784502,62071265.2523,62071265.2523,1.00000000,0.99839440,0.99996772,apodized_d2_m10,1
6,46,2,123.72249092919884,8.771503302197981,0.0,0.0,-0.46048873748999164,0.3441138555371485,0.0,0.0,0.32633948540161917,0.019423217738481362,0.0,0.0,0.018904962562235193,-0.009108280073200572,d2,8.00585371268338,9.563840281692018,10,9.96132775221,40260169.4376,40260169.4376,1.00000000,0.99874867,0.99698421,apodized_d3_m10,1
6,46,3,123.46953072212182,9.067420790947825,0.0,0.0,0.0,0.0,0.0,0.0,0.8113964582559035,-0.053161100191098404,0.0,0.0,0.0,0.0,strict_d4,8.2542925227939,9.88054905910175,10,10.0002018542,61931407.1335,61931407.1335,1.00000000,0.99828697,0.99997505,apodized_d1_m10,1
6,46,4,129.57306721755475,8.694938308190602,0.0,0.0,0.0,0.0,0.0,0.0,0.6860734743947481,-0.0012143065413059747,0.0,0.0,0.0,0.0,strict_d4,8.008864833795855,9.38101178258535,8,9.52508841897,63149324.144,63149324.144,1.00000000,0.99876132,0.99997092,apodized_d3_m10,1
6,46,5,124.86310100711378,9.052308730991827,0.0117742337255342,-0.013760565437422868,-0.07071261431647091,-0.020005807377603487,-0.01204117658011523,-0.009293203930334146,0.9720031453392114,0.0051928414615305665,0.053611045671457275,-0.05303589678609384,0.00531271802944278,-0.023258017072441194,near_d4,8.033696737061444,10.154907775410383,10,9.8952917806,57590127.8579,57590127.8579,1.00000000,0.99731778,0.99972373,apodized_d1_m10,1
6,46,6,122.47593034456966,8.427908568507515,0.0,0.0,0.0,0.0,0.0,0.0,0.6443504087649967,-0.0066246649169898406,0.0,0.0,0.0,0.0,strict_d4,7.783558159742519,9.072258977272512,10,10.0761433104,58499503.017,58499503.017,1.00000000,0.99885363,0.99998884,apodized_d3_m10,1
6,47,1,124.4797088945222,9.025128541325525,0.0,0.0,0.0,0.0,0.0,0.0,0.764692336801221,0.027208262189447652,0.0,0.0,0.0,0.0,strict_d4,8.259952479778027,9.790304602873023,10,9.91725901251,62400034.1054,62400034.1054,1.00000000,0.99851103,0.99997794,apodized_d2_m10,1
6,47,2,123.14193224424717,8.820858793254876,-0.009681435846994105,-0.038678374522983124,0.028465317927649603,0.03896921463929084,-0.06609649269656848,0.021021166785934905,0.8841418885837082,0.23173268933416638,0.02257199965223532,0.06110221272437458,0.0027586879836267388,0.01466870721025088,near_d4,7.828135685480722,9.809468761530011,10,10.0309836907,51904496.9616,51904496.9616,1.00000000,0.99749163,0.99939232,apodized_d1_m10,1
6,47,3,124.81114590359297,8.896635315224772,-0.003964530721081544,0.019701773673657788,-0.04385423942084358,0.013015491088426905,0.023839108861992434,-0.022296465364603668,0.5623934103115479,-0.017216970374070245,-0.027938153282748013,-0.03330140694341438,-0.012105750440964763,0.025952311072347356,near_d4,8.299453924784988,9.523685547492978,10,9.88327642291,53778119.8449,53778119.8449,1.00000000,0.99926699,0.99988093,apodized_d3_m10,1
6,47,4,124.11771010180098,8.613718068483795,0.0,0.0,0.0,0.0,0.0,0.0,0.7494216851809784,0.17793088333384283,0.0,0.0,0.0,0.0,strict_d4,7.843512033592289,9.3839241033753,10,9.94687137827,57313174.2619,57313174.2619,1.00000000,0.99828820,0.99972916,apodized_d2_m10,1
6,47,5,122.19205328410371,8.785764111811275,0.0,0.0,-0.08921217385856883,-0.12246191170393098,0.0,0.0,0.256300161706991,-0.32243891403373204,0.0,0.0,0.003259671725016479,-0.01599961448404701,d2,8.223549477014364,9.21582283768888,10,10.08390981,33433454.2293,33433454.2293,1.00000000,0.99942793,0.99834772,width2_d1_m8,1
6,47,6,125.34042762713152,8.313828819118,0.0,0.0,-0.34922557724623043,0.30425269881390377,0.0,0.0,0.4061555275059991,0.24805311814051834,0.0,0.0,-0.04327524376512276,-0.018732173562370783,d2,7.465775242388607,9.12513719556936,10,9.83646130972,42567455.5136,42567455.5136,1.00000000,0.99852247,0.99738815,apodized_d3_m10,1
6,48,1,128.8350742809036,8.723478400740515,0.0,0.0,0.0,0.0,0.0,0.0,0.6109686288706387,-0.05983072238889286,0.0,0.0,0.0,0.0,strict_d4,8.109602708478027,9.337354093003002,8,9.57664335813,60433615.1275,60433615.1275,1.00000000,0.99906794,0.99996617,apodized_d3_m10,1
6,48,2,122.57262693961704,8.595287250494549,-0.001836713737652385,-0.010308112161220514,0.013757907921863986,0.004590586706413001,0.05650572961785922,0.048223488088351946,0.5771990593480913,0.11992358579030447,-0.022016767411238963,0.02888821629622299,-0.021907467191237387,0.02054991793876974,near_d4,7.931207434194064,9.241450021553907,10,10.0650542184,53723533.6514,53723533.6514,1.00000000,0.99907340,0.99977434,apodized_d3_m10,1
6,48,3,125.53228477719918,8.819732684878039,0.0,0.0,0.0,0.0,0.0,0.0,0.8583773329853538,0.052947041174691664,0.0,0.0,0.0,0.0,strict_d4,7.959752917046412,9.679712452709666,10,9.83857515059,62196409.0712,62196409.0712,1.00000000,0.99791645,0.99995472,apodized_d1_m10,1
6,48,4,126.11652331474596,10.620732165687503,-1.1959082853133283,-0.29851999915863825,0.25094152949480564,0.5544954938263083,0.18564878558999354,0.17152239877112097,0.3397634137756218,-0.24398288552512426,0.19961227217889,0.42632880269686313,0.031983140635433505,-0.06577045194127562,novel,8.762513412925799,12.508736137058387,9,9.77808364988,17484493.3676,17484493.3676,1.00000000,0.99441986,0.98823352,apodized_d3_m10,1
6,48,5,124.45514206188808,8.795671342808566,0.01649800042048013,0.001960347439484988,0.018229384229569254,0.026302083064062273,-0.009857332251931217,-0.02409029209068497,0.7834542754904656,-0.07340167478445064,-0.007465523724431229,-0.032574610658255405,0.010058153659346576,0.022317990215412885,near_d4,7.98397172085857,9.61113158609039,10,9.92072951069,60710637.7581,60710637.7581,1.00000000,0.99828290,0.99991367,apodized_d2_m10,1
6,49,1,128.0140717031668,8.915236778257464,1.1043494244221215,1.0402708984326772,-0.6421341228813955,0.46437165731193386,-0.14568982444402312,-0.07446294693428301,0.6196113944880621,-0.6444223089918912,0.2110406593010562,-0.17882889899033716,0.047616349103007605,0.013140063210701824,novel,6.942914909694463,12.245391455331482,10,9.64059448862,27137691.5931,27137691.5931,1.00000000,0.98963756,0.98115561,apodized_d3_m10,1
6,49,2,128.19315770243736,8.846221827244104,0.0,0.0,0.0,0.0,0.0,0.0,0.5361965427942824,0.13272572164682492,0.0,0.0,0.0,0.0,strict_d4,8.293843355151214,9.398600299336994,10,9.62154365955,54499366.1894,54499366.1894,1.00000000,0.99930266,0.99977415,apodized_d3_m10,1
6,49,3,129.80011415637387,8.954271854549125,0.0,0.0,0.0,0.0,0.0,0.0,0.873221040900247,0.07243179474357885,0.0,0.0,0.0,0.0,strict_d4,8.078125349628305,9.830418359469945,8,9.51511771627,63193051.1201,63193051.1201,1.00000000,0.99790348,0.99993541,apodized_d1_m10,1
6,49,4,124.64955367150512,9.002340380693177,0.014210569155782468,-0.01252311770743002,0.0024118413143138667,0.014055493160019715,0.02660412478949209,-0.00034950563282333644,0.9034870868412521,0.1440929547306792,0.02471219824494751,0.020237251015956664,-0.010197740074104756,-0.014478980834727245,near_d4,8.055470512847943,9.975641191105112,10,9.90957137293,59024680.1905,59024680.1905,1.00000000,0.99766463,0.99975397,apodized_d1_m10,1
6,49,5,122.82665346704482,8.95997594838756,0.0,0.0,0.0,0.0,0.0,0.0,0.5359401455491015,0.16631633169170146,0.0,0.0,0.0,0.0,strict_d4,8.398872007684078,9.521079889091043,10,10.0419128024,51010207.5548,51010207.5548,1.00000000,0.99928913,0.99968149,apodized_d3_m10,1
6,49,6,123.2819408416263,9.181765646577603,0.014440225956966495,-0.0024652500488243907,-0.008365003004836101,0.014706551085640073,0.0018075010154851134,0.0017320769120603514,0.6901765492361356,-0.18824303835055112,0.02003876615908788,-0.0034597010148654356,-0.005367812559850733,-0.02037242870832675,near_d4,8.428652145377356,9.926143330239178,10,10.0104823095,55526462.9869,55526462.9869,1.00000000,0.99875268,0.99970250,apodized_d3_m10,1
6,50,1,125.48849567649492,8.67056356456661,0.0,0.0,0.0,0.0,0.0,0.0,0.8124519073782835,-0.08166180758819475,0.0,0.0,0.0,0.0,strict_d4,7.854026370490337,9.487100758642883,10,9.84061298227,61807113.0951,61807113.0951,1.00000000,0.99808419,0.99994155,apodized_d1_m10,1
6,50,2,127.91283252437866,9.15652101219793,0.0012331562393898138,-0.0025575268606863252,0.030204726136667286,-0.007431098236155,-0.05628922979491548,-0.03029683999039259,0.8621231861522065,-0.21665625038117403,-0.0219241264119034,0.00926827140715832,-0.0012543663468876538,-0.000994839974329867,near_d4,8.1852822402855,10.147847891782094,10,9.65462686459,58516794.2489,58516794.2489,1.00000000,0.99788246,0.99959664,apodized_d1_m10,1
6,50,3,124.092900107708,10.169588107873913,0.0,0.0,0.3679458766296026,-0.36000010685425976,0.0,0.0,0.389500407796412,0.16864598103125375,0.0,0.0,0.05604640335006549,0.00432724950852804,d2,9.341185432184103,10.983080795649993,9,9.93341564882,38635433.4862,38635433.4862,1.00000000,0.99904741,0.99758702,apodized_d3_m10,1
6,50,4,122.11357123191985,8.90248944556291,0.0,0.0,0.0,0.0,0.0,0.0,0.6896488709694006,0.2609149625672375,0.0,0.0,0.0,0.0,strict_d4,8.165193317686573,9.639785573439248,10,10.1070223056,52762739.5348,52762739.5348,1.00000000,0.99853882,0.99943675,apodized_d3_m10,1
6,50,5,122.3615319798744,8.749562380537409,0.0,0.0,0.0,0.0,0.0,0.0,0.7403787781129053,0.05905814224811691,0.0,0.0,0.0,0.0,strict_d4,8.006867440167573,9.492257320907244,10,10.0887621634,62262361.1764,62262361.1764,1.00000000,0.99850621,0.99995402,apodized_d2_m10,1
6,50,6,127.6910986552468,8.60883610332454,0.006545240366430698,-0.05351869386745041,0.0769945614248442,0.03521213138272774,0.0036257130114378806,0.0033376748418202855,0.6651707989086884,0.07426439135894548,-0.012296401713383347,0.01149783628126174,0.026473172225911966,-0.027413300830345804,near_d4,7.8237453144801075,9.381048094687369,8,9.66495216809,59335497.9431,59335497.9431,1.00000000,0.99875104,0.99983558,apodized_d3_m10,1
6,51,1,126.69658823955942,10.493171567281049,0.0,0.0,0.14412624747600183,-0.017019635614347002,0.0,0.0,0.5534272628545626,0.2626409430396007,0.0,0.0,0.03905037383706271,-0.03277820862359731,d2,9.877104760215126,11.26027518589266,8,9.7341041173,44126006.7805,44126006.7805,1.00000000,0.99929214,0.99913023,apodized_d3_m10,1
6,51,2,125.65540805474316,8.809811083872114,0.005633017385289663,0.000652748695130972,0.005505106361990944,-0.05074819657444828,0.014714902078402491,-0.006654411549489846,0.7264793371104448,0.07200434788604396,0.02790937815847983,-0.002366656031776842,0.005357027971834925,0.03354542558281587,near_d4,7.969235296845005,9.600374851029917,10,9.82361609823,59399815.3719,59399815.3719,1.00000000,0.99855829,0.99985848,apodized_d2_m10,1
6,51,3,124.5536738678102,8.511793301664131,0.0,0.0,0.0,0.0,0.0,0.0,0.4093083603389388,0.060470392469173975,0.0,0.0,0.0,0.0,strict_d4,8.098052450115304,8.925534153212958,10,9.89817073212,49342327.7022,49342327.7022,1.00000000,0.99965667,0.99960510,apodized_d3_m10,1
6,51,4,128.20479590376505,8.978218901541698,0.0,0.0,0.012524772320311815,0.029985377854232817,0.0,0.0,0.32988357908362226,0.2067593144044157,0.0,0.0,-0.03855659275605712,-0.01482527608491599,d2,8.576424050676744,9.385722757936344,10,9.6130335041,39620764.7266,39620764.7266,1.00000000,0.99967194,0.99882813,apodized_d3_m10,1
6,51,5,126.86706219206987,8.938945958870189,0.0,0.0,0.0,0.0,0.0,0.0,0.7765694044229783,0.11521703066772646,0.0,0.0,0.0,0.0,strict_d4,8.153898963067016,9.723992954673362,10,9.73135441081,61674777.3937,61674777.3937,1.00000000,0.99837231,0.99988985,apodized_d2_m10,1
6,52,1,122.67327993764498,9.101005928333716,0.0,0.0,0.0,0.0,0.0,0.0,0.8650755630976157,-0.11727157479012948,0.0,0.0,0.0,0.0,strict_d4,8.228028172431502,9.97398368423593,10,10.0673524632,61347086.5949,61347086.5949,1.00000000,0.99797274,0.99988198,apodized_d1_m10,1
6,52,2,123.5416269971711,9.070653389214016,0.0,0.0,0.0,0.0,0.0,0.0,0.7289216251857402,-0.009963368968920912,0.0,0.0,0.0,0.0,strict_d4,8.341731764028275,9.799575014399757,10,9.99102475843,61167024.9229,61167024.9229,1.00000000,0.99869580,0.99995748,apodized_d3_m10,1
6,52,3,122.69842898015331,8.801303484218764,0.0,0.0,0.0,0.0,0.0,0.0,0.7766107066473295,-0.22021153533807444,0.0,0.0,0.0,0.0,strict_d4,7.9940788339421065,9.60852813449542,10,10.0626899124,56837468.5966,56837468.5966,1.00000000,0.99816236,0.99960146,apodized_d2_m10,1
6,52,4,129.27140224235404,8.968349094920345,-0.3888513027129834,0.7171140678808032,0.8126513071265224,-0.3201967218526973,0.7644848265800923,-0.1532021583149561,0.25691408294556073,0.19636533025602576,0.05487760360392113,-0.5254848293974603,-0.013584591561316195,0.12654074580243063,novel,6.859281951002607,11.007478903610426,8,9.53711406706,13345469.1914,13345469.1914,1.00000000,0.99151696,0.98249896,width2_d1_m8,1
6,52,5,124.50184861604755,9.379024925975282,0.0,0.0,-0.3246804455436999,0.3308461899044641,0.0,0.0,0.5083935990831984,-0.07543004627739752,0.0,0.0,-0.01633457504213406,0.03504268572748184,d2,8.57106105179105,10.294562953611985,10,9.90512956567,49608778.488,49608778.488,1.00000000,0.99891580,0.99852344,apodized_d3_m10,1
6,52,6,126.16321010093128,8.912811336850487,-0.013184807123694993,-0.033344699355965436,0.04014952410818006,-0.02001513915946799,0.0036124541185598154,-0.010845243890557498,0.8194179352355271,0.056660234668486825,0.038627995809625,-0.02881079854006361,-0.0043862442425645016,-0.02409034054735702,near_d4,8.0470647488905,9.797975700717155,10,9.78748951608,60800495.8586,60800495.8586,1.00000000,0.99814846,0.99991271,apodized_d1_m10,1
6,53,1,125.12007774428707,8.573759284924884,0.0,0.0,0.0,0.0,0.0,0.0,0.6852433735426534,0.12629445964018096,0.0,0.0,0.0,0.0,strict_d4,7.876995495193891,9.270523074655877,10,9.86454636793,60520741.1564,60520741.1564,1.00000000,0.99865259,0.99982935,apodized_d3_m10,1
6,53,2,128.606494263991,8.906009800670624,0.010645603960601416,0.00027662598197454244,0.013360085608364401,-0.035675441229917816,-0.03459944860538167,-0.002809690198334828,0.6275772453597568,-0.05570818164220097,-0.007729829122959402,-0.020472064293531905,-0.0054428913828086945,0.002605838483748251,near_d4,8.190007588920121,9.574537834181031,10,9.59397582407,59575382.0441,59575382.0441,1.00000000,0.99904174,0.99994494,apodized_d3_m10,1
6,53,3,123.01240557982162,8.89060599852096,0.0,0.0,0.0,0.0,0.0,0.0,0.6834797634096473,0.13391939665442576,0.0,0.0,0.0,0.0,strict_d4,8.194218499599987,9.58699349744193,10,10.0327725643,58956461.6894,58956461.6894,1.00000000,0.99876332,0.99984292,apodized_d3_m10,1
6,53,4,128.27498518359522,10.837716778148474,0.0,0.0,0.0,0.0,0.0,0.0,0.6998886964251736,0.038263350961067415,0.0,0.0,0.0,0.0,strict_d4,10.13686385897483,11.538569697322117,8,9.61810835081,56637090.7756,56637090.7756,1.00000000,0.99926306,0.99994953,apodized_d3_m10,1
6,53,5,125.4470849510131,8.479750724787976,0.008940466324528067,0.0015412540988173642,-0.017415556685558383,-0.009813844453136985,-0.01221671967015501,0.02424939596183261,0.820340166930001,-0.024954477378018536,-0.0035147443553585683,0.03875415115771787,0.022109370319120445,-0.023988657518693987,near_d4,7.618073262093985,9.321499836870633,10,9.84484848925,54134733.8205,54134733.8205,1.00000000,0.99793822,0.99992350,apodized_d1_m10,1
6,53,6,124.8168394758104,9.075730240988738,0.0005436458894954979,-0.01375295111037921,-0.005510728904960149,0.015745568092587276,-0.012368543588731391,0.0006078162054446153,0.8064415407097054,0.18958949371818795,-0.013139879166054993,0.0025917982805724275,0.008210645322052334,-0.00959328735513289,near_d4,8.190302456249308,9.929295987539033,10,9.89216122885,58944386.5731,58944386.5731,1.00000000,0.99818439,0.99970778,apodized_d2_m10,1
6,54,1,123.93982335693012,8.997711740393541,0.0,0.0,0.0,0.0,0.0,0.0,0.7392070092328381,0.26747897463489,0.0,0.0,0.0,0.0,strict_d4,8.211601171342993,9.783822309444089,10,9.9598237606,54414603.7457,54414603.7457,1.00000000,0.99834318,0.99940529,apodized_d2_m10,1
6,54,2,124.23268244718713,9.02634963994206,0.0,0.0,0.025626695998429358,0.008537348271468286,0.0,0.0,0.8565981960286445,-0.2408265470740711,0.0,0.0,0.03313745419752234,0.02587200876001982,d2,8.111461149815065,9.962414380520068,10,9.94101117199,53652358.8481,53652358.8481,1.00000000,0.99779079,0.99949109,apodized_d1_m10,1
6,54,3,124.98813595561697,9.10271732433241,0.0,0.0,0.4470593681302433,0.5961024511208673,0.0,0.0,0.4759078610021747,-0.04726047351690929,0.0,0.0,-0.003937622555276253,0.0021141565541092913,d2,7.972030666232425,10.077708363142042,10,9.86629903695,47109007.6416,47109007.6416,1.00000000,0.99775697,0.99616365,apodized_d3_m10,1
6,54,4,123.1447363245313,8.976798978019643,0.0,0.0,0.0,0.0,0.0,0.0,0.5129106351326956,0.12147201293230106,0.0,0.0,0.0,0.0,strict_d4,8.44973724115799,9.503860714881295,10,10.0149972393,50971426.1847,50971426.1847,1.00000000,0.99941219,0.99973718,apodized_d3_m10,1
6,54,5,123.28371108058522,8.920158609829516,-0.019289025781809042,0.008097917271980927,-0.013800533612288411,-0.011313387640720428,0.030481602504916848,0.0006324662067706618,0.783867484693421,-0.04051305927189453,0.00917996311430845,-0.0169194282394424,-0.0030206880919497778,-0.014983770741229308,near_d4,8.070783544710745,9.730799595843376,10,10.0146104511,61047001.7323,61047001.7323,1.00000000,0.99835532,0.99995707,apodized_d2_m10,1
6,55,1,126.0932300176012,9.085600045553207,0.010069977532718308,0.017731616852956884,-0.006120426755088458,0.0011396273299812897,-0.011009349190914985,-0.042546587018757645,0.8643167438344849,0.04099254235194738,0.0025785917423596324,-0.03372886161528816,-0.014500136377724692,-0.014365076391727771,near_d4,8.196150521888258,9.998310053145211,10,9.79418641875,62056318.362,62056318.362,1.00000000,0.99800325,0.99993410,apodized_d1_m10,1
6,55,2,122.24780944305306,9.166781960069047,0.0,0.0,0.3296451998565526,-0.373639940564802,0.0,0.0,0.906010498916314,-0.15041699497232533,0.0,0.0,0.032504953853111807,0.007294607363908437,d2,7.879258181264385,10.484617884744898,11,10.1041523022,55900943.8922,55900943.8922,1.00000000,0.99695311,0.99824079,apodized_d1_m10,1
6,55,3,123.62440373899582,9.145062370538056,0.0,0.0,0.0,0.0,0.0,0.0,0.9414358275206046,-0.16247178042952143,0.0,0.0,0.0,0.0,strict_d4,8.189716140038414,10.1004086010377,10,9.99292842395,58889987.3604,58889987.3604,1.00000000,0.99751040,0.99970735,apodized_d1_m10,1
6,55,4,123.47888198973894,9.105618523719714,0.0,0.0,0.0,0.0,0.0,0.0,0.7760669203886337,-0.0110227535158057,0.0,0.0,0.0,0.0,strict_d4,8.329551603331081,9.881685444108347,10,9.99792335045,62123659.9892,62123659.9892,1.00000000,0.99848912,0.99998510,apodized_d2_m10,1
6,55,5,123.30856307904673,9.10855368871215,0.0,0.0,0.0,0.0,0.0,0.0,0.8574635870226245,-0.2737074506662292,0.0,0.0,0.0,0.0,strict_d4,8.208477103045558,10.00863027437874,10,10.0153281025,54858324.0285,54858324.0285,1.00000000,0.99778456,0.99941659,apodized_d1_m10,1
6,55,6,122.83878017804422,10.51958899186764,0.0,0.0,0.0018378993144412227,-0.010221676359295202,0.0,0.0,0.3592374489490122,-0.08670614668384174,0.0,0.0,0.0053453319067333265,-0.025187860839171468,d2,10.137829267327374,10.90764985075966,10,10.0337539633,39872624.0027,39872624.0027,1.00000000,0.99987662,0.99917037,width2_d1_m8,1
6,56,1,125.77829742822745,8.496613996744363,0.0,0.0,0.0,0.0,0.0,0.0,0.7836902985172531,-0.06018300472335692,0.0,0.0,0.0,0.0,strict_d4,7.710634574217334,9.282593419271393,10,9.81725818444,58648114.284,58648114.284,1.00000000,0.99817139,0.99996878,apodized_d1_m10,1
6,56,2,122.67627419412214,8.784166946939424,0.005687396635658794,0.0002962127358570979,0.004099670675033479,0.006633043365367223,0.013780817422136363,-0.0003355142460575786,0.7668900297444549,0.2301970625034883,0.01476749723430502,0.005295605994857626,-0.010257059458412052,0.014588740595881129,near_d4,7.953206613663073,9.621913149719752,10,10.0641696071,55740039.6831,55740039.6831,1.00000000,0.99817940,0.99954855,apodized_d2_m10,1
6,56,3,123.70237444083806,9.01735081675445,0.0,0.0,0.02946466344333404,-0.1744631757306518,0.0,0.0,0.7031688019662548,-0.19664789780220146,0.0,0.0,-0.04524739181954123,-0.02316337242989151,d2,8.153570890156578,9.783202469266422,10,9.97751751285,53351500.0596,53351500.0596,1.00000000,0.99850092,0.99940764,apodized_d3_m10,1
6,56,4,128.03784604123464,9.23841316796355,0.0,0.0,0.0,0.0,0.0,0.0,0.8739478068411796,-0.10654997379210804,0.0,0.0,0.0,0.0,strict_d4,8.358115433629218,10.118710902297885,10,9.6452629205,63069193.4599,63069193.4599,1.00000000,0.99801504,0.99990763,apodized_d1_m10,1
6,56,5,125.72415177955163,8.556720628660745,0.0077802925561535775,-0.016047770870062254,0.027923218016856304,-0.0009221608278266578,0.0015908305427416805,-0.02580805035979084,0.6036365662980839,0.01883564670045438,0.008050154926004242,-0.0061650796978512225,-0.022826807109835225,0.01577038463030762,near_d4,7.908232289580189,9.182907776339864,10,9.81378368561,55834186.4633,55834186.4633,1.00000000,0.99904647,0.99995996,apodized_d3_m10,1
6,56,6,128.35069237969063,8.919490499948775,0.2544957586932033,0.6649854127318036,0.8983280375576623,-0.6652202154121916,-0.5973865183657009,0.18745833655107869,0.023574448025886374,-0.239359595710128,0.16012348852487912,0.2582982210020818,0.026150065441519432,0.04094836849313016,novel,6.839359341616856,10.95803130198091,9,9.59276343063,18286712.9531,18286712.9531,1.00000000,0.99122532,0.98264065,width2_d1_m8,1
6,57,1,123.09140546312403,8.935194452327412,0.0,0.0,0.0,0.0,0.0,0.0,0.5770309998328331,0.13466678203844887,0.0,0.0,0.0,0.0,strict_d4,8.3427248960758,9.527664008579023,10,10.021976302,54217136.8487,54217136.8487,1.00000000,0.99918750,0.99981795,apodized_d3_m10,1
6,57,2,128.83835210414716,9.096638987176847,0.0,0.0,0.0,0.0,0.0,0.0,0.7308361782451351,0.06988421289862358,0.0,0.0,0.0,0.0,strict_d4,8.362501516603826,9.830776457749868,10,9.58020873908,63205048.7506,63205048.7506,1.00000000,0.99868200,0.99992078,apodized_d3_m10,1
6,57,3,124.97747381667506,8.682105319544345,0.0,0.0,0.0,0.0,0.0,0.0,0.7787909505443452,0.029078641167977683,0.0,0.0,0.0,0.0,strict_d4,7.902773957463289,9.4614366816254,10,9.87938236296,61153052.0862,61153052.0862,1.00000000,0.99829560,0.99999095,apodized_d1_m10,1
6,57,4,122.81007131711483,8.58395008328833,-0.007400458768319086,0.0024424158361782237,-0.013065009380474831,0.004610485781209821,0.012835102490583922,0.0023113388988151625,0.7736948518979342,0.07144395945908216,-0.012334033329674603,-0.009319213146264785,-0.0007028536247138781,-0.01706037746931604,near_d4,7.771331178663498,9.383396380509065,10,10.0538906039,57151517.8986,57151517.8986,1.00000000,0.99824921,0.99994128,apodized_d1_m10,1
6,57,5,128.74490786030765,8.751953998426933,-0.0023312047322918924,0.011629459230821959,0.06556448210183323,-0.01255224549241488,0.03165380788876686,0.03662111186872883,0.8890969666740851,0.21045134022237666,-0.025149969996828305,-0.03312532786929877,0.009005746391811365,-0.01385595915744561,near_d4,7.787475337995909,9.736039617128796,8,9.59461875997,54838842.866,54838842.866,1.00000000,0.99750552,0.99951058,apodized_d1_m10,1
6,58,1,127.64170954564486,8.421401855665108,0.0,0.0,0.0,0.0,0.0,0.0,0.5652184463617562,-0.001751882536491003,0.0,0.0,0.0,0.0,strict_d4,7.856183409303352,8.986620302026864,8,9.66497368214,58957894.5498,58957894.5498,1.00000000,0.99917743,0.99998241,apodized_d3_m10,1
6,58,2,123.748817098908,8.641756903517997,-0.02153662266319046,0.09074546862455853,-0.06026807574556069,-0.0681354400065453,0.03992141953094454,0.015624324296283135,0.6158770964219166,0.07268221515587481,-0.06974564004179927,0.026171427560452796,0.024231540145108477,0.0036861511636868674,near_d4,7.885894356865117,9.434419536450786,10,9.97086553369,55121418.4222,55121418.4222,1.00000000,0.99891346,0.99974585,apodized_d3_m10,1
6,58,3,123.68233545438582,9.921517919207997,0.0,0.0,-0.5045604190646239,0.07298395734653904,0.0,0.0,0.5666362187781571,0.27986362809306875,0.0,0.0,0.028623145009934493,-0.047307811108703086,d2,9.01722444354882,11.03622947734973,9,9.9724408044,41288579.0814,41288579.0814,1.00000000,0.99851619,0.99785099,apodized_d3_m10,1
6,58,4,125.57079919025509,8.828809336647709,0.0,0.0,0.0,0.0,0.0,0.0,0.8067548417830872,-0.05718926400473463,0.0,0.0,0.0,0.0,strict_d4,8.020030387718855,9.637588285576562,10,9.83334852705,63386178.6544,63386178.6544,1.00000000,0.99820556,0.99997331,apodized_d1_m10,1
6,58,5,124.93939545851212,9.010636905444047,0.0,0.0,0.0498649765440513,0.12024177517775482,0.0,0.0,0.7019311025769077,-0.19764629534866868,0.0,0.0,-0.080156217802119,-0.03820987687368135,d2,8.082529129282328,9.765832197238426,10,9.87888299811,45212301.7225,45212301.7225,1.00000000,0.99844483,0.99928865,apodized_d3_m10,1
6,58,6,126.65536667439011,8.89918349903363,0.0,0.0,0.0,0.0,0.0,0.0,0.7647851893100406,-0.0562596116505015,0.0,0.0,0.0,0.0,strict_d4,8.132336815883825,9.666030182183434,10,9.74724936134,63352774.2708,63352774.2708,1.00000000,0.99845341,0.99996526,apodized_d2_m10,1
6,59,1,129.1683463191979,9.357190288553044,0.0,0.0,0.0,0.0,0.0,0.0,0.60828172552244,0.13279195671327065,0.0,0.0,0.0,0.0,strict_d4,8.734591977915795,9.979788599190293,10,9.55070028719,56691535.0909,56691535.0909,1.00000000,0.99918213,0.99983706,apodized_d3_m10,1
6,59,2,124.71923127712282,8.957640973903096,-0.03521649856258245,-0.03527400904533295,0.011651207348827687,0.01499706333518165,-0.022219821270766875,0.007686359673488328,0.8951656046080116,0.07598211972107415,0.08212498816957355,0.021202396474659123,-0.007186869444942508,-0.009508192507141003,near_d4,7.9847303826582685,9.890886765062994,10,9.90391581333,58606340.393,58606340.393,1.00000000,0.99770405,0.99979154,apodized_d1_m10,1
6,59,3,122.55098331505927,8.729337750315313,0.011020030897307029,-0.00945669859981646,-0.005086069662685504,0.03463579436862527,0.0059261757519525025,0.01584446394096448,0.8543025238878712,0.2418785510346209,0.0025365931802063327,0.008217768015325099,0.004700151663709901,0.00023537530176692695,near_d4,7.803890659285053,9.646455477281743,10,10.0783676943,54023565.8834,54023565.8834,1.00000000,0.99764623,0.99947442,apodized_d1_m10,1
6,59,4,125.66447193545807,9.212657980533328,0.007176709347700539,-0.01667113249241835,-0.02408781578818012,-0.0031855683354218593,0.006899825962287806,0.0017595835021291945,0.9512706179759328,0.018928283723986732,-3.0103524415049986e-05,0.01768357626192213,0.017943357152819635,0.03600759517419839,near_d4,8.199363037473988,10.175862518458338,10,9.83075898145,59189241.7389,59189241.7389,1.00000000,0.99756836,0.99984595,apodized_d1_m10,1
6,59,5,124.02657040097894,9.088235786609932,0.0,0.0,0.0,0.0,0.0,0.0,0.8390845255729319,0.15931539247040422,0.0,0.0,0.0,0.0,strict_d4,8.23423401281636,9.942237560403504,10,9.95642985312,60348943.5808,60348943.5808,1.00000000,0.99806597,0.99980255,apodized_d1_m10,1
6,59,6,129.96170203089338,8.414895967804712,1.9209393120122717,-0.3585718730591283,1.3936755691395597,-0.47900137846059865,0.7573501480848819,-0.2977396938298178,0.7237474679320945,-0.03237711585681735,-0.1485362608274014,-0.12760591190437726,-0.049054034527414525,-0.20804591430758448,novel,6.623394523815661,13.381757966419906,8,9.49620132937,15885694.1431,15885694.1431,1.00000000,0.98401080,0.97006385,apodized_d3_m10,1
6,60,1,122.17061203136241,8.419777119920397,0.0,0.0,0.0,0.0,0.0,0.0,0.7567760728518621,-0.06800522307970652,0.0,0.0,0.0,0.0,strict_d4,7.660038264115709,9.179515975725085,10,10.1062709807,57760776.0677,57760776.0677,1.00000000,0.99827189,0.99995751,apodized_d1_m10,1
6,60,2,124.43108832818831,8.970048209032509,0.0,0.0,0.0,0.0,0.0,0.0,0.8229856860204281,-0.0021510329790977857,0.0,0.0,0.0,0.0,strict_d4,8.147062523012082,9.793033895052936,10,9.92369079643,62860096.9246,62860096.9246,1.00000000,0.99819537,0.99999885,apodized_d1_m10,1
6,60,3,128.66173461975765,9.201966600935117,0.0,0.0,0.0,0.0,0.0,0.0,0.8784495922882798,-0.09852885657855645,0.0,0.0,0.0,0.0,strict_d4,8.318030177461415,10.08590302440882,10,9.59874507111,62970374.6962,62970374.6962,1.00000000,0.99798062,0.99991561,apodized_d1_m10,1
6,60,4,125.2101189712689,8.86930969452667,0.0,0.0,-0.4030878134278397,0.4334047500568633,0.0,0.0,0.6521509495486428,-0.05096664397392083,0.0,0.0,0.011055777775470805,-0.001368440030720956,d2,7.764123818818593,9.961527892753368,10,9.85564447599,54624771.7282,54624771.7282,1.00000000,0.99777564,0.99765949,apodized_d3_m10,1
6,60,5,128.0703068533644,8.664257471804921,-0.01730017780851695,-0.0015977794247732156,0.0030563090413151532,-0.021813860309956398,-0.002302898487173726,-0.017372585684089604,0.5205409996752456,-0.12378333364711218,-0.0011790421766721404,0.03384054711364941,-0.008068899633089618,0.0037642452640529608,near_d4,8.063714560443838,9.250164236327123,8,9.63049572767,54884259.8263,54884259.8263,1.00000000,0.99931170,0.99975805,apodized_d3_m10,1
6,61,1,129.91474478873414,8.245484572511891,-0.0022197878614871316,-0.01425404001113503,-0.0005912072668485896,0.0010083546520574334,-0.002453074172078707,0.01259957704533619,0.6159885227446146,-0.040514819408678876,0.006728212984020541,0.0008306798305913727,-0.017173864166063594,-0.01281458038480024,near_d4,7.611059006510066,8.905280722672227,8,9.49832255493,56322999.3666,56322999.3666,1.00000000,0.99890747,0.99996520,apodized_d3_m10,1
6,61,2,129.82725681737543,8.45209906410191,0.0,0.0,0.0,0.0,0.0,0.0,0.783337542671419,-0.22847571471759434,0.0,0.0,0.0,0.0,strict_d4,7.63613024746827,9.26806788073555,8,9.51128653172,53667563.2273,53667563.2273,1.00000000,0.99795164,0.99955381,apodized_d1_m10,1
6,61,3,128.32584133731245,8.924240547543823,0.0,0.0,0.0,0.0,0.0,0.0,0.7894313400686668,0.02240022327925144,0.0,0.0,0.0,0.0,strict_d4,8.134508351199337,9.71397274388831,10,9.62117778833,63887932.3745,63887932.3745,1.00000000,0.99835368,0.99999319,apodized_d2_m10,1
6,61,4,127.15729549263779,8.47004559411521,0.0065600344196399115,-0.01647009491135757,-0.035907970603649086,-0.03239687167384608,0.02478746183415246,0.002639583313226856,0.652841814167212,0.016854570512661645,0.02141654622006489,-0.010313969182809532,-0.0314861442444943,0.022510067006265563,near_d4,7.730943838172882,9.219705170537958,8,9.70539202435,56897016.8376,56897016.8376,1.00000000,0.99879904,0.99991831,apodized_d3_m10,1
6,61,5,128.22787805202304,9.079698852935827,0.0,0.0,0.0,0.0,0.0,0.0,0.7581017370351862,-0.12043974612145539,0.0,0.0,0.0,0.0,strict_d4,8.312200242298895,9.84719746357276,10,9.62693041741,61701248.1705,61701248.1705,1.00000000,0.99851487,0.99986562,apodized_d2_m10,1
6,61,6,128.54382267661404,10.146032090544836,-0.0015462576752559572,-0.004977406937102669,-0.0061076719860413044,0.005206425832393893,-0.007070543096255423,-0.0045918718351129345,0.6914857106962269,-0.03796404928762461,0.014245121101254553,0.011796585612330794,0.0004519365830816019,-0.00909275661204856,near_d4,9.428883314145317,10.856312583156681,8,9.5986479539,62414649.1408,62414649.1408,1.00000000,0.99913924,0.99997063,apodized_d3_m10,1
6,62,1,122.6875210042104,9.005533244056585,0.0,0.0,0.0,0.0,0.0,0.0,0.8385001542605817,-0.13584347537956154,0.0,0.0,0.0,0.0,strict_d4,8.156182819291228,9.854883668821941,10,10.0653425765,60858266.416,60858266.416,1.00000000,0.99805263,0.99985121,apodized_d1_m10,1
6,62,2,123.72260265601405,8.95590870029877,0.012345000167016238,-0.03734185178499175,0.0015381934818618447,0.03277721801835039,0.017656140791738252,0.01679748177751294,0.8115559677866743,0.0664065183377804,0.01979141753204009,-0.00307543629905276,-0.0004210631481171436,-0.009753292533413413,near_d4,8.092483745561612,9.827295418552005,10,9.98010071006,61553466.3349,61553466.3349,1.00000000,0.99821568,0.99993385,apodized_d1_m10,1
6,62,3,127.37551037649041,9.138684575841372,0.0,0.0,0.0,0.0,0.0,0.0,0.5348078366400077,0.12239365069308335,0.0,0.0,0.0,0.0,strict_d4,8.590116502717354,9.68725264896539,10,9.68276750883,52905738.1821,52905738.1821,1.00000000,0.99937570,0.99976612,apodized_d3_m10,1
6,62,4,122.72868081715991,10.106703298914898,-0.4374856682578254,1.305111818821437,0.060133776594070154,0.350088960131109,0.2619948841620039,0.2579499600564028,0.305003181086863,-0.15603749839497438,-0.12391320821306662,0.30964036093296765,0.052323941468461366,-0.05102631412115216,novel,8.089939627542936,11.690187359673212,10,10.0434280527,22900377.281,22900377.281,1.00000000,0.99309945,0.98570796,width2_d1_m8,1
6,62,5,127.81201518411584,9.34424256258334,0.0,0.0,0.0,0.0,0.0,0.0,0.7703232837718025,-0.07024560873154326,0.0,0.0,0.0,0.0,strict_d4,8.570796524828285,10.117688600338393,10,9.65803977148,63102692.3671,63102692.3671,1.00000000,0.99859268,0.99993137,apodized_d2_m10,1
6,62,6,123.21242220328097,8.78518346657505,0.0,0.0,0.0,0.0,0.0,0.0,0.7732856177403025,-0.002108970058939623,0.0,0.0,0.0,0.0,strict_d4,8.011897848834748,9.558469084315353,10,10.0203993201,62483608.4501,62483608.4501,1.00000000,0.99837071,0.99999569,apodized_d2_m10,1
6,63,1,127.14090614472435,10.517597597092404,0.0,0.0,0.0,0.0,0.0,0.0,0.7253098258535969,-0.0341630324005327,0.0,0.0,0.0,0.0,strict_d4,9.791537337750892,11.243657856433916,8,9.70517734028,61497491.3001,61497491.3001,1.00000000,0.99911770,0.99998442,apodized_d3_m10,1
6,63,2,125.88971165141422,8.892558320544419,0.0,0.0,0.27292636657817115,0.07595582965208647,0.0,0.0,0.762579578534394,-0.127299835894258,0.0,0.0,0.012885119879826356,-0.0032932364837207693,d2,8.013163879835334,9.946085632439038,10,9.80636192425,60748455.6378,60748455.6378,1.00000000,0.99819087,0.99939090,apodized_d2_m10,1
6,63,3,129.88985645137512,9.093681027552734,-0.05259254213525722,0.021954274815711956,0.0024905852057308573,0.0037591358678175373,0.024749031112812406,-0.0008555150647113602,0.642292375503648,-0.05347405081773079,-0.001203411759109727,0.007721221897846886,0.015013309126997642,-0.022182568914995825,near_d4,8.36136602268755,9.789834072855326,8,9.49928785307,59181290.1426,59181290.1426,1.00000000,0.99902924,0.99993102,apodized_d3_m10,1
6,63,4,129.02667890773495,10.077318818153977,0.0,0.0,0.24165442274930507,0.19074757851689925,0.0,0.0,0.7727953834150731,0.15791041335709544,0.0,0.0,0.05753676482346193,0.09069414011795718,d2,9.192595123574396,11.224257366938769,8,9.56587514732,45888897.5313,45888897.5313,1.00000000,0.99843444,0.99915556,apodized_d3_m10,1
6,63,5,124.14229736031685,9.813564760189855,0.0,0.0,0.3746009654907112,0.26934477255184947,0.0,0.0,0.589521811898335,0.06659509084874353,0.0,0.0,-0.000598571858416453,-0.01936837307862249,d2,8.92473143210714,10.798819863599402,9,9.93618850355,52225865.5494,52225865.5494,1.00000000,0.99882311,0.99873804,apodized_d3_m10,1
6,64,1,129.12561141007725,8.770590937441954,0.0,0.0,0.0,0.0,0.0,0.0,0.7625282388093138,0.03910449860481315,0.0,0.0,0.0,0.0,strict_d4,8.007162482912786,9.534019391971121,8,9.56092584325,63954050.7792,63954050.7792,1.00000000,0.99842102,0.99998197,apodized_d2_m10,1
6,64,2,122.6615232860665,9.215165002629723,0.0,0.0,0.0,0.0,0.0,0.0,0.7136496099328398,-0.048932806080756897,0.0,0.0,0.0,0.0,strict_d4,8.499840427276178,9.930489577983268,10,10.061785676,61358563.9367,61358563.9367,1.00000000,0.99880180,0.99996445,apodized_d3_m10,1
6,64,3,127.72155386278766,8.900635206893448,0.009300132439979203,-0.0022840919631297394,-0.002391115104474794,0.014212698634541856,-0.05919888871922135,-0.021021575242021886,0.7671728581754129,0.021222017636148165,0.0005895115947672168,-0.031155040858552138,-0.03868642755316767,-0.014326906675058076,near_d4,8.061978401875997,9.725099203930222,10,9.66594568473,59912359.4326,59912359.4326,1.00000000,0.99841071,0.99990136,apodized_d2_m10,1
6,64,4,126.9369779017385,8.983400153051766,0.0,0.0,0.0,0.0,0.0,0.0,0.5422169896050639,0.02257220208044467,0.0,0.0,0.0,0.0,strict_d4,8.440725708894481,9.526074597209051,10,9.71672638831,55541639.6608,55541639.6608,1.00000000,0.99937933,0.99990580,apodized_d3_m10,1
6,64,5,127.77962154856394,8.656266879317874,1.4342510209964856,2.0511754441416565,-0.5229206291777044,0.8120734480358334,0.0523204115860465,-0.06443210229090379,0.11434290282737414,0.34982204727145527,-0.05322493352551483,0.12645339430363323,-0.1144189182634982,0.03948043337277879,novel,6.6482364118894735,11.799066244250808,8,9.63637754334,23033535.5468,23033535.5468,1.00000000,0.98031354,0.96095708,width2_d1_m8,1
6,64,6,127.67272422056466,9.31492238109459,0.0,0.0,0.0,0.0,0.0,0.0,0.5844873967417578,0.04791851367923858,0.0,0.0,0.0,0.0,strict_d4,8.728516139733737,9.901328622455443,10,9.66173265336,56171789.1483,56171789.1483,1.00000000,0.99930614,0.99992419,apodized_d3_m10,1
6,65,1,129.0902110596263,9.398262111096107,0.0,0.0,0.0,0.0,0.0,0.0,0.6039416826739976,0.0385300000080772,0.0,0.0,0.0,0.0,strict_d4,8.793103883073176,10.003420339119039,10,9.5561916797,58151964.595,58151964.595,1.00000000,0.99926364,0.99994662,apodized_d3_m10,1
6,65,2,126.20421584808031,8.608611973784022,0.0,0.0,-0.5496182919973698,-0.13578113175329543,0.0,0.0,0.421918141130444,0.09118556504485034,0.0,0.0,-0.03499564527515486,0.0462679068766662,d2,7.988882234602622,9.621476944544964,10,9.76860693438,44453142.8898,44453142.8898,1.00000000,0.99859419,0.99742287,apodized_d3_m10,1
6,65,3,128.63978327651955,9.319674040539859,-0.02757765981238084,0.04731895248327931,0.005487771000050875,-0.016146906687791663,-0.009978514097765364,-0.01629113057031789,0.5951421366661134,-0.10396205006466434,0.009713853229419546,0.02490469673545814,-0.007002940754394648,0.006862348658833432,near_d4,8.678309316706876,10.015435723717628,10,9.58948563657,56613558.0419,56613558.0419,1.00000000,0.99922696,0.99984422,apodized_d3_m10,1
6,65,4,129.61682949861176,8.953945906578433,0.005981208298234974,0.02110072920780794,0.053069103484105415,0.01974695244225569,-0.01633867464944363,0.011561840302963198,0.6707026043675606,-0.08676210638904149,0.0026528077528571305,0.023396214797069496,0.0004428784153939961,0.005979652340534139,near_d4,8.246819732409243,9.694678197458758,8,9.52066370967,61052869.3056,61052869.3056,1.00000000,0.99886672,0.99990406,apodized_d3_m10,1
6,65,5,125.46673007066687,8.99464434980788,0.0,0.0,0.0,0.0,0.0,0.0,0.7359402702705458,-0.09473122588664064,0.0,0.0,0.0,0.0,strict_d4,8.252682161193526,9.736606538422233,10,9.83818229461,60947931.5496,60947931.5496,1.00000000,0.99860363,0.99989204,apodized_d2_m10,1
6,65,6,128.55807860581373,10.230106626453283,0.0,0.0,-0.05486003150472696,-0.14573100847123943,0.0,0.0,0.6108892404835503,0.17238934458088212,0.0,0.0,-0.0012287817299139671,0.0006407491026675297,d2,9.456537674432358,10.943431903902633,8,9.59499071428,54617733.4183,54617733.4183,1.00000000,0.99924862,0.99958163,apodized_d3_m10,1
6,66,1,122.87076428601377,9.018017769863972,0.0,0.0,0.0,0.0,0.0,0.0,0.834261145518742,-0.045012831311994836,0.0,0.0,0.0,0.0,strict_d4,8.182648906180331,9.853386633547613,10,10.0500604136,63192990.2676,63192990.2676,1.00000000,0.99814633,0.99998147,apodized_d1_m10,1
6,66,2,128.183731620652,9.08376141116938,-0.012028571794497563,-0.0005191453339819471,0.01993188194642037,0.0017331235381058735,-0.056371835000225204,0.013227367659176837,0.8220139120486171,-0.1303696898437873,0.0051316533049735194,0.020963294185494828,0.03936200656484932,-0.0026997735926679667,near_d4,8.211863559082564,10.043487896088388,10,9.63277621684,59413810.8624,59413810.8624,1.00000000,0.99816098,0.99980174,apodized_d1_m10,1
6,66,3,125.73254292010247,9.45836609797798,0.0,0.0,0.0,0.0,0.0,0.0,0.6890041946638358,0.08116903696118481,0.0,0.0,0.0,0.0,strict_d4,8.764651865685742,10.152080330270216,10,9.81449551265,60175037.6181,60175037.6181,1.00000000,0.99896012,0.99995177,apodized_d3_m10,1
6,66,4,128.05869994424873,8.877451593874564,-0.006038178357867216,-0.01381608557200126,-0.0016394761530631355,-0.001824125187795418,-0.009700753489748668,0.0036842917382854164,0.5624887230843484,0.12670411124564648,0.005815220089799627,-0.0018575410435339801,0.0005160476474663472,-0.006581227674183739,near_d4,8.294621575430625,9.479943138950155,10,9.63256179222,55345350.8006,55345350.8006,1.00000000,0.99922877,0.99981891,apodized_d3_m10,1
6,66,5,129.73163688194904,11.000829695837524,0.0,0.0,0.16936799077309694,-0.09392451171326895,0.0,0.0,0.6464364074155143,0.013878948637972777,0.0,0.0,-0.0250855467349795,0.028808544926500253,d2,10.21915602740919,11.791548547291155,8,9.50834054794,48589261.7235,48589261.7235,1.00000000,0.99931788,0.99962406,apodized_d3_m10,1
6,67,1,127.26371377882649,9.235945693538365,0.0,0.0,0.0,0.0,0.0,0.0,0.5845587121039281,0.013917446700911931,0.0,0.0,0.0,0.0,strict_d4,8.651257366922358,9.820634020154372,10,9.69291871617,56839195.7539,56839195.7539,1.00000000,0.99929744,0.99994626,apodized_d3_m10,1
6,67,2,125.35201543574316,8.671913378492919,0.006437803285307404,-0.01067309956508385,0.006223659470820737,0.003324988238244169,-0.005709472495180063,0.015601883573780468,0.7620510351830767,-0.11137078147106759,-0.001430010699808103,-0.00622511427169974,0.009076446950572695,0.015402883098083377,near_d4,7.8706871130949585,9.462528044474421,10,9.84920377992,59433176.2336,59433176.2336,1.00000000,0.99832584,0.99988285,apodized_d2_m10,1
6,67,3,126.2967530703052,10.289431151887488,-1.543722872258861,0.25540073573137123,0.11587716398852166,-0.39992653340753215,0.1474195770540383,0.03761321484984892,0.8192006046944353,0.1919423533293232,-0.064206868932498,-0.4775780621353532,0.10814410672883229,-0.06706645316185417,novel,8.107782608277997,12.854527686942566,8,9.77864295663,17623596.2426,17623596.2426,1.00000000,0.99100334,0.98488761,apodized_d2_m10,1
6,67,4,129.76663773181963,8.274532663698377,0.0,0.0,-0.008855561534171535,0.03401524343764334,0.0,0.0,0.664268462573692,0.3563061197591056,0.0,0.0,-0.02915798184554858,-0.058650123660083625,d2,7.4567714825314075,9.089798816712442,8,9.51163836415,40957399.715,40957399.715,1.00000000,0.99809478,0.99872678,apodized_d3_m10,1
6,67,5,127.11653708540567,8.758789061534328,0.0,0.0,-0.034556421194263526,-0.046396116466374156,0.0,0.0,0.10074976474232523,0.0021983374733487836,0.0,0.0,0.02354058534614816,-0.01634326558565825,d2,8.613788033899787,8.888198721568273,10,9.68698972256,31558364.4579,31558364.4579,1.00000000,0.99996958,0.99983144,width2_d1_m8,1
6,67,6,129.3147563611075,9.084560791147696,0.0,0.0,0.0,0.0,0.0,0.0,0.8230497420928494,0.0629237024575473,0.0,0.0,0.0,0.0,strict_d4,8.259126621261887,9.909994961033506,10,9.54843472856,64113470.0118,64113470.0118,1.00000000,0.99824066,0.99996846,apodized_d1_m10,1
6,68,1,128.259640102367,9.205636882491213,0.0,0.0,0.0,0.0,0.0,0.0,0.826515225600077,0.139255371451342,0.0,0.0,0.0,0.0,strict_d4,8.367496838854764,10.043776926127661,10,9.62684964229,61425665.6898,61425665.6898,1.00000000,0.99821699,0.99985342,apodized_d1_m10,1
6,68,2,127.05991672404862,8.879005787119926,0.0,0.0,0.0,0.0,0.0,0.0,0.6107739008644432,-0.04609888085548016,0.0,0.0,0.0,0.0,strict_d4,8.26650400540857,9.491507568831281,10,9.7101372272,59000204.0042,59000204.0042,1.00000000,0.99911585,0.99997464,apodized_d3_m10,1
6,68,3,125.5475904460461,9.560102471287555,-0.017400673500946037,-0.005839229162981728,0.008125945773471529,-0.004099243164476065,-0.005405173315286752,-0.006334116473480938,0.6311367678201214,0.011212714380100058,-0.01676643291095244,0.01939830489072585,-0.014219454185470515,-0.01497153459398525,near_d4,8.892124488913161,10.22542646713614,8,9.82666030344,56662111.2759,56662111.2759,1.00000000,0.99920271,0.99994626,apodized_d3_m10,1
6,68,4,128.7651944981188,8.877183575916598,0.0,0.0,0.12318060698944926,-0.03138274510972377,0.0,0.0,0.8287450524443462,0.22062038236611448,0.0,0.0,0.002609427257089061,-0.0025836624146495014,d2,7.97404539743917,9.854632310878838,8,9.59022508631,57948597.6072,57948597.6072,1.00000000,0.99789371,0.99951927,apodized_d1_m10,1
6,68,5,129.92228566929964,9.189377018083126,0.02296487466026419,-0.010086772333013196,0.0472063453696932,0.021660438185236396,0.012745063679282308,0.0057785289433103975,0.571596423576228,-0.18547100547115233,-0.0006865349657334249,0.01135388068896834,-0.01311781109477045,0.0074283451554927925,near_d4,8.539271337641482,9.849117681414443,10,9.49427021199,53869035.7381,53869035.7381,1.00000000,0.99918609,0.99964840,apodized_d3_m10,1
6,68,6,124.09060872686328,8.927897325619632,0.0,0.0,0.0,0.0,0.0,0.0,0.6895315597266368,-0.07111354952387793,0.0,0.0,0.0,0.0,strict_d4,8.234709701874817,9.621084949364448,10,9.94560176015,60019264.8528,60019264.8528,1.00000000,0.99880165,0.99994432,apodized_d3_m10,1
6,69,1,129.88157404188192,8.331635507411926,0.017894324986341966,-0.01942001460457333,0.006876975811673341,-0.014695744636086376,0.015464031246261719,0.008157837239113121,0.6997032163238365,0.1743188996779271,0.0208288021980837,0.017770212104340002,-0.005105611300014056,-0.019706780854354976,near_d4,7.575054588035611,9.10477078515672,8,9.50408596409,55587421.2605,55587421.2605,1.00000000,0.99841583,0.99968871,apodized_d2_m10,1
6,69,2,129.66982225243714,8.516708153861963,0.0,0.0,0.0,0.0,0.0,0.0,0.5435002250650043,-0.00682354332881194,0.0,0.0,0.0,0.0,strict_d4,7.973207928796958,9.060208378926967,8,9.51271289607,59513929.3591,59513929.3591,1.00000000,0.99927796,0.99995361,apodized_d3_m10,1
6,69,3,129.69918578139135,10.228904721115795,0.0,0.0,0.0,0.0,0.0,0.0,0.7209403300043756,0.18662407963662592,0.0,0.0,0.0,0.0,strict_d4,9.484230948902306,10.973578493329283,8,9.51407931239,58033572.0736,58033572.0736,1.00000000,0.99895783,0.99977601,apodized_d3_m10,1
6,69,4,129.85087784721446,8.845694125075543,0.0,0.0,0.0,0.0,0.0,0.0,0.5794460756809083,0.21763296707527774,0.0,0.0,0.0,0.0,strict_d4,8.226758065023363,9.464630185127723,8,9.50038651027,54287681.0408,54287681.0408,1.00000000,0.99904141,0.99959571,apodized_d3_m10,1
6,69,5,125.24628346496928,9.23893796741647,0.02863724908137217,0.04032828356153605,-0.010017091123382203,-0.022608166124026174,-0.02918917847209597,-0.015517996899637352,0.8352527305939139,0.036939310462720365,-0.06166412141683951,-0.024796502161823393,-0.019430470227941966,0.033729622612938874,near_d4,8.226479206256393,10.135794822674074,10,9.85892054455,58215644.7733,58215644.7733,1.00000000,0.99818099,0.99985581,apodized_d1_m10,1
6,70,1,128.37064653320058,10.65125439422382,0.0,0.0,0.0,0.0,0.0,0.0,0.6621920652516299,-0.11767143097684249,0.0,0.0,0.0,0.0,strict_d4,9.978689084828261,11.32381970361938,8,9.61001250061,55979100.2774,55979100.2774,1.00000000,0.99929884,0.99984641,apodized_d3_m10,1
6,70,2,129.28429516042522,8.290929101549816,0.009484318743023946,0.009020216847957252,-0.03666181078969772,-0.005593434894866446,0.0012180032482346074,-0.03612659674759839,0.5740732990516269,0.09841871739028271,-0.03345165648699584,-0.039980245949607814,0.006157535706003272,0.0030348197446055576,near_d4,7.66271424674042,8.918090957748758,8,9.54289470924,54068816.3214,54068816.3214,1.00000000,0.99903837,0.99985109,apodized_d3_m10,1
6,70,3,128.01897675124806,8.678811243356561,0.0,0.0,0.0,0.0,0.0,0.0,0.7610918349978576,0.10403226858344948,0.0,0.0,0.0,0.0,strict_d4,7.9106478083595855,9.446974678353538,8,9.64387341346,62468772.9514,62468772.9514,1.00000000,0.99834983,0.99990818,apodized_d2_m10,1
6,70,4,129.74371852529245,8.743712168518696,0.0020915611007978037,0.03078730987466809,-0.005835482392322458,0.08922499112330656,-0.020515690419146308,0.06374955530762878,0.5129743019759517,0.08617072167886436,0.02519916086525496,-0.017427507541116,-0.0323809831275942,0.015153441117765778,near_d4,8.069140488626006,9.34866147897332,8,9.50580524719,53351920.8446,53351920.8446,1.00000000,0.99932533,0.99969075,apodized_d3_m10,1
6,70,5,129.72374831838306,8.654889605019932,0.0,0.0,0.0,0.0,0.0,0.0,0.4620412023023891,0.09463098041402956,0.0,0.0,0.0,0.0,strict_d4,8.183270224406064,9.1265089856338,8,9.50539315286,52884751.6359,52884751.6359,1.00000000,0.99951806,0.99970522,apodized_d3_m10,1
6,70,6,129.4638056514409,9.2404833013998,0.0,0.0,0.0,0.0,0.0,0.0,0.5557891262578912,0.03304730354126352,0.0,0.0,0.0,0.0,strict_d4,8.683742786157818,9.797223816641782,10,9.52709341246,55821016.2061,55821016.2061,1.00000000,0.99938344,0.99989712,apodized_d3_m10,1
6,71,1,127.8535516068707,8.76923282960123,0.0,0.0,0.2993979804095232,-0.35925771198806244,0.0,0.0,0.661346031800993,-0.03010338562775952,0.0,0.0,-0.04368940056216309,-0.09356864593231995,d2,7.811422719169799,9.774858380295399,10,9.65241164049,47144585.9409,47144585.9409,1.00000000,0.99805671,0.99832752,apodized_d3_m10,1
6,71,2,123.3863901013387,8.705662605482997,0.0,0.0,0.0,0.0,0.0,0.0,0.7127364238489653,-0.08476537856318263,0.0,0.0,0.0,0.0,strict_d4,7.987970231579209,9.423354979386787,10,10.0039861304,60574528.2544,60574528.2544,1.00000000,0.99860851,0.99990280,apodized_d2_m10,1
6,71,3,129.97573427960182,8.90250453463011,0.0004907972141363337,0.006620541422107333,-0.012991610267141337,-0.0022034946348041414,0.016892386770973187,0.005565274811082912,0.6086658905456592,-0.17616194416448047,0.0010486956655676367,-0.016978912760504034,0.0015812449600447636,-0.013536408633443946,near_d4,8.22342354825699,9.55979692795635,8,9.49219752089,56599397.3622,56599397.3622,1.00000000,0.99901073,0.99973458,apodized_d3_m10,1
6,71,4,129.32599962309678,8.390180533213192,0.016185536723945206,-0.00428291271171278,0.02335495624246496,0.005543112350013768,0.017111241770047574,-0.014656743111979098,0.679344509632163,0.05426771021173824,0.006676707055393532,0.0020498003580841574,-0.01027118846196991,0.0010982131753714622,near_d4,7.6903204269811205,9.124348764688813,8,9.54383638124,57572541.3198,57572541.3198,1.00000000,0.99866357,0.99991508,apodized_d2_m10,1
6,71,5,128.59259795985446,9.378381800022723,0.0,0.0,0.0,0.0,0.0,0.0,0.8330029631394238,0.0022417259642880964,0.0,0.0,0.0,0.0,strict_d4,8.545378836883298,10.211384763162147,10,9.60160856994,65099501.8721,65099501.8721,1.00000000,0.99833027,0.99999594,apodized_d2_m10,1
6,71,6,125.69858519133825,8.453228662007646,-0.03278296284483018,-0.005487894099568505,-0.013373101070747838,0.010979547725579483,0.014728824051012019,0.02380253530534256,0.678166436179572,-0.06875058696170044,0.0077889636495108395,-0.032408793500961125,-0.006600962497829502,-0.011002739922494901,near_d4,7.673729230998673,9.215938119209158,10,9.81910187237,58683588.3333,58683588.3333,1.00000000,0.99867135,0.99988526,apodized_d3_m10,1
6,72,1,123.8478042640597,9.789620483970484,-0.18872616684408206,0.8874180632885351,-0.35807842079293906,0.9247671107936786,-0.232579304825555,0.18301319960322582,0.19751807081859063,-0.20648030652702198,-0.09883842118908548,0.21923718731876263,0.06850659040901114,0.01647413132143044,novel,8.006652500354077,11.688373740309421,8,9.94932048834,23427015.807,23427015.807,1.00000000,0.99438784,0.98845812,width2_d1_m8,1
6,72,2,129.9339219030372,8.970804366279348,0.0,0.0,0.0,0.0,0.0,0.0,0.8239792748085383,-0.07896469933537643,0.0,0.0,0.0,0.0,strict_d4,8.143084877478664,9.798523855080031,8,9.5033090157,63613367.051,63613367.051,1.00000000,0.99817661,0.99995067,apodized_d1_m10,1
6,72,3,129.93252106032634,11.3089114656078,0.0,0.0,0.31669352254832994,0.44183790137293544,0.0,0.0,0.7270136419174212,0.022040179813828276,0.0,0.0,0.036702268033389704,-0.0005755883472139221,d2,10.135550468158112,12.42223544008085,8,9.49584137983,49652367.1062,49652367.1062,1.00000000,0.99863120,0.99868614,apodized_d3_m10,1
6,72,4,129.1393683338039,8.460370186560386,0.0,0.0,0.0,0.0,0.0,0.0,0.5788293675395939,-0.07853198059777507,0.0,0.0,0.0,0.0,strict_d4,7.876244407371719,9.044495965749052,8,9.55338900332,57889360.9225,57889360.9225,1.00000000,0.99910945,0.99993634,apodized_d3_m10,1
6,72,5,128.9851801829835,9.322843544851143,0.0,0.0,0.07944879834949818,-0.126163959649902,0.0,0.0,0.6651245295961693,0.08287004104920422,0.0,0.0,0.08330179656399189,0.049116962067686516,d2,8.482438093537384,10.155683534686094,10,9.56666953727,47857253.9785,47857253.9785,1.00000000,0.99882393,0.99957398,apodized_d3_m10,1
6,73,1,127.45254910924334,10.65709314925557,0.0,0.0,-0.16498111820944614,-0.13517133273765444,0.0,0.0,0.6879924207444394,0.16368431456605162,0.0,0.0,-0.00764840745376044,0.035118785838148515,d2,9.79352542273812,11.5390276462355,9,9.68022270693,51760324.8794,51760324.8794,1.00000000,0.99905107,0.99952518,apodized_d3_m10,1
6,73,2,129.3468868331149,10.58941883073027,0.0,0.0,0.0,0.0,0.0,0.0,0.7178271989394982,0.03368157528041669,0.0,0.0,0.0,0.0,strict_d4,9.870853442699891,11.30798421876065,8,9.53921852899,59650934.5735,59650934.5735,1.00000000,0.99915744,0.99997764,apodized_d3_m10,1
6,73,3,124.35811825045256,9.431816193880538,0.03270389682098283,-0.009009336111850985,0.03383154612545656,-0.04111758848783631,0.02166616955231511,0.002119173439490417,0.7822044459828013,-0.048147833826209234,-0.02881925337191849,-0.013183018861191961,0.004554868742010812,-0.0007519943953496579,near_d4,8.573623590582905,10.282831666292221,8,9.92664398148,28412705.5958,28412705.5958,1.00000000,0.99827561,0.99934159,apodized_d2_m10,1
6,73,4,129.9864177290281,8.649987381167893,-0.004957579586587592,0.029556116107841524,0.0038712617183944537,-0.010146484447510784,-0.0006119164908209714,-0.02376364572615321,0.5935232930022484,-0.18917745162325478,0.004749835990127956,0.004580047844057192,-0.01767789832660621,0.0047981138694184475,near_d4,8.010421793414636,9.343956638815389,8,9.49141051429,56192878.5844,56192878.5844,1.00000000,0.99897394,0.99967814,apodized_d3_m10,1
6,73,5,129.0532958464279,9.245233925596956,0.0,0.0,0.0,0.0,0.0,0.0,0.6335516896018869,0.04983291590730164,0.0,0.0,0.0,0.0,strict_d4,8.609749367578662,9.88071848361525,10,9.56027395559,59604095.9389,59604095.9389,1.00000000,0.99912393,0.99997097,apodized_d3_m10,1
6,73,6,128.89816299522462,9.103913751573712,0.0,0.0,0.0,0.0,0.0,0.0,0.6293793437256383,-0.030592637384078625,0.0,0.0,0.0,0.0,strict_d4,8.473850141091505,9.733977362055919,10,9.57188313138,59908393.6201,59908393.6201,1.00000000,0.99910931,0.99998496,apodized_d3_m10,1
6,74,1,127.43876187164224,9.000998971926315,-0.024565677792021377,-0.010662271637285982,0.011569100550371319,0.03444310733342846,0.02189196958914864,-0.0009793226429858394,0.8058074234142212,-0.020347874181190884,0.005427966558061535,-0.007246369154629449,-0.002340393695737472,0.004503309734271546,near_d4,8.130878316922566,9.818789360550358,10,9.68860412273,63929822.681,63929822.681,1.00000000,0.99829201,0.99997419,apodized_d2_m10,1
6,74,2,129.6249311196984,8.983342777108033,0.0,0.0,0.0,0.0,0.0,0.0,0.7939877655400414,0.21684754742593004,0.0,0.0,0.0,0.0,strict_d4,8.160341466462851,9.806344087753216,8,9.52490498622,58918542.6781,58918542.6781,1.00000000,0.99817891,0.99963571,apodized_d2_m10,1
6,74,3,129.39883251142308,8.525736420229357,0.003859834637735372,-0.008448355002493347,0.005151181430844847,0.016879712502699915,0.0023279254662762483,0.000582952351574231,0.550362478685471,-0.033906508015935165,-0.004932580600429822,-0.0014532240357595862,0.0055178341808710795,0.0005156538860856701,near_d4,7.949460308134853,9.088666826480459,8,9.53290169523,59437065.9494,59437065.9494,1.00000000,0.99924949,0.99994787,apodized_d3_m10,1
6,74,4,128.09510672318424,9.173938857853667,0.0,0.0,0.0,0.0,0.0,0.0,0.7461794421585589,0.06272061433450891,0.0,0.0,0.0,0.0,strict_d4,8.425201902426318,9.922675813281016,10,9.63619305725,62595571.3732,62595571.3732,1.00000000,0.99864389,0.99992757,apodized_d2_m10,1
6,74,5,129.18251048917568,9.624140742955413,0.0,0.0,0.23452670243896534,-0.047026682733808396,0.0,0.0,0.4153714599651126,-0.06199811071777105,0.0,0.0,0.06077857072793449,0.007806534888341075,d2,9.152526305465715,10.339192874551527,10,9.54254735464,43279116.1132,43279116.1132,1.00000000,0.99958063,0.99904311,apodized_d3_m10,1
6,74,6,125.47893296712267,8.634599398855583,0.0,0.0,0.0,0.0,0.0,0.0,0.710078255736385,-0.09800488578988015,0.0,0.0,0.0,0.0,strict_d4,7.917791932027516,9.35140686568365,10,9.83715574599,59533686.6232,59533686.6232,1.00000000,0.99858579,0.99988617,apodized_d2_m10,1
6,75,1,127.5706479888157,8.65025264416001,0.004686678477393253,0.0024285257175318225,-0.0006805460587084006,0.04399262579723529,-0.021915084829447345,-0.014599675170577898,0.7244039944540405,0.14348754216690043,-0.018570464806217518,0.04010232804440418,0.011880765551632769,-0.005108469844248474,near_d4,7.796096129103026,9.432264833414989,8,9.67640360221,58706030.4676,58706030.4676,1.00000000,0.99845453,0.99975934,apodized_d2_m10,1
6,75,2,129.7068281053988,8.58485789459287,0.0,0.0,0.0,0.0,0.0,0.0,0.7858622549721571,0.11422492437060731,0.0,0.0,0.0,0.0,strict_d4,7.79074656013311,9.37896922905263,8,9.51962983051,59395078.7912,59395078.7912,1.00000000,0.99816968,0.99989091,apodized_d1_m10,1
6,75,3,123.44377408189017,9.034020678070924,0.0,0.0,-0.05194067637075454,-0.00882230989974321,0.0,0.0,0.6001485801337795,-0.11572862379876411,0.0,0.0,0.008379488771616303,-0.00953690436688309,d2,8.414515788764046,9.685559531719205,10,9.99401396987,54947899.4811,54947899.4811,1.00000000,0.99913894,0.99985111,apodized_d3_m10,1
6,75,4,128.32598440997148,10.19837952262091,0.0,0.0,0.0,0.0,0.0,0.0,0.7678766937367183,0.23431321611403638,0.0,0.0,0.0,0.0,strict_d4,9.395663594405393,11.001095450836425,8,9.6176320369,57809864.6272,57809864.6272,1.00000000,0.99871603,0.99964251,apodized_d3_m10,1
6,75,5,126.53563540366059,8.692194189849863,0.8627926297551003,0.7030431701743254,0.0769078158887293,-0.20638762968067037,-0.371294078416904,0.43986008756510686,0.5539209553535485,0.051619819666462785,0.5292251373125709,0.08251770253088131,-0.034014432439667286,-0.08257618977138043,novel,6.503045475484552,10.390388942491455,10,9.75311820002,18219686.5183,18219686.5183,1.00000000,0.99109299,0.98385698,apodized_d3_m10,1
6,76,1,127.19362226894033,9.17969980597444,0.0,0.0,0.0,0.0,0.0,0.0,0.7742319799175912,0.03723259866638593,0.0,0.0,0.0,0.0,strict_d4,8.404640068305584,9.954759543643297,10,9.70553640808,63543709.3838,63543709.3838,1.00000000,0.99852615,0.99997105,apodized_d2_m10,1
6,76,2,129.694479903817,9.097074193350306,0.0,0.0,0.0,0.0,0.0,0.0,0.6383884107631103,0.10736155920140662,0.0,0.0,0.0,0.0,strict_d4,8.449741197890848,9.744407188809763,10,9.51349935047,59276756.9086,59276756.9086,1.00000000,0.99903425,0.99990811,apodized_d3_m10,1
6,76,3,129.40571692092738,8.891198037453128,0.0,0.0,0.0,0.0,0.0,0.0,0.6077554603164016,-0.05776158048617419,0.0,0.0,0.0,0.0,strict_d4,8.280734195894711,9.501661879011543,8,9.53390347317,59613501.1272,59613501.1272,1.00000000,0.99912509,0.99996225,apodized_d3_m10,1
6,76,4,124.85174536711861,8.72943098907358,0.0,0.0,0.0,0.0,0.0,0.0,0.7149362452683907,0.03382250893482932,0.0,0.0,0.0,0.0,strict_d4,8.013749875109834,9.445112103037324,10,9.88648105884,62667256.9412,62667256.9412,1.00000000,0.99863326,0.99995332,apodized_d2_m10,1
6,76,5,125.88084892557079,8.281715915656417,0.5108900902312934,1.1392620650585004,-0.9437432743500327,-0.1753097143111748,0.5430263758842007,0.12309759316450664,0.4634521005669203,0.14532254606776496,-0.01507848474663831,-0.4032445143608936,-0.11340570814090906,-0.16976951471610474,novel,6.573809217768372,10.889371398497016,8,9.79914060444,15222402.2697,15222402.2697,1.00000000,0.98802738,0.97679765,apodized_d3_m10,1
6,76,6,129.6599440921678,10.142712989642291,0.0,0.0,0.0,0.0,0.0,0.0,0.7178218094770468,0.2862305256166191,0.0,0.0,0.0,0.0,strict_d4,9.36993635530637,10.915489623978212,8,9.51715351711,55579457.1909,55579457.1909,1.00000000,0.99879585,0.99947323,apodized_d3_m10,1
6,77,1,122.99694670581766,8.864270912725129,0.04816449962834413,-0.0014309531127085146,0.0058270986104502825,0.051607947891132044,-0.007033992354057237,0.009600684692136336,0.8225581474827349,0.0267443088853015,-0.0712491560182672,-0.038433699508495255,0.021520290445310244,-0.03127731298393191,near_d4,7.890296910000563,9.745329990458508,10,10.0399260791,56229764.5003,56229764.5003,1.00000000,0.99805365,0.99982108,apodized_d1_m10,1
6,77,2,128.7007391946656,8.328947953645528,0.0045395183859428265,-0.02061651822632299,0.013510642932621345,0.0008681262721705067,0.007796267420134248,0.00026822154636454065,0.5898131259879893,-0.05922074998525025,0.00988059511246413,0.012220285772468573,-0.019150294615915192,-0.010684417131175461,near_d4,7.70357655801667,8.938953684749913,8,9.58666324389,55697263.2421,55697263.2421,1.00000000,0.99903121,0.99994634,apodized_d3_m10,1
6,77,3,128.663348614873,9.63296821046374,0.0,0.0,0.1313085421814529,-0.2934172955227601,0.0,0.0,0.6614043188104342,0.1443518662628807,0.0,0.0,0.09750441555110677,-0.005623541340235673,d2,8.681018276830981,10.523185487006735,10,9.59006090627,46894345.605,46894345.605,1.00000000,0.99863467,0.99901837,apodized_d3_m10,1
6,77,4,128.71529175531862,10.640556205755125,0.0,0.0,-0.13234039965739064,0.02881037448102361,0.0,0.0,0.6650443499717656,0.20005740912096012,0.0,0.0,-0.02434125876798022,0.05603280985363747,d2,9.930124051535845,11.469138782415548,8,9.58463056616,48312045.5184,48312045.5184,1.00000000,0.99910896,0.99948335,apodized_d3_m10,1
6,77,5,129.54555561723402,9.12379241845017,0.0,0.0,0.0,0.0,0.0,0.0,0.5996707311531264,0.06415222915272295,0.0,0.0,0.0,0.0,strict_d4,8.520701012378355,9.726883824521986,10,9.52285956533,57986924.8003,57986924.8003,1.00000000,0.99920706,0.99994004,apodized_d3_m10,1
6,77,6,125.66835249395714,9.905606868130853,0.0,0.0,0.2723635146511901,-0.3354881812358333,0.0,0.0,0.6152410970095208,0.047914011395515044,0.0,0.0,-0.008174750320293625,-0.013792222132148766,d2,8.940138219536829,10.799868512237385,8,9.81635045402,56665254.3691,56665254.3691,1.00000000,0.99881070,0.99889251,apodized_d3_m10,1
6,78,1,126.88047629006851,8.850888825269541,-0.014071025446430612,0.015630411518380623,0.013140265066276571,0.017267142126281748,-0.0036227639285105655,-0.015405066561004505,0.6394330951058496,0.0033501081238548444,-0.007028447703306422,0.009952196793910342,0.021626709758643104,0.0015203189033587477,near_d4,8.190497493215174,9.549811132278554,10,9.72510248411,60013901.9856,60013901.9856,1.00000000,0.99899692,0.99997944,apodized_d3_m10,1
6,78,2,128.88029592150403,8.593129363272553,0.0,0.0,0.0,0.0,0.0,0.0,0.8113000314872052,0.11636373219141422,0.0,0.0,0.0,0.0,strict_d4,7.7735301464733775,9.412728580071729,8,9.58176231765,59531060.8556,59531060.8556,1.00000000,0.99803000,0.99988216,apodized_d1_m10,1
6,78,3,128.31855606229198,9.615234675197,0.006659625391626192,0.011051260870274342,-0.007764997744997115,0.0014317799196726408,-0.006267717386273478,-0.010865284739635557,0.6505264077012411,0.025151434515546522,-0.02996842332150302,0.00996509503891623,-0.007255904398092971,0.00560941527573477,near_d4,8.930429006191737,10.314265833521043,10,9.61494424865,58860600.4634,58860600.4634,1.00000000,0.99915154,0.99996221,apodized_d3_m10,1
6,78,4,129.77606272471036,8.990660332510338,0.0,0.0,0.0,0.0,0.0,0.0,0.594205176841728,0.004941557492858027,0.0,0.0,0.0,0.0,strict_d4,8.39645515566861,9.584865509352065,8,9.5059990922,58613089.6836,58613089.6836,1.00000000,0.99921049,0.99997371,apodized_d3_m10,1
6,78,5,124.14709475395927,8.876049575506439,0.007966363257830586,0.004969509893851228,0.002595973469038107,0.012336023102141094,0.0036353263652130034,-0.013850754831667481,0.6686559445909248,-0.20686862763334843,0.006762935649504152,-0.002932617921514731,-0.009733519987140221,-0.0002361884508472487,near_d4,8.15873962449063,9.601913568507422,10,9.94055716598,55560048.3179,55560048.3179,1.00000000,0.99871970,0.99964523,apodized_d3_m10,1
6,79,1,129.8409931021759,10.619924367442513,0.0,0.0,0.0,0.0,0.0,0.0,0.837823317016565,0.023161449619087338,0.0,0.0,0.0,0.0,strict_d4,9.78180310681884,11.458045628066186,8,9.50667294676,65516273.0705,65516273.0705,1.00000000,0.99874443,0.99996448,apodized_d3_m10,1
6,79,2,128.38993045173189,8.757196389607603,0.0,0.0,0.0,0.0,0.0,0.0,0.8147639475854319,-0.13754592593261894,0.0,0.0,0.0,0.0,strict_d4,7.930925937766928,9.583466841448278,8,9.61797325181,59660550.3835,59660550.3835,1.00000000,0.99807074,0.99984588,apodized_d1_m10,1
6,79,3,129.92730097165202,9.48866363216807,0.0,0.0,-0.38808698432667205,0.33144354867898207,0.0,0.0,0.32751120862136734,-0.02961642251603437,0.0,0.0,0.001640641478151395,0.0528973485936208,d2,8.835213430872248,10.284854638725541,10,9.48507203351,40147267.6694,40147267.6694,1.00000000,0.99914660,0.99766937,width2_d1_m8,1
6,79,4,127.41002167801533,8.698627765707295,-0.0009680477487435642,-0.0005710315345578604,-0.005501655561697684,0.006419668462298824,-0.0069364955855682866,0.003849584527397806,0.5947690936654438,-0.07270600283268364,0.002679396439721996,0.003694272068721254,0.01784900860692938,-0.002932570441946937,near_d4,8.089467782088194,9.316111171138962,10,9.68321710216,59120020.1562,59120020.1562,1.00000000,0.99911125,0.99993696,apodized_d3_m10,1
6,79,5,126.78519643947344,10.78823454600149,-0.281108483186846,0.19486763842036847,0.16960631442195084,-0.9462550552139982,0.22774139028046902,0.32775313186270516,0.3152194483587645,0.5770385285573274,0.0008965754876297805,-0.13748086952833932,0.01719888074539827,-0.05311793869484821,novel,9.144390362069728,12.538684924936353,9,9.72361615859,24568950.2161,24568950.2161,1.00000000,0.99613694,0.99171616,width2_d1_m8,1
6,79,6,127.04775436167539,9.107589518070368,0.00551513717675205,-0.005279796191514336,-0.0006544696358071857,0.0010145998961270887,-0.004623590444280619,-0.012860321646227328,0.6077524447264708,-0.16680609993425302,-0.0102653454974809,0.0012483594662954175,-0.008214256472039199,-0.0019515750656284817,near_d4,8.447292234653974,9.7520437249904,10,9.71060233121,55271185.3555,55271185.3555,1.00000000,0.99908331,0.99976322,apodized_d3_m10,1
6,80,1,125.99317727770072,9.413358477623921,0.0,0.0,0.0,0.0,0.0,0.0,0.7691001813966903,0.1643266968902838,0.0,0.0,0.0,0.0,strict_d4,8.626899539069857,10.199817416177986,10,9.7974078539,59940980.7403,59940980.7403,1.00000000,0.99854111,0.99976541,apodized_d2_m10,1
6,80,2,127.42300598704027,10.086532316006798,0.0,0.0,-0.054626078718317976,0.03483279982813291,0.0,0.0,0.35831153193357945,-0.09804006703447515,0.0,0.0,0.010611772804876584,-0.017776472365413673,d2,9.67194417870369,10.500104996301383,8,9.67248420557,41659745.9498,41659745.9498,1.00000000,0.99984110,0.99904574,width2_d1_m8,1
6,80,3,124.65581523256549,9.19653942938199,0.02321928773831632,-0.02087311319346172,-0.002463210626434544,-0.020506324280428773,-0.014530746029421386,-0.0015913556339292893,0.7470933905560848,0.12261748560898375,-0.0012355798540123607,0.007901763023969308,-0.02352440186974013,0.021312910557194344,near_d4,8.387758593351558,9.989504711505063,10,9.90221285901,59063575.9231,59063575.9231,1.00000000,0.99858064,0.99979910,apodized_d2_m10,1
6,80,4,128.5984752868923,8.666951292218563,-0.020800086924035396,0.01927445340387045,-0.01747856290449723,0.0006931226150063837,0.02543357344850784,-0.02780118764910657,0.7332906897713554,-0.008198799491988562,-0.015134165031699884,0.007777503194621224,-0.02566169965333965,-0.00793904936753878,near_d4,7.908049555624265,9.49947415169484,8,9.59932545273,62541453.9827,62541453.9827,1.00000000,0.99851136,0.99994740,apodized_d2_m10,1
6,80,5,123.07060482661413,9.327950995190923,0.0,0.0,0.014397191925226897,-0.19583634434100627,0.0,0.0,0.4786468526844371,0.2980012348019599,0.0,0.0,0.05536422904868944,-0.001827466760307987,d2,8.608947849365606,9.921053060197575,8,10.0198310154,40380850.0716,40380850.0716,1.00000000,0.99912026,0.99873914,apodized_d3_m10,1
6,80,6,129.14852421925877,8.724199762638289,0.0,0.0,0.0,0.0,0.0,0.0,0.881648957992052,0.11205645962554073,0.0,0.0,0.0,0.0,strict_d4,7.835535706730789,9.61286381854579,8,9.56424956241,59230742.251,59230742.251,1.00000000,0.99769712,0.99984205,apodized_d1_m10,1
6,81,1,122.47088645936296,9.046525684968548,0.0,0.0,0.0,0.0,0.0,0.0,0.7858056961526881,0.13916671272683762,0.0,0.0,0.0,0.0,strict_d4,8.248492096979314,9.844559272957783,10,10.0808893384,60735843.4148,60735843.4148,1.00000000,0.99834105,0.99984112,apodized_d2_m10,1
6,81,2,129.7089033515388,8.89637144355365,0.0,0.0,0.0,0.0,0.0,0.0,0.8457124902478836,-0.08026156895402123,0.0,0.0,0.0,0.0,strict_d4,8.046902236353487,9.745840650753811,8,9.52089088445,63550600.2304,63550600.2304,1.00000000,0.99802259,0.99994063,apodized_d1_m10,1
6,81,3,129.4663256523311,9.22799432673659,0.0,0.0,0.0,0.0,0.0,0.0,0.8329595567072613,-0.03802126101251749,0.0,0.0,0.0,0.0,strict_d4,8.394215263612129,10.061773389861052,10,9.53725644667,65066207.6024,65066207.6024,1.00000000,0.99826287,0.99998711,apodized_d1_m10,1
6,81,4,129.49430863266474,8.251318243885768,0.0,0.0,0.0,0.0,0.0,0.0,0.7958328940166767,0.07052570170635185,0.0,0.0,0.0,0.0,strict_d4,7.452473062511647,9.050163425259889,8,9.5368042915,54281823.2357,54281823.2357,1.00000000,0.99797450,0.99993792,apodized_d1_m10,1
6,81,5,129.56552185163392,9.27683890392875,-0.03020890039960944,-0.009157682306192516,-0.01134257229194883,-0.010599267463637789,-0.0010483655535634617,0.011324779126937457,0.6656406566174229,0.030793539816297993,0.00270016267744799,0.0034269501635039515,0.0004984068199009672,0.011708603901149427,near_d4,8.564962573250432,9.97050021898166,10,9.52351955207,60751586.5184,60751586.5184,1.00000000,0.99901355,0.99997836,apodized_d3_m10,1
6,82,1,129.52200442979185,8.438958665508904,0.0,0.0,-0.022567960587883993,0.13284197052621186,0.0,0.0,0.469379089010661,0.15929438884244967,0.0,0.0,0.004969989967663417,-0.004725495067484991,d2,7.802084628024394,8.939445813421921,8,9.52094200486,50419845.3236,50419845.3236,1.00000000,0.99931373,0.99946668,apodized_d3_m10,1
6,82,2,123.35215638287588,9.059813633332112,0.025982469208275478,-0.08127821944373553,-0.0009778584957204559,2.2403405213779032e-06,-0.03809192773838117,-0.016962930603870326,0.7955984254020626,-0.11517158243629749,0.07749460184667108,-0.023928217998417423,-0.005288518839792771,-0.0056975143469240735,near_d4,8.182592051480919,9.950292682686019,10,10.0092728872,57508908.3973,57508908.3973,1.00000000,0.99825117,0.99974689,apodized_d2_m10,1
6,82,3,129.01252124262788,9.411266641381504,0.0,0.0,0.0,0.0,0.0,0.0,0.5907247478001642,0.024509520686095968,0.0,0.0,0.0,0.0,strict_d4,8.820046377200487,10.00248690556252,10,9.56140270756,57286193.334,57286193.334,1.00000000,0.99931168,0.99993633,apodized_d3_m10,1
6,82,4,129.6583109764815,10.91566383731438,0.0,0.0,0.051926586368293635,-0.13350116134600565,0.0,0.0,0.42237720429083814,0.2914754668770052,0.0,0.0,0.007835937483128986,-0.0017755149452765191,d2,10.26686362738329,11.448605172231629,8,9.50764923113,40383382.0514,40383382.0514,1.00000000,0.99956395,0.99864063,apodized_d3_m10,1
6,82,5,127.88743269482943,9.005945645475812,0.0,0.0,0.0,0.0,0.0,0.0,0.7923692304023278,0.2680406138966795,0.0,0.0,0.0,0.0,strict_d4,8.169528620713136,9.842362670238488,10,9.65436580066,55863025.9214,55863025.9214,1.00000000,0.99809821,0.99944350,apodized_d2_m10,1
6,82,6,129.64870403355403,8.516379999164725,0.0,0.0,0.0,0.0,0.0,0.0,0.6131501540606439,-0.026301055912841712,0.0,0.0,0.0,0.0,strict_d4,7.90268546599707,9.130074532332381,8,9.51702978101,58265131.6849,58265131.6849,1.00000000,0.99901300,0.99999180,apodized_d3_m10,1
6,83,1,123.45826659399995,9.074393212627621,0.01121154182785676,-0.02704729448850676,0.0024778161441299557,0.05042802169399895,-0.004059284719180182,-0.010108544177400458,0.7257884437575283,0.1213730956608122,-0.0029081123090654542,0.02799175318731782,0.0074629244556430555,-0.013605948872639816,near_d4,8.218289814462436,9.828810698532433,10,9.99779040136,58622743.318,58622743.318,1.00000000,0.99862985,0.99980124,apodized_d3_m10,1
6,83,2,125.6707679749543,11.301087643266237,0.0,0.0,0.008360156322097143,0.002061843574196682,0.0,0.0,0.3288970270214304,0.12166648317256651,0.0,0.0,-0.014152528866152994,-0.01183066401120711,d2,10.945465935308617,11.661342739959107,10,9.80678855504,35388186.0161,35388186.0161,1.00000000,0.99991290,0.99938189,width2_d1_m8,1
6,83,3,129.69444945094568,8.515771626529796,0.0,0.0,0.0,0.0,0.0,0.0,0.7689782586444246,-0.25431523383306787,0.0,0.0,0.0,0.0,strict_d4,7.705842113573859,9.325701139485734,8,9.52028780603,53338443.3112,53338443.3112,1.00000000,0.99801068,0.99945596,apodized_d2_m10,1
6,83,4,129.0285974745908,9.499057702418478,0.028205438733049298,0.02059181183569192,-0.011074519564796286,-0.0033995025728647305,0.012193379134806417,-0.0006764564511769249,0.7685945300570733,0.19933180485374521,-0.015336386285992572,0.02994732537149361,0.0072990380649458385,-0.025418459403840955,near_d4,8.652186754304976,10.36349399218362,10,9.56663828384,58765486.159,58765486.159,1.00000000,0.99851490,0.99963541,apodized_d2_m10,1
6,83,5,127.21020435277991,9.078730284577777,-0.9867330586908132,0.1302920909418539,0.08041159727106706,0.45000583313864984,-0.13121172175601004,-0.4044660601000414,0.7829461250430725,0.019974906878829524,-0.23812707199078365,-0.05558577436230011,0.183041527473414,0.11851631246627742,novel,7.682296162282228,11.643575448645846,10,9.7059897557,20914764.5598,20914764.5598,1.00000000,0.99384230,0.99052801,apodized_d2_m10,1
6,83,6,127.82632828219307,8.58291377833636,0.0,0.0,0.0,0.0,0.0,0.0,0.655508926360505,-0.11413239248179437,0.0,0.0,0.0,0.0,strict_d4,7.9175446235205955,9.248282933152124,8,9.65440564436,58927006.2621,58927006.2621,1.00000000,0.99880359,0.99987989,apodized_d3_m10,1
6,84,1,123.71199039362317,8.661628582686216,0.0,0.0,0.0,0.0,0.0,0.0,0.6964648612350002,-0.1326538443745132,0.0,0.0,0.0,0.0,strict_d4,7.95270948930527,9.370547676067162,10,9.97709760148,57721517.204,57721517.204,1.00000000,0.99862532,0.99981233,apodized_d3_m10,1
6,84,2,128.99550502224875,8.622531871431834,-0.010036560065044173,0.0011311618120455782,-0.008371414913588967,-0.008420409321822555,0.0027476628089627654,-0.01542272862403352,0.5703830974065065,0.052241407090881806,-0.009093621834837442,0.0029319176925945867,-0.0007206934716899921,-0.010984723938055826,near_d4,8.036163218877643,9.228134496155997,8,9.56330210959,59011106.1,59011106.1,1.00000000,0.99919331,0.99994569,apodized_d3_m10,1
6,84,3,127.0439144648588,9.207251825838757,0.03695895108515031,0.009869437962949465,0.03354178131039931,-0.021078034645740547,-0.03484873452206534,0.004766038297676755,0.7276176819852644,0.06371757673833581,0.01285273812656791,-0.004201927218176222,-0.052953283193402395,-0.004955835605329913,near_d4,8.385380892752586,9.963671894707891,10,9.71526292249,56487984.83,56487984.83,1.00000000,0.99867847,0.99982643,apodized_d3_m10,1
6,84,4,129.77878104580495,9.231045942510061,0.0,0.0,0.0,0.0,0.0,0.0,0.7108039630798855,0.10139002573754445,0.0,0.0,0.0,0.0,strict_d4,8.513048710448773,9.949043174571349,10,9.50967237962,61718691.1163,61718691.1163,1.00000000,0.99879321,0.99990811,apodized_d3_m10,1
6,84,5,128.58619363655444,9.133681636388264,0.0,0.0,0.0,0.0,0.0,0.0,0.6443781051693102,-0.13544392119624044,0.0,0.0,0.0,0.0,strict_d4,8.475224364184609,9.79213890859192,10,9.59568458063,58536227.5445,58536227.5445,1.00000000,0.99899604,0.99985853,apodized_d3_m10,1
6,85,1,128.96189873953657,9.182291362222058,-0.005325132148774211,0.00030774089582788846,0.005164885876160134,-0.00681457297794052,-0.000946226434677704,-0.001185209896088696,0.6949327663365912,-0.134166002274274,-0.0034126282671570383,-0.020063228526366887,-0.014370048195054145,-0.0001329633857268049,near_d4,8.457875387569443,9.9170235775145,10,9.56949529725,60335340.6086,60335340.6086,1.00000000,0.99880882,0.99984653,apodized_d3_m10,1
6,85,2,127.18760234587918,9.303059833534842,-0.009826447782951183,-0.0029266900447850177,-0.004149985959181833,0.00704782310074734,-9.556025346428842e-05,-0.001284520044123963,0.6514637283105223,-0.08759745331546147,-0.00029874590627933223,0.013089087120372371,0.0013591990390552963,0.0019076056617110023,near_d4,8.63294442042068,9.974931379769677,10,9.70109586345,58801072.7124,58801072.7124,1.00000000,0.99905334,0.99993639,apodized_d3_m10,1
6,85,3,129.19327206868576,8.350056143373104,0.0,0.0,0.0,0.0,0.0,0.0,0.6455384172760583,-0.11232378930612814,0.0,0.0,0.0,0.0,strict_d4,7.694820083850758,9.00529220289545,8,9.55240359675,58284637.1434,58284637.1434,1.00000000,0.99876980,0.99987222,apodized_d3_m10,1
6,85,4,129.51497624297554,9.190246902622189,0.0,0.0,0.0,0.0,0.0,0.0,0.8259975691642572,-0.08240401118850522,0.0,0.0,0.0,0.0,strict_d4,8.360160669910739,10.020333135333638,10,9.53350619447,64050964.7109,64050964.7109,1.00000000,0.99826190,0.99994689,apodized_d1_m10,1
6,85,5,127.42910752425036,10.080070927851471,0.0,0.0,-0.16517069492877773,-0.020655710241184743,0.0,0.0,0.7216528095958421,0.1905663083640448,0.0,0.0,-0.028807802303539527,-0.05333731634329162,d2,9.294305029098577,11.041542772032285,8,9.68401232112,50517562.0264,50517562.0264,1.00000000,0.99880851,0.99954739,apodized_d3_m10,1
6,85,6,123.29024646748383,9.261504443067725,0.016573157723658367,0.026376877101840238,0.0012510874720467085,0.0024551852601973675,-6.091234514116803e-05,0.007001720415880225,0.7580153002556532,-0.049481840048817505,0.004390722663980772,-0.007426111585686785,0.007489621824952759,-0.025004698972470332,near_d4,8.454689670259604,10.05355880482125,10,10.0121718542,60429969.1605,60429969.1605,1.00000000,0.99860654,0.99991042,apodized_d2_m10,1
6,86,1,126.06556629651375,10.944713717868268,0.0,0.0,0.09894454333290016,0.12631811216291403,0.0,0.0,0.7952247149358882,-0.30155385532683693,0.0,0.0,0.006211174990728112,-0.03410023923447045,d2,9.92630274675658,11.893183878547505,9,9.79009118691,45009486.8337,45009486.8337,1.00000000,0.99861752,0.99926060,apodized_d3_m10,1
6,86,2,127.50212085569497,11.01121810042354,0.26914374155458676,0.20305423843640602,0.5114506168096888,-0.19460426926851349,0.025567006996636055,0.1906948605026555,0.7671994674913678,-0.06743405218407394,-0.1491081566686161,0.18099235026458038,0.14905934037980612,-0.05462819828081633,novel,9.561602618943168,12.5990210914106,9,9.6797630264,24472682.6928,24472682.6928,1.00000000,0.99749965,0.99672784,apodized_d3_m10,1
6,86,3,123.65928894337664,8.692172460019215,0.007181768513380621,0.0386236197482238,-0.003718095856733465,0.00642414294048014,-0.00918496976269334,0.01602968762163086,0.7950905012526331,-0.208017811758161,-0.031345101598189574,-0.013267574934006857,0.014174536894343137,-0.005283921131185905,near_d4,7.79222982667418,9.557669414731814,10,9.98558456397,55935968.1701,55935968.1701,1.00000000,0.99801559,0.99960438,apodized_d1_m10,1
6,86,4,128.42172519287172,8.39590079717446,0.005914455172254649,0.031525073532486216,-0.00036285254468952015,0.01817900843690946,-0.009194578836689999,-0.011620758222379466,0.5780938101873226,-0.04739231617478512,-0.003731903948128934,-0.019699849223039634,0.013982422442153261,-0.025678831737780274,near_d4,7.7570252593729325,8.996696421545469,8,9.60687534022,55074355.7692,55074355.7692,1.00000000,0.99909270,0.99993431,apodized_d3_m10,1
6,86,5,127.94479940402533,10.241521972158049,0.0,0.0,0.0,0.0,0.0,0.0,0.8263798898475874,0.034429570701757235,0.0,0.0,0.0,0.0,strict_d4,9.414443915922146,11.068600028393952,8,9.6479855844,64340317.8128,64340317.8128,1.00000000,0.99866985,0.99994356,apodized_d3_m10,1
6,86,6,129.9158496948874,10.818739508418872,0.0,0.0,-0.037583802374600586,0.11906891982988815,0.0,0.0,0.6180640017762504,0.1739895751928704,0.0,0.0,6.25015108143881e-05,0.0006318495671554117,d2,10.054071229464986,11.484466039879832,8,9.49423383032,51900124.3306,51900124.3306,1.00000000,0.99935526,0.99959041,apodized_d3_m10,1
6,87,1,129.53416882400913,8.97484254203543,0.0,0.0,0.0,0.0,0.0,0.0,0.6984291601267072,0.014401277174820313,0.0,0.0,0.0,0.0,strict_d4,8.276336248756873,9.673348835313988,8,9.52775241935,62702436.9496,62702436.9496,1.00000000,0.99880038,0.99997732,apodized_d3_m10,1
6,87,2,127.65986857683073,9.15115692851287,0.0,0.0,0.0,0.0,0.0,0.0,0.7575724368290586,0.05767633500046334,0.0,0.0,0.0,0.0,strict_d4,8.391406602316351,9.91090725470939,10,9.66953349577,62654609.8364,62654609.8364,1.00000000,0.99858590,0.99994521,apodized_d2_m10,1
6,87,3,128.1600962163152,8.743195980993786,0.0,0.0,0.0,0.0,0.0,0.0,0.6616040294163519,0.08488860158241295,0.0,0.0,0.0,0.0,strict_d4,8.076216426593627,9.410175535393945,8,9.62906989539,60902000.377,60902000.377,1.00000000,0.99885423,0.99993336,apodized_d3_m10,1
6,87,4,124.56804592166101,8.63410543413391,0.0,0.0,0.0,0.0,0.0,0.0,0.6171890594651595,-0.024281845720341,0.0,0.0,0.0,0.0,strict_d4,8.016444925373237,9.25176594289458,10,9.9052408157,59699811.6221,59699811.6221,1.00000000,0.99903081,0.99999449,apodized_d3_m10,1
6,87,5,126.63800869467794,9.111847598692549,0.0,0.0,0.0,0.0,0.0,0.0,0.745260943780778,-0.16521635381951114,0.0,0.0,0.0,0.0,strict_d4,8.34852198313941,9.875173214245688,10,9.74731364218,60184143.0961,60184143.0961,1.00000000,0.99853571,0.99975438,apodized_d2_m10,1
6,88,1,128.32071367710137,10.110838833265255,-0.281016601836366,-1.7779688812800283,-0.6436817571503743,0.21319481431718246,-0.3532810919727126,-0.15837261752480747,0.026547876393099967,0.01534222942385255,0.062209683338215416,-0.07583462832796578,-0.09831852957293663,0.02623268097224718,novel,8.429410290754785,12.592787239961323,8,9.59531063686,16702750.9031,16702750.9031,1.00000000,0.99099045,0.98218889,width2_d1_m8,1
6,88,2,124.65213075274706,8.90765866497346,0.0,0.0,-0.00401320927376464,0.007402235879649067,0.0,0.0,0.6066168194089635,-0.060767138594186164,0.0,0.0,-0.0004650613801514811,0.002218806469075508,d2,8.292949741781799,9.522505815497643,10,9.89757216928,57681028.6007,57681028.6007,1.00000000,0.99913244,0.99995884,apodized_d3_m10,1
6,88,3,128.3284477164051,9.153397827378084,0.0,0.0,0.0,0.0,0.0,0.0,0.6091132365251274,0.09882700517811431,0.0,0.0,0.0,0.0,strict_d4,8.536377260232321,9.770418394523848,10,9.61359923794,57434927.6093,57434927.6093,1.00000000,0.99916056,0.99990449,apodized_d3_m10,1
6,88,4,126.67900549402528,8.84384539658556,-0.014332127770644819,-0.052954856063560304,0.012874266279212346,-0.05999806641827802,-0.05593216202991326,0.02315534367935192,0.8323163434177718,-0.02641151385128262,-0.019720197687585924,-0.015822666934765632,0.02068491994283488,0.018975383483624205,near_d4,7.898130743899358,9.799705413713523,10,9.74834310009,61099717.103,61099717.103,1.00000000,0.99803459,0.99988529,apodized_d1_m10,1
6,88,5,129.05383152995358,9.012980391697306,0.017480801757080406,0.012364178135306388,-2.669570738449862e-05,-0.012937665770716358,-0.027556494201179255,0.004703137415641125,0.6621622996799952,-0.08931654374193834,-0.0013895377245173683,0.0054764897981924516,0.013913815799327045,0.0013204681690266596,near_d4,8.287528336029622,9.708518023026652,10,9.56176610468,60494188.5597,60494188.5597,1.00000000,0.99892427,0.99992056,apodized_d3_m10,1
6,88,6,129.69331851807516,8.211225550802956,0.02627700618798103,0.0018775711042676297,-0.001226549485273077,0.04198138356284016,0.018161540712319547,0.007389213674774422,0.5537781786237487,0.021126470456644657,-0.004052711753042319,-0.024268237619999734,-0.03326983169130965,-7.93761747969946e-05,near_d4,7.596877488738744,8.829285405584496,8,9.51211065008,53987684.7539,53987684.7539,1.00000000,0.99913742,0.99992538,apodized_d3_m10,1
6,89,1,123.8225478938741,8.85353857867076,0.0,0.0,0.0,0.0,0.0,0.0,0.6554776175708679,0.09009670510854176,0.0,0.0,0.0,0.0,strict_d4,8.19190098637929,9.51517617096223,10,9.96595101694,58992980.793,58992980.793,1.00000000,0.99890932,0.99993271,apodized_d3_m10,1
6,89,2,128.5405374888473,10.787469236167011,0.0,0.0,0.0,0.0,0.0,0.0,0.769070282694188,-0.10697687857617226,0.0,0.0,0.0,0.0,strict_d4,10.01099518867443,11.563943283659592,8,9.6004419073,55512270.4013,55512270.4013,1.00000000,0.99900518,0.99993035,apodized_d3_m10,1
6,89,3,126.34135865747575,9.009582640159033,-0.004754128127141961,0.0070710706787065316,-0.016593528770904475,0.005954594646704744,0.008595536939535417,0.011032938865058671,0.5787350994303766,0.0617997665968676,0.007419115870628626,0.00812876136770247,-0.010994493731067137,0.018433569011160472,near_d4,8.405938137479248,9.620729280317347,10,9.76395601724,55668609.8449,55668609.8449,1.00000000,0.99924621,0.99991252,apodized_d3_m10,1
6,89,4,129.90792645916085,10.81769753672069,0.0,0.0,-0.16990655661465962,0.38943877156015705,0.0,0.0,0.7900564342235379,-0.06711515158426676,0.0,0.0,0.017679412333510353,0.016424451992400845,d2,9.6535966060118,11.810914504756546,8,9.50021713666,55183093.5567,55183093.5567,1.00000000,0.99850819,0.99910139,apodized_d3_m10,1
6,89,5,127.9656976252059,10.40495973489167,0.0,0.0,0.0,0.0,0.0,0.0,0.6635995212947423,0.16094685493055227,0.0,0.0,0.0,0.0,strict_d4,9.722135387184979,11.08778408259836,8,9.64083602398,59698464.6029,59698464.6029,1.00000000,0.99920965,0.99978962,apodized_d3_m10,1
6,89,6,123.8779183956938,11.444129307163859,0.0,0.0,0.2956933850407869,0.06405368408448898,0.0,0.0,0.8146351726965355,-0.12478303434738122,0.0,0.0,-0.001049852395759733,-0.0028114423474475594,d2,10.518301789609614,12.558683918204702,10,9.96255973327,51653901.6928,51653901.6928,1.00000000,0.99883439,0.99956171,apodized_d3_m10,1
6,90,1,122.86283527373338,9.017470011538979,0.0,0.0,0.0,0.0,0.0,0.0,0.7541640266450622,0.14379358911202542,0.0,0.0,0.0,0.0,strict_d4,8.249793936346526,9.785146086731432,10,10.0475088423,59965512.4309,59965512.4309,1.00000000,0.99847836,0.99981447,apodized_d2_m10,1
6,90,2,127.95720519751823,8.87446416907928,0.0,0.0,0.0,0.0,0.0,0.0,0.711963312675095,0.1449881896465097,0.0,0.0,0.0,0.0,strict_d4,8.147914223317633,9.601014114840927,10,9.64607364991,60350143.5847,60350143.5847,1.00000000,0.99862372,0.99979379,apodized_d3_m10,1
6,90,3,129.6549264935422,8.240923943626678,0.002442043924646291,-0.008570582787268298,-0.0011900326554233885,0.005235777132519324,-0.0003134282174264168,-0.017590556547037024,0.6257226436401201,0.10439051822893765,0.00901139045261979,-0.0024674256741741576,0.005425404968648369,0.005544587105520116,near_d4,7.589130617664032,8.889160221946593,8,9.51781554139,55453013.1612,55453013.1612,1.00000000,0.99882527,0.99988560,apodized_d3_m10,1
6,90,4,129.06542747001097,9.240896448669561,0.0,0.0,0.0,0.0,0.0,0.0,0.7213482705612944,-0.13760265194654336,0.0,0.0,0.0,0.0,strict_d4,8.506612629446195,9.975180267892927,10,9.56270518606,61304988.3807,61304988.3807,1.00000000,0.99872002,0.99983762,apodized_d3_m10,1
6,90,5,129.64709516966653,8.42526113288369,0.0,0.0,0.0,0.0,0.0,0.0,0.8347827439087461,0.03141242339848986,0.0,0.0,0.0,0.0,strict_d4,7.589890638300646,9.260631627466735,8,9.52657061977,56034716.5214,56034716.5214,1.00000000,0.99785682,0.99995579,apodized_d1_m10,1
6,91,1,124.53025480879408,10.073267184620986,0.0,0.0,0.183078835265796,0.34833215475620116,0.0,0.0,0.6649475311047557,-0.36541150887054996,0.0,0.0,0.056304210738504536,0.036076112728339084,d2,8.99617541550895,10.988637234800887,9,9.90825175315,43935216.3088,43935216.3088,1.00000000,0.99828964,0.99813366,apodized_d3_m10,1
6,91,2,128.42071148909028,9.244161116644769,0.0,0.0,0.0,0.0,0.0,0.0,0.9479480326771169,0.048075420066613306,0.0,0.0,0.0,0.0,strict_d4,8.295112740332375,10.193209492957163,10,9.61932640964,62472740.5301,62472740.5301,1.00000000,0.99763670,0.99990101,apodized_d1_m10,1
6,91,3,122.06786957432226,8.744817877862157,0.0,0.0,0.03237760834093109,0.11802978627799562,0.0,0.0,0.7877831715483067,0.370221406992228,0.0,0.0,0.013602406863009292,-0.002151500500932308,d2,7.756104764025536,9.682836323466292,10,10.1157299336,46664720.1872,46664720.1872,1.00000000,0.99764552,0.99874898,apodized_d1_m10,1
6,91,4,125.56889210975834,8.625516400296304,0.0,0.0,0.0,0.0,0.0,0.0,0.7514519545317513,-0.016970337307546865,0.0,0.0,0.0,0.0,strict_d4,7.873929953760796,9.37710284683181,10,9.83181662768,59897249.144,59897249.144,1.00000000,0.99841620,0.99999255,apodized_d2_m10,1
6,91,5,126.20112978066906,8.937598793746231,0.0,0.0,0.0,0.0,0.0,0.0,0.8450447524088733,-0.21761536277796137,0.0,0.0,0.0,0.0,strict_d4,8.06500956089709,9.810188026595371,10,9.78563920027,57682420.2832,57682420.2832,1.00000000,0.99787866,0.99962191,apodized_d1_m10,1
6,91,6,126.98270762531533,8.806670436035787,0.0,0.0,0.0,0.0,0.0,0.0,0.6299201722985729,0.1115744051368299,0.0,0.0,0.0,0.0,strict_d4,8.166945474451085,9.44639539762049,10,9.71696816765,59263369.6954,59263369.6954,1.00000000,0.99898166,0.99989898,apodized_d3_m10,1
6,92,1,128.22037432171098,8.642993572451878,0.02194398710752947,0.0011951484174597326,0.0044775547617718426,0.023985308879026605,0.0069186780838316865,0.019346327453613185,0.7691244694437349,0.031100307586362334,0.009132051379627472,-0.04858524017651736,0.020290333182589118,-0.0319658999942386,near_d4,7.7728261974673565,9.476381582826766,8,9.62922379712,58429419.6965,58429419.6965,1.00000000,0.99829514,0.99991504,apodized_d2_m10,1
6,92,2,125.00498119742383,8.471410604748822,0.00459854140121595,-0.0044493451397702175,-0.002251515632041289,-0.005469904591499668,0.0006828914275236914,0.010450665911216543,0.5690327468302,-0.07084167651932352,0.0019449672605874057,-0.01613483743266566,0.005840672911885462,-0.007502778640880612,near_d4,7.882275406751402,9.070293208067133,10,9.86899993732,56101278.9275,56101278.9275,1.00000000,0.99915159,0.99993374,apodized_d3_m10,1
6,92,3,129.9437600412337,9.038921819154577,0.7207930055825016,0.6390190006302143,0.8822395147007278,-0.06871812836425262,-0.18482066092356209,-0.8045238833419117,0.9600445464452392,-0.42510109901023996,-0.019919302076622403,-0.22250298484596837,0.03484739715993873,-0.0277600467394582,novel,7.127319270046198,11.948226686792953,8,9.50765643422,21226208.6558,21226208.6558,1.00000000,0.98950242,0.98340121,apodized_d1_m10,1
6,92,4,125.25657144501513,8.50834627919188,0.015164228187108013,-0.004900200624215467,0.002325363771765501,-0.007710298188181925,0.007664199852064025,0.002329761114970917,0.5912122417532368,-0.06071618049195736,0.006102398359345514,0.006877638082933708,0.007389274434735448,0.00503774082535465,near_d4,7.895709037157148,9.140027901134495,10,9.84996666267,57401808.0581,57401808.0581,1.00000000,0.99908254,0.99995765,apodized_d3_m10,1
6,92,5,123.00314260775832,8.84336735987784,0.0,0.0,0.0,0.0,0.0,0.0,0.7128673685159314,0.08675362705381683,0.0,0.0,0.0,0.0,strict_d4,8.125336930076351,9.56139778967933,10,10.0347845605,61111537.6992,61111537.6992,1.00000000,0.99865755,0.99989538,apodized_d3_m10,1
6,92,6,122.85151570572908,8.709163773428289,-0.012919571620510169,0.014779828579757015,0.0232469634950781,0.009686797144675562,-0.02313113822001625,0.01403016538782373,0.6531327852496192,0.05948520535726887,0.007545198448930048,-0.018195785886658922,-0.018615705562686543,0.013725609590345685,near_d4,8.004819031046193,9.402392774351354,10,10.0450024154,58805624.5339,58805624.5339,1.00000000,0.99887576,0.99993292,apodized_d3_m10,1
6,93,1,125.15418667222573,8.542065707369758,0.0,0.0,0.3488027746703544,-0.03642603125685767,0.0,0.0,0.36201205579881635,-0.07504802452103922,0.0,0.0,-0.002568836116814967,0.0015986232030503994,d2,8.12764266955735,9.259532736436345,10,9.84858061308,45253986.1877,45253986.1877,1.00000000,0.99935806,0.99855864,apodized_d3_m10,1
6,93,2,125.82943238002596,8.700751847872967,0.0,0.0,0.0,0.0,0.0,0.0,0.7662444910525207,-0.16049212640056681,0.0,0.0,0.0,0.0,strict_d4,7.917883448011568,9.483620247734367,10,9.81198438107,59985905.9698,59985905.9698,1.00000000,0.99826858,0.99978604,apodized_d2_m10,1
6,93,3,127.86265487117495,10.542683595630493,0.0,0.0,0.0,0.0,0.0,0.0,0.8151315005077677,0.11497874672279533,0.0,0.0,0.0,0.0,strict_d4,9.719482950126334,11.365884241134651,8,9.65327042962,61802658.4092,61802658.4092,1.00000000,0.99876909,0.99990057,apodized_d3_m10,1
6,93,4,129.5710417341786,9.247511437395557,0.0,0.0,0.0,0.0,0.0,0.0,0.7150791793743139,-0.024996711776111073,0.0,0.0,0.0,0.0,strict_d4,8.531995492276321,9.963027382514793,10,9.52503134952,63143671.4624,63143671.4624,1.00000000,0.99881611,0.99997731,apodized_d3_m10,1
6,93,5,129.20535564370314,8.928269566094112,-0.001006647127933505,0.004745384796590603,-0.0009378185994035002,-0.004930766428856476,-0.009544288391390108,0.020401637882063083,0.5846784960256202,-0.03998148548576775,-0.004700076119329045,-0.011382155322787886,0.012490157894577806,-0.0028502044919365382,near_d4,8.303596732605811,9.541645709498855,8,9.54779426684,58262845.8272,58262845.8272,1.00000000,0.99921827,0.99994718,apodized_d3_m10,1
6,94,1,129.40960182886363,9.389422310254556,0.0,0.0,0.0,0.0,0.0,0.0,0.6436386339619306,-0.13406853684175643,0.0,0.0,0.0,0.0,strict_d4,8.731974308524878,10.046870311984234,10,9.53404759004,58537477.7366,58537477.7366,1.00000000,0.99906796,0.99986001,apodized_d3_m10,1
6,94,2,125.54613275488816,10.726072811613106,-0.3040272609646668,-1.4861051523646864,-0.5727432780714463,0.010179067112818796,0.38195564485648026,0.09999689431119774,0.1115927609129641,0.14315797171255462,-0.10035393395752579,-0.3905779937520151,-0.010930243512762838,-0.0003995718883021415,novel,9.10556001711604,13.455838531050304,9,9.8103776588,18251032.4015,18251032.4015,1.00000000,0.99351732,0.98717983,width2_d1_m8,1
6,94,3,128.3296867778793,10.226386073780194,0.0,0.0,0.44128572871237487,-0.10805886801085873,0.0,0.0,0.5048208251796669,0.10186335884652371,0.0,0.0,0.004743470294641736,0.01708361675759222,d2,9.510880610331297,11.181472192545158,8,9.60834613912,48150882.8969,48150882.8969,1.00000000,0.99915586,0.99858315,apodized_d3_m10,1
6,94,4,128.66325774077043,8.742428936487808,0.0,0.0,0.0,0.0,0.0,0.0,0.6926816678906483,0.07065362763371137,0.0,0.0,0.0,0.0,strict_d4,8.046156536129507,9.43870133684611,8,9.59263914478,62503322.0902,62503322.0902,1.00000000,0.99872754,0.99992839,apodized_d3_m10,1
6,94,5,129.25857256301714,8.928995066668383,0.0,0.0,0.0,0.0,0.0,0.0,0.6670253797117162,-0.0727263794782612,0.0,0.0,0.0,0.0,strict_d4,8.258021745092861,9.599968388243905,8,9.54694714221,61466617.859,61466617.859,1.00000000,0.99889786,0.99995331,apodized_d3_m10,1
6,94,6,123.807505932855,8.790220275973258,0.0,0.0,0.0,0.0,0.0,0.0,0.7470019054752874,0.09345727337650993,0.0,0.0,0.0,0.0,strict_d4,8.03748140314889,9.542959148797626,10,9.97107153703,61597723.6274,61597723.6274,1.00000000,0.99847048,0.99991432,apodized_d2_m10,1
6,95,1,125.02326828566795,8.6167330055344,-0.019832539684239724,-0.006402015730098844,-0.00045110636977504506,-0.015569299688111559,-0.015749066016631442,-0.011345993795346633,0.7315408200926635,-0.07408189336673411,-0.010311273480560953,0.009034018398220192,0.0033567991541955354,0.02354015922628402,near_d4,7.8275976319643314,9.398540713450796,10,9.87400156948,60429259.4806,60429259.4806,1.00000000,0.99847789,0.99991399,apodized_d2_m10,1
6,95,2,127.96135538949567,8.883633222641333,0.0,0.0,0.05267637789253381,-0.04864941163375429,0.0,0.0,0.6625119685381696,-0.03979138831970547,0.0,0.0,0.008336237642583127,0.009284659765712055,d2,8.162705246101691,9.608969240746992,10,9.6437447968,61757435.0274,61757435.0274,1.00000000,0.99889795,0.99994567,apodized_d3_m10,1
6,95,3,126.00067540837776,8.58421432765188,0.0,0.0,0.0,0.0,0.0,0.0,0.5784577200876778,-0.05353602363121371,0.0,0.0,0.0,0.0,strict_d4,8.00332942120024,9.16509923410352,10,9.79109775974,59008297.9125,59008297.9125,1.00000000,0.99915753,0.99996054,apodized_d3_m10,1
6,95,4,123.34387805578046,8.766924069431624,-0.017470846554228033,-0.02823684996346952,-0.016783250041236365,0.009805289159645836,-0.011015495937123872,-0.008482769945788013,0.821108749593493,-0.20321824987413087,-0.0066357993936560005,-0.016005038244010717,0.007715856179894942,0.0016088303964157443,near_d4,7.904328027920668,9.660193931515419,10,10.0119255403,55570582.3576,55570582.3576,1.00000000,0.99792997,0.99964232,apodized_d1_m10,1
6,95,5,124.55345375820657,8.884045529235848,0.0,0.0,0.0,0.0,0.0,0.0,0.7455383690150892,0.11067556504418533,0.0,0.0,0.0,0.0,strict_d4,8.13035962679083,9.637731431680868,10,9.91110156227,60571444.6471,60571444.6471,1.00000000,0.99850217,0.99988130,apodized_d2_m10,1
6,95,6,129.39255204116523,8.737827382928693,0.0,0.0,0.0,0.0,0.0,0.0,0.6472346806423879,0.00942328497639872,0.0,0.0,0.0,0.0,strict_d4,8.090592702286305,9.38506206357108,8,9.53670565715,62201106.7855,62201106.7855,1.00000000,0.99894170,0.99999529,apodized_d3_m10,1
6,96,1,128.65827174190898,11.557633867862654,0.0,0.0,0.09449435617120845,0.01649751317066503,0.0,0.0,0.3431731135460016,-0.21030534561410258,0.0,0.0,-0.001222842097798234,-0.0003293392926831249,d2,11.110164873679489,12.046378104184132,10,9.5793996062,31963721.3918,31963721.3918,1.00000000,0.99982583,0.99919229,width2_d1_m8,1
6,96,2,129.76803083138776,10.881382944573541,-0.001264128995045302,-0.0037066755534062726,0.0004746808751354702,-0.002335446279807757,0.025439692104992178,-0.0038585953465140534,0.5246324477148707,0.14531142260644547,0.026570888612384658,0.009967428747771057,0.0037349541280928666,-0.003974128997065177,near_d4,10.291977967225332,11.47899562543185,8,9.50223672288,48487571.6935,48487571.6935,1.00000000,0.99962637,0.99946779,apodized_d3_m10,1
6,96,3,126.77042760877374,8.488768567679983,0.0,0.0,0.0,0.0,0.0,0.0,0.7376905805503021,0.1345792824702944,0.0,0.0,0.0,0.0,strict_d4,7.738915717477279,9.238621417882687,8,9.73854642308,56132694.6173,56132694.6173,1.00000000,0.99835379,0.99984078,apodized_d2_m10,1
6,96,4,128.81854999214596,10.617038262127002,0.016916152774712194,0.021881294384231562,0.0056928897455496156,0.02387238528993751,0.0022746037145297184,-0.0034856115369869866,0.7519876183863979,-0.011185069878090625,-0.0016909709839596802,-0.015902165487701892,0.005662425425045755,-0.00175615341397392,near_d4,9.826110218495383,11.398074019506826,8,9.57938863702,60121600.6722,60121600.6722,1.00000000,0.99904955,0.99998517,apodized_d3_m10,1
6,96,5,127.88423522395075,9.478390465280569,-0.08038888963523923,-0.017370526538179956,0.03487751293638917,-0.06968581372122624,0.0657905851416467,0.018545722513238425,0.7653738363959903,0.04419044205575714,-0.020054484443423105,-0.012155878852874513,-0.005894499555310403,-0.024321540855407626,near_d4,8.579404116912416,10.307687527497942,10,9.65213870144,58589193.1452,58589193.1452,1.00000000,0.99858948,0.99977607,apodized_d3_m10,1
6,97,1,128.85990683317817,9.09308842450578,0.0,0.0,0.0,0.0,0.0,0.0,0.8429847105494404,-0.015572361209836365,0.0,0.0,0.0,0.0,strict_d4,8.250073769896629,9.93610307911493,10,9.58290258277,64804292.8258,64804292.8258,1.00000000,0.99815406,0.99999578,apodized_d1_m10,1
6,97,2,124.69851135295629,8.55462861940042,0.0,0.0,0.0,0.0,0.0,0.0,0.709115954331447,-0.09231770695551174,0.0,0.0,0.0,0.0,strict_d4,7.839565591240261,9.269691647560578,10,9.89888880409,59927285.8462,59927285.8462,1.00000000,0.99856281,0.99989948,apodized_d2_m10,1
6,97,3,122.50907920980252,8.51305427443033,0.0,0.0,-0.02780340303936564,0.10858179770333398,0.0,0.0,0.7914655802665592,0.24022564788580447,0.0,0.0,0.05363641717203489,0.036508446558390015,d2,7.578325496356725,9.395171510580294,10,10.0799881242,47017041.5271,47017041.5271,1.00000000,0.99778543,0.99928278,apodized_d1_m10,1
6,97,4,128.2327749118757,9.167153764069468,0.0,0.0,0.0,0.0,0.0,0.0,0.6449452928905586,-0.03594835772671656,0.0,0.0,0.0,0.0,strict_d4,8.521271894825645,9.81303563331329,10,9.62200162294,60260865.3112,60260865.3112,1.00000000,0.99906691,0.99998656,apodized_d3_m10,1
6,97,5,128.65357285039957,9.357361400379723,-0.03591640195314362,0.01039755945573585,-0.003092809102049625,0.028402696779880752,0.0006483320804349934,-0.017310131911486677,0.6012518341265627,-0.09336232390870063,0.024125846182495813,0.004548340713963314,-0.02040761104193896,-0.011957067916316592,near_d4,8.673089174863296,10.023425829932178,10,9.58862040623,56014975.1502,56014975.1502,1.00000000,0.99921796,0.99985588,apodized_d3_m10,1
6,97,6,127.35401150280387,9.025818007340725,0.0,0.0,0.0,0.0,0.0,0.0,0.789603015558908,0.1849404620576909,0.0,0.0,0.0,0.0,strict_d4,8.2149284287352,9.836707585946248,10,9.69448005054,59682187.7118,59682187.7118,1.00000000,0.99826468,0.99973235,apodized_d2_m10,1
6,98,1,128.98118170718038,10.2418710817302,0.018703782711885428,0.010892813796137912,0.008337895761701375,0.015308760728000801,-0.03132437450203788,0.009941035973935442,0.7554241061518071,0.18900824072140723,-0.020682114140994017,0.009585125961178591,0.03890292827032066,-0.015599246982180614,near_d4,9.381051830469291,11.090534880071118,8,9.56827580902,54068012.8977,54068012.8977,1.00000000,0.99879938,0.99969736,apodized_d3_m10,1
6,98,2,126.68929106632287,8.748572708261765,0.0,0.0,0.0,0.0,0.0,0.0,0.7384975427871476,-0.06163443986496327,0.0,0.0,0.0,0.0,strict_d4,8.007574707185917,9.489570709337613,10,9.74399461198,63178918.9478,63178918.9478,1.00000000,0.99851870,0.99995166,apodized_d2_m10,1
6,98,3,128.7414620737853,9.07580879312165,0.0,0.0,0.0,0.0,0.0,0.0,0.7673130290802699,-0.1029195453424203,0.0,0.0,0.0,0.0,strict_d4,8.301639569419383,9.849978016823918,10,9.58890635564,62667330.1023,62667330.1023,1.00000000,0.99848564,0.99990233,apodized_d2_m10,1
6,98,4,128.74570781610274,9.042502985292815,0.0,0.0,0.0,0.0,0.0,0.0,0.7464475858395214,-0.1502328074218858,0.0,0.0,0.0,0.0,strict_d4,8.281131913122962,9.803874057462668,10,9.58785807362,61236256.0405,61236256.0405,1.00000000,0.99852446,0.99979605,apodized_d2_m10,1
6,98,5,127.72597231127817,10.431884829692502,0.0,0.0,0.03029197637883383,0.023706041758584328,0.0,0.0,0.3857663687278568,-0.3516244390315654,0.0,0.0,-0.06425027740657405,-0.009362010302414861,d2,9.81397614841788,10.959446510556864,8,9.65091764255,34077669.8723,34077669.8723,1.00000000,0.99940771,0.99821949,apodized_d3_m10,1
6,98,6,128.38507727189653,9.529972443625983,0.0,0.0,0.0,0.0,0.0,0.0,0.8102578716714955,0.03595491553251795,0.0,0.0,0.0,0.0,strict_d4,8.718953350701408,10.340991536550558,10,9.61593218421,65155169.9635,65155169.9635,1.00000000,0.99849322,0.99997581,apodized_d2_m10,1
6,99,1,127.25394984682292,8.90176166801897,-0.01677381621285034,-0.0009142274203447308,0.004378805435699586,0.007615194959591956,-0.005937735576184908,0.012476512489672496,0.8735785883387047,-0.17068896276598475,0.00013913704868119775,0.006998418718888754,-0.03379636803812481,-0.007485349403761511,near_d4,7.979107794986942,9.825094582989744,10,9.7058791804,58082463.134,58082463.134,1.00000000,0.99775601,0.99970725,apodized_d1_m10,1
6,99,2,123.33108433794072,9.208752125676295,0.0,0.0,-0.7587430068480155,0.37451864845905497,0.0,0.0,0.8939190043803401,-0.27832230066068686,0.0,0.0,0.01070970214548922,-0.013128370368940531,d2,7.920465676171516,10.942240113528166,5,9.08060344223,106179.550193,106179.550193,1.00000000,0.99974858,0.99687575,width2_d1_m8,1
6,99,3,128.08213370657245,8.620222734846811,-0.533892097682261,-0.7254725655664216,0.41189622864140074,-0.3826969940688971,-0.7817937288419416,0.15713854146313921,0.31921690521656876,-0.6246915918001512,-0.06396218615901061,-0.07119184200748802,0.0030662133368717925,0.06860317207174399,novel,6.7536453117728135,10.884042040532137,8,9.62205887564,16842742.4513,16842742.4513,1.00000000,0.99149463,0.98249008,width2_d1_m8,1
6,99,4,123.59713626077684,9.130818824470968,0.008798769799547714,-0.04015629724123142,0.006689291697246858,-0.016603150281231358,0.008410591277834866,0.025373007371259883,0.892919352465043,0.0464216155639862,0.004102009127945558,0.00462058255202162,0.012294780869451941,-0.02649776980105044,near_d4,8.21611122349163,10.070851753551258,10,9.9930835112,59944480.91,59944480.91,1.00000000,0.99785918,0.99991182,apodized_d1_m10,1
6,99,5,122.55543699747402,8.575930053335334,0.009025452945353715,-0.04547420114264296,0.0006446553117760121,0.04559956569709706,0.05240200105825722,-0.002347746207483844,0.7450751517935168,-0.06348132639330321,-0.027085344039817136,0.0069731986687500205,0.006560216953518849,0.015527835143201692,near_d4,7.773534027607602,9.372162066325705,10,10.0736131442,58216321.6794,58216321.6794,1.00000000,0.99837417,0.99989276,apodized_d2_m10,1
6,100,1,128.10183095734195,9.507515762390101,0.0,0.0,0.0,0.0,0.0,0.0,0.790080794414774,-0.01030819647615834,0.0,0.0,0.0,0.0,strict_d4,8.717434967975327,10.297596556804875,10,9.63648859326,64689223.7916,64689223.7916,1.00000000,0.99858041,0.99997179,apodized_d2_m10,1
6,100,2,128.7229820542545,8.595111764846983,0.0,0.0,0.0,0.0,0.0,0.0,0.6800795190459422,0.01197593626772595,0.0,0.0,0.0,0.0,strict_d4,7.9150285777206255,9.27519495197334,8,9.58802249017,63310651.5583,63310651.5583,1.00000000,0.99875259,0.99996841,apodized_d3_m10,1
6,100,3,125.51621105313026,8.975688846861141,0.6134928509560029,1.4082764536411148,0.13654663760918662,0.4001284852190701,0.565751693301568,-0.1953658053629621,0.5181402309769068,-0.1710277644591507,0.26647098685628945,-0.1794421785720312,0.0489333734403114,-0.008576188230993098,novel,6.630819774805807,11.125024620001405,10,9.82662415191,22514301.0394,22514301.0394,1.00000000,0.98929680,0.97937975,apodized_d3_m10,1
6,100,4,128.2190416942678,8.999443339482507,0.006346134795958945,-0.001235945211695445,0.01132890013814837,0.007047634283482966,-0.01039224988597548,-0.007115367648509255,0.8223059350867129,-0.29447949171359594,-0.0016623644128265368,0.011828085747681459,0.0038251328099493907,0.024426264426515507,near_d4,8.1108907946172,9.891381505681858,10,9.63063277466,54248081.4967,54248081.4967,1.00000000,0.99787631,0.99931325,apodized_d1_m10,1
6,100,5,125.14845005143742,8.883718995160775,0.0,0.0,0.0,0.0,0.0,0.0,0.6646903558883629,0.04678654526009441,0.0,0.0,0.0,0.0,strict_d4,8.217384127156121,9.550053863165429,10,9.860671781,60298750.3742,60298750.3742,1.00000000,0.99890458,0.99997825,apodized_d3_m10,1
6,100,6,128.1899598805484,9.27524220207891,0.005301845421590802,-0.022529627224749625,-0.01777885722066154,-0.012805364989452549,0.03652474014292009,0.014497814422472343,0.6485063954318919,-0.14006593906434645,0.004459204925527551,0.006761473890049952,-0.0012740064561950126,-0.005782567219649775,near_d4,8.574436361717582,9.989035316347527,10,9.62522392125,57825021.2041,57825021.2041,1.00000000,0.99900523,0.99983183,apodized_d3_m10,1
6,101,1,128.82402303945767,8.666579424631456,0.0,0.0,0.0,0.0,0.0,0.0,0.821679262060319,-0.0008704378776042858,0.0,0.0,0.0,0.0,strict_d4,7.844900162571137,9.488258686691776,8,9.58606625601,61543719.0867,61543719.0867,1.00000000,0.99806474,0.99999270,apodized_d1_m10,1
6,101,2,124.32862660430307,8.570058901318294,0.008516635322397858,-0.00787611381776026,-0.029545335390184238,-0.06530538196612871,-0.020914506174464328,0.008568237261097131,0.7107690093846962,0.052969372264243544,0.018335861155426635,0.022668303341999554,-0.025757185307665388,0.000998916253771081,near_d4,7.7814325573841,9.343418943955985,10,9.92840083115,57044397.3465,57044397.3465,1.00000000,0.99854926,0.99987902,apodized_d2_m10,1
6,101,3,128.97064498133327,8.997666934999108,0.0,0.0,0.0,0.0,0.0,0.0,0.7187151451108104,-0.13580031013779414,0.0,0.0,0.0,0.0,strict_d4,8.266289211504656,9.72904465849356,10,9.57015241127,61138483.9982,61138483.9982,1.00000000,0.99864915,0.99982057,apodized_d3_m10,1
6,101,4,126.30903352110833,8.75463310986612,0.09216710280993479,-0.018339199297151634,-0.031838299355316554,-0.06895955527508474,0.006904260603762207,-0.03204601576130055,0.6211272796690941,-0.186369288420412,0.004413077579533421,0.013633276974487112,-0.026261062840477647,0.021412549014649347,near_d4,8.007467289207375,9.49006582331111,10,9.76874702692,54394493.1506,54394493.1506,1.00000000,0.99884035,0.99957835,apodized_d3_m10,1
6,101,5,123.67358805264463,9.21169297563348,0.0,0.0,0.235164072276342,0.5868841188720869,0.0,0.0,0.5045826281039718,0.012264409959113027,0.0,0.0,-0.02304978249432187,0.0580563579249354,d2,8.159798367103603,10.06657062816,10,9.97224657757,47156141.9219,47156141.9219,1.00000000,0.99819982,0.99724231,apodized_d3_m10,1
6,101,6,129.44309519337585,10.973138875729123,0.0,0.0,0.2351594804413473,-0.014134343830652521,0.0,0.0,0.3706841099056169,-0.23980232313583222,0.0,0.0,-0.004911950205248022,0.0009632396773433825,d2,10.459785440045158,11.640712359476204,8,9.52184163486,36401048.4224,36401048.4224,1.00000000,0.99964016,0.99870590,width2_d1_m8,1
6,102,1,128.25655496347986,8.745869968141644,-0.01077503944886146,0.0005614180685183839,-0.00017131417245145643,-0.00806182706161526,0.015445980285313488,0.016065255169653066,0.6812809980403904,-0.045025208526951785,-0.0017629285433379844,0.006821500529695363,0.005808549341489383,-0.0015894534819392953,near_d4,8.046217829006912,9.436342309294961,8,9.62254432657,62286372.5001,62286372.5001,1.00000000,0.99878772,0.99995622,apodized_d3_m10,1
6,102,2,129.49655861460198,10.24670710027519,0.0,0.0,-0.35863125625730297,0.20427407250652888,0.0,0.0,0.7366945925968149,-0.008884378247486738,0.0,0.0,-0.01033030637460825,-0.03800619043319922,d2,9.253956307609018,11.354069722069035,8,9.52931824502,56106953.9571,56106953.9571,1.00000000,0.99859382,0.99913115,apodized_d3_m10,1
6,102,3,123.4377893452552,8.801864763775859,0.0,0.0,0.0,0.0,0.0,0.0,0.794849258298399,0.026186498585350153,0.0,0.0,0.0,0.0,strict_d4,8.006585810548478,9.59714371700324,10,10.002903558,62757816.5787,62757816.5787,1.00000000,0.99826306,0.99999301,apodized_d1_m10,1
6,102,4,128.76103660689577,8.552404575721319,0.0,0.0,0.0,0.0,0.0,0.0,0.7400320997417135,-0.011187244780283658,0.0,0.0,0.0,0.0,strict_d4,7.812372475979605,9.292436675463032,8,9.58775598382,62305778.5371,62305778.5371,1.00000000,0.99844789,0.99999231,apodized_d2_m10,1
6,102,5,127.09198610122341,8.857726982869327,0.0,0.0,0.0,0.0,0.0,0.0,0.7867859937915526,0.13900308211967533,0.0,0.0,0.0,0.0,strict_d4,8.058756404321821,9.656697561416832,10,9.71478802211,60851972.743,60851972.743,1.00000000,0.99826198,0.99984453,apodized_d2_m10,1
6,103,1,128.1715833200515,9.338264277094476,0.0,0.0,0.0,0.0,0.0,0.0,0.7146419524396201,0.1993857625058755,0.0,0.0,0.0,0.0,strict_d4,8.596348177539019,10.080180376649933,10,9.62896767333,57641403.2454,57641403.2454,1.00000000,0.99870329,0.99969795,apodized_d3_m10,1
6,103,2,129.005281077312,10.399734675751937,0.0,0.0,0.0,0.0,0.0,0.0,0.7085880441861357,0.0006361399090927876,0.0,0.0,0.0,0.0,strict_d4,9.6911466315658,11.108322719938073,8,9.56449403635,61936081.9726,61936081.9726,1.00000000,0.99914870,0.99998674,apodized_d3_m10,1
6,103,3,128.9974813721446,8.982862954397673,0.003843927932027094,-0.04018869295128471,-0.011285275274563817,0.006352566972052977,-0.0212026546084116,-0.0018877279876084421,0.7007077033478681,-0.045788516668903594,0.04591190710553865,0.008152565696545313,0.00308185286332725,0.0050931153982532885,near_d4,8.227519781257516,9.722120805440813,10,9.56753054628,61745222.7072,61745222.7072,1.00000000,0.99876554,0.99992160,apodized_d3_m10,1
6,103,4,123.51343918182813,8.635022560460555,0.010020170390244516,-0.010349043286120747,-0.01863983133185186,-0.010573249664216368,0.044624477343508336,-0.023114563245190414,0.6894457857491412,0.017597344595374625,-0.027743943983154964,-0.002671713316174806,0.024350398711213035,-0.0031520877864495552,near_d4,7.911531447158087,9.357187102240692,10,9.99292039651,59946879.4168,59946879.4168,1.00000000,0.99869427,0.99991035,apodized_d3_m10,1
6,103,5,128.35056778780142,9.35953208315884,0.0072758531496953825,0.0008832412441215205,-0.007787334702716694,-0.015586990237299179,-0.003520311127817615,-0.0011182192054366078,0.6182594640032398,-0.0762750837094986,0.00781804947687526,-0.009684621272206597,0.0018679490210450945,-0.019251136521848365,near_d4,8.729265990341679,9.995725473497277,10,9.6118463513,57014796.9869,57014796.9869,1.00000000,0.99918601,0.99991892,apodized_d3_m10,1
6,103,6,122.6319813862668,8.269001723134876,0.0,0.0,0.40361202320505835,-0.11980215016726142,0.0,0.0,0.6085521280016314,0.027268429934951148,0.0,0.0,-0.033289186884901414,0.03142377340257263,d2,7.455448445326502,9.247995535444018,10,10.0620964693,51668361.0611,51668361.0611,1.00000000,0.99831423,0.99865997,apodized_d3_m10,1
6,104,1,123.06414895724352,9.097382634470105,0.0,0.0,0.0,0.0,0.0,0.0,0.7743831785263255,0.13243275175459315,0.0,0.0,0.0,0.0,strict_d4,8.311767370449541,9.882997898490668,10,10.0316810392,59774186.1089,59774186.1089,1.00000000,0.99842615,0.99985007,apodized_d2_m10,1
6,104,2,125.05992867759377,8.866100277808716,-1.1474156513253295,0.1266888053397719,1.0241226423790006,0.21012579850399615,0.417855841410409,0.40225815242392127,0.1255959059292635,-0.19735294155371297,0.24182779744111316,0.03768747017039009,0.10234347575466657,0.012672276845558439,novel,6.905164192187573,11.010086989921883,10,9.85061693196,17919766.6565,17919766.6565,1.00000000,0.99076070,0.98136923,width2_d1_m8,1
6,104,3,124.0184255389664,8.81918785557486,0.0023080531670012596,0.007068864734408481,0.0003665072833349148,-0.010171407904734827,0.016809396539053986,-0.001996030767204106,0.7038479420448915,0.28353771936984734,0.00649674831863616,-0.006618717866653644,-0.0014760220552287513,0.0007167579949980893,near_d4,8.044473398822843,9.596965227955497,10,9.95262240843,53143519.2559,53143519.2559,1.00000000,0.99839425,0.99931039,apodized_d3_m10,1
6,104,4,129.2425852297082,8.956475259903415,0.0,0.0,0.0,0.0,0.0,0.0,0.755941534784728,-0.06645371546236212,0.0,0.0,0.0,0.0,strict_d4,8.197728547186,9.715221972620832,8,9.55150181708,63481985.3824,63481985.3824,1.00000000,0.99851712,0.99994769,apodized_d2_m10,1
6,104,5,127.65707924199768,9.163807746629217,0.0,0.0,0.0,0.0,0.0,0.0,0.8555254590796992,0.015188402194272048,0.0,0.0,0.0,0.0,strict_d4,8.30827338295137,10.019342110307065,10,9.67352361367,63712592.5573,63712592.5573,1.00000000,0.99811826,0.99999430,apodized_d1_m10,1
6,104,6,124.95432988246169,8.584981777165225,0.005634966785724723,-0.0025635541106254767,-0.001987270826676095,0.0067500005329612055,-0.006020546573849949,0.0011320476299903736,0.5921785756727367,0.06583944796745958,-0.006735086026874243,-0.0016700098513979164,-0.006353425877066153,-0.0024785038434436417,near_d4,7.967638294637361,9.194180364627288,10,9.87373442124,58852676.0891,58852676.0891,1.00000000,0.99909832,0.99995369,apodized_d3_m10,1
6,105,1,126.29802394592676,8.573988569094583,0.0,0.0,0.0,0.0,0.0,0.0,0.8151470359525416,0.06013076234209542,0.0,0.0,0.0,0.0,strict_d4,7.756632680407944,9.391344457781223,10,9.77790429096,59140839.3307,59140839.3307,1.00000000,0.99803434,0.99996168,apodized_d1_m10,1
6,105,2,129.68970939801633,8.83441810028871,0.0,0.0,0.0,0.0,0.0,0.0,0.8134524744624283,-0.056931936089983357,0.0,0.0,0.0,0.0,strict_d4,8.01897578406503,9.64986041651239,8,9.52118140528,63821831.0474,63821831.0474,1.00000000,0.99818000,0.99997317,apodized_d1_m10,1
6,105,3,124.76490831060583,9.018979695074968,0.0,0.0,0.21897164105034314,0.09026222364850132,0.0,0.0,0.709035278934042,-0.2826970845838888,0.0,0.0,0.0028096579494766524,0.0001113457001383311,d2,8.121628149965996,9.985279008575299,10,9.89265772629,52765654.2879,52765654.2879,1.00000000,0.99828865,0.99900318,apodized_d3_m10,1
6,105,4,125.78347714647107,9.40771373857965,0.0,0.0,0.2642792567190797,-0.10507103322568512,0.0,0.0,0.5639363471070299,-0.2253048889011138,0.0,0.0,0.007171641606176413,-0.0034124820727424714,d2,8.733023364189318,10.302692384689479,10,9.80618889859,50982135.7206,50982135.7206,1.00000000,0.99901380,0.99911523,apodized_d3_m10,1
6,105,5,128.2958375962479,10.035844477582689,0.0,0.0,0.0,0.0,0.0,0.0,0.7201500128195908,0.09817320851291993,0.0,0.0,0.0,0.0,strict_d4,9.309039845323673,10.762649109841705,8,9.61838129227,61558862.1427,61558862.1427,1.00000000,0.99899095,0.99993539,apodized_d3_m10,1
6,106,1,123.61889617520269,9.860254374403597,0.0,0.0,0.14866364136768992,0.0679324772325813,0.0,0.0,0.8923943445191707,-0.08934239952818135,0.0,0.0,-0.06645293952706793,0.018440692812802757,d2,8.879659993183104,10.83535153577446,9,9.9893794625,51693740.6354,51693740.6354,1.00000000,0.99802934,0.99959271,apodized_d1_m10,1
6,106,2,127.6964499501116,8.883223096926297,0.0,0.0,0.0,0.0,0.0,0.0,0.5632189103910544,-0.09552912582812566,0.0,0.0,0.0,0.0,strict_d4,8.31197228871593,9.454473905136664,10,9.65994535772,56661911.2787,56661911.2787,1.00000000,0.99925678,0.99987760,apodized_d3_m10,1
6,106,3,129.85504953103646,8.832311078907656,0.0,0.0,0.0,0.0,0.0,0.0,0.78255684095346,0.022248953921266513,0.0,0.0,0.0,0.0,strict_d4,8.049454473143719,9.615167684671594,8,9.5078472881,64099690.6816,64099690.6816,1.00000000,0.99835117,0.99999363,apodized_d2_m10,1
6,106,4,129.6246074734916,9.205751586401922,-0.018233905067949117,0.0184362433036408,0.022499386099096283,-0.0020514581755920465,0.018098947977219684,-0.0071568878067685155,0.86533965696654,0.057363414176704444,0.003488903687145224,0.014489285160447635,-0.008988165383181186,0.012039070078369985,near_d4,8.291425338283286,10.099227242756502,10,9.52687693321,64599938.2801,64599938.2801,1.00000000,0.99806944,0.99995112,apodized_d1_m10,1
6,106,5,125.04656849474681,8.667921640945876,0.009045210031418368,0.0021334806953072364,-0.001722298487424748,0.019030019413132024,0.0019185723961811989,0.006829021905385964,0.743833971495927,-0.054811397707533224,-0.005180346900761138,-0.0073113426199172635,0.004541838040156813,-0.03310675042339138,near_d4,7.86714960345812,9.426752675038843,10,9.87248186078,60560864.0334,60560864.0334,1.00000000,0.99844228,0.99992885,apodized_d2_m10,1
6,106,6,127.70344271282016,8.489281373050847,0.0033266379452302195,0.003263543336219975,-0.01875485587900784,-0.005354912306640153,-0.00012826089946987076,0.009863463819301081,0.7417289531780465,0.15139798646349803,-0.01870303410878507,0.008339773076975933,0.015675162231106137,-0.01565356276692341,near_d4,7.703042875203339,9.262955030345942,8,9.6675783589,56077404.1392,56077404.1392,1.00000000,0.99830409,0.99978195,apodized_d2_m10,1
6,107,1,129.47662617993308,8.686543719178331,-0.01773168395663134,0.020704293263636542,-0.0023937104694878837,0.044333789813592456,0.0006188286418043639,0.044086618891435427,0.684725554872187,0.1836229973875499,-0.04213516093494667,-0.06386393559266229,0.010731179425663,-0.014489551258384154,near_d4,7.857996502666314,9.470976824476857,8,9.532328724,56211673.5279,56211673.5279,1.00000000,0.99856984,0.99958478,apodized_d3_m10,1
6,107,2,129.9434457130116,9.215520241386717,0.0,0.0,0.0,0.0,0.0,0.0,0.7888535944906042,-0.04955849465787952,0.0,0.0,0.0,0.0,strict_d4,8.425131228773248,10.005909254000185,10,9.50059790069,64123280.0965,64123280.0965,1.00000000,0.99847030,0.99996974,apodized_d2_m10,1
6,107,3,128.77473422957434,9.170297063251384,0.0,0.0,0.0,0.0,0.0,0.0,0.7739368871494494,0.005320852154789963,0.0,0.0,0.0,0.0,strict_d4,8.396360176101934,9.944233950400834,10,9.58634180888,64126663.0835,64126663.0835,1.00000000,0.99853077,0.99998137,apodized_d2_m10,1
6,107,4,128.1347045399489,9.44357431487224,0.017182809348602633,0.004956731727624706,0.011460024448740318,0.0018204777181363534,-0.010961914529455651,0.003388925953308109,0.6703324867814621,0.08035203027364103,0.01887528218902462,-0.00011793609854642973,0.017171322852692225,0.008468430290711452,near_d4,8.749492324282404,10.174047635161855,10,9.6297972309,59086877.8663,59086877.8663,1.00000000,0.99901879,0.99993472,apodized_d3_m10,1
6,107,5,127.80701563457511,8.515911474828448,-0.06634272855756373,-0.013512029641764567,-0.5519328110123931,0.550130419254909,0.4753820440605925,-0.165910805185446,0.38281340939139974,0.29304009570270684,-0.0968661136234103,0.19591147721783408,-0.12546303487825988,0.13650449834094341,novel,7.299142304146637,9.96353196489204,8,9.64664377416,21769667.0623,21769667.0623,1.00000000,0.99569089,0.99138384,apodized_d3_m10,1
6,107,6,126.89455988512042,9.924344987534562,0.0,0.0,0.4692219777265837,0.10116027114175725,0.0,0.0,0.4694653164998098,0.06697463723342141,0.0,0.0,-0.04069325740582411,-0.033061793493572966,d2,9.275428930708166,10.827020182680867,8,9.71629904086,42769163.078,42769163.078,1.00000000,0.99906402,0.99825675,apodized_d3_m10,1
6,108,1,129.34669112895025,8.21558001312509,0.0,0.0,0.11407903069637598,0.03180743866326246,0.0,0.0,0.4351334666052622,-0.17667321809999023,0.0,0.0,-0.10463369125812015,0.0071083319225971695,d2,7.612717272871742,8.70381302166547,8,9.53310431735,40068284.1966,40068284.1966,1.00000000,0.99923082,0.99911645,apodized_d3_m10,1
6,108,2,122.80576057791194,8.552647356720808,0.0,0.0,0.0,0.0,0.0,0.0,0.7172116138783432,0.0749650038768693,0.0,0.0,0.0,0.0,strict_d4,7.8315287264522775,9.27376598698934,10,10.0518678051,57576798.3401,57576798.3401,1.00000000,0.99853258,0.99993043,apodized_d2_m10,1
6,108,3,125.02387801739248,8.792199955894526,0.0,0.0,0.0,0.0,0.0,0.0,0.8730905375135661,0.10530279524159912,0.0,0.0,0.0,0.0,strict_d4,7.912885160334037,9.671514751455016,10,9.87931341825,60551941.8331,60551941.8331,1.00000000,0.99778085,0.99987043,apodized_d1_m10,1
6,108,4,127.3902407050285,9.431016449761554,0.0,0.0,0.0,0.0,0.0,0.0,0.6334408825378454,0.1252194330501556,0.0,0.0,0.0,0.0,strict_d4,8.785383186251757,10.076649713271351,10,9.68484192105,57010084.57,57010084.57,1.00000000,0.99912206,0.99986943,apodized_d3_m10,1
6,108,5,129.1907385372142,9.15724634405505,0.0,0.0,0.0,0.0,0.0,0.0,0.5850111309178218,-0.06462241815352607,0.0,0.0,0.0,0.0,strict_d4,8.568685083260892,9.745807604849208,10,9.54844013518,57384802.5703,57384802.5703,1.00000000,0.99926351,0.99992255,apodized_d3_m10,1
6,109,1,129.88181674576396,10.094193658446773,0.0,0.0,0.057690775673574377,0.3873048232233117,0.0,0.0,0.8020266297953644,0.18474254811116728,0.0,0.0,-0.012756798950994078,0.01542879416999004,d2,8.909667965957766,11.039590872767105,8,9.50394388287,59936333.725,59936333.725,1.00000000,0.99815972,0.99887729,apodized_d3_m10,1
6,109,2,129.54386038462533,8.802997088615454,0.00578141250951282,-0.009517171866421066,-0.012387699146572546,0.011006174486568866,0.02511775355784908,-0.003913923694393818,0.7059570760114221,-0.130353212493159,-0.01780591219227321,-0.010731084060204225,0.020589580193619894,-0.0005616842177585501,near_d4,8.073925943753233,9.544184976337252,8,9.52781049621,60584076.6363,60584076.6363,1.00000000,0.99863096,0.99980218,apodized_d3_m10,1
6,109,3,128.43606531375806,8.910584144776344,0.0,0.0,0.43771112048995575,0.5343894275725118,0.0,0.0,0.33906661625462325,0.2616812449746162,0.0,0.0,-0.024039545238108168,0.030795472669945385,d2,8.067923573619154,9.983799195065068,10,9.59653687218,38908690.0876,38908690.0876,1.00000000,0.99815293,0.99593415,apodized_d3_m10,1
6,109,4,123.77624061783334,9.066707633241982,0.0,0.0,0.0,0.0,0.0,0.0,0.9442922566762224,0.05005341655439735,0.0,0.0,0.0,0.0,strict_d4,8.121224075205381,10.012191191278584,10,9.98095051441,61464515.4575,61464515.4575,1.00000000,0.99753895,0.99987172,apodized_d1_m10,1
6,109,5,128.73354048575027,9.090000769245071,0.0,0.0,0.0,0.0,0.0,0.0,0.818167467989413,-0.0717621217950159,0.0,0.0,0.0,0.0,strict_d4,8.26881412393952,9.911187414550621,10,9.59134271864,64172844.6849,64172844.6849,1.00000000,0.99826253,0.99995881,apodized_d1_m10,1
6,109,6,125.14289937590316,8.665406399190452,0.0,0.0,0.0,0.0,0.0,0.0,0.7258229544879016,0.07466681446625557,0.0,0.0,0.0,0.0,strict_d4,7.935754771418096,9.39505802696281,10,9.86412936835,62293379.8524,62293379.8524,1.00000000,0.99853833,0.99993198,apodized_d2_m10,1
6,110,1,127.15144506007218,9.088151854240758,0.0,0.0,0.0,0.0,0.0,0.0,0.8159452016455319,0.18102032347036515,0.0,0.0,0.0,0.0,strict_d4,8.252400771395818,9.923902937085698,10,9.71082162107,60600647.5052,60600647.5052,1.00000000,0.99816520,0.99974848,apodized_d1_m10,1
6,110,2,128.2588370375772,8.958204387139746,-0.002923932843445947,-0.020703920015950946,0.012089340928990017,0.010620334523157212,-0.0024883142408754517,0.013879591884061973,0.84131271430537,-0.1456969750643006,0.022302515754287048,-0.006222218047159949,-0.0008899524417058378,-0.01804340721096515,near_d4,8.063987953979357,9.843787605983035,10,9.62826407413,60474154.2305,60474154.2305,1.00000000,0.99800661,0.99981025,apodized_d1_m10,1
6,110,3,126.33546852776932,8.506462493117656,1.195480813806297,0.8794270752469981,0.4164822346034105,-0.7709885488190447,0.28097663424993913,-0.9366040437913639,0.4424190834710515,-0.19917959135793994,-0.12138013349728538,0.06759550943157056,-0.07718091189856507,0.05846285893237918,novel,6.516928941005444,11.313410357695876,8,9.75871415344,20321004.3473,20321004.3473,1.00000000,0.98586403,0.97180322,apodized_d3_m10,1
6,110,4,126.15121311640932,9.048677031871627,-0.013339910411440198,-0.03140160531164304,0.0034974912768464513,0.025593045408120362,0.01204450698658404,-0.006056567763032735,0.7280730972597481,0.01227105891183627,0.04272960262262052,-0.0018214876850669026,-0.018894671467652165,0.012532130671295123,near_d4,8.260302022000225,9.819601948353487,10,9.78437893992,60645750.4428,60645750.4428,1.00000000,0.99866960,0.99990861,apodized_d3_m10,1
6,110,5,129.28411302523807,8.935553495918027,0.0,0.0,0.0,0.0,0.0,0.0,0.7890850847251242,0.05916270459671018,0.0,0.0,0.0,0.0,strict_d4,8.144263601150184,9.72684339068587,8,9.54982452054,63981162.0138,63981162.0138,1.00000000,0.99834997,0.99996971,apodized_d2_m10,1
6,110,6,128.7506660213179,11.14565005584646,0.0,0.0,-0.019761361974157624,0.25919552965036896,0.0,0.0,0.6143777333782032,0.1468784178441053,0.0,0.0,0.041119788921471105,-0.018352190191237152,d2,10.221673303696093,11.82519403140922,9,9.58004170581,43460186.6061,43460186.6061,1.00000000,0.99924911,0.99923195,apodized_d3_m10,1
6,111,1,129.595327770427,9.464834349693446,0.0,0.0,0.0,0.0,0.0,0.0,0.7989776021074981,-0.21319275149655367,0.0,0.0,0.0,0.0,strict_d4,8.63801380240814,10.29165489697875,10,9.52601991203,60902632.3543,60902632.3543,1.00000000,0.99836562,0.99965981,apodized_d2_m10,1
6,111,2,127.33205429057436,8.738761571298662,0.006453004879425023,0.007633772393490943,-0.016604389169786085,-0.01740920279001516,0.01425168429420683,0.0014004244108990153,0.7219600158597252,-0.15645467795951154,-0.014635837638662694,0.019676689266522766,0.006164660105410793,-0.0035321098115953286,near_d4,7.974573329607975,9.505863166243607,10,9.69421636957,60287702.2789,60287702.2789,1.00000000,0.99850375,0.99975615,apodized_d2_m10,1
6,111,3,123.10145890571016,8.896270722225102,0.0,0.0,0.0,0.0,0.0,0.0,0.7559170861516407,0.11963325873297054,0.0,0.0,0.0,0.0,strict_d4,8.131060437597137,9.661481006853068,10,10.0284524747,60690444.5918,60690444.5918,1.00000000,0.99844665,0.99987051,apodized_d2_m10,1
6,111,4,128.9974324158522,9.44032216844572,0.0,0.0,0.0,0.0,0.0,0.0,0.6947098313803782,-0.2284844762407156,0.0,0.0,0.0,0.0,strict_d4,8.709008270267864,10.171636066623575,10,9.56646200549,56679874.9851,56679874.9851,1.00000000,0.99877117,0.99962478,apodized_d3_m10,1
6,111,5,122.52003616323513,8.94422081697739,-0.004381197856116096,0.016164099304424345,0.01924390345863869,-0.0019416250419926051,0.02645890755686423,0.005294615752634557,0.8657802975370835,-0.16964766434754966,0.0023211063287158036,0.02919896825854801,-0.0006355360153818431,0.011976105657988982,near_d4,8.027713134114418,9.859458377363081,10,10.0805536507,58096443.6073,58096443.6073,1.00000000,0.99781540,0.99972412,apodized_d1_m10,1
6,112,1,129.6084782920753,11.062386505669238,0.0,0.0,0.0,0.0,0.0,0.0,0.8230660992726095,0.05801887551527461,0.0,0.0,0.0,0.0,strict_d4,10.237278161880754,11.887494849457722,8,9.52258013615,61517047.8324,61517047.8324,1.00000000,0.99891255,0.99997532,apodized_d3_m10,1
6,112,2,123.41411999589484,9.132508255487338,0.01753722766065975,-0.00875207347404885,-0.025473972842480794,-0.03304847121938279,0.04358670586427752,-0.011128096316155673,0.7943113778025729,-0.0053653789386159355,0.025981172514360842,0.005097512024000748,-0.024111565599138882,0.01664435113768214,near_d4,8.233847625424366,9.983976504752341,10,10.0038951772,59499929.3372,59499929.3372,1.00000000,0.99837527,0.99991950,apodized_d2_m10,1
6,112,3,128.48278321082788,9.281327976032868,0.0,0.0,0.0,0.0,0.0,0.0,0.820203206291809,0.07363496595695576,0.0,0.0,0.0,0.0,strict_d4,8.457920978890156,10.10473497317558,10,9.60963012497,64082388.025,64082388.025,1.00000000,0.99833286,0.99995621,apodized_d2_m10,1
6,112,4,129.4477797874723,9.489637131869943,0.0,0.0,0.0,0.0,0.0,0.0,0.7571606463087145,-0.06385269786600622,0.0,0.0,0.0,0.0,strict_d4,8.729866751798694,10.249407511941191,10,9.53510127975,64815460.7895,64815460.7895,1.00000000,0.99870504,0.99993323,apodized_d3_m10,1
6,112,5,128.62535895687793,10.561085473635734,-0.0016492472003387395,-0.026638206172540133,-0.0049160258649927615,-0.004694146405389403,-0.0026460274695443275,-0.0018119841955682619,0.7701648901506383,-0.11724442884075877,0.009894412254052437,0.0011862803252281728,0.009935640466117382,-0.005381237155560358,near_d4,9.75176197794574,11.355526190257093,8,9.59456756071,57778156.727,57778156.727,1.00000000,0.99893277,0.99990511,apodized_d3_m10,1
6,112,6,128.68954612012607,10.782937341303548,0.0,0.0,0.1802368843863483,0.10762141811204068,0.0,0.0,0.695745253530211,-0.07366443811430184,0.0,0.0,-0.003356788924540796,-9.584816902633492e-05,d2,9.959960632042172,11.655813625887985,8,9.58701873508,57356990.5782,57356990.5782,1.00000000,0.99915644,0.99972856,apodized_d3_m10,1
6,113,1,123.45850336287253,8.85508430260824,0.0,0.0,0.0,0.0,0.0,0.0,0.7323161442897552,0.12905887069929337,0.0,0.0,0.0,0.0,strict_d4,8.111482848346999,9.598685756869482,10,9.99851338073,60106989.091,60106989.091,1.00000000,0.99853486,0.99983557,apodized_d2_m10,1
6,113,2,125.0497722829297,8.616210466737101,-0.012092273370816945,-0.011687151471157533,0.010978871285385048,0.02411089141766058,-0.01488572659528822,0.009029225440732343,0.6280270893387123,0.020122782686798346,0.032241394628424694,0.003844459317031665,0.003240289471600767,-0.024880178398177338,near_d4,7.919773006957236,9.263720111495118,10,9.86757162422,59054692.872,59054692.872,1.00000000,0.99896187,0.99995585,apodized_d3_m10,1
6,113,3,129.72709123926535,8.939163548352802,0.0,0.0,0.0,0.0,0.0,0.0,0.8208468047906452,0.16501973658288635,0.0,0.0,0.0,0.0,strict_d4,8.101944683225572,9.776382413480032,8,9.51852522477,61128100.1418,61128100.1418,1.00000000,0.99809675,0.99978805,apodized_d1_m10,1
6,113,4,129.30454148937375,9.188467996020135,0.05048335285038519,0.9187091258836677,-0.8504199961749762,-1.0125838717988933,0.07609328029470852,-0.20705293811986747,0.8852469486796961,0.16833542544987035,-0.340215317380565,0.23222685112891484,-0.06270293072116173,0.01779832457110636,novel,6.633126258367636,12.673302501765411,10,9.55406613161,25219073.5935,25219073.5935,1.00000000,0.98977151,0.98373513,apodized_d1_m10,1
6,113,5,129.0704813885004,9.084786886993594,0.0,0.0,0.0,0.0,0.0,0.0,0.874230137808655,0.07437640228606962,0.0,0.0,0.0,0.0,strict_d4,8.207498094308738,9.96207567967845,10,9.56857501983,63677579.0201,63677579.0201,1.00000000,0.99796195,0.99994209,apodized_d1_m10,1
6,113,6,125.89433749965275,8.907438867207164,0.009199102888256334,-0.0005872218811298727,-0.024619277209139052,-0.021145113342437467,-0.007705993981381107,0.0005810806411442396,0.8750256319183343,-0.014383547336164013,0.019449344776526545,0.006670493352195369,-0.007184839205843451,-0.019318145872335702,near_d4,8.023569987806225,9.819770806370402,10,9.81067192539,61599960.1568,61599960.1568,1.00000000,0.99786843,0.99994742,apodized_d1_m10,1
6,114,1,123.64194756695157,10.825235690368281,0.0,0.0,0.10785024145611573,0.03456867598097667,0.0,0.0,0.46917726314551367,-0.09228790957051419,0.0,0.0,-0.0016097794647069975,0.003634525672972047,d2,10.301996052984014,11.40553681964782,10,9.97172537922,44748796.3266,44748796.3266,1.00000000,0.99973916,0.99930092,apodized_d3_m10,1
6,114,2,128.21426753205813,10.190877493937778,0.0,0.0,0.08971253422110037,0.020878647926765345,0.0,0.0,0.8422036088101171,-0.20717860045267655,0.0,0.0,0.04092165006797339,0.00822343985430443,d2,9.314255912927305,11.181212676609315,8,9.62857645988,56643259.0325,56643259.0325,1.00000000,0.99841741,0.99961621,apodized_d2_m10,1
6,114,3,126.83082674430307,8.769348849957504,-0.003358948742215838,0.0003844883907998183,0.011863804413109696,-0.005252351615920148,0.004216902794602784,0.004111801167326382,0.7546901580491853,0.16463899758898806,0.027141918940124816,0.012398563770869304,-0.01117962655350719,0.0014060486523047172,near_d4,7.958399534489641,9.573833762022842,10,9.73378538554,59737259.7643,59737259.7643,1.00000000,0.99834581,0.99975701,apodized_d2_m10,1
6,114,4,124.40455510787957,8.887313247928153,0.0,0.0,0.0,0.0,0.0,0.0,0.73089569841235,0.06639639688929987,0.0,0.0,0.0,0.0,strict_d4,8.153481159293237,9.62114533656307,10,9.92225958213,61268349.4756,61268349.4756,1.00000000,0.99860394,0.99993054,apodized_d2_m10,1
6,114,5,129.3558619922685,9.124822606064503,0.0,0.0,0.0,0.0,0.0,0.0,0.6723144703558717,-0.10084417612730748,0.0,0.0,0.0,0.0,strict_d4,8.445016257212782,9.804628954916225,10,9.53957475332,60973090.4757,60973090.4757,1.00000000,0.99891679,0.99992041,apodized_d3_m10,1
6,115,1,128.32092127724616,9.090518209282223,-0.0347832466429655,-0.0323206253828843,-0.038607806250222684,-0.04564807206426088,-0.024111330343332463,0.030446514932523386,0.7534207540930783,-0.05171671448088397,-0.04654312229674294,0.02990088253784533,0.04323100286818296,0.017432207788133317,near_d4,8.246427230879574,9.959422282553044,10,9.61980876052,58068750.1893,58068750.1893,1.00000000,0.99851476,0.99980880,apodized_d2_m10,1
6,115,2,129.65628054950716,10.226866531625381,0.0,0.0,0.0,0.0,0.0,0.0,0.8302706556488384,0.07852986530871295,0.0,0.0,0.0,0.0,strict_d4,9.392935579359504,11.060797483891259,8,9.52077904127,66135677.9601,66135677.9601,1.00000000,0.99863504,0.99991673,apodized_d2_m10,1
6,115,3,128.72406216464077,10.726915678718584,0.0,0.0,0.0,0.0,0.0,0.0,0.8202301490166013,0.16735987581708944,0.0,0.0,0.0,0.0,strict_d4,9.889813451652282,11.564017905784885,8,9.58856391706,57319112.4673,57319112.4673,1.00000000,0.99875976,0.99982018,apodized_d3_m10,1
6,115,4,129.5902131428945,9.228725821201719,0.0,0.0,0.0,0.0,0.0,0.0,0.7162389383888749,0.12714016642017212,0.0,0.0,0.0,0.0,strict_d4,8.50129050345999,9.956161138943449,10,9.52377606025,61129607.4575,61129607.4575,1.00000000,0.99874805,0.99986093,apodized_d3_m10,1
6,115,5,127.5085043438128,9.5575410144984,0.0,0.0,0.10982976147968433,0.14269816606835042,0.0,0.0,0.8484384364363929,-0.19828927475141067,0.0,0.0,0.005014049680493004,0.0041717545323541475,d2,8.536569412141338,10.52896426460116,10,9.68355514607,62265183.6923,62265183.6923,1.00000000,0.99808524,0.99951727,apodized_d2_m10,1
6,115,6,122.4496361697649,8.967060028721198,0.0,0.0,0.0,0.0,0.0,0.0,0.7954764498547874,0.10812642302778624,0.0,0.0,0.0,0.0,strict_d4,8.1642768114056,9.769843246036796,10,10.0832142636,61554045.8407,61554045.8407,1.00000000,0.99828794,0.99990313,apodized_d2_m10,1
6,116,1,124.32985310846628,10.015804821658934,0.0,0.0,-0.5296821433437969,-0.12801155436650438,0.0,0.0,0.7415504305292459,-0.0874238351284678,0.0,0.0,-0.017084303200491216,-0.019170592013935853,d2,9.092746288206358,11.304121698732468,9,9.92578242517,59681258.9361,59681258.9361,1.00000000,0.99826251,0.99856349,apodized_d3_m10,1
6,116,2,129.50575581810688,8.386294088296772,0.054298475965934824,0.0252825289430924,0.019295805265659237,-0.030205933881645518,0.005837521812469224,-0.03550585765536593,0.6666809851772126,-0.021844736130304198,0.001351639945840787,0.02511877706362471,-0.0003131165178622022,0.012796447203880634,near_d4,7.667920445058308,9.133445399946025,8,9.53005264668,58499540.7022,58499540.7022,1.00000000,0.99871142,0.99990586,apodized_d3_m10,1
6,116,3,126.63025443048069,10.853747517478894,0.0,0.0,-0.024598471646684605,0.2601251589943231,0.0,0.0,0.4435781673389652,-0.16148813917226396,0.0,0.0,-0.04959617519453938,0.00888105207323954,d2,10.111542085349981,11.45107683679957,9,9.73580978878,38188360.0511,38188360.0511,1.00000000,0.99952992,0.99873363,apodized_d3_m10,1
6,116,4,128.6231005348409,8.91432758114286,0.0,0.0,0.0,0.0,0.0,0.0,0.834129737996518,-0.09257364959930346,0.0,0.0,0.0,0.0,strict_d4,8.075090711795829,9.753564450489892,10,9.60079350322,62850702.3991,62850702.3991,1.00000000,0.99808414,0.99992941,apodized_d1_m10,1
6,116,5,124.07595656691899,8.671359886636486,0.027921963220548966,0.03650367254704259,-0.06554883823783364,-0.01422039210874319,0.006866989319998793,0.012203450076468003,0.734308385542678,-0.16386896861856784,0.016079712643253023,0.04335740700343989,-0.03332843130158069,-0.012337003123016525,near_d4,7.90333124520237,9.586529231420961,10,9.94944563902,54196562.7836,54196562.7836,1.00000000,0.99836702,0.99966977,apodized_d2_m10,1
6,116,6,129.71086256479285,9.421717574790497,0.0,0.0,0.0,0.0,0.0,0.0,0.67642557040252,-0.019335987820278615,0.0,0.0,0.0,0.0,strict_d4,8.745029248325887,10.098405901255108,10,9.51296857421,61662111.2576,61662111.2576,1.00000000,0.99902034,0.99999497,apodized_d3_m10,1
6,117,1,128.4590357831257,9.248764510820026,0.0,0.0,0.0,0.0,0.0,0.0,0.8533672788842821,-0.1752490191307884,0.0,0.0,0.0,0.0,strict_d4,8.377609034552993,10.119919987087059,10,9.61288471007,60819195.5445,60819195.5445,1.00000000,0.99805803,0.99977185,apodized_d1_m10,1
6,117,2,128.82108680278023,9.082617778056106,0.0,0.0,0.0,0.0,0.0,0.0,0.7358601337252392,-0.2500706218652025,0.0,0.0,0.0,0.0,strict_d4,8.305497130844635,9.859738425267576,10,9.58191163471,56890263.2836,56890263.2836,1.00000000,0.99843625,0.99948031,apodized_d2_m10,1
6,117,3,129.81328144171772,9.862610040196035,-0.00542371570332667,0.0026642618183188756,-0.0071622790723221315,-0.01960725623372752,0.020586561812188764,0.0016774378014018105,0.72361388234256,0.12382033438707778,-0.003544307916368261,0.013575258705514313,-0.007486667391144894,-0.001307594728113392,near_d4,9.081941555771555,10.631389945954794,8,9.50637314899,52000752.7335,52000752.7335,1.00000000,0.99886176,0.99978963,apodized_d3_m10,1
6,117,4,126.57999543913476,8.725869201586878,0.011956030913116514,0.01743713415492259,-0.013886838240170288,-0.05175534576437893,0.04028917196923132,0.01532741999246434,0.594362395891768,0.05721265704911471,0.0067937910634771545,-0.017963155651847536,-0.02279875285093298,0.005223868359634183,near_d4,8.058758425797176,9.375046087400175,10,9.7466745923,57734546.1596,57734546.1596,1.00000000,0.99910422,0.99990558,apodized_d3_m10,1
6,117,5,128.61925202067692,10.262147701778964,0.839538845817251,-1.9178902269739313,-0.06711187153868114,-0.7062807529197701,0.3059788955685032,-0.026262673897253785,0.722213969643684,-0.302098906391707,-0.14149073646960025,-0.12172991347275408,-0.09387226411205357,0.05763186906008716,novel,7.851386616665524,13.179552025808567,8,9.59576599249,17257572.5665,17257572.5665,1.00000000,0.98752839,0.97708631,apodized_d3_m10,1
6,118,1,124.03274298008644,8.620694498366078,-0.8924914578338516,1.3851160916364225,-0.5715802326830888,-0.48717329893531147,0.026573808682086142,-0.2787608469901227,0.31474018117874647,0.045860147562200027,-0.4185467726101708,0.08663118521965463,-0.009512538153361727,-0.062210858556280335,novel,7.068032239313341,11.84044462025551,10,9.93405131429,20605573.2623,20605573.2623,1.00000000,0.98962657,0.97889581,width2_d1_m8,1
6,118,2,128.76476103686065,9.613528857046859,0.0,0.0,0.0,0.0,0.0,0.0,0.8427029985896355,0.0633675468538317,0.0,0.0,0.0,0.0,strict_d4,8.768458343989344,10.458599370104373,10,9.58853538313,67173243.3792,67173243.3792,1.00000000,0.99836513,0.99996624,apodized_d2_m10,1
6,118,3,129.75465654333627,8.771247321418327,0.0,0.0,0.0,0.0,0.0,0.0,0.6533223388749607,-7.582480565425235e-05,0.0,0.0,0.0,0.0,strict_d4,8.117924982543366,9.424569660293288,8,9.51025125601,62205388.661,62205388.661,1.00000000,0.99892711,0.99999479,apodized_d3_m10,1
6,118,4,129.41466183625215,11.154545597571852,0.0,0.0,-0.028601058734635063,-0.2939058620728554,0.0,0.0,0.8065921977967642,-0.23212181686015293,0.0,0.0,-0.015837436058950022,0.0010826794952135392,d2,10.02522142176492,12.009974372689896,9,9.53652644777,48861458.6244,48861458.6244,1.00000000,0.99862567,0.99927142,apodized_d3_m10,1
6,118,5,127.83695587688297,9.08804850964896,-0.04068483257622388,9.779369389582115e-05,-0.00855038628445281,-0.011148139657568142,-0.03148006468557689,-0.012675859495106375,0.7060048483053518,-0.032045403371797815,-0.027279432923558677,0.012595423360645822,-0.03285896083765673,-0.030283500805841967,near_d4,8.328398291292535,9.861721039892346,10,9.65436425067,58762435.5759,58762435.5759,1.00000000,0.99876474,0.99989766,apodized_d3_m10,1
6,118,6,128.3273828318278,9.097797150284045,0.0,0.0,0.0,0.0,0.0,0.0,0.9427643023530002,-0.038979666677148125,0.0,0.0,0.0,0.0,strict_d4,8.154246783722735,10.041347516845354,10,9.62666897544,62047691.1709,62047691.1709,1.00000000,0.99758660,0.99989251,apodized_d1_m10,1
6,119,1,128.99650232032403,9.45743464740244,0.0,0.0,0.0,0.0,0.0,0.0,0.741034613737486,0.01031730804370557,0.0,0.0,0.0,0.0,strict_d4,8.716400033664954,10.198469261139927,10,9.5679200652,63422264.4607,63422264.4607,1.00000000,0.99877624,0.99997391,apodized_d3_m10,1
6,119,2,128.12151665376862,8.774986586084434,0.0,0.0,0.0,0.0,0.0,0.0,0.6774226403606601,0.04920132385173842,0.0,0.0,0.0,0.0,strict_d4,8.09578200237311,9.45419116979576,10,9.63245986051,61985952.717,61985952.717,1.00000000,0.99881598,0.99996431,apodized_d3_m10,1
6,119,3,125.46745828402796,9.070116345146472,0.0,0.0,0.0,0.0,0.0,0.0,0.9008941105317481,0.08642843474985315,0.0,0.0,0.0,0.0,strict_d4,8.165123195347293,9.97510949494565,10,9.84460226141,62384501.8471,62384501.8471,1.00000000,0.99778650,0.99990009,apodized_d1_m10,1
6,119,4,129.46609848869332,8.728783839568061,0.04097402724650108,-0.024533041116312063,0.022015674272767138,0.04291358866350825,-0.022156286708418342,0.0604601997615674,0.7968194149863387,-0.0018242338539981905,0.0028943221138086356,-0.035833620603225265,-0.05664746231195483,0.01296151172458681,near_d4,7.863369863187098,9.681061904074692,8,9.53742199381,56839933.4991,56839933.4991,1.00000000,0.99815454,0.99984396,apodized_d1_m10,1
6,119,5,129.13416889994036,8.962918666397316,-0.012725772423173222,0.008333521390728562,-0.026027701900985575,0.020376446892118788,0.0033893186271338523,-0.0087422699090119,0.9384625770617091,-0.029483075922571548,-0.004156654933681894,0.010287956147424454,-0.004008908184094112,-0.01042811936949953,near_d4,7.992545124648192,9.958781600991271,9,9.56679225493,61919457.2046,61919457.2046,1.00000000,0.99753155,0.99986892,apodized_d1_m10,1
6,119,6,129.68568109664022,8.914394565746651,0.0,0.0,0.5893334683972153,0.10900443799350192,0.0,0.0,0.5726919906064329,0.15192235407440824,0.0,0.0,0.008965580806804903,0.0034088542475158097,d2,8.221806810482464,10.115122488656848,8,9.51142361743,53574169.8251,53574169.8251,1.00000000,0.99820204,0.99770089,apodized_d3_m10,1
6,120,1,127.3496490337292,9.18009990346111,-0.003631585508715819,0.010628897459302433,-0.016192031623943184,0.00902167817343492,-0.027322989148925284,0.015994738560051732,0.9305763807834706,0.005236284844351359,-0.037261540795144314,-0.0017469000415499551,0.006962068768226933,0.011748431557232802,near_d4,8.182992146463114,10.169662436841651,10,9.69979691236,61632193.1265,61632193.1265,1.00000000,0.99769225,0.99990217,apodized_d1_m10,1
6,120,2,128.45288403614316,10.457591576631366,-0.014340872075200914,-0.0070290315959065115,-0.000658421294165284,0.009148215942204304,-0.027822856365650107,0.01234171711018878,0.8209457743710882,0.16371448665266702,0.005340712586382235,-0.011101951478844215,-0.017991595229280375,0.005794688697879229,near_d4,9.596193658219702,11.344571822762749,8,9.60932027795,61937997.4609,61937997.4609,1.00000000,0.99867046,0.99978755,apodized_d3_m10,1
6,120,3,128.78268292078513,10.766182866461085,0.0,0.0,0.0,0.0,0.0,0.0,0.7878646442758749,-0.10450351241246565,0.0,0.0,0.0,0.0,strict_d4,9.97144158886059,11.56092414406158,8,9.58301116322,58851806.8943,58851806.8943,1.00000000,0.99893711,0.99993319,apodized_d3_m10,1
6,120,4,127.22501664786746,9.194549958525144,0.0,0.0,-0.0935220073399703,-0.018180013512585223,0.0,0.0,0.8558210873869939,0.17530841690731389,0.0,0.0,0.003297388340868526,0.047614197769997126,d2,8.265159336936485,10.147877955131712,10,9.70649100597,56411837.6366,56411837.6366,1.00000000,0.99795973,0.99965121,apodized_d1_m10,1
6,120,5,123.06745858153552,8.55965693330094,0.0,0.0,0.0,0.0,0.0,0.0,0.7691986808498593,-0.05799054203596811,0.0,0.0,0.0,0.0,strict_d4,7.7882867660549,9.331027100546978,10,10.0327505613,59364325.7273,59364325.7273,1.00000000,0.99827699,0.99996952,apodized_d1_m10,1
6,121,1,129.9193290859799,10.302537641023253,0.014964429611730357,0.015049253220154287,0.03563503272331368,0.04009382124845899,0.006300042841327862,0.008511757651946209,0.9163069689741992,-0.018135728858328513,0.02269560958981137,0.011815947604564999,0.04558744789346877,-0.021852841065419883,near_d4,9.304382466065716,11.344027172657105,8,9.50432471626,58996428.4037,58996428.4037,1.00000000,0.99825575,0.99989094,apodized_d1_m10,1
6,121,2,125.14120918277617,9.260113266711436,0.04666517449194085,-0.08438783863997405,-0.03336239994098763,0.0927099449721767,0.04857344030545758,0.048256116742635725,0.9288919004968089,-0.0668465909481544,0.055791117530445085,-0.0010367418181795208,0.004954898700092587,0.013437699698539049,near_d4,8.235965394107772,10.355082363690011,10,9.87077911903,59168287.4829,59168287.4829,1.00000000,0.99764313,0.99971656,apodized_d1_m10,1
6,121,3,129.54133880355138,10.063536478258781,-0.03293377838560224,0.062473911323094634,0.03770320068933161,-0.05457520973277561,0.015482170572118283,-0.08443177208732867,0.7611497861648323,-0.005038253676531385,0.02801653970963078,-0.06323599650971823,-0.013113994827163909,0.010745497754610575,near_d4,9.20597928491082,10.88376674546215,8,9.5272757764,59896716.8408,59896716.8408,1.00000000,0.99879445,0.99982216,apodized_d3_m10,1
6,121,4,126.6891436781385,8.802213813687821,0.0,0.0,0.0,0.0,0.0,0.0,0.7298794148379677,-0.007333669046992329,0.0,0.0,0.0,0.0,strict_d4,8.072334398849854,9.532093228525788,10,9.74348247736,63274438.5862,63274438.5862,1.00000000,0.99859613,0.99997120,apodized_d2_m10,1
6,121,5,129.44934167516388,9.071734729055398,0.0,0.0,0.0,0.0,0.0,0.0,0.6539113912220663,-0.1512493226611048,0.0,0.0,0.0,0.0,strict_d4,8.400656777943096,9.7428126801677,10,9.53218572995,58499104.1039,58499104.1039,1.00000000,0.99892527,0.99982454,apodized_d3_m10,1
6,121,6,123.28863166943428,8.978761221380415,-0.025324150572545726,-0.014378134142439146,-0.016047938286017388,-0.00029193454090258746,-0.011956662369040964,-0.026814408224970204,0.7253362881498541,0.0930934641522579,0.019060943291913112,-0.009388779194607566,-0.0002639261383424321,0.008625769838557165,near_d4,8.198233138121969,9.725437288129344,10,10.0116723263,59742740.8399,59742740.8399,1.00000000,0.99863425,0.99986338,apodized_d3_m10,1
6,122,1,128.28775037565913,8.969959804445937,0.0,0.0,0.0,0.0,0.0,0.0,0.77959704375061,0.1317513979012723,0.0,0.0,0.0,0.0,strict_d4,8.179328201384312,9.760591407507562,10,9.62357206447,61715176.0468,61715176.0468,1.00000000,0.99835670,0.99985943,apodized_d2_m10,1
6,122,2,128.62088530198554,9.336266937035049,0.0,0.0,0.0,0.0,0.0,0.0,0.7381872167126102,0.15157790669767146,0.0,0.0,0.0,0.0,strict_d4,8.582696063243114,10.089837810826983,10,9.59615496275,60586876.58,60586876.58,1.00000000,0.99866573,0.99980232,apodized_d3_m10,1
6,122,3,127.15717553654808,10.23949986405559,0.0,0.0,0.0,0.0,0.0,0.0,0.8457437644492822,0.1806309510764616,0.0,0.0,0.0,0.0,strict_d4,9.374682343571621,11.104317384539561,8,9.70860157479,65178286.2616,65178286.2616,1.00000000,0.99848767,0.99976184,apodized_d2_m10,1
6,122,4,126.55441628788243,9.3629297405749,0.0,0.0,0.0,0.0,0.0,0.0,0.780059627589541,-0.11077830612678549,0.0,0.0,0.0,0.0,strict_d4,8.575044239275769,10.150815241874032,10,9.75443757955,62531134.256,62531134.256,1.00000000,0.99852737,0.99988505,apodized_d2_m10,1
6,122,5,128.2957574495918,8.661402268439842,-0.218028614400803,1.3998260936295246,0.5419422179305087,0.10616218314628378,0.1386971152228138,0.1155025143041235,0.640334242751202,-0.108566185788747,0.050390368135475705,0.45411899152906554,-0.05653133873068572,0.09901786226987802,novel,6.743309422616704,10.571247497194044,8,9.61801183519,24265771.4897,24265771.4897,1.00000000,0.98903765,0.97983478,apodized_d3_m10,1
6,122,6,127.98874748017528,9.072250489980625,0.0,0.0,0.0,0.0,0.0,0.0,0.7939836949440893,0.18533202183855757,0.0,0.0,0.0,0.0,strict_d4,8.257015630005048,9.887485349956203,10,9.64640591628,59763584.1363,59763584.1363,1.00000000,0.99826391,0.99973394,apodized_d2_m10,1
6,123,1,129.03786620918495,8.79088897427364,0.0,0.0,-0.029029976647438453,0.06042864827565853,0.0,0.0,0.5455813947247922,0.29804672838019475,0.0,0.0,0.023717391564648384,0.022149512271126638,d2,8.101147400897291,9.432590256649888,8,9.55925651121,47981116.8023,47981116.8023,1.00000000,0.99894489,0.99916269,apodized_d3_m10,1
6,123,2,129.4125867561034,8.968439673827799,0.0,0.0,0.0,0.0,0.0,0.0,0.7717934164946075,-0.11848907043908455,0.0,0.0,0.0,0.0,strict_d4,8.18766680644534,9.749212541210257,8,9.53957041293,62778688.81,62778688.81,1.00000000,0.99840872,0.99988222,apodized_d2_m10,1
6,123,3,122.84332649816996,10.7085230448936,0.0,0.0,0.7767072233265125,-0.047032500744478796,0.0,0.0,0.4910998464448703,0.23278703449770763,0.0,0.0,0.007160117793095497,-0.023176582837833963,d2,9.837089705782912,12.004916154564869,10,10.0368726898,39526354.8798,39526354.8798,1.00000000,0.99829892,0.99644951,apodized_d3_m10,1
6,123,4,128.27834348267126,9.078899016029743,0.01652596611747468,0.0010613236337335217,0.00028598792441422266,0.020419941661902336,-0.006458895541216444,-0.003889062439226783,0.9293536721614599,0.12011534639546995,-0.009898325780833574,-0.011453369043197506,-0.012195444154035295,0.01884292629915892,near_d4,8.111578016184374,10.029756852401778,10,9.62994143556,59914666.6255,59914666.6255,1.00000000,0.99759747,0.99979453,apodized_d1_m10,1
6,123,5,129.01150110147626,8.448904772677462,0.0,0.0,-0.41499141828039937,0.1961092902270963,0.0,0.0,0.365160307580993,0.2152827146123462,0.0,0.0,-0.0357117280664705,-0.025387329176141296,d2,7.721692930995903,9.285869203723308,8,9.55428264944,41522840.6346,41522840.6346,1.00000000,0.99880037,0.99750749,apodized_d3_m10,1
6,124,1,124.48165967725714,8.322169427502196,0.0012164270582308775,0.014137892935525807,0.004147136429460112,-0.02259869627872718,0.01947107673797187,0.0020473690738659145,0.6002596278271839,-0.011785436261934424,0.008232080721128328,0.01696815869849869,0.0016567779181160692,0.01010858124518273,near_d4,7.669919983915352,8.957409880601176,10,9.91211707522,56559671.8763,56559671.8763,1.00000000,0.99900238,0.99998201,apodized_d3_m10,1
6,124,2,124.15302975538998,8.496946976359158,-0.0031565174524912144,-0.0009728277103887306,-0.009088428751266581,0.01693359900860482,0.009830339700730054,0.004295466193396134,0.45356640537952303,-0.07453986710887954,-0.010006746107730237,-0.01087125772736879,0.002265308258332333,0.0033703920968966984,near_d4,8.009471132204691,8.985806590325637,10,9.93196443827,51599921.9891,51599921.9891,1.00000000,0.99953046,0.99972366,apodized_d3_m10,1
6,124,3,124.06957507720246,8.627805604464871,0.0,0.0,0.0,0.0,0.0,0.0,0.6778279385669305,0.007617447713968851,0.0,0.0,0.0,0.0,strict_d4,7.949977665897941,9.305633543031801,10,9.94753871856,61820560.9632,61820560.9632,1.00000000,0.99877205,0.99997492,apodized_d3_m10,1
6,124,4,128.5146807496494,9.575086261003177,-0.026855410596878286,0.026564098548652947,-0.024913003600972778,0.0047931316400330265,-0.008252994331587738,0.04233234480114653,0.7976973003556251,0.14885607003636417,-0.0070503941089765714,-0.02073556150578655,0.012075774130244347,0.0023623159585507074,near_d4,8.683624858414294,10.432693317935284,10,9.60573056327,60035633.7995,60035633.7995,1.00000000,0.99846481,0.99976199,apodized_d2_m10,1
6,124,5,128.76008839242996,8.733753615673699,0.0,0.0,-0.0912501987398471,0.003081898132099411,0.0,0.0,0.7803913152037466,0.3350938216462403,0.0,0.0,-0.004616597701781387,-0.0005846288792836589,d2,7.8643683243082645,9.67602403639315,8,9.5893257068,50867499.8156,50867499.8156,1.00000000,0.99784475,0.99904522,apodized_d2_m10,1
6,124,6,128.5440156127814,8.356949070244273,0.7581754107135659,1.6962272758804215,-0.7666081918700294,0.8298366815900142,-0.3419257026554461,-0.27890176139247,0.1453976181432961,-0.3025237216113108,-0.13175333961113855,0.21715856016120527,0.017822020614275458,-0.046362554766403274,novel,6.837367904113485,11.926993111331427,8,9.58098716138,19578368.8498,19578368.8498,1.00000000,0.98686155,0.97371920,width2_d1_m8,1
6,125,1,129.70383056372708,9.394259310474004,0.0,0.0,-0.028030117794458347,-0.03995623433332856,0.0,0.0,0.9389567109601467,-0.3216075360200598,0.0,0.0,-0.036878260666310864,-0.008911622660551137,d2,8.382701630170876,10.437751263315826,10,9.52370341532,53631161.0644,53631161.0644,1.00000000,0.99739118,0.99916739,apodized_d1_m10,1
6,125,2,128.10043402855973,8.599954289789842,0.005636100092110264,0.007205910825839409,-0.00041645271628872255,-0.0036000357629448494,-0.0183047317577693,0.007212913682674618,0.6549513597786454,0.10997761627826924,-0.0015983847219566282,-0.027891004370690642,0.006295243585392325,-0.0012202189561248925,near_d4,7.882698271341053,9.288487755127964,8,9.63369218024,59811784.0232,59811784.0232,1.00000000,0.99880851,0.99987475,apodized_d3_m10,1
6,125,3,124.7136849589904,9.610690911160617,0.0,0.0,0.5383116687670506,0.25311859015798366,0.0,0.0,0.47107459067151386,-0.04950246600383672,0.0,0.0,-0.014362449869861887,0.06711413369753487,d2,8.815156945476522,10.632365139671364,8,9.88650872515,41667604.5643,41667604.5643,1.00000000,0.99865631,0.99754717,apodized_d3_m10,1
6,125,4,128.40783843246018,10.125963698487286,0.0,0.0,0.0,0.0,0.0,0.0,0.838355873382536,-0.06244179659656584,0.0,0.0,0.0,0.0,strict_d4,9.285294298331868,10.966633098642705,8,9.61384238542,65611616.713,65611616.713,1.00000000,0.99857340,0.99994529,apodized_d2_m10,1
6,125,5,129.67903644646466,9.083655356322755,0.0,0.0,0.0,0.0,0.0,0.0,0.8319190730016605,-0.15503582778038205,0.0,0.0,0.0,0.0,strict_d4,8.237453314384842,9.929857398260667,10,9.52204207463,62061621.8186,62061621.8186,1.00000000,0.99811931,0.99981733,apodized_d1_m10,1
6,125,6,129.0224290768724,8.951770319580694,0.0,0.0,0.0,0.0,0.0,0.0,0.6643335330353455,0.07103436433536645,0.0,0.0,0.0,0.0,strict_d4,8.28365096220651,9.619889676954879,10,9.56433482243,61324727.4136,61324727.4136,1.00000000,0.99891662,0.99995678,apodized_d3_m10,1
6,126,1,128.78913415683004,9.438326319208388,0.0,0.0,0.0,0.0,0.0,0.0,0.6922144955631387,-0.0674417266672956,0.0,0.0,0.0,0.0,strict_d4,8.742854267030893,10.133798371385883,10,9.58165629271,61126198.1354,61126198.1354,1.00000000,0.99895011,0.99996509,apodized_d3_m10,1
6,126,2,126.60500140475732,8.890272616696858,-0.00692824033902244,0.021898892293507895,0.02663320021718426,-0.031763423060655556,0.026247062764388093,-0.001844777605618348,0.7707902344226988,-0.022465554758694186,0.013860713577139055,0.005192991548400083,-0.03056592524466597,0.039901895413584756,near_d4,8.024327338295565,9.696220723204544,10,9.75145890526,58171065.9503,58171065.9503,1.00000000,0.99838160,0.99989343,apodized_d2_m10,1
6,126,3,129.3587321805983,8.989790513030613,0.0,0.0,0.0,0.0,0.0,0.0,0.7041934555556986,-0.10117989867884793,0.0,0.0,0.0,0.0,strict_d4,8.278368699523059,9.701212326538167,8,9.54086832711,61951909.5444,61951909.5444,1.00000000,0.99874182,0.99989658,apodized_d3_m10,1
6,126,4,128.58535063820636,9.307249404493076,0.0,0.0,0.0,0.0,0.0,0.0,0.6767128001230139,0.05356030523941693,0.0,0.0,0.0,0.0,strict_d4,8.628448864713535,9.986049944272617,10,9.59655429872,61097174.4815,61097174.4815,1.00000000,0.99897890,0.99997734,apodized_d3_m10,1
6,126,5,127.71834271348273,8.736981903884336,0.0,0.0,0.0,0.0,0.0,0.0,0.6954511633966385,0.11965556839969575,0.0,0.0,0.0,0.0,strict_d4,8.031318234929659,9.442645572839014,10,9.66379977479,61182522.2532,61182522.2532,1.00000000,0.99867475,0.99984989,apodized_d3_m10,1
6,127,1,129.5852999582401,8.702239586436795,0.0,0.0,0.0,0.0,0.0,0.0,0.8645455502046029,-0.07270209673815411,0.0,0.0,0.0,0.0,strict_d4,7.8347285838383245,9.569750589035264,8,9.53140766318,60231790.057,60231790.057,1.00000000,0.99781704,0.99991888,apodized_d1_m10,1
6,127,2,127.48433788319822,9.065688900284758,0.0,0.0,0.0,0.0,0.0,0.0,0.7332181491669212,0.02962460931076838,0.0,0.0,0.0,0.0,strict_d4,8.331883523848465,9.799494276721052,10,9.68215163236,62693980.1393,62693980.1393,1.00000000,0.99867471,0.99994587,apodized_d3_m10,1
6,127,3,126.65333315209,8.571369772358324,0.029153219954845617,0.0033032917357943463,-0.0031933028760918586,-0.028086879840513196,0.030984741630480497,-0.0016237879646482792,0.726901279358881,0.09740233299428153,0.02079781310974932,0.0031073415430834177,-0.015609313670839736,0.03239203007182623,near_d4,7.757983860629907,9.372573326210135,10,9.74686220366,58959299.1953,58959299.1953,1.00000000,0.99845127,0.99984739,apodized_d2_m10,1
6,127,4,129.03997000923636,10.634524427515512,0.0,0.0,0.0,0.0,0.0,0.0,0.8738342654948194,-0.08330825738662266,0.0,0.0,0.0,0.0,strict_d4,9.75676903343573,11.512279821595293,8,9.56688820577,60343315.4169,60343315.4169,1.00000000,0.99858596,0.99992411,apodized_d2_m10,1
6,127,5,128.58040755776446,8.894221241471637,-0.04535034628627317,0.0050585387579574126,-0.005795508749412235,0.005623201842710504,-0.01709795982788399,-0.024459653954756754,0.6347900889720018,0.05673378881107839,0.005152679117883957,0.05011677251036859,0.012832242145088052,0.012903088508180924,near_d4,8.17812250191047,9.602113263455156,10,9.59623829254,58572123.8222,58572123.8222,1.00000000,0.99899680,0.99991668,apodized_d3_m10,1
6,127,6,124.8861554957453,8.74140646767188,0.0,0.0,0.0,0.0,0.0,0.0,0.7883208960665345,0.09369231041484719,0.0,0.0,0.0,0.0,strict_d4,7.9476105627297144,9.535202372614044,10,9.88683060808,62488650.3774,62488650.3774,1.00000000,0.99823956,0.99992714,apodized_d1_m10,1
6,128,1,124.9920088695581,11.069606118032619,0.0,0.0,-0.22785329131225826,0.0250868558217666,0.0,0.0,0.7870155225416036,-0.38867149123738515,0.0,0.0,-0.002703403488565185,-0.005762671861996779,d2,10.162898670320125,12.173557398008088,10,9.87392937367,45274389.4919,45274389.4919,1.00000000,0.99851494,0.99892256,apodized_d3_m10,1
6,128,2,123.75418427200248,9.232666811638147,0.0,0.0,0.0,0.0,0.0,0.0,0.7726076392589994,-0.07932816760992367,0.0,0.0,0.0,0.0,strict_d4,8.455999546412176,10.009334076864118,10,9.97524936034,61777763.097,61777763.097,1.00000000,0.99853149,0.99992948,apodized_d2_m10,1
6,128,3,126.6799623922138,9.041971620271678,0.0,0.0,0.0,0.0,0.0,0.0,0.8112083255109082,0.14314162370916642,0.0,0.0,0.0,0.0,strict_d4,8.218231089895102,9.865712150648253,10,9.74683996766,61292686.0472,61292686.0472,1.00000000,0.99821445,0.99984028,apodized_d1_m10,1
6,128,4,128.72827024126835,10.988843385514636,0.0,0.0,0.019964651269818348,-0.10012178252872432,0.0,0.0,0.7629231287196231,0.39683625700646946,0.0,0.0,0.000995602128028353,-0.0007329848461335026,d2,10.028152185504553,11.854415678036561,9,9.58659440825,45921388.265,45921388.265,1.00000000,0.99862765,0.99903930,apodized_d3_m10,1
6,128,5,126.1247843827057,8.526791868471404,-0.03649061103189309,-0.010096331066958066,0.01748988891728384,0.01595926151481811,0.007719390531269063,0.0279751234507785,0.7155131299807579,0.04966285972824471,0.023723484204794604,0.010602065152173051,-0.017750579987461036,0.002313107357251188,near_d4,7.7418252482626615,9.27189834454751,10,9.78728382416,59153965.769,59153965.769,1.00000000,0.99852727,0.99991963,apodized_d2_m10,1
6,128,6,129.3800021476066,8.621807952759251,0.0,0.0,0.0,0.0,0.0,0.0,0.8259874569483044,-0.035853616027625934,0.0,0.0,0.0,0.0,strict_d4,7.795072391897957,9.448543513620546,8,9.54518773346,59312870.2781,59312870.2781,1.00000000,0.99801329,0.99997749,apodized_d1_m10,1
6,129,1,128.9453368111769,9.683852508896628,0.0,0.0,0.0,0.0,0.0,0.0,0.7759116907403167,0.22426424169431755,0.0,0.0,0.0,0.0,strict_d4,8.876182718572297,10.49152229922096,10,9.5727286937,59670933.1803,59670933.1803,1.00000000,0.99853117,0.99961354,apodized_d3_m10,1
6,129,2,122.15831788480257,11.25503387707186,-0.4817111600460364,1.4095390175004354,0.37274695060980867,0.39026191336635185,-0.32080328590068563,-0.5544666212757011,0.033525911669525676,0.07195953058530313,-0.13250157156992065,0.2936261443454641,-0.038353956859660976,0.022313833966493057,novel,8.672334738883354,13.21874596479593,10,10.0794076679,14632682.4867,14632682.4867,1.00000000,0.99179104,0.98410292,width2_d1_m8,1
6,129,3,127.43470459248721,9.142636667178088,0.004395204342524759,0.00859488102692796,0.024155039186295916,0.052807546355313956,-0.002494893559385094,0.009962069473872069,0.7904476709518972,-0.12433754879905026,-0.0017322451035758708,-0.012201147052923033,0.013919303455276704,0.01841436068189514,near_d4,8.292472069088872,9.974751527784631,10,9.68797278235,60831557.5242,60831557.5242,1.00000000,0.99836416,0.99984078,apodized_d2_m10,1
6,129,4,127.98986921789736,9.164480451096505,0.007516349858079432,-0.002867270314844188,0.005862644813160094,0.010195373632984336,-0.006136850866342208,-0.009031391223694403,0.8811326554288641,-0.041987692835725406,0.012819623464067053,-0.008938559401143978,-0.013743571355833659,-0.022475178171753235,near_d4,8.245582902340365,10.056493789869988,10,9.64938186293,62013238.2836,62013238.2836,1.00000000,0.99796327,0.99994663,apodized_d1_m10,1
6,129,5,127.48764107919638,9.209354494649908,0.0,0.0,0.2710119308679124,0.07457665554266767,0.0,0.0,0.664851188753543,0.450459272367121,0.0,0.0,-0.0034219572446305764,-0.002932141825320088,d2,8.383875179951554,10.288976631370696,10,9.67958916445,43724392.9357,43724392.9357,1.00000000,0.99805800,0.99807770,apodized_d3_m10,1
6,130,1,122.07243672922428,8.792558424065763,0.0,0.0,0.005925729014474602,0.008227492598907624,0.0,0.0,0.2320126977001798,0.17228678798511535,0.0,0.0,-0.02660321232034771,-0.025319923824152116,d2,8.496906697672115,9.109594148621248,10,10.0926226377,34492834.8856,34492834.8856,1.00000000,0.99982429,0.99920651,width2_d1_m8,1
6,130,2,125.45692123195602,8.80593642134226,-0.20305395805276105,-0.7191847388963586,0.865534843304175,0.5502895670160155,-0.2911457050483004,-0.1611350242117765,0.11108697617260344,-0.03792415834994123,0.14041146342774524,-0.20052632630453499,-0.13213644174660055,0.044252707549929104,novel,6.785324173601167,10.858463859179135,10,9.81655320938,18196900.3522,18196900.3522,1.00000000,0.99312028,0.98619660,width2_d1_m8,1
6,130,3,127.92034751161573,9.984258707968998,0.0,0.0,0.0,0.0,0.0,0.0,0.679985166793031,-0.07623440962743086,0.0,0.0,0.0,0.0,strict_d4,9.300029905381209,10.668487510556787,8,9.64537078187,62046049.032,62046049.032,1.00000000,0.99912975,0.99994900,apodized_d3_m10,1
6,130,4,128.81918995900284,9.269833567802625,0.0,0.0,0.0,0.0,0.0,0.0,0.8504032789888326,0.18490154206722506,0.0,0.0,0.0,0.0,strict_d4,8.399570448557528,10.140096687047722,10,9.58584723896,61085946.865,61085946.865,1.00000000,0.99807129,0.99974789,apodized_d1_m10,1
6,130,5,124.04456286032367,8.579522841667734,0.0,0.0,0.0,0.0,0.0,0.0,0.7487660301678406,0.11005075121839195,0.0,0.0,0.0,0.0,strict_d4,7.822727646724085,9.336318036611383,10,9.95272335968,57988477.4799,57988477.4799,1.00000000,0.99835833,0.99989298,apodized_d2_m10,1
6,130,6,129.22386017538295,8.59526279466402,-0.010082049686723178,0.025951974100582455,0.01321932154830696,0.03425329787897245,-0.018492188563597595,0.014258928163931567,0.5252395218276669,0.05699817571211969,0.017167665874985,0.025944000737395338,0.014942156819946486,0.01945060229589042,near_d4,8.02298031562765,9.162686280119203,8,9.54472596769,56352964.2104,56352964.2104,1.00000000,0.99932253,0.99985269,apodized_d3_m10,1
6,131,1,122.82738952825667,8.794202059908397,0.0,0.0,0.0,0.0,0.0,0.0,0.8216281496644019,0.025002509160909063,0.0,0.0,0.0,0.0,strict_d4,7.972201848927106,9.616202270889689,10,10.0538399595,63050395.1188,63050395.1188,1.00000000,0.99811338,0.99999090,apodized_d1_m10,1
6,131,2,128.90876852005627,8.83590556145091,0.0,0.0,0.0,0.0,0.0,0.0,0.7799986454752337,0.10797382593086349,0.0,0.0,0.0,0.0,strict_d4,8.048470756997789,9.62334036590403,8,9.57757221068,62388066.9019,62388066.9019,1.00000000,0.99832027,0.99990497,apodized_d2_m10,1
6,131,3,126.73571515571449,10.057579911196008,0.004790311923196543,0.005270630489337581,0.007271757229106304,-0.006781928096246732,0.01910729320432447,0.014667581902173375,0.7874880018942361,0.06636353978118444,-0.001094424281777841,-0.009013261098898004,0.010004705476839792,0.0003024466530890082,near_d4,9.244811421938186,10.887645572584116,8,9.73911452575,64344014.3226,64344014.3226,1.00000000,0.99875439,0.99993776,apodized_d3_m10,1
6,131,4,129.01768421385205,8.257706311607947,0.0,0.0,0.6283627468778081,0.08586175809518867,0.0,0.0,0.603584564564019,-0.1720510206214993,0.0,0.0,-0.029889682577325705,0.01728406108982837,d2,7.368390675415176,9.46737430041275,7,8.85097714543,103830.591364,103830.591364,1.00000000,0.99979557,0.99698480,width2_d1_m8,1
6,131,5,123.18729235280541,8.989291296450697,0.0,0.0,0.0,0.0,0.0,0.0,0.7481941329421092,-0.04743849073445459,0.0,0.0,0.0,0.0,strict_d4,8.23961058497895,9.738972007922444,10,10.0208262756,61366612.1801,61366612.1801,1.00000000,0.99856849,0.99995579,apodized_d2_m10,1
6,131,6,125.35244362158397,9.246702905487387,-0.03216310269792229,0.010555034009946666,-0.030595251988223195,0.0008662132994078568,0.051900208865621494,-0.01287345079343473,0.9537074348122367,-0.07317703418515163,-0.006020326162633503,0.011555650176833621,-0.00783544633970992,-0.003540580240114661,near_d4,8.23132624807653,10.273825173607774,10,9.85518972935,59708425.8846,59708425.8846,1.00000000,0.99755411,0.99981147,apodized_d1_m10,1
6,132,1,129.95709212818377,8.59624922623543,-0.023181179874384103,-0.00721423140163609,0.01360278808930159,0.015180122217197172,-0.00048347327481809303,0.011354581489135943,0.6468220827054953,0.1338242636039071,-0.0050513790074898654,-0.004926259916543961,-0.003002874813176154,0.0029623802347684878,near_d4,7.9063997720419525,9.298317386008618,8,9.49568331089,60850603.1778,60850603.1778,1.00000000,0.99882203,0.99983562,apodized_d3_m10,1
6,132,2,128.81017506918704,10.426154953496335,0.0,0.0,0.09115993111573448,0.04872192385155882,0.0,0.0,0.5930965693843826,0.01964601741749464,0.0,0.0,0.0033712815985319773,0.024833361044937483,d2,9.808775622234897,11.119011041801043,8,9.57528959482,55307968.7822,55307968.7822,1.00000000,0.99945376,0.99977215,apodized_d3_m10,1
6,132,3,124.58541263973645,8.530244365669065,0.0,0.0,0.0,0.0,0.0,0.0,0.6600810701472005,0.09807862041926534,0.0,0.0,0.0,0.0,strict_d4,7.862937253379893,9.197551477958235,10,9.90595578241,58270563.4877,58270563.4877,1.00000000,0.99877796,0.99990195,apodized_d3_m10,1
6,132,4,125.03153847422982,8.859208288974338,0.040416034003286055,0.0014046573009370799,0.03012890088715071,-0.0073898738862312185,0.0033958063082949056,-0.0015903163298138562,0.8958908842642118,0.0792327644264753,-0.01852106839622976,-0.028982758790157503,-0.009351348757532555,0.03600124894082674,near_d4,7.854472725688482,9.806123830718805,10,9.87945254083,58541839.3972,58541839.3972,1.00000000,0.99766627,0.99981816,apodized_d1_m10,1
6,132,5,128.42994563688924,8.636719396785129,0.0,0.0,0.0,0.0,0.0,0.0,0.7098112598458665,0.06755142206709677,0.0,0.0,0.0,0.0,strict_d4,7.923735510949258,9.349703282621,8,9.61101386895,62808198.8049,62808198.8049,1.00000000,0.99861143,0.99992787,apodized_d2_m10,1
6,133,1,128.66847949880335,9.513640514224434,0.0,0.0,0.0,0.0,0.0,0.0,0.7043176263742398,0.07899861370642138,0.0,0.0,0.0,0.0,strict_d4,8.804923609810436,10.222357418638433,10,9.5909645093,61482865.8659,61482865.8659,1.00000000,0.99891885,0.99995232,apodized_d3_m10,1
6,133,2,125.97382690920078,8.503692108802255,0.0011622837559012156,0.024860167589496093,0.012976646364617752,0.044295807764501996,0.018742174314250862,0.04541874497116008,0.66981167452625,0.0028893401408717377,-0.013913931286064371,0.010864275888389445,-0.03565595797605835,0.010828075754202245,near_d4,7.753905086309395,9.208714682427535,10,9.79719315413,58854250.6481,58854250.6481,1.00000000,0.99872644,0.99989529,apodized_d3_m10,1
6,133,3,124.61190851063589,12.182879017159092,0.0,0.0,-0.433968034241171,-0.5267227277244617,0.0,0.0,0.5337903328513431,0.05553256806973935,0.0,0.0,0.0032433391604662666,-0.006103343879835988,d2,11.107230720401992,13.230450423949952,10,9.89594538917,37630716.612,37630716.612,1.00000000,0.99893625,0.99766661,apodized_d3_m10,1
6,133,4,126.22470460589265,8.60528246540787,0.003074302848530937,0.003291628702983471,0.00990723383035411,-0.0017503792388688486,0.006842364560884889,-0.029001902133012417,0.5844725917687529,0.11152446971575024,0.03367745428530595,0.010334907519293808,-0.01053842580136369,-0.0011154965191994166,near_d4,7.960592118782926,9.24081987744844,10,9.77396986765,57097618.3834,57097618.3834,1.00000000,0.99908808,0.99985868,apodized_d3_m10,1
6,133,5,123.33741926276166,8.92839087958526,-0.07007425515720289,-0.3975331835943783,-0.2211683351464051,-0.08410386766650801,0.2752916387598474,0.2561805439878302,0.4114550710033591,-0.4850807562030022,0.14071534839084032,0.1796231025077223,0.03060272576860673,0.008484236494888109,novel,7.812441526736635,10.307770796878293,10,9.99750123397,22655641.7787,22655641.7787,1.00000000,0.99725412,0.99462146,apodized_d3_m10,1
6,133,6,126.92021746833832,8.961516371003386,0.0,0.0,0.0,0.0,0.0,0.0,0.772443054468358,0.012676034756463722,0.0,0.0,0.0,0.0,strict_d4,8.189073316535028,9.733959425471744,10,9.72701068226,63324866.3388,63324866.3388,1.00000000,0.99845328,0.99998989,apodized_d2_m10,1
6,134,1,128.9862428172358,9.031090056002082,0.0,0.0,0.0,0.0,0.0,0.0,0.6729080220733653,-0.03180208367889606,0.0,0.0,0.0,0.0,strict_d4,8.357482074599913,9.70469803740425,10,9.56714232315,61830534.2341,61830534.2341,1.00000000,0.99892118,0.99998742,apodized_d3_m10,1
6,134,2,128.1777150130357,10.70206879373867,0.0,0.0,0.11127975885538793,0.05167898279870353,0.0,0.0,0.8868919518637276,0.13444964400944556,0.0,0.0,0.013799805969960164,0.00893244758168873,d2,9.766860997215261,11.729835702133022,9,9.63159572394,60652473.7333,60652473.7333,1.00000000,0.99849104,0.99980161,apodized_d2_m10,1
6,134,3,128.0877780277861,10.288318631030343,0.0,0.0,0.0,0.0,0.0,0.0,0.8514238555999359,-0.025715828611163394,0.0,0.0,0.0,0.0,strict_d4,9.43651597036272,11.140121291697966,8,9.63796366606,64200763.4276,64200763.4276,1.00000000,0.99858281,0.99996612,apodized_d2_m10,1
6,134,4,124.65819876955747,8.932055775021198,0.005735889314531059,-0.015196902916898179,0.020161486924941973,0.004463018326752808,0.0005754310828143117,0.007728115624927057,0.6838005157944789,-0.10340586660684652,0.015821998759623285,-0.012687346401583184,0.004712984306219953,-0.013798282996666522,near_d4,8.212390762196708,9.675391600047591,10,9.90014082661,59179980.4305,59179980.4305,1.00000000,0.99879866,0.99988943,apodized_d3_m10,1
6,134,5,127.7354730899491,8.36308817079606,0.0012689206541780758,0.0027579834367325285,-0.0031749844336137864,0.010637135337447303,0.00012448728416011924,0.012989382206704621,0.7380215733893513,-0.01255764534969423,0.01225415642699468,0.02135745737493926,-0.008561005065662512,0.010723668001701566,near_d4,7.613157370325337,9.12551307343046,8,9.66529802642,59982637.2834,59982637.2834,1.00000000,0.99836776,0.99998395,apodized_d2_m10,1
6,134,6,128.7359595553429,8.399920630551646,0.0,0.0,0.0,0.0,0.0,0.0,0.7488544738680769,-0.028678262415473978,0.0,0.0,0.0,0.0,strict_d4,7.650521481671077,9.149319779432215,8,9.59045500483,60828488.6742,60828488.6742,1.00000000,0.99833175,0.99999231,apodized_d2_m10,1
6,135,1,127.86823222639569,8.926222816491897,0.0,0.0,0.0,0.0,0.0,0.0,0.7805942716922325,-0.17390655596769447,0.0,0.0,0.0,0.0,strict_d4,8.126529196394051,9.725916436589744,10,9.65540509414,60818576.0798,60818576.0798,1.00000000,0.99828208,0.99975923,apodized_d2_m10,1
6,135,2,123.92724808749556,9.764464700488638,0.0,0.0,0.43205991666175236,0.049040203795081526,0.0,0.0,0.7715962601413914,-0.26452039794683174,0.0,0.0,0.05227271100488699,-0.014454026933332016,d2,8.831128416603388,11.053978080163455,9,9.96002743374,50308769.5693,50308769.5693,1.00000000,0.99807663,0.99856720,apodized_d3_m10,1
6,135,3,129.1252273285666,9.40505276171205,0.0,0.0,0.0,0.0,0.0,0.0,0.7330258889996125,-0.06787812722289707,0.0,0.0,0.0,0.0,strict_d4,8.668947268902045,10.141158254522054,10,9.55827105529,63002893.5088,63002893.5088,1.00000000,0.99877684,0.99994475,apodized_d3_m10,1
6,135,4,129.56242409436032,8.38311358242519,0.011830635267570748,-0.01185907449471888,-0.00908506921419968,-0.010266617928420572,-0.007757273242371669,0.02386550649174011,0.7279633446432577,-0.015510307815968705,-0.015460039858106437,0.036991855525697406,0.010389330956675012,-0.01729789942211285,near_d4,7.60507794741877,9.131183848887856,8,9.52850238139,57367542.8201,57367542.8201,1.00000000,0.99841914,0.99995598,apodized_d2_m10,1
6,135,5,127.02655495525444,8.981304234712823,0.0,0.0,0.0,0.0,0.0,0.0,0.7344738831869163,0.026027613177564596,0.0,0.0,0.0,0.0,strict_d4,8.24636942257046,9.716239046855186,10,9.7172602463,62677385.2747,62677385.2747,1.00000000,0.99863915,0.99995620,apodized_d2_m10,1
6,136,1,129.81261689481352,9.618873239585556,0.0,0.0,0.0,0.0,0.0,0.0,0.6790172762046008,-6.927569733755835e-05,0.0,0.0,0.0,0.0,strict_d4,8.939855963380955,10.297890515790156,10,9.50521183518,61880661.7433,61880661.7433,1.00000000,0.99906352,0.99999589,apodized_d3_m10,1
6,136,2,124.08264505286128,9.07599554785541,0.0049999823685428465,-0.004691807154983044,-0.016692626656357273,0.01589478669063253,-0.0008228758725892592,-0.005556594196154194,0.6692168643068495,-0.0729556367326203,-0.014174403770474174,0.018647584592133414,0.00321761644145712,0.004446067292955126,near_d4,8.358201342173318,9.781874080547249,10,9.9451064994,59165099.109,59165099.109,1.00000000,0.99892615,0.99994629,apodized_d3_m10,1
6,136,3,127.2940111760417,9.040594306494583,0.0,0.0,0.0,0.0,0.0,0.0,0.6856343447590411,-0.058072257045633666,0.0,0.0,0.0,0.0,strict_d4,8.352579216665648,9.728609396323519,10,9.69483553919,61402605.3686,61402605.3686,1.00000000,0.99886232,0.99996519,apodized_d3_m10,1
6,136,4,125.79871028325563,9.114233891798584,0.0,0.0,-0.35766417502648506,0.009572803971385291,0.0,0.0,0.4670266907164465,-0.04131873718798408,0.0,0.0,0.09845573626863348,0.03290716584034658,d2,8.511306078289277,9.853514196224406,10,9.80204705151,37053832.0501,37053832.0501,1.00000000,0.99905870,0.99858611,apodized_d3_m10,1
6,136,5,122.31746555676402,8.350953341480828,0.0,0.0,0.11760057679667,-0.010810537689146514,0.0,0.0,0.4556433049235985,0.5283624867244324,0.0,0.0,-0.0011378065495493543,0.0006918544892710977,d2,7.59142486320031,9.151830892472788,10,10.0825396322,32604952.7346,32604952.7346,1.00000000,0.99824059,0.99722388,apodized_d3_m10,1
6,136,6,122.6200218792573,8.816518298811085,0.02035780251391818,0.012192985687620572,0.009319622289507706,-0.014640496521211355,-0.030504497894972806,-0.014491218535827749,0.7275966701005948,0.11773473477945161,-0.01969952377686581,-0.03909766150658704,-0.0014864166763739598,-0.019873898436541925,near_d4,8.00069690072563,9.59389378949501,10,10.0668953288,58292292.006,58292292.006,1.00000000,0.99852622,0.99980371,apodized_d2_m10,1
6,137,1,126.64560017332494,11.281861523177387,0.0,0.0,0.27580702458090706,-0.06437085011671995,0.0,0.0,0.6943333510402842,0.030028993702396953,0.0,0.0,-0.013192539879669687,-0.016708713026073428,d2,10.513917319385786,12.239312358919436,10,9.7412490745,48690058.1588,48690058.1588,1.00000000,0.99919520,0.99955938,apodized_d3_m10,1
6,137,2,127.87670087806575,9.261723845004564,0.0,0.0,0.0,0.0,0.0,0.0,0.8794444899485375,0.0651564495686233,0.0,0.0,0.0,0.0,strict_d4,8.379876553469222,10.143571136539906,10,9.65752805596,63877199.1667,63877199.1667,1.00000000,0.99802266,0.99995849,apodized_d1_m10,1
6,137,3,125.2421870581078,9.074074953407594,0.49888950730954296,-0.990338524531641,0.3137472769606313,-1.4155848325163898,-0.1239447151152373,-0.5480783869485992,0.5900656630060934,-0.17659697250267037,-0.11972895714038978,-0.11158995348589956,0.12425808041337832,-0.10600202175392998,novel,6.632581997932544,11.910433971258753,10,9.8580647533,24141896.0038,24141896.0038,1.00000000,0.98822109,0.97907350,apodized_d3_m10,1
6,137,4,129.35321154720918,9.15119341797033,0.0,0.0,0.0,0.0,0.0,0.0,0.7045247282279938,0.0032540174650343384,0.0,0.0,0.0,0.0,strict_d4,8.446668689742335,9.855718146198324,10,9.5409104392,62996424.3611,62996424.3611,1.00000000,0.99883192,0.99998410,apodized_d3_m10,1
6,137,5,124.72059017864012,8.921468372411587,0.0,0.0,0.0,0.0,0.0,0.0,0.7960362670764319,0.007847077510804865,0.0,0.0,0.0,0.0,strict_d4,8.125432105335156,9.717504639488018,10,9.89965140528,62730970.1524,62730970.1524,1.00000000,0.99831495,0.99999643,apodized_d2_m10,1
6,137,6,127.40532938756805,10.24666414108938,0.015166392106795929,0.04910757355673041,-0.022428432465736097,0.013342409094387574,-0.01044657826211213,-0.014182964014107869,0.698861921841075,0.19496491170232771,-0.011769299909717748,0.01625247080390696,0.028688066684993456,-0.012098064042087612,near_d4,9.466985149097784,11.050202910469123,8,9.68478106271,54150640.7879,54150640.7879,1.00000000,0.99899693,0.99968812,apodized_d3_m10,1
6,138,1,129.4211675534293,8.812555068539666,0.0,0.0,0.0,0.0,0.0,0.0,0.7871752810587761,-0.029751015502097657,0.0,0.0,0.0,0.0,strict_d4,8.024821017925936,9.600289119153397,8,9.53998510235,64549957.9277,64549957.9277,1.00000000,0.99831676,0.99999111,apodized_d2_m10,1
6,138,2,129.79929047031996,8.51178410978338,-0.0031745440181783014,0.0015554977825409215,-0.004871254771633725,0.013334086163983657,-0.0033181289221462236,0.013663586524632357,0.6953316104426007,-0.06330122480259003,0.01573310869142159,-0.014264680176249524,-0.0006146063913093391,-0.004561726831361957,near_d4,7.764932226888429,9.2401161611964,8,9.5093746664,62103225.1878,62103225.1878,1.00000000,0.99863117,0.99991779,apodized_d2_m10,1
6,138,3,123.73609513399704,9.007159667166603,0.0,0.0,0.0,0.0,0.0,0.0,0.693036629912247,-0.13078404357280815,0.0,0.0,0.0,0.0,strict_d4,8.301941410073239,9.712377924259966,10,9.97414826423,58535024.7187,58535024.7187,1.00000000,0.99876526,0.99985220,apodized_d3_m10,1
6,138,4,127.7702126503817,9.056434334972288,0.0,0.0,0.0,0.0,0.0,0.0,0.739749815341313,-0.06229438141011538,0.0,0.0,0.0,0.0,strict_d4,8.314141076620208,9.798727593324367,10,9.66075909165,62662521.1859,62662521.1859,1.00000000,0.99863062,0.99993081,apodized_d2_m10,1
6,138,5,124.95579172158656,9.096668719157316,0.010499897497660731,-0.006194545475474122,0.007849728777486412,0.029819776494655156,-0.02210112773958114,0.012371984251026404,0.9496645105246859,-0.018962773977669704,-0.011421849950607715,-0.003957200293580667,-0.0006859236950357381,0.016300828455901882,near_d4,8.109119332812734,10.076537866525683,10,9.88677634979,60818031.7276,60818031.7276,1.00000000,0.99752566,0.99986406,apodized_d1_m10,1
6,139,1,125.42955146048065,9.33113439949348,-0.9833658194241168,-0.3609404667068745,1.228620323884216,0.303301682439318,0.24175166720873786,-0.3364497522914329,0.8798406815519741,0.19265646751878385,-0.06675691654957594,-0.19158033048178835,0.015638485130956115,-0.03516271977598434,novel,7.433960978010621,12.54687584689595,10,9.84629794594,14248520.8865,14248520.8865,1.00000000,0.99005405,0.98375923,apodized_d1_m10,1
6,139,2,128.84635887814366,9.581185646660009,0.0,0.0,0.0,0.0,0.0,0.0,0.6511343619763865,-0.03156272461706422,0.0,0.0,0.0,0.0,strict_d4,8.92934641494018,10.233024878379837,10,9.57566644815,60066881.5346,60066881.5346,1.00000000,0.99914905,0.99997934,apodized_d3_m10,1
6,139,3,127.90099830842712,9.102211228188477,-0.01258674497600181,0.003551507628365968,0.010680698666140994,0.03568211135989351,-0.009431873012241779,-0.0646583668485163,0.7272439571090015,-0.00759431357867945,0.02303383784357821,-0.04749585302395756,0.01366941419601076,-0.010430228231340032,near_d4,8.318996827669162,9.862746397726022,10,9.65030140438,60465673.8669,60465673.8669,1.00000000,0.99867594,0.99987974,apodized_d3_m10,1
6,139,4,128.99568455330092,10.124990342448541,0.008895385084567177,-0.00692849195976223,-0.009694687206059096,-0.01902329026873047,-0.0009177249081075814,-0.018773490542506863,0.7968134655541311,0.19292024192314092,0.0007385991216190154,-0.007783753770881322,0.01830912414187157,-0.0034536087981779477,near_d4,9.289210370538608,10.952935055529666,8,9.56871674388,58544907.269,58544907.269,1.00000000,0.99862972,0.99971492,apodized_d3_m10,1
6,139,5,124.8776678537332,8.605058520688736,-0.015868915063118456,-0.01777212656306876,0.005130290702016283,-0.022871469808742047,-0.015503555676899967,-0.0003836004296466964,0.7904623475016195,-0.03770407848432866,0.003932942556921815,-0.016313447119384334,-0.00037629054233368587,-0.012410965543950681,near_d4,7.797396820814936,9.428752660574746,10,9.88796410185,60420439.9803,60420439.9803,1.00000000,0.99818685,0.99997249,apodized_d1_m10,1
6,139,6,126.95385028564483,9.03834025102168,0.0,0.0,0.0,0.0,0.0,0.0,0.7069663268500176,0.18852834455248849,0.0,0.0,0.0,0.0,strict_d4,8.306764710969663,9.769915791073696,10,9.72176569109,57011982.2457,57011982.2457,1.00000000,0.99864738,0.99970374,apodized_d3_m10,1
6,140,1,127.33776343787002,9.204666238110741,0.0,0.0,0.0,0.0,0.0,0.0,0.848526053355445,0.04424569049577566,0.0,0.0,0.0,0.0,strict_d4,8.355112931571036,10.054219544650447,10,9.69737675997,63836040.866,63836040.866,1.00000000,0.99816683,0.99998361,apodized_d1_m10,1
6,140,2,129.2332463383245,8.214943859914406,0.0,0.0,0.0,0.0,0.0,0.0,0.5791013743686183,0.0234365358910664,0.0,0.0,0.0,0.0,strict_d4,7.63537733514921,8.794510384679603,8,9.54698309011,55321995.7143,55321995.7143,1.00000000,0.99906496,0.99999058,apodized_d3_m10,1
6,140,3,128.7668600470475,9.274536211759267,0.0,0.0,0.0,0.0,0.0,0.0,0.7429214451095656,0.1410289017397816,0.0,0.0,0.0,0.0,strict_d4,8.518412000950851,10.030660422567683,10,9.58557874779,61566487.2214,61566487.2214,1.00000000,0.99863535,0.99981383,apodized_d3_m10,1
6,140,4,129.14890639248205,8.783126254084019,0.007156887889878971,0.01417817810867249,-0.00020637383139687185,-0.021617287369270044,0.004241301563074659,0.015613779023175586,0.9167161499367082,-0.09143439299941762,-0.009858688643800611,0.013553841772594388,-0.002695878040965182,0.0020733063303736646,near_d4,7.814889435872858,9.717466709462828,8,9.56547242971,58762046.7599,58762046.7599,1.00000000,0.99752860,0.99981888,apodized_d1_m10,1
6,140,5,123.39077712033244,9.920670344985353,0.0,0.0,0.2272647117799891,-0.029370402797287178,0.0,0.0,0.5947451601413902,-0.4318323607079692,0.0,0.0,-0.044062500856571686,0.008139055419423705,d2,9.096797661001604,10.848819405341711,9,9.99758126795,39410604.8122,39410604.8122,1.00000000,0.99859318,0.99826746,apodized_d3_m10,1
6,140,6,129.8738802779718,8.559346716312655,0.0,0.0,0.0,0.0,0.0,0.0,0.8428522438832964,0.03676487565090333,0.0,0.0,0.0,0.0,strict_d4,7.71572483958668,9.40296859303863,8,9.50977925334,59100365.5808,59100365.5808,1.00000000,0.99788275,0.99995855,apodized_d1_m10,1
6,141,1,123.1112559718107,9.237239974539404,0.0,0.0,0.20844199342762942,0.05008822412363744,0.0,0.0,0.5613633207513089,-0.15913225750212487,0.0,0.0,0.023045279292803034,-0.0053217016730875465,d2,8.576288608487827,10.04504795717295,10,10.0192039097,51258186.0779,51258186.0779,1.00000000,0.99915366,0.99945693,apodized_d3_m10,1
6,141,2,127.13024469875076,9.024698791244619,0.0,0.0,-0.2512556789544564,0.4520806846381194,0.0,0.0,0.6664819939481288,0.1184462002310916,0.0,0.0,0.004577000813132098,-0.02370689016939654,d2,7.845214081469808,9.941490919493482,10,9.7072774443,54064954.5196,54064954.5196,1.00000000,0.99788390,0.99794656,apodized_d3_m10,1
6,141,3,128.73872750393875,10.273963895046796,0.0,0.0,0.0,0.0,0.0,0.0,0.8265478195972678,-0.053715423894763796,0.0,0.0,0.0,0.0,strict_d4,9.445682505839349,11.102245284254243,8,9.58839636375,64911923.8135,64911923.8135,1.00000000,0.99867488,0.99993529,apodized_d3_m10,1
6,141,4,124.84605170026806,8.782847201263944,0.0,0.0,0.0,0.0,0.0,0.0,0.726566080053351,-0.006176400986473154,0.0,0.0,0.0,0.0,strict_d4,8.056281121210594,9.509413281317295,10,9.88728480147,63113703.8152,63113703.8152,1.00000000,0.99860287,0.99996962,apodized_d2_m10,1
6,141,5,126.508628566422,8.911982136586786,-0.0009155733748480371,0.007984412956367332,-0.004804682600384717,0.0031006638025711446,-0.009090765368230194,-0.0030540167762799207,0.7228242689394833,0.2402632051229472,0.004967190502032981,-0.008938984118406169,0.006696676057140147,0.01238824606820009,near_d4,8.128116425491772,9.690253593803927,10,9.75700833427,55684482.5919,55684482.5919,1.00000000,0.99843849,0.99949314,apodized_d2_m10,1
6,142,1,126.3090377066779,8.975547504807128,0.018580641521045514,0.02389509457655216,-0.017251970898557522,0.008039555207133536,-0.0022973445313403252,0.017789987187987022,0.8727553823468889,0.02368438393731791,0.00494547576179737,-0.058726108731255326,0.0018969118368098324,-0.012818800871345678,near_d4,8.022198318742971,9.9174956590401,10,9.77814774296,61167268.5248,61167268.5248,1.00000000,0.99789654,0.99991417,apodized_d1_m10,1
6,142,2,122.00079856719623,10.984764852019211,0.0,0.0,0.6647161347736693,0.20708911447983705,0.0,0.0,0.6355751418737011,0.08366388380952418,0.0,0.0,-0.04051451020358853,0.009754342443466913,d2,10.080963442401133,12.272803781520281,10,10.1108846899,38255814.2445,38255814.2445,1.00000000,0.99837675,0.99755866,apodized_d3_m10,1
6,142,3,122.63619323969918,8.683512200216983,0.0,0.0,0.0,0.0,0.0,0.0,0.7507780104821254,0.11737893852965108,0.0,0.0,0.0,0.0,strict_d4,7.9237047188606375,9.443319681573328,10,10.0668904665,60978339.8927,60978339.8927,1.00000000,0.99838431,0.99987717,apodized_d2_m10,1
6,142,4,124.76046480278565,8.22769274515431,0.0,0.0,-0.13845081879078203,0.05568743153649731,0.0,0.0,0.5223031998635134,0.1488253552923817,0.0,0.0,-0.05256040483887025,-0.0074090549902028095,d2,7.62467382998624,8.9536737867144,10,9.88700222427,49059390.4921,49059390.4921,1.00000000,0.99909045,0.99954356,apodized_d3_m10,1
6,142,5,125.58436933579023,10.134531343545545,0.0027235982538612344,-0.006611873048372249,0.008138161671376369,-0.0036482958352309254,-0.006774484101801416,-0.006301281887832035,0.6790637214912777,-0.08908220621163367,0.0020708741381742194,0.004914500754034706,-0.014097268734854257,-0.0032682248658982187,near_d4,9.427477258614095,10.82978272623714,9,9.82463894261,59243608.0436,59243608.0436,1.00000000,0.99915610,0.99991979,apodized_d3_m10,1
6,142,6,129.8101966585477,8.804620441738734,0.0,0.0,-0.2148571678358952,0.20644914117972685,0.0,0.0,0.8083752481381677,-0.20566361653003798,0.0,0.0,-0.022822638087046928,-0.008694613807270246,d2,7.771281130709799,9.89788006961526,8,9.51245740721,58284078.4617,58284078.4617,1.00000000,0.99775316,0.99909590,apodized_d1_m10,1
6,143,1,128.44046364147349,10.61610438047071,0.8752940360374288,-1.0595829586290357,0.32637610104052395,-0.26064613785896507,-0.33319071417096124,0.19004909223683186,0.3269118952871799,-0.10774802754598056,0.2416896752914538,0.26129471750953603,0.0011570224541242458,0.009634185604450562,novel,8.372871336278623,12.488914090657605,8,9.5971529798,23755354.4884,23755354.4884,1.00000000,0.99406035,0.98760824,width2_d1_m8,1
6,143,2,129.37130412982066,9.114515488193152,0.0,0.0,0.0,0.0,0.0,0.0,0.7417618067021832,-0.0881758347022618,0.0,0.0,0.0,0.0,strict_d4,8.367600245781134,9.861430730605171,10,9.54110678971,63067435.6362,63067435.6362,1.00000000,0.99862915,0.99989873,apodized_d2_m10,1
6,143,3,129.56939366185216,8.752485929367582,0.0,0.0,0.0,0.0,0.0,0.0,0.7456954820065766,-0.07576394777524074,0.0,0.0,0.0,0.0,strict_d4,8.002955956202806,9.502015902532358,8,9.52762125568,63367166.5598,63367166.5598,1.00000000,0.99848048,0.99994073,apodized_d2_m10,1
6,143,4,123.48127648395766,8.925446428539676,0.006705823514641554,0.017306172974377778,-0.0016646852502749945,0.005547556473933102,-0.013717853059276754,0.03891567420758562,0.5893954830863796,0.022084048791348582,0.019868110442242105,-0.011110404446063238,0.0025223442909055416,-0.009129041507738713,near_d4,8.271675751584562,9.550586385175402,10,9.99075775084,56046288.754,56046288.754,1.00000000,0.99919870,0.99994479,apodized_d3_m10,1
6,143,5,129.57151081672774,8.569597981639562,0.0,0.0,0.0,0.0,0.0,0.0,0.5965156648072665,0.026587372144630705,0.0,0.0,0.0,0.0,strict_d4,7.9725178121514935,9.166678151127632,8,9.52190490266,61125616.3174,61125616.3174,1.00000000,0.99909373,0.99998752,apodized_d3_m10,1
6,143,6,129.89131828631426,8.80517498773786,0.0,0.0,0.0,0.0,0.0,0.0,0.7321655847449414,0.13697855430830813,0.0,0.0,0.0,0.0,strict_d4,8.060346567057236,9.550003408418485,8,9.50336078902,61807813.9565,61807813.9565,1.00000000,0.99851498,0.99982426,apodized_d2_m10,1
6,144,1,123.94076876537213,8.900935795625557,0.0,0.0,0.0,0.0,0.0,0.0,0.8489178150094575,0.05348625682202893,0.0,0.0,0.0,0.0,strict_d4,8.050354889077326,9.751516702173788,10,9.96424708074,61718666.4618,61718666.4618,1.00000000,0.99800800,0.99996557,apodized_d1_m10,1
6,144,2,129.17249068244286,8.769304976583616,0.0,0.0,0.0,0.0,0.0,0.0,0.8848982161116431,0.1267136376331086,0.0,0.0,0.0,0.0,strict_d4,7.875383399198548,9.663226553968682,8,9.56253300758,59247875.5087,59247875.5087,1.00000000,0.99768978,0.99981635,apodized_d1_m10,1
6,144,3,129.87415110965713,9.559748634401018,0.027544452456986848,0.007824267515286304,-0.017205338937611312,0.013401047684346355,-0.027968268127899397,-0.01299147989154825,0.7985459184860249,0.061902614086471346,-0.022349821454354404,-0.0038877340752562143,-0.012908667558385822,0.01203373586801185,near_d4,8.700726941674397,10.406127845701777,10,9.50517105492,64039021.592,64039021.592,1.00000000,0.99853423,0.99991760,apodized_d2_m10,1
6,144,4,129.5028689660476,10.47861551980118,0.0,0.0,0.0,0.0,0.0,0.0,0.7853206545381037,0.0786390398901154,0.0,0.0,0.0,0.0,strict_d4,9.689376915985534,11.267854123616825,8,9.53007024963,65445177.1697,65445177.1697,1.00000000,0.99888455,0.99995517,apodized_d3_m10,1
6,144,5,129.40886196931874,8.565386332564005,0.011520165178582812,-0.010026419369126165,-0.01557012560444212,0.006755739193815999,-0.013435169879259627,0.02697752746375396,0.7882364215123292,-0.1021226231966091,-0.0014216200021973842,0.004773913687225015,0.01422660194926026,-0.0010595941006617962,near_d4,7.744170674621189,9.39267874352303,8,9.54171732443,58893323.5526,58893323.5526,1.00000000,0.99814944,0.99989577,apodized_d1_m10,1
6,145,1,125.16961327081074,9.048127780378712,0.0,0.0,0.22196091810541846,-0.004631518659600607,0.0,0.0,0.36640595842964413,-0.17696237636638942,0.0,0.0,-0.00026904867304651563,-0.0007270193475743815,d2,8.581535895313843,9.673116514948164,10,9.84735627334,42359519.8771,42359519.8771,1.00000000,0.99954941,0.99881295,apodized_d3_m10,1
6,145,2,128.2747753288988,8.401310342391405,0.0,0.0,0.0,0.0,0.0,0.0,0.7233351632683644,0.05117316757978754,0.0,0.0,0.0,0.0,strict_d4,7.67616752750538,9.12645315727743,8,9.62385954818,55945744.5154,55945744.5154,1.00000000,0.99845763,0.99996935,apodized_d2_m10,1
6,145,3,127.88445091788739,9.24341398005057,0.0,0.0,-0.02176322967691028,-0.054529460288240815,0.0,0.0,0.536010253615882,-0.21397092664376927,0.0,0.0,-0.00019756850733880705,-0.00025752448417990046,d2,8.608922368313735,9.832334799604252,10,9.64430557531,51049212.6207,51049212.6207,1.00000000,0.99926536,0.99950718,apodized_d3_m10,1
6,145,4,125.70894721574793,8.401107506942541,-0.0031007654911923924,-0.013556602209180606,0.0008515986472024846,-0.0013243423033150077,5.724115452409536e-05,-0.0065716052986868655,0.6316102442742888,0.17633039963253916,0.007822262189295687,-0.005534712754619688,-0.00538480654185424,-0.015474495937175075,near_d4,7.731952038510872,9.082457858703638,10,9.81658619961,52231435.2594,52231435.2594,1.00000000,0.99876254,0.99971488,apodized_d3_m10,1
6,145,5,125.93685602749554,8.957072628769359,0.012113520143493022,0.044442563567015536,0.03600158527335715,0.015656909208245362,0.01376743475597602,-0.010547489382427182,0.5407435958011887,-0.01992783669190406,-0.018607675730020305,0.020345735404358373,0.017544848882362463,0.005276907471384027,near_d4,8.401977092839168,9.559142683377269,10,9.79390696135,54317576.9665,54317576.9665,1.00000000,0.99936082,0.99986706,apodized_d3_m10,1
6,145,6,123.78368075690348,9.168081553069277,-0.010228226335361374,0.0039441166538055706,-0.013009665136536409,-0.023791867085604303,-0.009431262957626306,0.023600348820457518,0.7912030030131441,0.006833634242974872,0.008765235386628026,0.011706600837274959,-0.0002602911511818205,0.00228094642508374,near_d4,8.34636817065045,9.981097330190583,10,9.97372075783,62012883.0576,62012883.0576,1.00000000,0.99843249,0.99997289,apodized_d2_m10,1
6,146,1,127.67098643933471,9.33936090359971,0.0,0.0,0.0,0.0,0.0,0.0,0.7884954809144384,0.06936175072317415,0.0,0.0,0.0,0.0,strict_d4,8.547934606218718,10.130787200980702,10,9.66940852851,63321699.3196,63321699.3196,1.00000000,0.99850828,0.99994679,apodized_d2_m10,1
6,146,2,129.90527613541835,9.075259686484596,0.0,0.0,0.0,0.0,0.0,0.0,0.8072737597452133,-0.09920094707168506,0.0,0.0,0.0,0.0,strict_d4,8.262036156053815,9.888483216915377,8,9.50448985444,63338773.6659,63338773.6659,1.00000000,0.99829529,0.99992270,apodized_d2_m10,1
6,146,3,128.1641719032738,8.690917333342844,-0.054367575937059875,0.6731200505439263,-0.004886338351806518,0.5394565402028559,-0.3110343430430411,-0.23630603282796303,0.5965351610830358,-0.38791589827564366,0.27500622084298576,0.06785638994805754,-0.09994981240244671,0.14770013383244046,novel,7.334705749655094,11.070930356258124,8,9.628271941,23763572.8642,23763572.8642,1.00000000,0.99529147,0.99226005,apodized_d3_m10,1
6,146,4,126.91985886260834,11.031941249699234,0.0,0.0,-0.15737575495867467,-0.1869042985715005,0.0,0.0,0.8206446997213374,0.37834972358490115,0.0,0.0,-0.005559124198653909,0.0075327104342529615,d2,9.965325577877655,12.131160079865662,9,9.72498374987,48407993.1871,48407993.1871,1.00000000,0.99838182,0.99891938,apodized_d3_m10,1
6,146,5,129.5430774559171,10.286791847068397,0.0,0.0,0.0,0.0,0.0,0.0,0.9118911484329985,-0.09162931071142438,0.0,0.0,0.0,0.0,strict_d4,9.370318262720321,11.203265431416472,8,9.53174055193,64543969.6355,64543969.6355,1.00000000,0.99829421,0.99994134,apodized_d1_m10,1
6,146,6,128.47506578896275,8.67661866677896,0.0,0.0,0.0,0.0,0.0,0.0,0.7534880012539402,0.06473795231502402,0.0,0.0,0.0,0.0,strict_d4,7.920450233154988,9.432787100402932,8,9.60930573675,63604543.5493,63604543.5493,1.00000000,0.99841525,0.99995998,apodized_d2_m10,1
6,147,1,128.26946885706147,8.751164145987154,0.0,0.0,0.0,0.0,0.0,0.0,0.8543830668972531,0.0035158360224283956,0.0,0.0,0.0,0.0,strict_d4,7.896781079089901,9.605547212884407,8,9.62862280973,59368001.1572,59368001.1572,1.00000000,0.99792110,0.99997597,apodized_d1_m10,1
6,147,2,124.15807928162981,8.864766919775937,0.0,0.0,0.0,0.0,0.0,0.0,0.8974881305624534,0.06588594061504652,0.0,0.0,0.0,0.0,strict_d4,7.964869054305318,9.764664785246557,10,9.94899701662,60669555.2916,60669555.2916,1.00000000,0.99770053,0.99990199,apodized_d1_m10,1
6,147,3,129.31948815818723,9.313131874980678,-0.010790446643082067,-0.012326616849080258,-0.0031248135582431376,-0.02141598841789338,0.012299822663843668,0.00913516427633584,0.7094171078251482,0.08579369233908989,0.010930129887051148,0.0002116901178806889,0.02802988573161678,-0.003967824731472743,near_d4,8.558461779783242,10.06318680704435,10,9.54329798606,61053393.6536,61053393.6536,1.00000000,0.99882125,0.99990718,apodized_d3_m10,1
6,147,4,128.93863760253612,8.517393310947881,0.015788609541821333,0.033659105529249826,0.02246521318229923,-0.03295289868923251,-0.006067369072095006,-0.050920589285491265,0.675379732545264,0.055595480173959516,0.00544335390338064,-0.02354946662243068,-0.01156035897909605,0.01923699573748762,near_d4,7.759995620040916,9.243452790172594,8,9.57200830682,59055112.5421,59055112.5421,1.00000000,0.99870255,0.99987881,apodized_d3_m10,1
6,147,5,126.47397926365606,8.775513306991614,0.0,0.0,0.0,0.0,0.0,0.0,0.801385678453546,-0.0317180897173157,0.0,0.0,0.0,0.0,strict_d4,7.973508865673167,9.577517748310063,10,9.76305188195,63730655.2945,63730655.2945,1.00000000,0.99822018,0.99999150,apodized_d1_m10,1
6,148,1,128.92068957469183,8.679065308041693,0.0,0.0,0.0,0.0,0.0,0.0,0.8192659192122135,0.0372779276917151,0.0,0.0,0.0,0.0,strict_d4,7.858997482577086,9.4991331335063,8,9.57871630722,61389341.0061,61389341.0061,1.00000000,0.99807904,0.99998292,apodized_d1_m10,1
6,148,2,124.18359777005163,9.206079176845488,0.027318980964094575,-0.06749852684544067,0.3072911665812825,0.14268099726851013,-0.159164624793807,-0.17726323188199866,0.6833736198464948,0.009851758145605682,-0.13624669270122286,-0.07354242044667963,-0.1764783445917385,-0.03994979201659565,novel,7.967303349912862,10.339529769419936,10,9.9392819813,18857321.3672,18857321.3672,1.00000000,0.99748247,0.99710737,apodized_d3_m10,1
6,148,3,128.31292500689986,8.995862382548669,0.0,0.0,0.0,0.0,0.0,0.0,0.69510556764513,-0.02064394307240319,0.0,0.0,0.0,0.0,strict_d4,8.300459791211043,9.691264973886295,10,9.61827159473,62754201.7564,62754201.7564,1.00000000,0.99882005,0.99997980,apodized_d3_m10,1
6,148,4,128.20756720224097,8.899925919255567,0.0,0.0,-0.09424551218991056,-0.011356456524608665,0.0,0.0,0.29259786522017667,0.051113460129541675,0.0,0.0,0.007929865619324489,0.05106998980098425,d2,8.544875575662552,9.279489144363012,10,9.61137102339,39586718.023,39586718.023,1.00000000,0.99983521,0.99907087,width2_d1_m8,1
6,148,5,129.26129257862735,9.082836776121134,0.0,0.0,0.0,0.0,0.0,0.0,0.6877752392457234,0.10214428891691066,0.0,0.0,0.0,0.0,strict_d4,8.387539180791073,9.778134371451195,10,9.54726369505,60895768.9304,60895768.9304,1.00000000,0.99884059,0.99991174,apodized_d3_m10,1
6,148,6,126.91492371656777,9.02821398199895,0.0,0.0,0.0,0.0,0.0,0.0,0.7327521543478215,-0.09363279336471227,0.0,0.0,0.0,0.0,strict_d4,8.289561755042588,9.766866208955314,10,9.72568263176,62015136.0914,62015136.0914,1.00000000,0.99863266,0.99988792,apodized_d2_m10,1
6,149,1,127.88374635601986,8.568991919804933,0.016030444586080703,0.042727560691526494,0.013367663203118161,0.008891579474057708,0.006280327775439356,0.011461012782160966,0.7120175421058703,-0.0007900622563215738,0.005123224451302951,-0.006714481243052033,0.0019381711289127121,-0.010895689631685739,near_d4,7.7973816729559635,9.323749293055657,8,9.652331432,63042652.8566,63042652.8566,1.00000000,0.99858159,0.99995091,apodized_d2_m10,1
6,149,2,129.08598616975252,9.175541101096123,0.0,0.0,0.0,0.0,0.0,0.0,0.6683449597914355,-0.11767041628207704,0.0,0.0,0.0,0.0,strict_d4,8.496916549654191,9.854165652538054,10,9.55929395033,59968046.3626,59968046.3626,1.00000000,0.99893337,0.99989476,apodized_d3_m10,1
6,149,3,129.97879145084607,9.861678631193584,0.0,0.0,0.0,0.0,0.0,0.0,0.8286715768666844,0.0695414191246238,0.0,0.0,0.0,0.0,strict_d4,9.030174692461964,10.693182569925204,8,9.49784052978,67078889.4125,67078889.4125,1.00000000,0.99852180,0.99994652,apodized_d2_m10,1
6,149,4,127.27998142540108,8.617434635276862,0.004169870653683484,9.206791186825133e-05,0.0030936847661400973,-0.019285218649175217,-0.014038731649343394,0.0034278870528221556,0.6608309094544373,-0.10823498976163187,0.003317180615555107,-0.003033111627246566,-0.00362583509840363,0.006073631207675409,near_d4,7.9101282818266245,9.293018453577673,10,9.69596424962,59821663.3355,59821663.3355,1.00000000,0.99879370,0.99988324,apodized_d3_m10,1
6,149,5,125.92558553812958,8.651654078352406,0.013981854194320997,-0.00014945877839742488,-0.01091761827664038,0.007228851632912955,0.009900126294851336,-0.007718755026308705,0.8144186989804467,-0.043471193563570217,-0.015778570644248847,0.016215917530001064,0.015527033721136452,0.016548096075016307,near_d4,7.815481219451652,9.486635957551721,10,9.80652291634,60746691.2947,60746691.2947,1.00000000,0.99807307,0.99995711,apodized_d1_m10,1
6,149,6,129.52519831979438,8.992380868034967,-0.01742461427594761,-0.010001309409063023,-0.05735441976624795,0.035360173836908856,-0.027289920208000043,0.07095818462684357,0.8659929787293934,-0.10334752532233275,0.005311574435115802,-0.023210954479171104,0.009821583442263176,0.0066105864077774575,near_d4,8.041240409446084,10.016263879915437,8,9.53495100949,61488086.2137,61488086.2137,1.00000000,0.99790278,0.99982161,apodized_d1_m10,1
6,150,1,129.501102604878,8.604541683220546,0.0,0.0,0.00046523525362237797,-0.5048735864048007,0.0,0.0,0.5670796497629725,0.14218981602619027,0.0,0.0,0.020084720237356576,0.07221968694608731,d2,7.453049957743974,9.232584437972294,8,9.52713507998,44309887.2841,44309887.2841,1.00000000,0.99795851,0.99761512,apodized_d3_m10,1
6,150,2,129.19090645122068,10.1976306230794,0.0,0.0,0.0,0.0,0.0,0.0,0.7758031444510413,-0.08184650542885871,0.0,0.0,0.0,0.0,strict_d4,9.417522119990977,10.977739126167823,8,9.55328723995,60089927.3147,60089927.3147,1.00000000,0.99883974,0.99994577,apodized_d3_m10,1
6,150,3,128.44966542786233,9.185367185192177,0.011034251547106886,-0.015364988916443605,0.024036062866360643,0.04876427442848088,-0.048587867074642827,0.03280235046692312,0.6848741500948267,0.21526555280752235,-0.006147776627540741,0.04552686046263168,-0.0018062638611577905,0.007096296159994287,near_d4,8.382638650630048,9.956525553650664,10,9.607400595,55699611.1804,55699611.1804,1.00000000,0.99871425,0.99957983,apodized_d3_m10,1
6,150,4,123.57173842061317,9.970157719416918,0.0,0.0,-0.3712624075836826,-0.02501386044194865,0.0,0.0,0.4687745625612312,0.09788377394171362,0.0,0.0,0.017196398477833642,-0.037519705438893235,d2,9.404569926416134,10.818552639170234,9,9.97768395859,43835481.3884,43835481.3884,1.00000000,0.99931931,0.99874470,apodized_d3_m10,1
6,150,5,128.20879169018997,9.980706303424077,0.0,0.0,0.0,0.0,0.0,0.0,0.667397825401658,0.04987032196524263,0.0,0.0,0.0,0.0,strict_d4,9.31145544777702,10.649957159071134,8,9.62318366751,60711191.7174,60711191.7174,1.00000000,0.99918144,0.99996305,apodized_d3_m10,1
6,151,1,125.55273562221363,9.941201453397436,0.0,0.0,0.0734732535021112,0.0625784724022098,0.0,0.0,0.5744046835287325,0.3424741546980787,0.0,0.0,0.001772148062069095,0.0008168668536576078,d2,9.229726760431397,10.699476741578096,8,9.82421087957,46837174.7692,46837174.7692,1.00000000,0.99904632,0.99903131,apodized_d3_m10,1
6,151,2,127.26107593226757,10.436226924441584,0.013420617722810307,0.036954519408407084,0.017897305743061264,-0.010887841298331508,0.0018795171163398779,-0.08096776898036188,1.00774027739843,-0.07963280242228157,-0.006181199263182806,-0.00898292784309437,0.007130965277905091,-0.005192913881106336,near_d4,9.3968798380027,11.529620289052318,9,9.70572433727,62570208.7948,62570208.7948,1.00000000,0.99787413,0.99988970,apodized_d1_m10,1
6,151,3,126.87227517647901,9.091854206426268,0.0,0.0,0.0,0.0,0.0,0.0,0.7893972050100594,-0.12478407958601138,0.0,0.0,0.0,0.0,strict_d4,8.29277277344453,9.890935639408006,10,9.73106131438,61942467.0538,61942467.0538,1.00000000,0.99836440,0.99987464,apodized_d2_m10,1
6,151,4,128.21848417256692,9.046400943030402,0.0,0.0,0.0,0.0,0.0,0.0,0.7176272746849693,0.06147504325583685,0.0,0.0,0.0,0.0,strict_d4,8.32623349007795,9.766568395982855,10,9.62616139624,61973536.843,61973536.843,1.00000000,0.99872658,0.99993871,apodized_d3_m10,1
6,151,5,123.39102555427982,8.921738924910287,-0.05146996200192482,0.0037939241990002604,0.010334692546631781,0.04398137733208543,-0.017746740891116573,-0.004603022121888426,0.7567202062843211,0.18827268108389517,-0.027405155059320337,0.021971754028111128,0.0042667165479414485,0.010449241600208943,near_d4,8.10028357096808,9.813834706088542,10,10.0049349106,57796719.1312,57796719.1312,1.00000000,0.99834674,0.99965520,apodized_d2_m10,1
6,151,6,127.48651955547669,9.522314697662196,0.0,0.0,0.0,0.0,0.0,0.0,0.7184623847659874,-0.22486144265036567,0.0,0.0,0.0,0.0,strict_d4,8.769530357758917,10.275099037565475,10,9.6805196977,57546481.0525,57546481.0525,1.00000000,0.99870871,0.99963443,apodized_d3_m10,1
6,152,1,122.32115355608363,8.784241812437548,0.0378938398695577,-0.06200222514303856,0.05207093042836932,-0.005758953820117405,0.015959809637292266,0.015531881861494875,0.7324738087715944,0.1380160510126404,-0.027137003297999483,-0.028474806923038245,0.022290343120300305,-0.019980809713701333,near_d4,7.967009169089824,9.6205180732813,10,10.0918104547,57529805.2132,57529805.2132,1.00000000,0.99845021,0.99972464,apodized_d2_m10,1
6,152,2,126.7718341373852,9.399103817770825,-0.014592690828838089,-0.014647235484015322,-0.02299753549819777,-0.009070130638175638,0.006006580428515784,0.007923591731322814,0.9998577265613453,0.022362420250024335,0.02193920151468232,0.007756372697668915,0.0012875383704297634,0.012690284034267276,near_d4,8.33716751615487,10.435826252583302,10,9.74604083126,62852041.8884,62852041.8884,1.00000000,0.99740594,0.99982597,apodized_d1_m10,1
6,152,3,129.38033184776208,10.588964637696195,0.0,0.0,0.0,0.0,0.0,0.0,0.9426695321060464,0.0011729238519036828,0.0,0.0,0.0,0.0,strict_d4,9.646295105590148,11.531634169802242,8,9.54407112982,64466213.1939,64466213.1939,1.00000000,0.99829528,0.99999468,apodized_d1_m10,1
6,152,4,127.7795973907562,10.212235765437688,0.0,0.0,0.04704024590705826,-0.5121440211016081,0.0,0.0,0.8386945679815007,-0.024600450528408372,0.0,0.0,-0.07273073667546386,0.05324430213951729,d2,8.80283668926146,11.088215479975112,8,9.66208788214,42542752.8926,42542752.8926,1.00000000,0.99757546,0.99802889,apodized_d2_m10,1
6,152,5,129.90644677810755,9.017993155931839,0.0,0.0,0.0,0.0,0.0,0.0,0.8058548320483895,0.07146773357471504,0.0,0.0,0.0,0.0,strict_d4,8.209082468607605,9.826903843256073,8,9.50450760586,64030776.9949,64030776.9949,1.00000000,0.99829558,0.99995838,apodized_d2_m10,1
6,152,6,127.06563920881413,10.509669286762337,-0.010174419182342813,0.009423767858407239,0.010934520290784252,-0.0187826045119004,0.022206982002444475,-0.01946411199754898,0.8740890053749287,0.12306647767327734,-0.006910819389184542,0.011168001557895171,-0.0007317367959346227,-0.004015935091138668,near_d4,9.576416350688891,11.428793327802783,9,9.71589659755,62574126.7831,62574126.7831,1.00000000,0.99851112,0.99987150,apodized_d2_m10,1
6,153,1,126.45670633088028,10.542629018241254,0.0,0.0,0.0,0.0,0.0,0.0,0.8327792205553106,-0.0730466894743914,0.0,0.0,0.0,0.0,strict_d4,9.706776391193724,11.378481645288783,9,9.76121989164,62778124.3922,62778124.3922,1.00000000,0.99872376,0.99993518,apodized_d3_m10,1
6,153,2,126.9708806381022,10.224100485699593,0.0,0.0,0.0,0.0,0.0,0.0,0.9383107876363339,0.07523678544230251,0.0,0.0,0.0,0.0,strict_d4,9.282827123134307,11.165373848264878,8,9.72599776295,66464059.7228,66464059.7228,1.00000000,0.99814759,0.99996013,apodized_d1_m10,1
6,153,3,124.94498383802912,10.42502255169169,0.0,0.0,0.17142565478275204,0.15313899045137885,0.0,0.0,0.4886763823693821,-0.2753167397225411,0.0,0.0,0.004768779632752147,0.004750881240445279,d2,9.675881180613517,11.122375463896814,9,9.86869574709,43507041.1445,43507041.1445,1.00000000,0.99934754,0.99881257,apodized_d3_m10,1
6,153,4,129.12947232521867,8.523316485772318,0.0,0.0,0.0,0.0,0.0,0.0,0.6998752942653855,-0.10424813084227558,0.0,0.0,0.0,0.0,strict_d4,7.815743794121586,9.23088917742305,8,9.55890154212,61335695.3975,61335695.3975,1.00000000,0.99858935,0.99987352,apodized_d2_m10,1
6,153,5,127.05460580629745,8.826184616819075,-0.2236405179888461,-1.7006993559825831,-0.5241138911642327,-0.058943563309685754,0.3307145937717775,0.6248114390844288,0.041985738325313715,-0.07899265383434906,0.10158589538649732,-0.2222267178533397,0.12400870851657836,-0.09101806729972872,novel,6.682664605290521,11.821894756757803,10,9.68617778126,13419730.6149,13419730.6149,1.00000000,0.98829318,0.97706949,width2_d1_m8,1
6,154,1,129.3247496170863,10.103050059531148,0.03052126827457786,-0.0006106085640350481,0.0012332549430346686,0.013658244638008583,0.007592001723322553,0.010176092963211538,1.0437707120636046,0.1332585197202125,0.008789745542345703,0.019251066851195278,-0.0018859677415058985,-0.00892527483152277,near_d4,9.014335560453153,11.204786037319032,8,9.5529867965,63713161.8531,63713161.8531,1.00000000,0.99750325,0.99976695,apodized_d1_m10,1
6,154,2,129.91151398164521,8.642967448112948,0.0,0.0,0.0,0.0,0.0,0.0,0.7469731292193941,-0.0798175891471578,0.0,0.0,0.0,0.0,strict_d4,7.891743105917224,9.394191790308671,8,9.50282317018,61583593.633,61583593.633,1.00000000,0.99842660,0.99994047,apodized_d2_m10,1
6,154,3,129.39349700869352,9.178724202398492,0.0,0.0,0.0,0.0,0.0,0.0,0.6961981362478568,-0.0856233899035021,0.0,0.0,0.0,0.0,strict_d4,8.477384945867263,9.88006345892972,10,9.53761278305,61771970.3079,61771970.3079,1.00000000,0.99884762,0.99993548,apodized_d3_m10,1
6,154,4,129.73464733504113,10.458870588208395,0.0,0.0,0.0,0.0,0.0,0.0,0.9120345833886827,-0.16196846793887673,0.0,0.0,0.0,0.0,strict_d4,9.53256633017487,11.38517484624192,8,9.51730603291,62064902.7175,62064902.7175,1.00000000,0.99830472,0.99983215,apodized_d2_m10,1
6,154,5,128.53053407853395,9.587950171163854,0.0,0.0,0.0,0.0,0.0,0.0,0.8133522344391204,0.13984837828333607,0.0,0.0,0.0,0.0,strict_d4,8.762670168719827,10.41323017360788,10,9.60504429206,63620478.7859,63620478.7859,1.00000000,0.99843723,0.99984766,apodized_d2_m10,1
6,154,6,123.54118845497649,8.703290297954792,0.0045983793699339815,-0.01634432550306015,-0.018133475908759803,0.011477013857158193,0.009290011516463154,0.004432635388188562,0.7139859052975399,0.004593353658055295,-0.009773560166059696,0.0036943612225877266,0.006718786038919886,-0.006046794676253494,near_d4,7.956569905409846,9.445773492790831,10,9.99146472529,61576263.0132,61576263.0132,1.00000000,0.99862638,0.99995351,apodized_d2_m10,1
6,155,1,129.2859687361882,9.134650657002442,0.0,0.0,0.0,0.0,0.0,0.0,0.6578096444422667,-0.10215864935016938,0.0,0.0,0.0,0.0,strict_d4,8.469025034781065,9.80027627922382,10,9.54417944927,60154052.9245,60154052.9245,1.00000000,0.99897518,0.99991971,apodized_d3_m10,1
6,155,2,129.35772593958873,10.22865084988562,0.0,0.0,0.0,0.0,0.0,0.0,1.062092764881027,0.14777515836484326,0.0,0.0,0.0,0.0,strict_d4,9.156327971747992,11.300973728023248,8,9.55083659528,61766512.9934,61766512.9934,1.00000000,0.99746245,0.99974599,apodized_d1_m10,1
6,155,3,126.12900481034035,9.443958687352728,0.0,0.0,-0.05643298074994931,0.0037809210949787957,0.0,0.0,0.4958386745448292,0.10799122701790963,0.0,0.0,0.05962772166135857,0.05990299583208012,d2,8.891997938070796,9.974077763495236,10,9.7770068085,41730367.102,41730367.102,1.00000000,0.99942825,0.99943032,apodized_d3_m10,1
6,155,4,125.26186326640529,8.683929065774748,0.4255986116129229,-1.239658056872785,-1.4151130683234519,-0.1272059812733446,0.45838538633848036,0.15228200828077454,0.6163926851910271,0.3746126019177878,0.08242926078889912,-0.028251624593194413,0.0018924793327823597,-0.1533795860230554,novel,6.608731385203385,12.244876175633717,10,9.84687622868,19351420.3194,19351420.3194,1.00000000,0.98678624,0.97456854,apodized_d3_m10,1
6,155,5,128.73450624409332,9.000318966637426,-0.01856637890197686,-0.04167247271576063,-0.027376328251037342,0.031817722509323985,-0.008564984149322928,0.017700808109982882,0.7803788602549678,0.0785543087196375,0.07094554508608307,-0.08027394390564102,-0.010318805212777794,0.01882793016554034,near_d4,8.105175410425652,9.966177019234804,10,9.59016274977,58515434.1661,58515434.1661,1.00000000,0.99833409,0.99979098,apodized_d2_m10,1
6,155,6,129.03188714001186,9.4187390804964,0.010240408445256354,-0.04512538888245938,-0.049272429085204024,-0.04022313317052672,0.013276458776232708,-0.0003797334246601387,0.6931481681339605,-0.054299975356331596,0.061480932814475996,-0.03204819523351106,0.006000410395335018,-0.03150443914791596,near_d4,8.64448783682936,10.236482738162886,10,9.56373877427,58039726.8757,58039726.8757,1.00000000,0.99889383,0.99986735,apodized_d3_m10,1
6,156,1,129.36894040161752,10.13516868499914,0.0,0.0,0.0,0.0,0.0,0.0,0.8441833309309505,-0.04314799777227977,0.0,0.0,0.0,0.0,strict_d4,9.28999376433835,10.98034360565993,8,9.5425634138,63043761.3675,63043761.3675,1.00000000,0.99855932,0.99996194,apodized_d2_m10,1
6,156,2,125.55542087134569,10.622646132756067,0.0,0.0,-0.020817085970242056,0.1610201265424533,0.0,0.0,0.8352727015215601,0.2150856538659788,0.0,0.0,0.005873898605536736,-0.0078199846630616,d2,9.588388197943782,11.489814588205657,9,9.83156730229,56448508.1499,56448508.1499,1.00000000,0.99852966,0.99953195,apodized_d3_m10,1
6,156,3,129.0362874569355,9.860177671574764,0.00018142925808398662,-0.009116059897221737,-0.0012677871603064693,-0.006508848432432405,-0.01099679396083955,0.007462135979337886,0.7522700341231091,-0.019480065694748888,0.020652904593962927,-0.00605558532830543,0.019716071340963398,0.0036206874099602156,near_d4,9.090739744744162,10.640984848533252,8,9.56460483355,64350704.9326,64350704.9326,1.00000000,0.99884177,0.99996211,apodized_d3_m10,1
6,156,4,129.11803374387873,9.692413889289607,0.0,0.0,0.0,0.0,0.0,0.0,0.9034528524537552,0.05657789007785975,0.0,0.0,0.0,0.0,strict_d4,8.787215128473333,10.597612650105882,10,9.56432527964,69900999.6202,69900999.6202,1.00000000,0.99810377,0.99997268,apodized_d1_m10,1
6,156,5,125.83235768285019,8.260692693138326,0.0,0.0,0.544531955535508,-0.014903052604531997,0.0,0.0,0.4636701053733248,0.09783520086409143,0.0,0.0,0.009540464238846105,0.01737629699926115,d2,7.64194248042785,9.289181169918594,8,9.79953743469,48520801.3192,48520801.3192,1.00000000,0.99847169,0.99767523,apodized_d3_m10,1
6,157,1,127.64219525597913,10.016000877624172,0.0,0.0,0.0,0.0,0.0,0.0,0.7850896588324837,0.14652267286442652,0.0,0.0,0.0,0.0,strict_d4,9.217395099666438,10.814606655581906,8,9.67001169877,64357609.1216,64357609.1216,1.00000000,0.99869992,0.99983314,apodized_d3_m10,1
6,157,2,127.8963434255925,8.756877549370405,0.0,0.0,0.0,0.0,0.0,0.0,0.7586175583728245,-0.06775243474930737,0.0,0.0,0.0,0.0,strict_d4,7.995333719470824,9.518421379269984,10,9.65279867877,63617400.3565,63617400.3565,1.00000000,0.99842097,0.99995631,apodized_d2_m10,1
6,157,3,129.72368001453626,9.728234386912767,0.0031788258361626315,0.011989221808455677,-0.008215972307394863,0.006650107234106952,0.02408735749106537,-0.01684563386229243,0.9727213568240166,0.08703892711032349,-0.008572690618397747,0.00017730903684945782,-0.0026827603024171935,0.0006546775554056089,near_d4,8.742850162533163,10.747009340402933,10,9.52208781,64643229.6296,64643229.6296,1.00000000,0.99772821,0.99986728,apodized_d1_m10,1
6,157,4,129.19406040885954,10.479863905604848,0.0,0.0,0.0,0.0,0.0,0.0,0.776084090484144,-0.09600953951339528,0.0,0.0,0.0,0.0,strict_d4,9.69797066680423,11.261757144405466,8,9.55258592485,59391881.4118,59391881.4118,1.00000000,0.99890905,0.99993947,apodized_d3_m10,1
6,157,5,128.67278192793646,11.707406318290978,0.3004656906752574,0.9494040666171242,-0.19825440783421433,-0.11862113686598863,-0.45948775891319216,-0.13719605468980722,0.38426199576125164,0.11796552416693751,-0.021339166418626432,-0.16168025384837148,-0.10686664658885581,-0.008631549571940733,novel,9.687024652608862,13.359013892603844,10,9.58121550351,21218527.4451,21218527.4451,1.00000000,0.99683662,0.99310553,width2_d1_m8,1
6,157,6,128.1111518066872,8.743454200849797,0.0,0.0,-0.2909079275730578,-0.15710727429170565,0.0,0.0,0.6790333807862148,0.23480002555159046,0.0,0.0,0.03514090990134197,-0.035314261281116276,d2,7.941631092280175,9.771026501005206,8,9.63364004841,50401524.5315,50401524.5315,1.00000000,0.99825034,0.99884674,apodized_d3_m10,1
6,158,1,129.74083294044732,10.086490005274293,0.0,0.0,0.0,0.0,0.0,0.0,1.0326545156001439,0.04738056361573148,0.0,0.0,0.0,0.0,strict_d4,9.052810997079991,11.120169013468594,8,9.52192526659,65516232.1308,65516232.1308,1.00000000,0.99761431,0.99989519,apodized_d1_m10,1
6,158,2,127.8647282845917,9.113371361685914,0.06336119819404888,0.020949685039845106,0.008831307736034865,-0.03711541593082881,0.019715334848858967,0.055436254023679764,0.7831925794791322,-0.1403415526533929,-0.01767278418594879,0.05097477882770697,0.0004644805335584774,0.019871291538922007,near_d4,8.176174923336161,9.971440210033217,10,9.6552363784,59314068.1328,59314068.1328,1.00000000,0.99833088,0.99972605,apodized_d2_m10,1
6,158,3,127.7526291249282,9.17139987031034,-0.023412404072863095,-0.027197703716852827,0.007452393674315679,0.029241063378296694,-0.001686166388274891,-0.0069420092578086935,0.8787706991005456,0.03132316368642506,0.02995729649453107,0.02998548815527103,-0.005125934957486243,-0.0052018634627854325,near_d4,8.244393659061322,10.059567708079554,10,9.66717867217,62869990.8565,62869990.8565,1.00000000,0.99797308,0.99993856,apodized_d1_m10,1
6,158,4,128.74981702024104,9.488119107133,0.0,0.0,0.16794369240621315,-0.3239949017980824,0.0,0.0,0.5415215371821394,0.09720775671697343,0.0,0.0,-0.001503234719288412,0.004422127310986968,d2,8.591914821781698,10.19900676913717,10,9.57936514631,52208380.1274,52208380.1274,1.00000000,0.99901211,0.99896319,apodized_d3_m10,1
6,158,5,129.6441920229889,9.748778638051803,0.0,0.0,0.0,0.0,0.0,0.0,0.832964602551289,-0.08222029247248318,0.0,0.0,0.0,0.0,strict_d4,8.911782741926249,10.585774534177357,10,9.52281938135,66000696.3306,66000696.3306,1.00000000,0.99845440,0.99994087,apodized_d2_m10,1
6,158,6,128.65647100651742,10.605757619240842,0.0,0.0,0.0,0.0,0.0,0.0,0.8704016294533701,0.08838252753253108,0.0,0.0,0.0,0.0,strict_d4,9.730885651202556,11.480629587279129,8,9.59540641612,60814363.1701,60814363.1701,1.00000000,0.99858758,0.99991786,apodized_d2_m10,1
6,159,1,128.14201691026693,9.600774787568014,0.0,0.0,0.0,0.0,0.0,0.0,0.8321219928363627,-0.14118815510517296,0.0,0.0,0.0,0.0,strict_d4,8.756777531728627,10.4447720434074,10,9.63487613234,65206090.4315,65206090.4315,1.00000000,0.99835352,0.99985302,apodized_d2_m10,1
6,159,2,128.43728057346812,8.845709751828293,0.0,0.0,0.0,0.0,0.0,0.0,0.8207006555528265,-0.050503416537983105,0.0,0.0,0.0,0.0,strict_d4,8.023485341574403,9.667934162082183,10,9.61435434098,63572565.6863,63572565.6863,1.00000000,0.99814695,0.99997801,apodized_d1_m10,1
6,159,3,126.69889789202813,10.852415929316571,0.0,0.0,0.20313009102354493,-0.10698918756177037,0.0,0.0,0.7857047059724186,-0.10702761070476687,0.0,0.0,-0.02461539088608843,-0.011361164602794226,d2,9.970464386171633,11.836504297382508,9,9.74058119813,53029103.8165,53029103.8165,1.00000000,0.99883503,0.99966615,apodized_d3_m10,1
6,159,4,125.98488376848621,8.955499450725515,0.02151813081687604,-0.03368193116867091,0.002498812825190915,-0.001826718171194185,0.008930970004060974,0.00841993304973844,0.7933043311143296,0.013775676586794273,0.04188471226360252,-0.01939211767098111,0.03605462386523553,0.022391074475585058,near_d4,8.11005508407741,9.859815586267699,10,9.8001559345,59003780.3672,59003780.3672,1.00000000,0.99830709,0.99991685,apodized_d2_m10,1
6,159,5,129.429626701217,9.328099414416474,0.01533013551530266,0.0021020429155323987,-0.028477714415126608,-0.014691019925621857,0.014536693723650733,0.002216657093571904,0.7527009009996668,-0.010105602224091077,0.046056931274926216,-0.04183867982968742,-0.029892884726441398,-0.004901256089075944,near_d4,8.519399897504623,10.182788617123743,10,9.53668091719,61438336.0169,61438336.0169,1.00000000,0.99865081,0.99988443,apodized_d3_m10,1
6,160,1,129.6386269620176,9.917260696806984,0.0,0.0,0.0,0.0,0.0,0.0,0.7541657362796929,-0.09602891184927785,0.0,0.0,0.0,0.0,strict_d4,9.157069808186343,10.677451585427626,8,9.52006265999,64659615.0817,64659615.0817,1.00000000,0.99883338,0.99992759,apodized_d3_m10,1
6,160,2,128.0014207174927,9.554436476653425,-0.02415791213115412,0.008387967215958294,0.003331484932893516,-0.001422376870386358,-0.007131364736681731,-0.008995997803441201,0.839913326764408,0.21049817802768114,-0.0026935863087307324,0.000269474079073758,-0.0033239102874340477,0.02471031082474252,near_d4,8.654485150531933,10.464748126748466,10,9.64601481871,60675846.3384,60675846.3384,1.00000000,0.99820117,0.99966183,apodized_d2_m10,1
6,160,3,127.49908367234015,8.806969344314755,-0.010611740360060561,0.0016454778669268125,0.01193590773342306,-0.029891523069849154,-0.011158726012758493,-0.0061239044006204625,0.7088645790968519,-0.057366026052868925,0.008845922295949984,-0.011818395137923847,-0.007567088018709224,0.0010899328086693837,near_d4,8.063075164045335,9.535060561471559,10,9.68072743854,62884057.6155,62884057.6155,1.00000000,0.99867612,0.99991701,apodized_d3_m10,1
6,160,4,129.29357477835129,8.553391086355076,0.0,0.0,0.0,0.0,0.0,0.0,0.6968585259061252,-0.07663315270909606,0.0,0.0,0.0,0.0,strict_d4,7.852339678679338,9.254442494030814,8,9.54647603523,61473082.8175,61473082.8175,1.00000000,0.99863627,0.99990958,apodized_d2_m10,1
6,160,5,129.38932634525577,8.837984953713166,0.0,0.0,0.0,0.0,0.0,0.0,0.7420528736019696,0.1758067678163423,0.0,0.0,0.0,0.0,strict_d4,8.07544271525697,9.600527192169361,8,9.54058990665,60466515.2412,60466515.2412,1.00000000,0.99843255,0.99973511,apodized_d2_m10,1
6,160,6,129.7014975357729,8.949044609935042,0.011438672399343859,-0.004883455432164391,0.025217036146503786,0.013814977779920993,-0.02625808405321826,0.018721600167920686,0.8016392145869989,0.09668461900943966,0.000552462040988284,-0.0127768884694117,0.002101834643550573,0.009560452954159538,near_d4,8.098291523952199,9.801071792126562,8,9.51959010255,62864808.6344,62864808.6344,1.00000000,0.99826172,0.99990842,apodized_d2_m10,1
6,161,1,128.1075213189025,10.286861658554326,0.0,0.0,0.0,0.0,0.0,0.0,0.8133734513718454,0.01526199790723716,0.0,0.0,0.0,0.0,strict_d4,9.473451056266804,11.100272260841848,8,9.63516778729,65663851.7665,65663851.7665,1.00000000,0.99873977,0.99996594,apodized_d3_m10,1
6,161,2,129.2931431942469,9.94337436161928,0.001301056624362141,0.020028633612092,0.03266829596735656,0.023937717099992987,0.03838896964251406,-0.010970572345447328,0.8717734624850669,0.13332384648690232,0.007974760722973878,0.0009617200204259104,-0.0009736796508846655,0.011429234463612006,near_d4,9.016512136262136,10.90849889935454,8,9.54963934888,62215305.7813,62215305.7813,1.00000000,0.99829523,0.99983790,apodized_d2_m10,1
6,161,3,128.93248463941802,10.917122304213553,0.0,0.0,0.21163179825209869,-0.38165281044376614,0.0,0.0,0.3620840532263176,0.0974003651899111,0.0,0.0,-0.01625923345828085,-0.040719050241380096,d2,10.148404822832704,11.5054613324208,8,9.55949014252,37833755.9219,37833755.9219,1.00000000,0.99943530,0.99829747,width2_d1_m8,1
6,161,4,129.29855630806546,9.912054383547357,0.0,0.0,-0.367583950601973,-0.5696099923787367,0.0,0.0,0.5145429462832396,-0.18318811979099311,0.0,0.0,0.002984845368816832,-0.009714460422730446,d2,8.734040238825564,10.802540301353881,8,9.53769903075,48078591.3467,48078591.3467,1.00000000,0.99815418,0.99690641,apodized_d3_m10,1
6,161,5,129.47027528167825,8.985967829760689,0.0,0.0,0.0,0.0,0.0,0.0,0.832331547613825,-0.18710496829835438,0.0,0.0,0.0,0.0,strict_d4,8.132923413127857,9.839012246393521,8,9.53776638107,60736210.7729,60736210.7729,1.00000000,0.99802817,0.99972913,apodized_d1_m10,1
6,161,6,124.47380078278148,10.106780187096858,-0.47886767344022396,0.196961068028088,-0.1469349297557414,0.45977976945822285,0.16313730788832848,0.12427510029535749,0.7875622466635075,0.06335965097049034,0.07992541077642024,-0.01312736317720642,-0.032413926333117404,0.08277278530331161,novel,8.179195060357126,11.146419094581983,9,9.91746810113,45292264.7095,45292264.7095,1.00000000,0.99688979,0.99633555,apodized_d3_m10,1
6,162,1,128.33494960678266,9.359108296665786,0.0,0.0,0.0,0.0,0.0,0.0,0.9883254931155385,0.032117236040058034,0.0,0.0,0.0,0.0,strict_d4,8.37026398936372,10.347952603967853,10,9.62696450046,63073731.7373,63073731.7373,1.00000000,0.99746640,0.99985902,apodized_d1_m10,1
6,162,2,128.80807396009092,9.465755600826364,0.0,0.0,0.0,0.0,0.0,0.0,0.7918191175419971,-0.1424922591106059,0.0,0.0,0.0,0.0,strict_d4,8.66122247376152,10.27028872789121,10,9.5838887875,63109205.4467,63109205.4467,1.00000000,0.99848649,0.99983242,apodized_d2_m10,1
6,162,3,128.2470625847919,8.912376824803705,0.010477481166039488,-0.012277590582932412,0.004727582007249213,-0.008134180806249447,0.010726666825193496,0.03170123670635868,0.7665611407901703,-0.03905887541407633,-0.011632680798659267,-0.010228650543360317,0.0004271006200145587,-0.004682443681364435,near_d4,8.110731084748421,9.729388107521272,10,9.62623933262,63364034.0464,63364034.0464,1.00000000,0.99845216,0.99996543,apodized_d2_m10,1
6,162,4,129.4511754271307,9.110053657158012,0.0,0.0,0.0,0.0,0.0,0.0,0.7631238787954336,0.07798786960897836,0.0,0.0,0.0,0.0,strict_d4,8.342958298653844,9.87714901566218,10,9.53602825747,63249318.52,63249318.52,1.00000000,0.99853633,0.99993166,apodized_d2_m10,1
6,162,5,129.6055446309609,8.562477127552473,0.0,0.0,-0.048649414272883294,-0.06442059084608094,0.0,0.0,0.5114753732164635,-0.03741778233726643,0.0,0.0,0.05115336555995309,0.060173865237547385,d2,7.9122101814698285,9.082149258747675,8,9.51629488706,49711761.6672,49711761.6672,1.00000000,0.99928357,0.99968608,apodized_d3_m10,1
6,163,1,127.51888212998396,8.653377178064593,-1.7849659954094768,-0.3340560146054796,1.5806940164798824,0.5232008103536303,-0.3110524921961041,-0.4158199255499947,0.2109953603435064,0.03435619717404559,-0.19295684413176178,-0.10746674360148106,0.10621443483788634,-0.10712227911481409,novel,6.87850550050144,12.994887417174285,8,9.65536635276,18225922.7223,18225922.7223,1.00000000,0.98494753,0.97012919,width2_d1_m8,1
6,163,2,126.11135072824193,9.418437072840469,0.0,0.0,0.0,0.0,0.0,0.0,0.7792548334468576,-0.0632470188792991,0.0,0.0,0.0,0.0,strict_d4,8.636668575990829,10.200205569690109,10,9.78851691717,63360119.0281,63360119.0281,1.00000000,0.99858098,0.99994099,apodized_d2_m10,1
6,163,3,128.11115654260607,9.046923578397486,-0.04570176986836435,-0.03284314586828908,-0.006181872494256278,-0.07318483464832033,0.031997796365733196,-0.013378069860623582,0.7174205406064842,-0.05116989814275283,0.012057625829140904,-0.043799784191857254,0.03671009696056223,-0.028112338651461902,near_d4,8.202391230019808,9.817501225170671,10,9.63428820386,58293994.2965,58293994.2965,1.00000000,0.99866136,0.99980805,apodized_d3_m10,1
6,163,4,129.2115360467043,10.877688089551462,0.0,0.0,0.24769045919659366,0.39441871591858835,0.0,0.0,0.7172159832219568,0.41720397386505287,0.0,0.0,0.0022231606388564452,-0.022665365526733174,d2,9.694632312159944,12.044526559730583,8,9.54977268145,43690476.968,43690476.968,1.00000000,0.99821261,0.99798416,apodized_d3_m10,1
6,163,5,126.81522647330564,9.46023219805017,0.0,0.0,0.0,0.0,0.0,0.0,0.9531901607822136,-0.019655016099195143,0.0,0.0,0.0,0.0,strict_d4,8.506936744790027,10.413527651310313,10,9.74068172041,65742426.8824,65742426.8824,1.00000000,0.99772617,0.99993516,apodized_d1_m10,1
6,163,6,128.32045879371236,9.936487439662987,-0.011961815443369467,-0.008984657138472706,-0.00031459352431216487,-0.008487046838781586,0.004318011644785403,0.02194664805046085,0.6705668257307354,0.014872082763022725,-0.0002816360330345864,0.011654927006368882,-0.005387847555992383,-0.002275689153814272,near_d4,9.247702507924004,10.632176937520418,8,9.61502586638,61392895.0639,61392895.0639,1.00000000,0.99916442,0.99997382,apodized_d3_m10,1
6,164,1,129.48975394822853,9.207194765577158,0.020163181409560815,0.0205375898654417,-0.011073056899913771,0.0030892806616166658,-0.0011754374231885986,-0.004432766715339128,0.7606262002612525,-0.1519848444894005,0.006604553106060525,-0.003437166758561142,0.003998292821396416,-0.026432618111779726,near_d4,8.400786418580207,10.009690187447374,10,9.53289783495,60350597.7754,60350597.7754,1.00000000,0.99850909,0.99977349,apodized_d2_m10,1
6,164,2,127.02504208503127,10.082075296204977,0.0005039248187732491,-0.02618808102663231,0.00260594288779838,-0.02792904454377427,0.019108213744860145,-0.021904383700993478,0.7784232370319369,0.15673043514593973,-0.013408499596351089,0.031217793833571535,-0.025988096221163038,-0.003587074237693893,near_d4,9.185277295762546,10.934311948457587,8,9.71670564001,59391157.0074,59391157.0074,1.00000000,0.99871036,0.99977130,apodized_d3_m10,1
6,164,3,127.74732849905017,9.507131745462065,0.0,0.0,0.0,0.0,0.0,0.0,0.9098276699820523,0.12292523449459447,0.0,0.0,0.0,0.0,strict_d4,8.589050569750437,10.425212921173692,10,9.66783467011,64708723.6148,64708723.6148,1.00000000,0.99793944,0.99987757,apodized_d1_m10,1
6,164,4,126.51462234769647,9.140899213929279,0.0,0.0,0.0,0.0,0.0,0.0,0.7403494743438437,-0.07377836524051551,0.0,0.0,0.0,0.0,strict_d4,8.396893512328944,9.884904915529614,10,9.75644540908,62400770.6244,62400770.6244,1.00000000,0.99865124,0.99991250,apodized_d2_m10,1
6,164,5,127.24134065193586,8.68915506944419,0.0,0.0,-0.15165168975667365,-0.24474166721062543,0.0,0.0,0.6594075756591617,0.04445961827488062,0.0,0.0,-0.03550244274139469,0.02966264067580066,d2,7.755059820471903,9.545285815126142,10,9.69889067223,55664407.0097,55664407.0097,1.00000000,0.99852498,0.99931298,apodized_d3_m10,1
6,164,6,127.57000088480612,9.075381696361083,0.0,0.0,0.0,0.0,0.0,0.0,0.7813156484463954,-0.10080792731700251,0.0,0.0,0.0,0.0,strict_d4,8.28764000625044,9.863123386471726,10,9.67750557434,62383038.8061,62383038.8061,1.00000000,0.99841858,0.99991318,apodized_d2_m10,1
6,165,1,129.94212973072752,9.204226479600505,0.0,0.0,0.0,0.0,0.0,0.0,0.8717037392459286,0.014350131972322499,0.0,0.0,0.0,0.0,strict_d4,8.332522740354577,10.075930218846434,10,9.50385441297,64078110.0724,64078110.0724,1.00000000,0.99805608,0.99998962,apodized_d1_m10,1
6,165,2,123.79219081403241,8.724838618998488,0.012896318597330569,0.004505453374493802,-0.006421152788866586,0.009700505715235326,-0.010175684371047222,-0.00507937114800224,0.8001345100811118,0.10331557233800867,-0.012383027053932726,-0.0004664231268077766,0.006149012636371254,-0.012349875985767643,near_d4,7.868042678878047,9.543578387248859,10,9.97480716299,60104192.5054,60104192.5054,1.00000000,0.99815250,0.99990005,apodized_d1_m10,1
6,165,3,127.25725394431768,8.904450561610643,0.0,0.0,0.0,0.0,0.0,0.0,0.7924967804845416,-0.08478458622044242,0.0,0.0,0.0,0.0,strict_d4,8.107432758903494,9.701468364317792,10,9.70223375732,63382868.5386,63382868.5386,1.00000000,0.99830166,0.99994112,apodized_d2_m10,1
6,165,4,123.83060490355405,9.05505749010826,0.0,0.0,-0.06158796163244482,-0.07690974839324109,0.0,0.0,0.7363856131432049,0.005087149761009499,0.0,0.0,0.07274481387895089,0.0448592349989036,d2,8.186524316062227,9.80324408492293,10,9.96837088159,48344509.4717,48344509.4717,1.00000000,0.99850184,0.99965381,apodized_d2_m10,1
6,165,5,128.0534426335195,10.518712525374987,0.0,0.0,0.0,0.0,0.0,0.0,0.9320030776282463,-0.0553778754645365,0.0,0.0,0.0,0.0,strict_d4,9.585116795085685,11.452308255664288,8,9.64284342506,62541507.4876,62541507.4876,1.00000000,0.99830496,0.99997547,apodized_d1_m10,1
6,166,1,128.13779802901277,9.623978796274486,0.0,0.0,0.0,0.0,0.0,0.0,0.8522363365488166,-0.10887976166479219,0.0,0.0,0.0,0.0,strict_d4,8.764883231106216,10.483074361442755,10,9.6358290482,65514025.6914,65514025.6914,1.00000000,0.99829559,0.99991299,apodized_d2_m10,1
6,166,2,127.5100324386824,10.125876975848437,0.0,0.0,0.0,0.0,0.0,0.0,0.9037742774649098,-0.012468180192722824,0.0,0.0,0.0,0.0,strict_d4,9.222102698383527,11.029651253313347,8,9.68386483926,62315376.8933,62315376.8933,1.00000000,0.99829107,0.99999479,apodized_d1_m10,1
6,166,3,128.86978796560138,9.639169864643492,0.0,0.0,0.0,0.0,0.0,0.0,0.8404708071227601,-0.10658700347925078,0.0,0.0,0.0,0.0,strict_d4,8.792044417844119,10.486295311442865,10,9.58059995176,66148634.3142,66148634.3142,1.00000000,0.99836060,0.99991467,apodized_d2_m10,1
6,166,4,128.04687714739384,9.357482524260138,-0.002735104278246687,0.029070913963807773,-0.0260654342234659,-0.027735003020344522,0.0311362841507782,-0.021540223475968318,0.6979502004846542,0.0017378236682951034,0.01530145223798528,0.03773571789535289,-0.04526327489263717,-0.013573277404671876,near_d4,8.585453124172318,10.215999253966862,10,9.63764087046,57644945.3006,57644945.3006,1.00000000,0.99887473,0.99990063,apodized_d3_m10,1
6,166,5,129.59734026619927,8.588617446585722,0.0,0.0,0.0,0.0,0.0,0.0,0.7151535808515086,0.003071702131420481,0.0,0.0,0.0,0.0,strict_d4,7.873463865734214,9.30377102743723,8,9.52477267188,60465657.3226,60465657.3226,1.00000000,0.99858711,0.99997430,apodized_d2_m10,1
6,166,6,129.8007164214856,9.717518471714923,0.0,0.0,0.0,0.0,0.0,0.0,0.9397818006179653,0.2612846714047038,0.0,0.0,0.0,0.0,strict_d4,8.742122408299425,10.692914535130422,10,9.51547297746,61772252.1802,61772252.1802,1.00000000,0.99770803,0.99951374,apodized_d1_m10,1
6,167,1,127.20111188956918,8.735025847491377,-0.0067428248981195775,0.04481513744632376,0.01498087690112731,-0.011740946710188748,-0.005351343637062681,0.004729692006502137,0.5600197633698355,-0.10489264934685187,0.01182166904373275,0.019054741607052502,-3.5918563868153955e-05,-0.002785561299536406,near_d4,8.14550202304295,9.349768019766502,10,9.69770501344,56710528.8824,56710528.8824,1.00000000,0.99921615,0.99984716,apodized_d3_m10,1
6,167,2,124.47101445640732,8.908277494622375,0.0,0.0,-0.006463972082909216,0.017055263936288315,0.0,0.0,0.4562780625079764,-0.09825003637161232,0.0,0.0,0.012031972085289926,0.05954813515866408,d2,8.397477309849222,9.400206289325752,10,9.90628688595,44968859.4489,44968859.4489,1.00000000,0.99952373,0.99954388,apodized_d3_m10,1
6,167,3,129.33940897169654,8.89441766424135,0.0,0.0,0.0,0.0,0.0,0.0,0.7912059539873644,-0.052425040520978516,0.0,0.0,0.0,0.0,strict_d4,8.10148206222939,9.68735326625331,8,9.54596184548,64186836.6198,64186836.6198,1.00000000,0.99832449,0.99997619,apodized_d2_m10,1
6,167,4,128.81917765088605,9.235934839021308,0.009681031186173373,-0.00103126915009307,-0.009682640470425326,-0.014605409817508061,0.0025595454587287016,-0.016870273310899832,0.706211568849575,0.06093211028036297,-0.033682434146442015,-0.017838539875745848,-0.003503320165956718,-0.011929992460869156,near_d4,8.494426713370302,9.964870597363113,10,9.5803837049,61387678.7735,61387678.7735,1.00000000,0.99882561,0.99993614,apodized_d3_m10,1
6,167,5,128.8206420244518,9.527688668078955,0.019730806820748785,-0.005071682121870317,0.055460723219398766,-0.020245392031255454,-0.07359140418354647,-0.03022662680666806,0.7298473182729339,-0.09334279883684651,0.04247577457214988,-0.023106217782210656,0.030519751863451607,0.007161639964045323,near_d4,8.743101568136792,10.355815126750006,10,9.58053156045,56421302.0033,56421302.0033,1.00000000,0.99874435,0.99978489,apodized_d3_m10,1
6,167,6,128.72228325766633,9.934366609032885,0.08592038771162346,-0.0790262657685703,-0.10749423933905848,0.014157228860389857,-0.02549840990771047,0.056642336619613126,0.7341454214678893,-0.11871361436427137,0.03835040629347834,-0.03641285125424222,0.019834121308388266,0.020249668692576456,near_d4,9.112259284506829,10.93099553799917,8,9.58723409675,55967611.3263,55967611.3263,1.00000000,0.99879276,0.99968491,apodized_d3_m10,1
6,168,1,128.59182574931882,10.251164460613198,0.0,0.0,0.11239143963134178,-0.04071816491670754,0.0,0.0,0.8425147892300408,0.28530219097391657,0.0,0.0,0.0293695771833471,0.004929703878743042,d2,9.312679840646508,11.27414791291611,8,9.60025529747,57131856.9255,57131856.9255,1.00000000,0.99831555,0.99937023,apodized_d2_m10,1
6,168,2,128.02701366688385,8.855156141004288,0.0,0.0,0.0,0.0,0.0,0.0,0.7201799022986969,0.047787129361918965,0.0,0.0,0.0,0.0,strict_d4,8.133397099116834,9.576915182891742,10,9.64110229249,63027474.7452,63027474.7452,1.00000000,0.99865333,0.99993899,apodized_d2_m10,1
6,168,3,128.71817264830585,9.426626809314252,0.0,0.0,0.0,0.0,0.0,0.0,0.7267768442283845,0.03946564115258734,0.0,0.0,0.0,0.0,strict_d4,8.698867372989875,10.154386245638628,10,9.58821821802,62558778.3488,62558778.3488,1.00000000,0.99882014,0.99997240,apodized_d3_m10,1
6,168,4,128.07649975310267,10.058606268145036,0.7383024558222311,-0.5047478978314301,0.9132233802194285,-0.34795410602346966,0.30034913934218466,-0.15352946181417304,0.5653801839231261,-0.14568937011265914,-0.0008524073839938362,-0.333874419597573,0.15972782727421803,-0.09263207653409411,novel,8.82384460895111,13.129538087022352,8,9.62956524385,20483060.9833,20483060.9833,1.00000000,0.99497413,0.99034970,apodized_d3_m10,1
6,168,5,127.33072230139275,11.35275660901386,0.0,0.0,0.15211170631606769,-0.1360280151631138,0.0,0.0,0.916872291790321,-0.1740160266635345,0.0,0.0,-0.008202144015460402,0.010592290137582028,d2,10.285657946372833,12.440594397524553,10,9.69557700297,48638516.0732,48638516.0732,1.00000000,0.99847619,0.99959388,apodized_d2_m10,1
6,169,1,128.8736269076088,10.48622910061771,0.0,0.0,0.0,0.0,0.0,0.0,0.8873534543912348,0.1449634873306975,0.0,0.0,0.0,0.0,strict_d4,9.587183893667838,11.385274307567581,8,9.58002026156,60624737.6365,60624737.6365,1.00000000,0.99843651,0.99985462,apodized_d2_m10,1
6,169,2,127.91200215508168,9.372495158752466,-0.01098214458726565,0.02285402827317547,0.01398949150530002,-0.013564856189029955,0.02167563219402374,-0.02399148225307759,0.7145557045733405,-0.0601579001722862,-0.004343618893454817,0.008696557969753785,0.010719640146620111,-0.001190938923904528,near_d4,8.615847835903427,10.121351828094728,10,9.64833849215,61387777.1044,61387777.1044,1.00000000,0.99883644,0.99994382,apodized_d3_m10,1
6,169,3,126.22439049034222,11.164800019456674,0.0,0.0,0.18721101110127997,0.2723777684953025,0.0,0.0,0.8161619541021118,-0.2869609047008071,0.0,0.0,-0.03466696823043598,-0.012592002972127155,d2,9.966330620889906,12.151424520467831,10,9.77829175103,43149976.301,43149976.301,1.00000000,0.99838581,0.99884245,apodized_d3_m10,1
6,169,4,128.81928662416772,11.983822385053998,0.0,0.0,-0.2743549226984193,0.23723400255329372,0.0,0.0,0.22587204302108901,-0.2859463620248275,0.0,0.0,-0.0008844692092090085,0.0014243814984396274,d2,11.48657235942903,12.70245086762565,10,9.56504515265,27803221.3945,27803221.3945,1.00000000,0.99956863,0.99896184,width2_d1_m8,1
6,169,5,129.11294846515176,8.934701776613824,-0.009796367307685377,-0.009248995802699615,-0.012481035462073733,0.010266446565865645,0.011200046950320897,0.004815763320743121,0.794075475361353,0.11400790105626826,0.00841049237084502,0.0008695458601757359,-0.004598237409564071,-0.007041167175580183,near_d4,8.097405512094495,9.767736637011875,8,9.56271485684,62551490.4889,62551490.4889,1.00000000,0.99828374,0.99988980,apodized_d2_m10,1
6,169,6,129.50620240503875,10.594907481152442,0.0,0.0,0.0,0.0,0.0,0.0,0.73909172038067,-0.18360782091250302,0.0,0.0,0.0,0.0,strict_d4,9.833351191459027,11.356463770845856,8,9.52828519665,55623234.4392,55623234.4392,1.00000000,0.99899210,0.99979133,apodized_d3_m10,1
6,170,1,129.94650880400488,9.129332339333699,0.0,0.0,0.0,0.0,0.0,0.0,0.7909647051021872,0.18060474109469826,0.0,0.0,0.0,0.0,strict_d4,8.31810227368217,9.940562404985227,10,9.5007224211,60790757.359,60790757.359,1.00000000,0.99831313,0.99974838,apodized_d2_m10,1
6,170,2,126.3117385789236,8.512249580044388,0.0,0.0,0.0,0.0,0.0,0.0,0.70697566648803,0.015552319822289544,0.0,0.0,0.0,0.0,strict_d4,7.805161815896185,9.21933734419259,10,9.77243842779,62230141.9212,62230141.9212,1.00000000,0.99859315,0.99997103,apodized_d2_m10,1
6,170,3,126.71427528110232,10.582593649653283,-0.9890076414464823,-1.3831767143676625,0.43003560166439336,-0.1720366075711146,0.6801034114457782,0.17910246338445135,0.3129579852801383,-0.11526249827323509,-0.38212843466607094,0.34300735736207333,0.006307351342850542,-0.008094549691376796,novel,7.302712439253036,13.120411873979792,8,9.73122964521,15706636.6766,15706636.6766,1.00000000,0.98814937,0.97582996,width2_d1_m8,1
6,170,4,129.7518359797073,9.095752200053042,0.0,0.0,0.0,0.0,0.0,0.0,0.8263416358135623,0.005998513491878062,0.0,0.0,0.0,0.0,strict_d4,8.269410564239479,9.922093835866605,10,9.51634516336,64629231.7961,64629231.7961,1.00000000,0.99824424,0.99999814,apodized_d1_m10,1
6,170,5,129.2487815704311,10.012337182674472,0.0,0.0,0.0,0.0,0.0,0.0,0.6726046470310283,0.2151544230490331,0.0,0.0,0.0,0.0,strict_d4,9.306165777088122,10.718508588260821,8,9.54599942619,57768431.7662,57768431.7662,1.00000000,0.99902838,0.99967920,apodized_d3_m10,1
6,170,6,128.43394487531796,10.034910020213166,0.01054665423853188,0.018297665079906836,-0.007588532649306904,0.003896735103241498,-0.017897157666893093,0.004217145155165552,0.7879394251949317,-0.046189039014022264,0.0014573162065935968,-0.0028292876994793874,0.015671530927310124,0.0026958289284678325,near_d4,9.208869332756558,10.837905304394258,8,9.61034838258,68011150.0077,68011150.0077,1.00000000,0.99875128,0.99994497,apodized_d3_m10,1
6,171,1,129.32782836511794,9.076200925636547,-0.010658696512215066,0.02743721987135618,-0.02482857047420574,-0.06243155373348827,0.026985697476283245,-0.022360163665048543,0.7180538359280223,0.03669824601010085,0.013821911906290483,0.04413922463993318,-0.007175329747652598,0.020569567296870872,near_d4,8.209221582504268,9.9211838347229,10,9.5434970751,61330934.1617,61330934.1617,1.00000000,0.99870239,0.99987513,apodized_d3_m10,1
6,171,2,127.07211309350133,10.567233114487525,0.0,0.0,0.0,0.0,0.0,0.0,0.8200667788895131,-0.024419493957614363,0.0,0.0,0.0,0.0,strict_d4,9.746813670073397,11.387652558901653,9,9.71346506509,62355142.6589,62355142.6589,1.00000000,0.99879527,0.99997557,apodized_d3_m10,1
6,171,3,128.23791570652955,11.221493441462616,0.0,0.0,0.10302246070054356,-0.31151394776540997,0.0,0.0,0.6941271281385352,0.16529006588030842,0.0,0.0,-0.0031974936251086394,0.01614489013830068,d2,10.169825604732045,12.016188214764618,9,9.62062855709,50098237.6496,50098237.6496,1.00000000,0.99899552,0.99923171,apodized_d3_m10,1
6,171,4,127.4139351645043,9.302842768817127,0.0,0.0,0.0,0.0,0.0,0.0,0.8555112751103576,0.04007448791587586,0.0,0.0,0.0,0.0,strict_d4,8.446454068601552,10.159231469032703,10,9.6915739069,64064759.9607,64064759.9607,1.00000000,0.99817649,0.99998643,apodized_d1_m10,1
6,171,5,128.9127400887929,9.221285935736304,0.0061661720683462515,-0.010681354031936,-0.05687683109529029,-0.021672915314432915,-0.009043388078145845,-0.015346852152804827,0.9785036188365833,-0.02918882182522699,-0.02358677894423621,-0.022772760012322906,0.00949072139749944,0.005505171321419903,near_d4,8.188649519875849,10.266341222226444,10,9.58389293032,61122447.6191,61122447.6191,1.00000000,0.99742649,0.99981234,apodized_d1_m10,1
6,172,1,123.41647060441232,11.214563645667319,0.0,0.0,0.3329953191869175,-0.14197871123905823,0.0,0.0,0.7450578132708542,-0.23117060898657962,0.0,0.0,-0.0006555954233740354,0.0011241037829494843,d2,10.323874839223857,12.345214882018588,10,9.998196779,45300507.2668,45300507.2668,1.00000000,0.99882004,0.99917072,apodized_d3_m10,1
6,172,2,127.53408414746816,8.580270037753426,0.7615243927108919,-0.3948007480288649,1.233100943763067,0.7572024028551432,0.1455192059105268,0.2750295432077623,0.5677015679718447,0.04970877780895866,0.04225072924029627,-0.21430591006137245,0.18624611856316836,0.0821550637220993,novel,6.601698379571338,11.567780202336145,8,9.67022811065,24658226.1889,24658226.1889,1.00000000,0.98908640,0.97899404,apodized_d3_m10,1
6,172,3,128.63237964933518,10.532028179085703,0.0,0.0,0.0,0.0,0.0,0.0,0.8440205984674513,-0.050036427504705175,0.0,0.0,0.0,0.0,strict_d4,9.686573207634309,11.377483150537097,8,9.59645251961,62822951.1826,62822951.1826,1.00000000,0.99868657,0.99994087,apodized_d3_m10,1
6,172,4,127.89022161743742,8.84474685590116,-0.012661080403731064,0.008898625681910041,0.007867007874048612,0.0007686071614203177,-0.011931509948634013,0.013782546647110174,0.7069147157230186,0.1916755987861195,-0.01094222427271934,0.00437397465963688,-0.010215656255872486,-0.008218858230693465,near_d4,8.098820534701336,9.602958074206818,10,9.65106991172,57863280.7256,57863280.7256,1.00000000,0.99856805,0.99966077,apodized_d3_m10,1
6,172,5,127.71351173825437,10.319531267728374,0.0,0.0,0.0,0.0,0.0,0.0,0.757269877979409,-0.1574343432976601,0.0,0.0,0.0,0.0,strict_d4,9.546077112967033,11.092985422489715,8,9.66306011658,60338916.4532,60338916.4532,1.00000000,0.99888471,0.99984208,apodized_d3_m10,1
6,172,6,125.0711626425831,9.254162794096564,-0.03684773066330963,0.01817553812456309,0.018217916482839276,-0.017626409209785667,0.04718121444713342,-0.007882887397355477,0.7061686029722459,-0.10615057512296476,0.027940997802253825,0.02998823269640492,-0.00673916444175269,0.013936118096497661,near_d4,8.420131905414749,10.012489572684034,10,9.86761123607,57432708.364,57432708.364,1.00000000,0.99877593,0.99983142,apodized_d3_m10,1
6,173,1,128.9942447520581,10.30166602977656,0.0,0.0,0.0,0.0,0.0,0.0,0.8760394722492225,0.03634544575997383,0.0,0.0,0.0,0.0,strict_d4,9.424891779339585,11.178440280213536,8,9.57104367535,66057685.3434,66057685.3434,1.00000000,0.99848103,0.99997641,apodized_d2_m10,1
6,173,2,129.44648774121595,9.22141832773439,-0.046377662042781244,0.015894786624647293,-0.0357357010377027,-0.042883872119221365,-0.01173274664264154,-0.008065006982700422,0.6411757540198416,-0.10353130134920191,0.023347354376800966,-0.045887852077635155,-0.014445288421885253,-0.029291946970704478,near_d4,8.505649402853031,9.934703129684108,10,9.53164867289,57003618.0816,57003618.0816,1.00000000,0.99901657,0.99982681,apodized_d3_m10,1
6,173,3,129.70408590583847,9.729451325494654,0.0,0.0,0.0,0.0,0.0,0.0,0.9396882433586019,-0.22535633581718628,0.0,0.0,0.0,0.0,strict_d4,8.763157206985715,10.695745444003594,10,9.522491165,62604822.8624,62604822.8624,1.00000000,0.99777354,0.99963364,apodized_d1_m10,1
6,173,4,129.14744726508482,8.805385679223136,0.0,0.0,0.0,0.0,0.0,0.0,0.6149636861384321,-0.1791510642109017,0.0,0.0,0.0,0.0,strict_d4,8.164863917714332,9.44590744073194,8,9.55358551217,57120222.737,57120222.737,1.00000000,0.99896123,0.99973886,apodized_d3_m10,1
6,173,5,128.6531386217639,10.578446533928048,0.0,0.0,0.0,0.0,0.0,0.0,0.8160447262279549,0.04159652194349341,0.0,0.0,0.0,0.0,strict_d4,9.761447222418118,11.395445845437978,8,9.59388104431,62536550.0492,62536550.0492,1.00000000,0.99881128,0.99997145,apodized_d3_m10,1
6,173,6,125.88291998363522,9.22066180996292,-0.07587220901326656,-0.08119576792829739,0.030967569517580555,0.007257305715004154,-0.020169199597236166,-0.042014593473831935,0.791362078216801,-0.007028734708467414,0.05923449297902247,0.025470323792508784,-0.013835633056720354,0.0022802573916749554,near_d4,8.247280884374982,10.066239555538278,10,9.80731598678,59829359.9054,59829359.9054,1.00000000,0.99837571,0.99981988,apodized_d2_m10,1
6,174,1,125.38110671466761,8.676400438593166,0.0,0.0,0.0,0.0,0.0,0.0,0.6366280984478057,0.14412489343854168,0.0,0.0,0.0,0.0,strict_d4,8.023718941252984,9.32908193593335,10,9.84176524252,58273407.5159,58273407.5159,1.00000000,0.99888087,0.99982744,apodized_d3_m10,1
6,174,2,127.80596514526896,10.888184551661354,0.0,0.0,-0.027439959930583728,0.30774720663652005,0.0,0.0,0.6221391350414208,-0.05537106826984061,0.0,0.0,-0.05242583254908422,-0.03249227412100772,d2,9.916628250115055,11.60751799467344,9,9.65145594867,42720022.0701,42720022.0701,1.00000000,0.99912794,0.99915566,apodized_d3_m10,1
6,174,3,128.9261053996405,9.362280080520762,0.0,0.0,0.0,0.0,0.0,0.0,0.7188961566508892,-0.032932414357967,0.0,0.0,0.0,0.0,strict_d4,8.642672531298288,10.081887629743235,10,9.57259173049,62394155.9468,62394155.9468,1.00000000,0.99883427,0.99997752,apodized_d3_m10,1
6,174,4,128.5966281991951,10.597726707183414,0.0,0.0,0.2331963691957243,-0.5435500949899094,0.0,0.0,0.8463141844239807,-0.18686915349419203,0.0,0.0,0.006490332993738835,-0.010728166506020218,d2,9.215349197290752,11.802475444336572,8,9.59968618928,56697498.5482,56697498.5482,1.00000000,0.99770082,0.99803725,apodized_d2_m10,1
6,174,5,125.74009847877429,8.477519996393616,0.0025120349546135924,-0.0021497778611464257,-0.01572649705433865,-0.0006108114002043673,-0.01053174950376074,-0.011508078837522286,0.8386708603563854,-0.03309678386325791,-0.01431850085015119,-0.003260566614418945,-0.0010260852498833592,0.005656189117301407,near_d4,7.618416084739779,9.339639187241135,10,9.82265646615,54979714.2496,54979714.2496,1.00000000,0.99785002,0.99994972,apodized_d1_m10,1
6,175,1,129.31841376122907,8.709117146059134,0.008732962030403756,-0.03145934665794448,0.041035481769456844,0.019776795675232595,-0.03592696472588889,0.010069495358385671,0.7127292277586225,0.020127413996626476,0.015042761166055364,-0.012339795527276399,0.018038356932812288,0.002812864509642341,near_d4,7.952082132699844,9.494706574148736,8,9.54490932272,63553497.2287,63553497.2287,1.00000000,0.99862393,0.99991941,apodized_d2_m10,1
6,175,2,128.48767532574328,9.094664426188228,-0.01727775053003227,0.03269197427640182,-0.005168669426378879,0.005977518294879343,0.004890621926994592,-0.01929414945691751,0.819630683848114,0.02605703301583011,-0.012745131718995684,0.026013950613875077,-0.05782869326772699,0.021839915607861027,near_d4,8.234505473312007,10.055292547077642,10,9.60985747179,58068517.6234,58068517.6234,1.00000000,0.99821964,0.99988246,apodized_d1_m10,1
6,175,3,129.23540365349655,10.720531041405588,0.0,0.0,0.0,0.0,0.0,0.0,0.9743667955688837,-0.08952089002370056,0.0,0.0,0.0,0.0,strict_d4,9.74214444802798,11.698917634783195,8,9.55557158624,58961001.4585,58961001.4585,1.00000000,0.99817731,0.99994873,apodized_d1_m10,1
6,175,4,127.68728328598955,10.05575930650696,0.0,0.0,0.0,0.0,0.0,0.0,0.7583380800885822,-0.11185358183340217,0.0,0.0,0.0,0.0,strict_d4,9.289234310647204,10.822284302366716,8,9.66556452027,64795041.9237,64795041.9237,1.00000000,0.99884594,0.99991051,apodized_d3_m10,1
6,175,5,128.53711300954228,10.25938308281719,0.026499515524355942,-0.02645380269723324,0.005415592418482431,0.049386141562230444,-0.01949970474705539,0.016633520407207163,0.7531488199376491,-0.14589519490905176,-0.008682612244839343,-0.0549416839162573,-0.022385411807870008,0.021891512266400515,near_d4,9.45495060887242,11.1479638803593,8,9.60117468656,55768131.4459,55768131.4459,1.00000000,0.99885347,0.99977985,apodized_d3_m10,1
6,175,6,129.6123476220268,9.685838949064292,-0.013566311645265733,-0.03021247598860366,0.012316754546214342,-0.017129969510025753,0.000436047110938632,-0.023050882523789302,0.8391655651768064,-0.006763413538726,-0.014686963575188842,-0.027024121747940163,-0.004879709994933573,0.005117507620017811,near_d4,8.806356053218078,10.561730777137717,10,9.52553669623,65497675.0645,65497675.0645,1.00000000,0.99840840,0.99995792,apodized_d2_m10,1
6,176,1,124.36047372305485,8.255619337596952,0.0,0.0,0.2066108004561955,0.25246204069473166,0.0,0.0,0.5386050152401451,-0.006890444081145549,0.0,0.0,0.017677569002534494,-0.0006768588698945725,d2,7.458050833522473,9.029573356493172,10,9.91946747244,53682953.1508,53682953.1508,1.00000000,0.99881982,0.99914916,apodized_d3_m10,1
6,176,2,129.1616986211481,10.281008756468038,0.0,0.0,0.3073707272102555,-0.1019797706416374,0.0,0.0,0.7952604476066497,0.1588324353869771,0.0,0.0,0.009942703918742074,-0.015124392884076226,d2,9.343500784874253,11.397581788443125,8,9.55589814282,61225121.302,61225121.302,1.00000000,0.99850607,0.99934685,apodized_d3_m10,1
6,176,3,128.2343748684917,10.694421441609183,0.0,0.0,0.0,0.0,0.0,0.0,0.9287809723876607,-0.1380015413032625,0.0,0.0,0.0,0.0,strict_d4,9.755473199358493,11.633369683859874,9,9.628792867,57342373.6625,57342373.6625,1.00000000,0.99833706,0.99987809,apodized_d2_m10,1
6,176,4,128.6765697085283,10.230225283536864,0.0,0.0,0.0,0.0,0.0,0.0,0.7425201800074607,0.03654801475664469,0.0,0.0,0.0,0.0,strict_d4,9.486881919440357,10.973568647633371,8,9.59027471313,62336677.0962,62336677.0962,1.00000000,0.99898817,0.99998969,apodized_d3_m10,1
6,176,5,127.76004989087292,8.664966318516194,0.0,0.0,0.0,0.0,0.0,0.0,0.7571199704470206,0.029566668057955617,0.0,0.0,0.0,0.0,strict_d4,7.907275703264081,9.422656933768309,8,9.66327162954,64092747.4941,64092747.4941,1.00000000,0.99840451,0.99998866,apodized_d2_m10,1
6,176,6,129.9293432319237,8.932147160744776,-1.1028615606902668,-2.176488458635343,-0.46465801882362245,0.31259230781891767,-0.4595838710902359,0.1464343590998054,0.35415402215182734,0.138980209809076,0.05876914796413246,-0.047845627961142556,-0.1688218812487955,0.011855244925864816,novel,6.8834060515712965,12.295460497723509,8,9.4842218191,22820472.4143,22820472.4143,1.00000000,0.98137716,0.96254219,width2_d1_m8,1
6,177,1,129.12440120845207,9.669372648687713,0.0,0.0,0.0,0.0,0.0,0.0,0.7299339672783649,0.17972716909591713,0.0,0.0,0.0,0.0,strict_d4,8.917640902335386,10.42110439504004,10,9.55777810236,61594325.0688,61594325.0688,1.00000000,0.99877509,0.99976948,apodized_d3_m10,1
6,177,2,126.6502089897563,9.08151973172795,-0.007530085601386866,-0.020805851768669656,-0.013717742802797405,0.01927757401795304,0.01780525656965424,0.022374918204161223,0.6591486620330197,0.03412007592303924,-0.026791147690956137,0.007730745317781135,-0.03268456263099519,0.036368209537991567,near_d4,8.390214567936985,9.82670134922072,10,9.74311123948,56178937.8026,56178937.8026,1.00000000,0.99895103,0.99991152,apodized_d3_m10,1
6,177,3,128.58918862130517,10.46327061917809,0.0,0.0,0.12235030092416019,-0.07791722605773951,0.0,0.0,0.581643913166462,-0.3399314941899381,0.0,0.0,-0.0008705652608139602,0.10739361818820302,d2,9.651938458829521,11.205671499191064,8,9.59232538745,32794692.4629,32794692.4629,1.00000000,0.99888999,0.99854793,apodized_d3_m10,1
6,177,4,127.50524143250337,10.523599137126892,0.0,0.0,0.0,0.0,0.0,0.0,0.8989640171007417,0.08015522141194617,0.0,0.0,0.0,0.0,strict_d4,9.621181236854916,11.426017037398868,9,9.68319484309,59827490.366,59827490.366,1.00000000,0.99844198,0.99994760,apodized_d2_m10,1
6,177,5,129.3549926648117,9.528918876081706,0.0,0.0,0.0,0.0,0.0,0.0,0.8613012872663262,0.08038549718353606,0.0,0.0,0.0,0.0,strict_d4,8.663933314896864,10.393904437266547,10,9.54569780452,65983082.943,65983082.943,1.00000000,0.99823269,0.99995227,apodized_d1_m10,1
6,178,1,129.44223005216938,10.380786297252481,0.0,0.0,-0.16486797697837868,-0.2534921542276026,0.0,0.0,0.8418058314235568,0.31682918671700583,0.0,0.0,-0.040523985241864534,0.006606526682814575,d2,9.233411598742226,11.521550802901404,8,9.53711240229,47874260.2098,47874260.2098,1.00000000,0.99809260,0.99884419,apodized_d2_m10,1
6,178,2,122.42258680407512,9.463920577483592,0.0,0.0,0.03257309436694568,-0.10182429284667345,0.0,0.0,0.6742961460397089,-0.21625144660740056,0.0,0.0,-0.008457573079425768,-0.03134972303471922,d2,8.6919178983246,10.232572314930003,9,10.0796357128,53618531.5949,53618531.5949,1.00000000,0.99882471,0.99956817,apodized_d3_m10,1
6,178,3,128.5541876870205,8.62789042372459,0.0,0.0,0.0,0.0,0.0,0.0,0.6880402740940269,0.031827412916006555,0.0,0.0,0.0,0.0,strict_d4,7.9391585244832035,9.316622322965976,8,9.60087045601,63337798.7582,63337798.7582,1.00000000,0.99872424,0.99995587,apodized_d3_m10,1
6,178,4,129.1925430207573,10.206430090962545,0.0,0.0,0.0,0.0,0.0,0.0,0.8908583057413746,-0.14428074403397378,0.0,0.0,0.0,0.0,strict_d4,9.304051836359191,11.1088083455659,8,9.55708741285,63094864.3786,63094864.3786,1.00000000,0.99831916,0.99986076,apodized_d2_m10,1
6,178,5,124.59962424382438,8.813833984239057,0.00814636137455354,0.01964268564842195,-0.03098654350111735,-0.020089292654106403,0.012111010565796691,-0.02568889055031998,0.6487449716327166,0.05768124271776992,-0.00825271562005291,-0.006745328693781699,0.0047120247739189155,0.004073599342890687,near_d4,8.136020088744322,9.532130802291205,10,9.90358445087,59332598.8014,59332598.8014,1.00000000,0.99893436,0.99995145,apodized_d3_m10,1
6,178,6,128.67172963067938,8.599272118349967,-0.010224672803095315,-0.046392367282442615,-0.01870020666988955,0.01207317957538205,0.03845067590068337,0.019059239537671555,0.7729069078149657,0.12023976996905554,0.01266455609429824,-0.0037855612939157873,0.008106837268740733,-0.015788713992538967,near_d4,7.758782638741238,9.461426875719821,8,9.59566758994,59115271.1755,59115271.1755,1.00000000,0.99821656,0.99983550,apodized_d2_m10,1
6,179,1,127.39684541996772,9.129901494005425,0.0,0.0,0.0,0.0,0.0,0.0,0.7534083379504459,0.053809774454032545,0.0,0.0,0.0,0.0,strict_d4,8.374574840781175,9.885228147229675,10,9.6893945308,63338841.0672,63338841.0672,1.00000000,0.99859854,0.99994619,apodized_d2_m10,1
6,179,2,129.472511329617,9.939187072861877,0.0,0.0,0.0,0.0,0.0,0.0,0.8326840837767473,0.17419719803387732,0.0,0.0,0.0,0.0,strict_d4,9.088481500167486,10.78989264555627,8,9.53503550644,64299686.5801,64299686.5801,1.00000000,0.99844731,0.99977779,apodized_d2_m10,1
6,179,3,129.6307185346241,10.309592626138182,0.0,0.0,0.0,0.0,0.0,0.0,0.7317885865856892,0.19847308757823356,0.0,0.0,0.0,0.0,strict_d4,9.551445691267617,11.067739561008747,8,9.51931592557,58206184.6387,58206184.6387,1.00000000,0.99892719,0.99975103,apodized_d3_m10,1
6,179,4,124.31181041198026,12.161638235244126,0.0,0.0,0.2802092612025739,-0.6676696619265494,0.0,0.0,0.6090044460148902,-0.30210291014071006,0.0,0.0,-0.03527537537956012,-0.016870186202822598,d2,10.89385483270309,13.328344053124908,10,9.9227137227,29818192.1208,29818192.1208,1.00000000,0.99833421,0.99700869,apodized_d3_m10,1
6,179,5,129.30464419101082,8.662965765007282,0.0,0.0,0.0,0.0,0.0,0.0,0.8670385664048191,-0.12353940723510583,0.0,0.0,0.0,0.0,strict_d4,7.787171795933444,9.53875973408112,8,9.5523298343,58753529.4862,58753529.4862,1.00000000,0.99773880,0.99982998,apodized_d1_m10,1
6,179,6,129.77474403055422,9.30143481968137,0.898186591357061,0.10941664428395947,1.6901837795588277,-0.004140006180918032,-0.4307465245457225,-0.3139712224145065,0.8980972419998685,-0.310513632923737,-0.056377051770425624,0.10755836844053257,0.07521540357288842,0.12383832373699949,novel,6.93414369895404,12.392680289807537,11,9.51559129223,18861489.5097,18861489.5097,1.00000000,0.98649089,0.97625916,apodized_d2_m10,1
6,180,1,127.26220232115085,9.37216825410195,0.01868050005517886,0.023321358884781047,0.04540643988356051,0.0002920050716012639,-0.016660451166711908,-0.043815186548581055,0.6974498901267435,-0.21459789799179863,0.011750894633001776,-0.0274693022592611,0.0013319115697855853,0.018850197991310397,near_d4,8.623987021987263,10.171431076719065,10,9.69718559533,55181003.4635,55181003.4635,1.00000000,0.99873236,0.99960598,apodized_d3_m10,1
6,180,2,128.70278549605118,8.89915298951848,0.0,0.0,0.0,0.0,0.0,0.0,0.7854271596528674,0.019235533097660594,0.0,0.0,0.0,0.0,strict_d4,8.113532980445829,9.684772998591132,10,9.59289855468,64335259.0506,64335259.0506,1.00000000,0.99836425,0.99999403,apodized_d2_m10,1
6,180,3,125.59465671747726,8.707603133868348,-0.00793031640229071,0.01195496920782443,-0.013839880561973765,0.002181713702616248,0.00928907521206465,0.0004861252269762784,0.7958435124560412,0.05013532267346993,0.01353363461536768,-0.006893747812603261,0.008233641997564479,-0.009059926256351403,near_d4,7.862281999491977,9.515564262880776,10,9.83140304822,59210850.3504,59210850.3504,1.00000000,0.99820494,0.99996835,apodized_d1_m10,1
6,180,4,129.4213181501874,8.7899249585526,-0.01807457129994761,-0.05693809434691725,0.043356728738711076,-0.0004730200323357941,0.011223919450695865,0.015046077530388245,0.7438209933827582,0.04688770707674412,0.0086768194037677,0.033255211638458675,-0.011845693879239384,0.024027906169542153,near_d4,7.931914866976127,9.576734660216617,8,9.5383706223,61887824.9074,61887824.9074,1.00000000,0.99848243,0.99989462,apodized_d2_m10,1
6,180,5,127.75758215562837,9.27548788559737,0.0,0.0,0.0,0.0,0.0,0.0,0.7976082016730532,-0.15256484794682848,0.0,0.0,0.0,0.0,strict_d4,8.463504536901622,10.087471234293117,10,9.66340296408,61559944.8754,61559944.8754,1.00000000,0.99837294,0.99981872,apodized_d2_m10,1
6,181,1,126.99357429176985,9.138944036956161,0.0,0.0,0.31420445796036645,-0.05136758039658359,0.0,0.0,0.5537026947659163,0.268843745472477,0.0,0.0,0.052491937336982535,-0.04069592167353965,d2,8.452047058032289,10.081262207363437,10,9.71270409819,44901627.3619,44901627.3619,1.00000000,0.99878778,0.99868953,apodized_d3_m10,1
6,181,2,129.26195134239833,9.368419533839585,0.003275594254932825,-0.0017935040461895845,0.016664686709346288,-0.008173459022912846,0.0012088199140826345,0.005663250560013625,0.7161619366919028,0.13421951485638478,-0.00960798334298702,0.01670705193291796,0.010155528603098343,0.01234023536910534,near_d4,8.615078045765475,10.126532861626545,10,9.54765857118,60858620.2283,60858620.2283,1.00000000,0.99878034,0.99984490,apodized_d3_m10,1
6,181,3,129.90171462195067,9.43451490363024,0.0,0.0,0.0,0.0,0.0,0.0,0.7933932473658252,-0.07046567075582148,0.0,0.0,0.0,0.0,strict_d4,8.638102279210358,10.23092752805012,10,9.50321989202,64971449.9971,64971449.9971,1.00000000,0.99852350,0.99994393,apodized_d2_m10,1
6,181,4,129.27660703961703,9.56994967531511,0.0,0.0,0.0,0.0,0.0,0.0,1.0448158786546802,0.11547189387234648,0.0,0.0,0.0,0.0,strict_d4,8.518787307747507,10.621112042882713,10,9.55828171972,64288393.8053,64288393.8053,1.00000000,0.99720972,0.99969665,apodized_d1_m10,1
6,181,5,129.60804764761866,9.921496567662112,0.0,0.0,0.0,0.0,0.0,0.0,0.9751611288460721,0.2077350152769732,0.0,0.0,0.0,0.0,strict_d4,8.924454510884168,10.918538624440055,8,9.53026103985,59740751.9514,59740751.9514,1.00000000,0.99770778,0.99967799,apodized_d1_m10,1
6,181,6,128.9833620287312,9.419057771257405,0.0,0.0,0.0,0.0,0.0,0.0,0.8733076646712908,-0.04587691052682494,0.0,0.0,0.0,0.0,strict_d4,8.544677228660337,10.293438313854473,10,9.5739797511,65242561.5693,65242561.5693,1.00000000,0.99813858,0.99998160,apodized_d1_m10,1
6,182,1,128.8406713763927,10.259814481510173,-0.08079856105091121,-0.09642623963425256,-0.2205916610670362,0.6147651910222331,-0.09316416998670585,-0.20082374648588186,0.2321187942694285,-0.2483543850854193,-0.09820028245653006,0.1154840539325318,-0.18294609677366713,0.07962052407091452,novel,9.007278848245146,11.291688497815711,8,9.56456162054,17687851.3901,17687851.3901,1.00000000,0.99783224,0.99530345,width2_d1_m8,1
6,182,2,122.80986042612557,8.325837316051102,0.0,0.0,0.013805614844831464,0.41178537603143156,0.0,0.0,0.392205230504621,-0.07288286157482175,0.0,0.0,-0.014509794507316041,-0.022506336927624458,d2,7.490018077959901,8.790578385207324,10,10.0389628476,44949706.7942,44949706.7942,1.00000000,0.99894530,0.99821036,apodized_d3_m10,1
6,182,3,127.73321203646131,9.944879500157258,0.0,0.0,0.0,0.0,0.0,0.0,0.7212521903717437,0.020105345519589268,0.0,0.0,0.0,0.0,strict_d4,9.223365010692643,10.666393989621874,8,9.6609599489,63422568.0678,63422568.0678,1.00000000,0.99899348,0.99999597,apodized_d3_m10,1
6,182,4,128.1886360613134,10.287173925015235,0.0,0.0,0.0,0.0,0.0,0.0,0.7275198444564537,0.12052148586408956,0.0,0.0,0.0,0.0,strict_d4,9.549778405334273,11.024569444696198,8,9.62626171427,60646702.9842,60646702.9842,1.00000000,0.99901356,0.99990543,apodized_d3_m10,1
6,182,5,122.70661962874019,9.193844173325367,0.0,0.0,0.09656088721088345,-0.1548784079279245,0.0,0.0,0.6219794852488345,0.37074031771026383,0.0,0.0,0.0015444721764581771,0.023787943024518577,d2,8.279502619763898,9.990813984512716,10,10.0552540298,44670669.0963,44670669.0963,1.00000000,0.99850198,0.99867337,apodized_d3_m10,1
6,182,6,128.79261490670913,9.456653347946416,0.0,0.0,0.0,0.0,0.0,0.0,0.7700453954251363,0.05715366009095395,0.0,0.0,0.0,0.0,strict_d4,8.684496906612674,10.228809789280158,10,9.58416023178,63688914.4711,63688914.4711,1.00000000,0.99864064,0.99993449,apodized_d2_m10,1
6,183,1,128.8080401479617,9.419965238389715,0.02449142747031248,0.007206655854053611,0.05802210384714468,-0.011656093391398727,0.02248431961542437,-0.007844485798989517,0.8199048544778177,0.19647978866648824,0.031969842045710004,0.016237604987866177,-0.013595738009635353,0.019128230135871553,near_d4,8.504999887788047,10.394352502309706,10,9.58514420058,59297576.9008,59297576.9008,1.00000000,0.99824563,0.99966109,apodized_d2_m10,1
6,183,2,127.4404333822324,10.210960508961765,0.000710143512295686,-0.018997043597611632,-0.009003741760836117,0.0300843033637429,-0.010566803669971356,0.005256934601975019,0.9140985092370869,0.07307440391003497,0.009958110437267532,0.010439954296867171,0.007062685775723221,0.013883496992800674,near_d4,9.260726756246774,11.142679823831616,8,9.6893767777,66104934.685,66104934.685,1.00000000,0.99825108,0.99994526,apodized_d1_m10,1
6,183,3,127.9459704636759,9.266558013361088,0.0,0.0,0.0,0.0,0.0,0.0,0.9305963387389189,0.12097184941879784,0.0,0.0,0.0,0.0,strict_d4,8.328182146807634,10.204933879914542,10,9.65434100918,62732968.3843,62732968.3843,1.00000000,0.99770299,0.99983735,apodized_d1_m10,1
6,183,4,128.7040677119141,8.89403314127667,0.03896273425922353,0.060538873320361744,-0.014999111822717646,-0.006095960607069751,0.011885988672218552,-0.009732070953220923,0.6314506746887353,0.12403919560065577,0.02110993252772898,0.012819718673252174,-0.005229558454278799,0.030701825658066097,near_d4,8.181215248452677,9.630914128684434,10,9.5868967883,57371766.0338,57371766.0338,1.00000000,0.99895838,0.99981253,apodized_d3_m10,1
6,183,5,129.2028077667295,10.19008094558376,-0.008845484318791345,0.0028073573654963436,0.0036102434260281225,0.005791979399459695,-0.014444686882455576,0.019123891593113163,0.7018197708181279,-0.043727123784839485,0.011006268376422636,0.00875888252525909,0.0030420642810835407,0.0030984492311747743,near_d4,9.472430002065527,10.913496575998337,8,9.549934384,59661412.184,59661412.184,1.00000000,0.99911384,0.99997166,apodized_d3_m10,1
6,184,1,128.4094720850263,8.95104995647605,-0.045670474226497844,-0.005390251913180005,0.0030792832212444637,0.0044987293539096584,0.007117610637799934,-0.005863593226665663,0.6811927636957519,0.1433710069136373,-0.012625871391045129,-0.013669462933308523,-0.021434004414023985,0.0041994190967256755,near_d4,8.222363837293754,9.687928608098787,10,9.61073697335,58640840.8419,58640840.8419,1.00000000,0.99877214,0.99980112,apodized_d3_m10,1
6,184,2,126.52344906369606,11.61213873959554,0.0,0.0,0.18999643940851974,0.399641506569917,0.0,0.0,0.5552060860811258,-0.28567172614150527,0.0,0.0,0.022929054790908728,0.031331984759228236,d2,10.591388934226211,12.381381597901655,10,9.74719925415,37809287.3738,37809287.3738,1.00000000,0.99905996,0.99827943,apodized_d3_m10,1
6,184,3,129.40891141405623,8.737607427408488,0.0,0.0,0.0,0.0,0.0,0.0,0.6146116919027491,0.14589117319497213,0.0,0.0,0.0,0.0,strict_d4,8.105958060265404,9.369256794551571,8,9.53432651546,58268675.6927,58268675.6927,1.00000000,0.99898639,0.99982412,apodized_d3_m10,1
6,184,4,129.76842548078997,9.420107869993146,0.0,0.0,0.0,0.0,0.0,0.0,0.8782708664151607,0.18356416512141624,0.0,0.0,0.0,0.0,strict_d4,8.522864193270811,10.31735154671548,10,9.5163381591,62043177.9357,62043177.9357,1.00000000,0.99800254,0.99975552,apodized_d1_m10,1
6,184,5,129.28908935119088,9.976250457897287,0.0,0.0,0.0,0.0,0.0,0.0,0.8702029456208288,0.13827558191389003,0.0,0.0,0.0,0.0,strict_d4,9.095256547540652,10.857244368253921,8,9.54980290566,64478685.469,64478685.469,1.00000000,0.99832984,0.99986756,apodized_d2_m10,1
6,184,6,127.59989856670909,9.773217939568662,-0.02632713123336292,-0.041319869439683306,-0.034619619183592104,0.01891507713069866,-0.04153178852163931,-0.035930992375286096,0.7028739387921208,0.08811076156634294,0.014405002798096967,0.015512465327204558,-0.02589796814705306,0.008591593967203989,near_d4,8.99342072748896,10.5470481034913,8,9.67076269005,54342793.3006,54342793.3006,1.00000000,0.99893472,0.99983313,apodized_d3_m10,1
6,185,1,129.91106060455806,9.57390558487618,0.0,0.0,0.0,0.0,0.0,0.0,1.041138121263351,0.05467860965393483,0.0,0.0,0.0,0.0,strict_d4,8.531489436750116,10.616321733002243,10,9.51142102404,63594290.5865,63594290.5865,1.00000000,0.99727356,0.99977923,apodized_d1_m10,1
6,185,2,127.80502567306674,9.057539109555726,0.02396730865216278,0.03168400724143089,-0.02727748375447314,-0.04196466659117334,0.027837368473733363,-0.03793476457205073,0.7801330850085602,-0.00265199714253556,0.08721062115688488,-0.031532976204397184,0.009285196346302607,0.004472555718458127,near_d4,8.17331570815733,9.96174962896099,10,9.65975969302,60211051.2031,60211051.2031,1.00000000,0.99838778,0.99985159,apodized_d2_m10,1
6,185,3,129.90514309764708,9.534431137531664,0.0,0.0,0.0,0.0,0.0,0.0,0.8540212124201039,0.1961847837261465,0.0,0.0,0.0,0.0,strict_d4,8.658283227529942,10.410579047533385,10,9.5050980874,62363173.1422,62363173.1422,1.00000000,0.99815978,0.99972736,apodized_d1_m10,1
6,185,4,127.71537519368994,8.78317335729091,0.03885574034575967,0.8751241664889355,0.7257453143252188,0.6825923976079433,-0.15459225787379816,0.10012763312308426,0.18004700968788945,0.26890470152211887,-0.06866891766364519,-0.18907440979616086,0.19555225027499773,0.04246580479336859,novel,7.321052031248232,10.25719306106435,10,9.64666370592,19044803.8484,19044803.8484,1.00000000,0.99317780,0.98606922,width2_d1_m8,1
6,185,5,126.35547274968786,8.219356211304309,0.0,0.0,0.11227174267487947,0.3936270753679012,0.0,0.0,0.45988631178085515,-0.10573844086676891,0.0,0.0,-0.003557554661512077,0.006726562973544695,d2,7.347337635131882,8.798705772097744,8,9.75998447491,51270442.5441,51270442.5441,1.00000000,0.99871907,0.99836581,apodized_d3_m10,1
6,185,6,128.28244754068612,9.997992392423667,-0.02099990412959257,-0.03311778880724886,0.021267223186377106,0.03407770826596405,0.027487471243150513,-0.027059788922345014,0.786916815448195,0.03103869307289694,-0.015294465640156869,0.01016659443783705,0.05064101273570497,-0.028321295360176208,near_d4,9.114352898923718,10.865816032066338,8,9.62190359192,57251410.5713,57251410.5713,1.00000000,0.99868553,0.99982686,apodized_d3_m10,1
6,186,1,129.99512587946418,9.509090418632953,0.0,0.0,0.0,0.0,0.0,0.0,0.7213426792473786,0.008183314295994547,0.0,0.0,0.0,0.0,strict_d4,8.787747739385575,10.230433097880331,10,9.49361326628,62542252.4049,62542252.4049,1.00000000,0.99887289,0.99998899,apodized_d3_m10,1
6,186,2,128.2122568124666,9.55006207653341,0.0,0.0,0.0,0.0,0.0,0.0,0.8576025584798003,0.1309572517275483,0.0,0.0,0.0,0.0,strict_d4,8.682579920383658,10.417544232683161,10,9.63067911548,65523928.2876,65523928.2876,1.00000000,0.99822021,0.99987676,apodized_d1_m10,1
6,186,3,129.33672966606036,10.410528171670917,0.0,0.0,0.0,0.0,0.0,0.0,1.0035632540443982,-0.125429264925812,0.0,0.0,0.0,0.0,strict_d4,9.399275146477498,11.421781196864336,8,9.54980337373,61083633.6617,61083633.6617,1.00000000,0.99788206,0.99987768,apodized_d1_m10,1
6,186,4,129.15177352856162,10.816131011436374,0.0,0.0,0.13672421951829178,0.13591937285286568,0.0,0.0,1.0927971587984502,-0.03807399554816509,0.0,0.0,-0.02781759039377425,0.04507947252683618,d2,9.62185509956071,12.02218908436364,9,9.56554269276,52724811.773,52724811.773,1.00000000,0.99752366,0.99964349,apodized_d1_m10,1
6,186,5,127.93883465199401,9.08398700424008,-0.005028725416237085,0.014769584005579315,0.004008023155432631,0.013600641128725518,-0.010578321263894436,0.009647426254017107,0.9062429461997608,-0.09353813044027866,-0.006207970382351547,0.018778312046221185,0.0034479512368474907,-0.016305033161613653,near_d4,8.13729417420998,10.03068498022966,10,9.6544997254,61261600.0875,61261600.0875,1.00000000,0.99775736,0.99987134,apodized_d1_m10,1
6,187,1,128.1007328175988,9.411787147049262,0.01705803764652456,-0.08911565364645804,0.07242231577546646,-0.029741753597790115,-0.004979958584269824,0.09007270633518993,0.733255716012411,-0.020053444666626563,0.07523083116506671,0.0035653208564304767,-0.0009130007265245019,0.005604311510924599,near_d4,8.603587191887696,10.30414414512032,10,9.63472472298,58078564.2481,58078564.2481,1.00000000,0.99869273,0.99976767,apodized_d3_m10,1
6,187,2,129.34456223137494,9.7184098036679,0.0,0.0,0.0,0.0,0.0,0.0,0.7602148081520358,-0.1358762893506246,0.0,0.0,0.0,0.0,strict_d4,8.946149696611206,10.490669910724593,10,9.54236070157,63104308.2385,63104308.2385,1.00000000,0.99871709,0.99984935,apodized_d3_m10,1
6,187,3,127.37936170215151,9.46523459833048,0.011627146603795527,0.000643844514108062,-0.009383133906369046,0.013863442224768987,-0.012582650998087455,0.008356937109372516,0.7415549811718692,-0.19479019080099244,-0.001241225444140575,0.008334804358878118,0.01882932767716465,-0.0009222130537327477,near_d4,8.671028598525606,10.244811532936826,10,9.68966939305,57733015.5375,57733015.5375,1.00000000,0.99863167,0.99968677,apodized_d3_m10,1
6,187,4,127.71282198852198,9.918548688205856,-0.0024229907199789015,-0.013223388322653296,0.012414232932978915,0.00578486326720489,0.0028010245515443896,-0.01317189176065915,0.9277499390013542,-0.10072117737502956,0.02578095995471829,-0.0005233010965950188,-0.0013337080804989132,-0.0023695874031619273,near_d4,8.95143372412038,10.890270943326218,8,9.66990290207,68113219.0856,68113219.0856,1.00000000,0.99804924,0.99991384,apodized_d1_m10,1
6,187,5,128.38151028217348,10.319962770639034,0.0,0.0,0.0,0.0,0.0,0.0,0.7916658496857668,-0.17770852286847552,0.0,0.0,0.0,0.0,strict_d4,9.5086490397237,11.131276501554368,8,9.61392149443,58750347.6415,58750347.6415,1.00000000,0.99873629,0.99978733,apodized_d3_m10,1
6,187,6,128.45754260760648,11.116668201079325,0.7453265039655759,-0.7866641913225667,-0.10383186162512992,0.47900474272418436,-0.27338760445071075,0.3310042981700112,0.6332745476854731,0.3270157648281573,-0.013898522008056968,-0.17855974821928572,-0.03926765676602384,-0.11941597610397736,novel,8.944232299878191,13.340677408020673,9,9.60440363525,23229734.222,23229734.222,1.00000000,0.99509488,0.99110153,apodized_d3_m10,1
6,188,1,124.91118202548579,8.587339191772168,0.0,0.0,0.1350226078316227,0.03394482446012552,0.0,0.0,0.4615652684622592,0.009292681259276818,0.0,0.0,-0.02257708271647069,0.054376088044265775,d2,8.0948534914202,9.174004230146002,10,9.87192358139,48051712.1869,48051712.1869,1.00000000,0.99944386,0.99956864,apodized_d3_m10,1
6,188,2,127.37245048724819,9.9732408922631,0.0,0.0,0.0,0.0,0.0,0.0,0.9176915188142557,0.03780620176376255,0.0,0.0,0.0,0.0,strict_d4,9.05478898891312,10.891692795613078,8,9.69525080385,68675861.4719,68675861.4719,1.00000000,0.99815703,0.99998700,apodized_d1_m10,1
6,188,3,127.973189687383,10.44059786573606,0.0,0.0,0.0,0.0,0.0,0.0,0.91539626534063,-0.1664786810922493,0.0,0.0,0.0,0.0,strict_d4,9.510199806958124,11.370995924513995,8,9.64858268407,58710783.5805,58710783.5805,1.00000000,0.99827443,0.99982238,apodized_d2_m10,1
6,188,4,129.77933376895513,10.0631371948276,0.0,0.0,0.0,0.0,0.0,0.0,0.9526553625236239,0.3184371519136025,0.0,0.0,0.0,0.0,strict_d4,9.058705612934325,11.067568776720876,8,9.51671496454,54263500.4039,54263500.4039,1.00000000,0.99770590,0.99933455,apodized_d1_m10,1
6,188,5,128.01450434960518,9.140499839475684,0.0,0.0,0.0,0.0,0.0,0.0,0.7862651831231998,-0.1686664666450941,0.0,0.0,0.0,0.0,strict_d4,8.336348706798761,9.944650972152607,10,9.64393702507,61200272.8997,61200272.8997,1.00000000,0.99835292,0.99977639,apodized_d2_m10,1
6,188,6,123.12536679008855,8.695514805817535,-0.001729372897478513,-0.005878464613684785,-0.015747439543032076,0.0031831738960851597,0.01749388827770184,0.005982849803624102,0.7886388471572128,-0.046356761621239556,-0.011661598155322486,-0.018698497464213232,-0.0006054351119911379,0.003547479375357331,near_d4,7.885555317091202,9.535043744295036,10,10.0284243177,59335067.2039,59335067.2039,1.00000000,0.99823567,0.99997090,apodized_d1_m10,1
6,189,1,128.42139185362421,9.61055522057945,0.0,0.0,0.0,0.0,0.0,0.0,0.7814915747072949,0.11106449596391539,0.0,0.0,0.0,0.0,strict_d4,8.821211877846382,10.399898563312517,10,9.61203133903,63641728.7429,63641728.7429,1.00000000,0.99861200,0.99987112,apodized_d2_m10,1
6,189,2,123.89335986108925,10.25458138784958,0.0,0.0,-0.06366526376422527,-0.08591304283833578,0.0,0.0,0.6701869671526108,0.0662266927307268,0.0,0.0,-0.03907906199079659,-0.03815613354607561,d2,9.529634297941447,11.04514661286877,9,9.95843327747,48105786.25,48105786.25,1.00000000,0.99915061,0.99978242,apodized_d3_m10,1
6,189,3,129.43454489141635,10.747799620170742,0.0,0.0,0.1983682563448258,0.046175449176441716,0.0,0.0,0.7431567503625439,0.08225466440243116,0.0,0.0,0.03721542593081436,0.002924229796376328,d2,9.960491038772117,11.733287895734074,8,9.53330259478,57528211.2263,57528211.2263,1.00000000,0.99900536,0.99975960,apodized_d3_m10,1
6,189,4,129.11458308322537,9.557966395127096,-0.07377476980326786,0.041707084635159535,-0.058443465600677535,0.023499738411094366,0.008928897060678922,-0.039666561376942376,0.752406755295776,0.05293180396640823,-0.008578236011463786,-0.004218563249598414,-0.017427769814925637,-0.009934204293494977,near_d4,8.71489467229829,10.468491052598727,10,9.55938037259,62125884.1994,62125884.1994,1.00000000,0.99871036,0.99986734,apodized_d3_m10,1
6,189,5,129.46614874165425,9.599727429127743,0.0,0.0,0.0,0.0,0.0,0.0,1.008233479467692,0.2073973669108688,0.0,0.0,0.0,0.0,strict_d4,8.570405932981334,10.629048925274152,10,9.54293513179,62382082.0411,62382082.0411,1.00000000,0.99734624,0.99957625,apodized_d1_m10,1
6,190,1,127.81848775028955,9.30378859037477,0.0,0.0,0.0,0.0,0.0,0.0,0.8855651263267539,0.0846961570737808,0.0,0.0,0.0,0.0,strict_d4,8.414221523324645,10.193355657424895,10,9.66210904288,64393000.0671,64393000.0671,1.00000000,0.99799924,0.99993596,apodized_d1_m10,1
6,190,2,128.8602898208907,9.509642409885403,0.026583911311435827,0.0157891403218129,0.014543555029911292,0.017773371361919928,-0.02722410902866197,0.0005169515991165984,0.9298903417219244,0.06007645785439511,-0.01963820232465446,-0.01688028386254086,0.022597588012150522,0.01853475243269866,near_d4,8.502701187604778,10.503176100512821,10,9.58504248188,63606369.8566,63606369.8566,1.00000000,0.99785193,0.99989632,apodized_d1_m10,1
6,190,3,128.53686922583617,9.890815027198887,-0.0359873410861318,-0.03465954881944116,0.06267411328434853,-0.031467581608945076,-0.05235956627678524,0.07246995843047993,0.6675795966688609,-0.051686159926596406,0.010474628269177963,0.010098411880020622,-0.020453870763389476,0.033199919385687386,near_d4,9.134802357243686,10.682864578516648,8,9.59881994103,51741995.6465,51741995.6465,1.00000000,0.99906625,0.99977511,apodized_d3_m10,1
6,190,4,123.93785042871652,8.902955166596415,0.0,0.0,0.0,0.0,0.0,0.0,0.8160446343184659,0.019523346667749995,0.0,0.0,0.0,0.0,strict_d4,8.086726289647736,9.719184043545095,10,9.96310268552,62604330.5769,62604330.5769,1.00000000,0.99819889,0.99999595,apodized_d1_m10,1
6,190,5,127.86698857467624,9.081249481737457,0.0,0.0,0.0,0.0,0.0,0.0,0.7054145510049299,-0.07341191202561241,0.0,0.0,0.0,0.0,strict_d4,8.372025631102096,9.790473332372818,10,9.65204807017,61727803.7307,61727803.7307,1.00000000,0.99878467,0.99993952,apodized_d3_m10,1
6,190,6,128.9607306203036,9.513684629476394,0.0,0.0,0.0,0.0,0.0,0.0,1.0674430509351864,-0.06864339908211772,0.0,0.0,0.0,0.0,strict_d4,8.444053494698005,10.583315764254783,10,9.5827585659,61864737.9296,61864737.9296,1.00000000,0.99706009,0.99968184,apodized_d1_m10,1
6,191,1,129.86063347242253,9.546469850405247,0.0,0.0,0.02854185983593411,-0.16646332629404834,0.0,0.0,0.5374731119787152,0.039618876606150745,0.0,0.0,-0.016670677960811203,-0.02281322624386235,d2,8.859513372071383,10.101719409832368,10,9.49697052025,53821394.0672,53821394.0672,1.00000000,0.99939023,0.99963943,apodized_d3_m10,1
6,191,2,129.0417645310204,10.092750820717843,-0.012593044112718608,0.01846703265248373,-0.00024440469063004213,-0.018805638470370617,0.003045618686810788,-0.0037715630087110097,0.9327850777133907,-0.09393149444130232,-0.004192679665897347,-0.02588659101569035,-0.0007857610881847244,-0.01698989398346851,near_d4,9.117077722071857,11.0433843066052,8,9.5699907394,63691098.4314,63691098.4314,1.00000000,0.99810393,0.99991877,apodized_d1_m10,1
6,191,3,129.57869613893885,10.171059145718093,0.0,0.0,0.0,0.0,0.0,0.0,1.0083834452719418,-0.05249984153382817,0.0,0.0,0.0,0.0,strict_d4,9.161457762348912,11.180660529087275,8,9.5327266518,65531578.7282,65531578.7282,1.00000000,0.99778580,0.99993323,apodized_d1_m10,1
6,191,4,129.58367461771886,10.355390790561923,0.0,0.0,0.0,0.0,0.0,0.0,0.9288522134396671,-0.061991618936295456,0.0,0.0,0.0,0.0,strict_d4,9.42447689769156,11.286304683432286,8,9.52912419312,66288408.2251,66288408.2251,1.00000000,0.99825712,0.99997208,apodized_d1_m10,1
6,191,5,128.09422256270298,9.54363674073624,0.013108569242399773,-0.022341565683618066,-0.0035573832210032815,0.004272889640251983,0.0001687100772554053,0.010724850354679051,0.8811666575114652,-0.0926670718329999,0.009964916157654229,-0.005717995530981424,0.005176938172221784,-0.016331039370330383,near_d4,8.630676705356183,10.463625855728024,10,9.64043245763,65868799.1169,65868799.1169,1.00000000,0.99812229,0.99992193,apodized_d1_m10,1
6,191,6,129.78646183659143,8.700956390998273,0.0,0.0,0.0,0.0,0.0,0.0,0.8460573161026352,0.11373792510004609,0.0,0.0,0.0,0.0,strict_d4,7.847303586803703,9.554609195192844,8,9.5159163964,60773317.2963,60773317.2963,1.00000000,0.99789361,0.99987447,apodized_d1_m10,1
6,192,1,123.18443474769991,9.80231291905558,0.0,0.0,-0.11210995352812618,-0.06076935150624023,0.0,0.0,0.6797535400886742,-0.04500857167049833,0.0,0.0,0.013715433458486281,-0.04142555588249634,d2,9.091060427529943,10.582123304210423,9,10.0167524426,56800446.9993,56800446.9993,1.00000000,0.99902811,0.99983120,apodized_d3_m10,1
6,192,2,128.06351761011072,9.6098112997202,0.0,0.0,-0.001821977717296843,0.022174891787795345,0.0,0.0,0.7927270996988771,-0.25378836063450483,0.0,0.0,-0.06230087683794281,-0.078797906529613,d2,8.657177712874432,10.478096320584072,10,9.63981097728,45079866.4661,45079866.4661,1.00000000,0.99823424,0.99922575,apodized_d2_m10,1
6,192,3,128.39253618781765,10.12735999465602,0.0,0.0,0.0,0.0,0.0,0.0,0.7671027543457122,-0.031608442449028634,0.0,0.0,0.0,0.0,strict_d4,9.359621419848812,10.895098569463228,8,9.61250935135,65759119.6465,65759119.6465,1.00000000,0.99887065,0.99998388,apodized_d3_m10,1
6,192,4,125.30869187116451,9.170092774495563,-0.010957315089532526,-0.01748425828367978,0.016016717828011322,0.01025103179048827,0.012175977058262922,0.06788524374368173,0.799109731176175,-0.13489400536853952,0.03181788968162121,-0.008786972516497115,-0.015044812190673237,0.009969233817237352,near_d4,8.282948734794443,10.071495852529806,10,9.85269774238,58220215.4382,58220215.4382,1.00000000,0.99830177,0.99978464,apodized_d2_m10,1
6,192,5,129.55680653596028,10.875006514542836,-0.9103352268668568,-0.0017882247225933234,-0.049491118771172626,0.2918139458794127,-0.24977893086910763,0.31239090529970737,0.7060185109913935,-0.4905325759590833,0.028397726791527855,0.0656106196569809,0.13011423744298395,0.07763425771565408,novel,9.238413523121578,12.918314889028768,8,9.52475923122,24001262.5904,24001262.5904,1.00000000,0.99592519,0.99323272,apodized_d3_m10,1
6,193,1,129.57574316532444,9.922376271117244,0.0033598471876266646,0.0033334429416622307,-0.007472060138334697,0.0037617814030367403,0.005665605967870109,-0.0010041148669143547,0.8301450268640819,-0.10776007651361912,0.006971190397530472,0.019843218254131316,0.015254905679236262,0.02436111032835978,near_d4,9.044836559897876,10.782577905873122,8,9.52736540793,64495614.9422,64495614.9422,1.00000000,0.99849973,0.99987074,apodized_d2_m10,1
6,193,2,129.08595688347432,9.425107319016668,0.0,0.0,0.1029847911830743,0.1827718867949999,0.0,0.0,0.7749435264173602,-0.41824390288448854,0.0,0.0,-0.0036689797187106593,0.0005570648778278354,d2,8.339465620023274,10.363137054411016,10,9.56336328447,48897252.6736,48897252.6736,1.00000000,0.99783102,0.99840336,apodized_d2_m10,1
6,193,3,129.5083278202638,9.837528287729102,0.0,0.0,0.0,0.0,0.0,0.0,0.9372473829101808,-0.19994700293001058,0.0,0.0,0.0,0.0,strict_d4,8.879190689388347,10.795865886069857,8,9.5364754336,63991168.278,63991168.278,1.00000000,0.99787501,0.99971870,apodized_d1_m10,1
6,193,4,127.17913423238177,10.062896822312057,0.0,0.0,0.0,0.0,0.0,0.0,0.7567129634746769,0.15635549732831247,0.0,0.0,0.0,0.0,strict_d4,9.290211716826953,10.835581927797161,8,9.70417024504,61283780.9835,61283780.9835,1.00000000,0.99881496,0.99983351,apodized_d3_m10,1
6,193,5,127.62580644155054,9.95514699879607,0.0,0.0,0.036130118888893926,-0.1901718500624305,0.0,0.0,0.7397952119907407,0.03920808895589781,0.0,0.0,-0.014809320884304481,-0.02661559891674923,d2,9.047475199161847,10.722641681198049,8,9.66978212732,62252212.1989,62252212.1989,1.00000000,0.99880311,0.99975434,apodized_d3_m10,1
6,193,6,125.5138304221048,8.867888645301086,0.011404544212489483,-0.003808798491932266,0.004981560042676975,-0.0005342076194935727,-0.006536389467576995,0.02243401925578476,0.8405358504373505,0.038129094170091325,-0.02951621995216884,0.016007757972642648,0.014442514345494322,0.013528459199967575,near_d4,7.977298499181985,9.752711276109622,10,9.83910801285,61143226.2853,61143226.2853,1.00000000,0.99803286,0.99995136,apodized_d1_m10,1
6,194,1,127.63407463010114,9.170109564640923,-0.0026895552420972565,-0.001836496669106291,0.025373801250179448,0.01067430965478836,-0.02647832159227793,-0.011689421200350351,0.7088997164500329,0.08969296759321208,0.04837037136369709,-0.021740793374476028,-0.022894602319880518,-0.020758915666164578,near_d4,8.40325272831424,9.912258667618774,10,9.66967920953,58207411.7443,58207411.7443,1.00000000,0.99875415,0.99985355,apodized_d3_m10,1
6,194,2,126.7745618263608,9.48787370073418,0.0,0.0,0.0,0.0,0.0,0.0,0.7991820981595298,0.08708472524323428,0.0,0.0,0.0,0.0,strict_d4,8.68396677322441,10.29178062824395,10,9.73781897221,64033840.6658,64033840.6658,1.00000000,0.99850395,0.99992655,apodized_d2_m10,1
6,194,3,129.5249314913521,9.995005681574316,0.0,0.0,0.0,0.0,0.0,0.0,0.7616208989112148,-0.03312766640093543,0.0,0.0,0.0,0.0,strict_d4,9.232692602652088,10.757318760496544,8,9.52852118962,65922080.7977,65922080.7977,1.00000000,0.99885386,0.99998051,apodized_d3_m10,1
6,194,4,127.92097035182206,9.74805465398724,0.0,0.0,0.0,0.0,0.0,0.0,0.780196902065461,-0.20551942808323784,0.0,0.0,0.0,0.0,strict_d4,8.941313284634893,10.554796023339586,8,9.64937855844,60453405.7289,60453405.7289,1.00000000,0.99856182,0.99967144,apodized_d3_m10,1
6,194,5,123.02174852994622,10.114652406057555,0.0,0.0,-0.08077482079046988,0.2520418313796145,0.0,0.0,0.587362448872079,-0.23481957060752529,0.0,0.0,-0.0014625846745635993,-0.021184362795459443,d2,9.227023276288888,10.870043301906184,10,10.0266537649,49174574.357,49174574.357,1.00000000,0.99905957,0.99909123,apodized_d3_m10,1
6,194,6,128.20032172285656,10.052755572840361,0.0,0.0,0.0,0.0,0.0,0.0,0.9052642695442352,-0.06855949846368162,0.0,0.0,0.0,0.0,strict_d4,9.14491401270382,10.960597132976902,8,9.63196733865,66376262.9328,66376262.9328,1.00000000,0.99824138,0.99996633,apodized_d1_m10,1
6,195,1,129.57719542440933,9.4955200121663,0.0,0.0,0.0,0.0,0.0,0.0,0.7151171861085861,-0.20635106500117534,0.0,0.0,0.0,0.0,strict_d4,8.751227191125976,10.239812833206626,10,9.52421036464,59845245.6187,59845245.6187,1.00000000,0.99874353,0.99969174,apodized_d3_m10,1
6,195,2,129.97004084174222,9.685780441682907,0.0,0.0,0.0,0.0,0.0,0.0,0.7392270664785268,-0.09674646136961275,0.0,0.0,0.0,0.0,strict_d4,8.940282977163998,10.431277906201815,10,9.49574662701,63987801.5954,63987801.5954,1.00000000,0.99882262,0.99992315,apodized_d3_m10,1
6,195,3,128.36775132537784,9.554394598717794,-0.024475073694739957,-0.03291772867466298,0.054689845428697696,-0.07396868098683342,0.010349228729962637,-0.004424243397698268,0.7316437012794494,0.09151574912075588,0.01669172442842442,0.03304219609777767,0.013199800626069702,0.011467874236773118,near_d4,8.642824171455466,10.362743967849461,10,9.61434784634,61059440.8397,61059440.8397,1.00000000,0.99876918,0.99983780,apodized_d3_m10,1
6,195,4,124.7279665958643,8.782203443877831,-0.3479049622494843,-0.9034303763675411,-0.06935286052823497,0.3812079781966278,0.020987070933487395,-0.12901152809066907,0.36663977160870775,0.2888907808095267,0.11397849815961292,0.06097621761396954,-0.09795605432204718,0.1487533218824531,novel,7.452425839788118,10.241416635154044,10,9.88521601292,23238559.4795,23238559.4795,1.00000000,0.99564528,0.99134126,apodized_d3_m10,1
6,195,5,127.38916937443848,10.64238273000533,0.007948726761935402,0.0050380583038054675,0.008055691219134397,-0.011743815143259168,-0.020025845653102343,-0.012184771795823775,0.9526579870030323,-0.041748372622211816,0.01834156047585709,0.017949857861092027,0.003886232609159957,-0.00421896001872106,near_d4,9.669441279671148,11.620738013039674,9,9.69355813183,58992769.2258,58992769.2258,1.00000000,0.99825514,0.99997408,apodized_d1_m10,1
6,196,1,128.62257754423192,9.82662989152314,0.0,0.0,0.0,0.0,0.0,0.0,0.892199724013911,-0.1586692313862667,0.0,0.0,0.0,0.0,strict_d4,8.92043206319685,10.73282771984943,8,9.60046059192,65321300.2449,65321300.2449,1.00000000,0.99814301,0.99982868,apodized_d1_m10,1
6,196,2,123.72249092919884,8.771503302197981,0.0,0.0,-0.46048873748999164,0.3441138555371485,0.0,0.0,0.32633948540161917,0.019423217738481362,0.0,0.0,0.018904962562235193,-0.009108280073200572,d2,8.00585371268338,9.563840281692018,10,9.96132775221,40260171.3891,40260171.3891,1.00000000,0.99874867,0.99698421,apodized_d3_m10,1
6,196,3,129.83472047839606,10.317837986786076,0.0,0.0,0.0,0.0,0.0,0.0,0.9059757343914813,0.0188360545483518,0.0,0.0,0.0,0.0,strict_d4,9.411756779509743,11.22391919406241,8,9.50998954048,65840524.7182,65840524.7182,1.00000000,0.99835851,0.99999076,apodized_d2_m10,1
6,196,4,129.57306721755475,8.694938308190602,0.0,0.0,0.0,0.0,0.0,0.0,0.6860734743947481,-0.0012143065413059747,0.0,0.0,0.0,0.0,strict_d4,8.008864833795855,9.38101178258535,8,9.52508841897,63149259.4181,63149259.4181,1.00000000,0.99876132,0.99997092,apodized_d3_m10,1
6,196,5,129.02355310760834,9.207756080544467,0.02975428047925258,0.021425891840532077,0.0884140964766641,-0.06664635925252878,-0.06089457648455474,0.01206651361465314,0.8691857162090371,0.054031962169054044,-0.009090390846732237,-0.03881055591387051,0.010547020329559021,0.004122995933632416,near_d4,8.137132173569654,10.218042398781591,10,9.57144326269,62387753.7006,62387753.7006,1.00000000,0.99798845,0.99983135,apodized_d1_m10,1
6,196,6,129.40436049387063,9.865322405473309,0.0,0.0,0.0,0.0,0.0,0.0,0.9855468741308054,0.22839383478112896,0.0,0.0,0.0,0.0,strict_d4,8.853797016005991,10.876847794940625,8,9.54586824035,60903715.2369,60903715.2369,1.00000000,0.99759223,0.99959895,apodized_d1_m10,1
6,197,1,129.88889873718082,10.298919181161805,0.0,0.0,0.0,0.0,0.0,0.0,0.8836652813195822,0.010538010465815524,0.0,0.0,0.0,0.0,strict_d4,9.415253899842224,11.182584462481387,8,9.50531916222,66263977.2764,66263977.2764,1.00000000,0.99845175,0.99998708,apodized_d2_m10,1
6,197,2,126.1328962515596,8.554425218201333,0.009301092454459196,0.06700123505405829,-0.010271112911291607,0.04411959404464634,-0.011493208250405548,0.015069122047988317,0.635002887868821,-0.06411481430181684,-0.013646334420266045,0.011296631620687175,-0.03521711378594665,0.000885938750262628,near_d4,7.84030996487921,9.302659129376927,10,9.78327518533,59199804.4795,59199804.4795,1.00000000,0.99887648,0.99987853,apodized_d3_m10,1
6,197,3,128.8992786993518,9.76987529597857,-0.0018979138424517648,0.019665552954520243,-0.017481186225866918,-0.013426740156189354,-0.033553393631999294,-0.016505183468177094,0.9202211288914681,-0.222570266600239,-0.024279626298053136,0.019772404006039832,-0.006652410520444063,0.0034068624488609125,near_d4,8.777472152129723,10.79352869181429,5,8.60764176837,101448.363551,101448.363551,1.00000000,0.99996312,0.99712461,width2_d1_m8,1
6,197,4,129.48484062248554,9.623779494312569,0.0,0.0,0.0,0.0,0.0,0.0,0.7613637461985546,-0.07668472074478959,0.0,0.0,0.0,0.0,strict_d4,8.858570842362932,10.388988146262205,10,9.53223622614,65027142.8903,65027142.8903,1.00000000,0.99872510,0.99992728,apodized_d3_m10,1
6,197,5,126.78305421315808,11.386478210824801,0.0,0.0,-0.4764298765804354,-0.10478091648346925,0.0,0.0,0.5912784146503511,0.3806348807174008,0.0,0.0,0.00015832985544231458,-0.01514660033820609,d2,10.604371167509154,12.587622000828395,10,9.72809441453,40632638.4666,40632638.4666,1.00000000,0.99881101,0.99802689,apodized_d3_m10,1
6,197,6,125.34042762713152,8.313828819118,0.0,0.0,-0.34922557724623043,0.30425269881390377,0.0,0.0,0.4061555275059991,0.24805311814051834,0.0,0.0,-0.04327524376512276,-0.018732173562370783,d2,7.465775242388607,9.12513719556936,10,9.83646130972,42567342.0886,42567342.0886,1.00000000,0.99852247,0.99738815,apodized_d3_m10,1
6,198,1,129.18414211587128,10.358784703358118,0.0,0.0,0.0,0.0,0.0,0.0,1.0146994885084901,0.17029398305160004,0.0,0.0,0.0,0.0,strict_d4,9.32992954027288,11.387639866443356,8,9.56169349664,61104009.5554,61104009.5554,1.00000000,0.99775966,0.99978166,apodized_d1_m10,1
6,198,2,129.08040406656795,9.630130277512244,0.027561013065748312,-0.0036749920015159182,-0.027998938465496073,0.001229499515054549,0.03833590884471141,-0.00893488627256258,0.8845937358707986,0.1475532089212898,0.009885781350611422,-0.016525032205651883,0.013832311398455184,0.04105640896127526,near_d4,8.687709521373481,10.593400284578303,10,9.56675397164,59801617.3062,59801617.3062,1.00000000,0.99806314,0.99975715,apodized_d1_m10,1
6,198,3,127.62210437685711,10.44652340738203,0.0,0.0,0.0,0.0,0.0,0.0,0.7925940345185757,0.10508537157785239,0.0,0.0,0.0,0.0,strict_d4,9.6470177864952,11.24602902826886,8,9.67092925564,63524355.2672,63524355.2672,1.00000000,0.99883295,0.99992157,apodized_d3_m10,1
6,198,4,127.58320558304041,8.87383036227589,0.5925280277843408,-1.1366871209199718,0.8842632720829628,-0.6820273738310145,0.1779337494799682,0.05004890514364346,0.3479570841354911,-0.12016629961233427,0.3308072670983415,-0.3448416562928587,0.11932641245559011,-0.12370583023703208,novel,6.686335942499123,11.837441042211156,10,9.6584923772,16910530.6769,16910530.6769,1.00000000,0.98875410,0.97717143,width2_d1_m8,1
6,198,5,124.45514206188808,8.795671342808566,0.01649800042048013,0.001960347439484988,0.018229384229569254,0.026302083064062273,-0.009857332251931217,-0.02409029209068497,0.7834542754904656,-0.07340167478445064,-0.007465523724431229,-0.032574610658255405,0.010058153659346576,0.022317990215412885,near_d4,7.98397172085857,9.61113158609039,10,9.92072951069,60710585.478,60710585.478,1.00000000,0.99828290,0.99991367,apodized_d2_m10,1
6,199,1,128.0140717031668,8.915236778257464,1.1043494244221215,1.0402708984326772,-0.6421341228813955,0.46437165731193386,-0.14568982444402312,-0.07446294693428301,0.6196113944880621,-0.6444223089918912,0.2110406593010562,-0.17882889899033716,0.047616349103007605,0.013140063210701824,novel,6.942914909694463,12.245391455331482,10,9.64059448862,27137675.9034,27137675.9034,1.00000000,0.98963756,0.98115561,apodized_d3_m10,1
6,199,2,129.3101144169568,9.612853781237657,0.0,0.0,0.0,0.0,0.0,0.0,0.9338116004469423,-0.17832100822767327,0.0,0.0,0.0,0.0,strict_d4,8.662263759146306,10.563443803329008,10,9.5515727935,63416887.6174,63416887.6174,1.00000000,0.99780985,0.99975448,apodized_d1_m10,1
6,199,3,129.40821456876674,9.723015207819028,0.0,0.0,0.0,0.0,0.0,0.0,0.8004242063092901,0.11331108294191196,0.0,0.0,0.0,0.0,strict_d4,8.914610820076954,10.531419595561102,10,9.53911228995,65412419.4993,65412419.4993,1.00000000,0.99856862,0.99987866,apodized_d2_m10,1
6,199,4,127.20726936306632,10.148942460360953,0.003822673748113021,0.003979522124496241,0.04669254581002521,0.0028937567651195224,-0.04300891115231126,-0.0067403929586378865,0.9441659525469114,0.14264379762468463,0.01955473353025467,0.020597498764606648,0.0012343575596488856,-0.01778655701623341,near_d4,9.146012444781718,11.165466928308499,8,9.70842225072,61995907.9345,61995907.9345,1.00000000,0.99802052,0.99982193,apodized_d1_m10,1
6,199,5,128.83799295712728,10.106270802690107,0.0,0.0,0.0,0.0,0.0,0.0,0.9443214040664197,0.019288764430466725,0.0,0.0,0.0,0.0,strict_d4,9.161851485537698,11.050690119842516,8,9.58547415913,61918967.7054,61918967.7054,1.00000000,0.99808960,0.99998996,apodized_d1_m10,1
6,199,6,129.72339680799428,10.32518468936786,-0.0036731842756261694,0.026533386947771565,0.01654017904854541,-0.016090684445868215,-0.0013585976603749717,0.008766752331757324,0.7013351638696971,0.0025257005075028744,0.0013032741627377114,0.015352023820503,-0.011724788472420089,0.006078598705371474,near_d4,9.589956489580976,11.05482312109795,8,9.51141208794,60321518.4165,60321518.4165,1.00000000,0.99914770,0.99996992,apodized_d3_m10,1
6,200,1,125.48849567649492,8.67056356456661,0.0,0.0,0.0,0.0,0.0,0.0,0.8124519073782835,-0.08166180758819475,0.0,0.0,0.0,0.0,strict_d4,7.854026370490337,9.487100758642883,10,9.84061298227,61807190.0166,61807190.0166,1.00000000,0.99808419,0.99994155,apodized_d1_m10,1
6,200,2,127.91283252437866,9.15652101219793,0.0012331562393898138,-0.0025575268606863252,0.030204726136667286,-0.007431098236155,-0.05628922979491548,-0.03029683999039259,0.8621231861522065,-0.21665625038117403,-0.0219241264119034,0.00926827140715832,-0.0012543663468876538,-0.000994839974329867,near_d4,8.1852822402855,10.147847891782094,10,9.65462686459,58517741.4515,58517741.4515,1.00000000,0.99788246,0.99959664,apodized_d1_m10,1
6,200,3,129.5399115672836,9.631669355799724,0.0,0.0,-0.13669444459385208,0.2768347661546914,0.0,0.0,0.6192651049018615,0.4178951047163323,0.0,0.0,-0.00754157795872973,0.05040226217542652,d2,8.613507456632071,10.425358000609336,10,9.52394086334,43891580.9027,43891580.9027,1.00000000,0.99833071,0.99809439,apodized_d3_m10,1
6,200,4,123.85484700479503,8.270545843705293,0.0,0.0,0.0,0.0,0.0,0.0,0.7056902381974788,-0.02591224613793452,0.0,0.0,0.0,0.0,strict_d4,7.564381168585166,8.976710518825419,10,9.96703464276,57545096.4113,57545096.4113,1.00000000,0.99849645,0.99998203,apodized_d2_m10,1
6,200,5,128.14578139678352,10.003627361863776,0.0,0.0,0.0,0.0,0.0,0.0,0.8726316663581454,0.12816642714883122,0.0,0.0,0.0,0.0,strict_d4,9.121650767791282,10.88560395593627,8,9.63503600678,66301637.2299,66301637.2299,1.00000000,0.99833604,0.99988520,apodized_d2_m10,1
6,200,6,127.01469417898474,9.291172931307516,-0.00997335929302541,0.020190458424836362,-0.009586877783964288,0.019248980097934604,-0.018787937298755965,0.03978450714419065,0.6349674971578371,-0.03816207991266341,-0.005048575982464324,-0.025581905442224048,-0.01354583671884306,0.0056405397905130135,near_d4,8.589918703560677,9.996227723233236,10,9.7137227099,58087351.9924,58087351.9924,1.00000000,0.99911564,0.99994163,apodized_d3_m10,1
6,201,1,126.69658823955942,10.493171567281049,0.0,0.0,0.14412624747600183,-0.017019635614347002,0.0,0.0,0.5534272628545626,0.2626409430396007,0.0,0.0,0.03905037383706271,-0.03277820862359731,d2,9.877104760215126,11.26027518589266,8,9.7341041173,44126032.5163,44126032.5163,1.00000000,0.99929214,0.99913023,apodized_d3_m10,1
6,201,2,129.36923799464384,10.625257839441595,0.013197014309913104,0.013865717804596469,0.009419070764161121,0.017352955618926122,-0.002132213069595405,0.006215199135362376,0.7323665728353667,0.15764242602492692,0.01916820826091355,0.013485972076056023,-0.010239404603113202,-0.010825693289520577,near_d4,9.839611729739966,11.407423273489947,8,9.53810852903,60094593.7123,60094593.7123,1.00000000,0.99903888,0.99982370,apodized_d3_m10,1
6,201,3,129.11314093841523,10.0676794617013,0.0,0.0,0.0,0.0,0.0,0.0,0.7784147323287501,0.0030396122056259942,0.0,0.0,0.0,0.0,strict_d4,9.28926472937255,10.84609419403005,8,9.55937179,65104428.3292,65104428.3292,1.00000000,0.99881318,0.99998114,apodized_d3_m10,1
6,201,4,128.20479590376505,8.978218901541698,0.0,0.0,0.012524772320311815,0.029985377854232817,0.0,0.0,0.32988357908362226,0.2067593144044157,0.0,0.0,-0.03855659275605712,-0.01482527608491599,d2,8.576424050676744,9.385722757936344,10,9.6130335041,39620775.8417,39620775.8417,1.00000000,0.99967194,0.99882813,apodized_d3_m10,1
6,201,5,129.31619887608127,9.402831489221096,0.0,0.0,0.0,0.0,0.0,0.0,0.9082183851167894,-0.047584924168930134,0.0,0.0,0.0,0.0,strict_d4,8.493505676301158,10.312157302141035,10,9.55068554129,66535889.4996,66535889.4996,1.00000000,0.99794700,0.99996346,apodized_d1_m10,1
6,202,1,129.7784482563996,9.758263091623444,0.0,0.0,0.0,0.0,0.0,0.0,0.9852257033468615,-0.1313952108491096,0.0,0.0,0.0,0.0,strict_d4,8.76433885815042,10.752187325096468,10,9.51852669773,65406639.7042,65406639.7042,1.00000000,0.99765555,0.99981737,apodized_d1_m10,1
6,202,2,129.70026839422385,9.640873563361271,0.0,0.0,0.0,0.0,0.0,0.0,0.9325121450487895,-0.31578703562180477,0.0,0.0,0.0,0.0,strict_d4,8.656418250677824,10.625328876044719,10,9.52295540346,57109471.0455,57109471.0455,1.00000000,0.99759854,0.99929235,apodized_d1_m10,1
6,202,3,128.14799260970457,9.883640100662225,0.0,0.0,0.0,0.0,0.0,0.0,0.7958724995206213,0.2575481064733918,0.0,0.0,0.0,0.0,strict_d4,9.047133632083659,10.720146569240791,8,9.63263279426,58832107.9721,58832107.9721,1.00000000,0.99846325,0.99951133,apodized_d3_m10,1
6,202,4,127.55836703216025,8.820976243255997,-0.10994794242956774,1.016157414954773,-0.025636196419315693,0.0790581968433135,-0.19158666756670562,-0.3074162511447114,0.5821030620615015,0.6484247880640919,-0.42219841285015947,-0.05812764688693245,-0.0112670910392772,-0.17676466913165634,novel,7.182355060859057,11.346128487163979,10,9.67478313725,14939980.9402,14939980.9402,1.00000000,0.99286265,0.98708563,apodized_d3_m10,1
6,202,5,124.50184861604755,9.379024925975282,0.0,0.0,-0.3246804455436999,0.3308461899044641,0.0,0.0,0.5083935990831984,-0.07543004627739752,0.0,0.0,-0.01633457504213406,0.03504268572748184,d2,8.57106105179105,10.294562953611985,10,9.90512956567,49608776.6637,49608776.6637,1.00000000,0.99891580,0.99852344,apodized_d3_m10,1
6,202,6,128.6319583034227,9.57834683517781,0.026685531011408244,0.008228284944139684,-0.0029312212901612556,-0.020367468941586503,-0.040367364022125915,0.025324000297069004,0.9448490892559975,0.08350619517140903,-0.012639656479840113,0.00979014514292247,0.029992803375493628,-0.016000449524517235,near_d4,8.55578652915788,10.576578996009697,10,9.60242276046,59712023.3832,59712023.3832,1.00000000,0.99777312,0.99982641,apodized_d1_m10,1
6,203,1,129.28774383090152,9.466081030970058,0.0,0.0,0.0,0.0,0.0,0.0,0.9074702177404583,0.1069882656972515,0.0,0.0,0.0,0.0,strict_d4,8.552398711031552,10.379763350908563,10,9.55257057569,64351572.3551,64351572.3551,1.00000000,0.99794916,0.99990291,apodized_d1_m10,1
6,203,2,128.606494263991,8.906009800670624,0.010645603960601416,0.00027662598197454244,0.013360085608364401,-0.035675441229917816,-0.03459944860538167,-0.002809690198334828,0.6275772453597568,-0.05570818164220097,-0.007729829122959402,-0.020472064293531905,-0.0054428913828086945,0.002605838483748251,near_d4,8.190007588920121,9.574537834181031,10,9.59397582407,59575348.7561,59575348.7561,1.00000000,0.99904174,0.99994494,apodized_d3_m10,1
6,203,3,129.96235705363122,9.5103383476178,0.0,0.0,0.0,0.0,0.0,0.0,0.8474904897613963,-0.1277917170049347,0.0,0.0,0.0,0.0,strict_d4,8.653310407512347,10.367366287723254,10,9.50067063813,65430975.7043,65430975.7043,1.00000000,0.99825896,0.99988112,apodized_d2_m10,1
6,203,4,128.7031428728558,8.655589082677505,0.0,0.0,0.0,0.0,0.0,0.0,0.894160488837253,-0.01122070021475812,0.0,0.0,0.0,0.0,strict_d4,7.761428593840252,9.549749571514758,8,9.59812845946,58706459.4474,58706459.4474,1.00000000,0.99762928,0.99991329,apodized_d1_m10,1
6,203,5,126.6090122972866,10.389239423268911,-0.06474084190832333,-0.004941375025728532,-0.011281583481485401,0.05058313620754021,-0.046329179036093154,0.037699491385191686,0.8180671919649665,-0.03572558324597929,-0.023840048092288367,-0.011848829962788708,0.01889563678434884,-0.011282692094206494,near_d4,9.481292359063868,11.350648579892281,9,9.74930257211,59234799.8312,59234799.8312,1.00000000,0.99870992,0.99988481,apodized_d3_m10,1
6,203,6,128.89318171965724,9.079213911945326,-0.0011617884951970441,-0.0015334157679525286,0.0010221827147735355,0.006369451599287719,0.012747123077988746,-0.0077812079240390936,0.7020769231806172,0.20599242922736738,-0.012665750797705416,-0.015033389089055165,0.010146522788251556,0.005435870369985124,near_d4,8.335341971225214,9.832253099459871,10,9.57520920472,57632191.1223,57632191.1223,1.00000000,0.99865366,0.99965139,apodized_d3_m10,1
6,204,1,129.14219587990064,9.574154230832068,0.0,0.0,0.0,0.0,0.0,0.0,0.7349644569532792,0.11726686206837365,0.0,0.0,0.0,0.0,strict_d4,8.82999235853718,10.318316103126957,10,9.55675184927,62566588.0869,62566588.0869,1.00000000,0.99878988,0.99988926,apodized_d3_m10,1
6,204,2,124.23268244718713,9.02634963994206,0.0,0.0,0.025626695998429358,0.008537348271468286,0.0,0.0,0.8565981960286445,-0.2408265470740711,0.0,0.0,0.03313745419752234,0.02587200876001982,d2,8.111461149815065,9.962414380520068,10,9.94101117199,53652362.5503,53652362.5503,1.00000000,0.99779079,0.99949109,apodized_d1_m10,1
6,204,3,124.98813595561697,9.10271732433241,0.0,0.0,0.4470593681302433,0.5961024511208673,0.0,0.0,0.4759078610021747,-0.04726047351690929,0.0,0.0,-0.003937622555276253,0.0021141565541092913,d2,7.972030666232425,10.077708363142042,10,9.86629903695,47109004.177,47109004.177,1.00000000,0.99775697,0.99616365,apodized_d3_m10,1
6,204,4,129.3255401575473,9.717546749424823,0.0,0.0,0.0,0.0,0.0,0.0,0.963638186280107,-0.30434950041707975,0.0,0.0,0.0,0.0,strict_d4,8.707023205153881,10.728070293695765,10,9.55141141969,58668868.3631,58668868.3631,1.00000000,0.99749537,0.99932553,apodized_d1_m10,1
6,204,5,123.28371108058522,8.920158609829516,-0.019289025781809042,0.008097917271980927,-0.013800533612288411,-0.011313387640720428,0.030481602504916848,0.0006324662067706618,0.783867484693421,-0.04051305927189453,0.00917996311430845,-0.0169194282394424,-0.0030206880919497778,-0.014983770741229308,near_d4,8.070783544710745,9.730799595843376,10,10.0146104511,61047006.3154,61047006.3154,1.00000000,0.99835532,0.99995707,apodized_d2_m10,1
6,205,1,126.0932300176012,9.085600045553207,0.010069977532718308,0.017731616852956884,-0.006120426755088458,0.0011396273299812897,-0.011009349190914985,-0.042546587018757645,0.8643167438344849,0.04099254235194738,0.0025785917423596324,-0.03372886161528816,-0.014500136377724692,-0.014365076391727771,near_d4,8.196150521888258,9.998310053145211,10,9.79418641875,62056320.5218,62056320.5218,1.00000000,0.99800325,0.99993410,apodized_d1_m10,1
6,205,2,127.40273941164266,8.352581859406989,0.0,0.0,-0.1994570685473501,-0.006987979853249935,0.0,0.0,0.5171619429745116,0.47860590735720665,0.0,0.0,-0.011223520266853613,0.04076314733118387,d2,7.594538206287288,9.217765444172574,8,9.68209119628,35567850.3236,35567850.3236,1.00000000,0.99817424,0.99759781,apodized_d3_m10,1
6,205,3,125.92373902418103,8.721330394438207,0.0,0.0,0.0,0.0,0.0,0.0,0.7024306968281622,-0.07218707452160146,0.0,0.0,0.0,0.0,strict_d4,8.015202082496275,9.427458706380138,10,9.80181500405,62129135.7844,62129135.7844,1.00000000,0.99867282,0.99991463,apodized_d3_m10,1
6,205,4,123.47888198973894,9.105618523719714,0.0,0.0,0.0,0.0,0.0,0.0,0.7760669203886337,-0.0110227535158057,0.0,0.0,0.0,0.0,strict_d4,8.329551603331081,9.881685444108347,10,9.99792335045,62123659.7388,62123659.7388,1.00000000,0.99848912,0.99998510,apodized_d2_m10,1
6,205,5,128.10232562785774,9.10824800578772,0.0,0.0,0.0,0.0,0.0,0.0,0.8037257209862705,-0.1859851693155984,0.0,0.0,0.0,0.0,strict_d4,8.283402488902393,9.933093522673047,10,9.63817402966,60336668.4812,60336668.4812,1.00000000,0.99823073,0.99973507,apodized_d2_m10,1
6,205,6,122.83878017804422,10.51958899186764,0.0,0.0,0.0018378993144412227,-0.010221676359295202,0.0,0.0,0.3592374489490122,-0.08670614668384174,0.0,0.0,0.0053453319067333265,-0.025187860839171468,d2,10.137829267327374,10.90764985075966,10,10.0337539633,39872585.122,39872585.122,1.00000000,0.99987662,0.99917037,width2_d1_m8,1
6,206,1,125.77829742822745,8.496613996744363,0.0,0.0,0.0,0.0,0.0,0.0,0.7836902985172531,-0.06018300472335692,0.0,0.0,0.0,0.0,strict_d4,7.710634574217334,9.282593419271393,10,9.81725818444,58648108.8297,58648108.8297,1.00000000,0.99817139,0.99996878,apodized_d1_m10,1
6,206,2,126.53791189132663,9.371647922565675,-0.068310750506712,-0.04577383753045924,-0.03179683493442399,-0.04051125530172831,-0.053144977804507616,0.04089889426264912,0.750368455282627,0.13906980471937774,-0.01600765878560032,-0.002112872619241381,-0.014589608054846626,-0.012808726323130362,near_d4,8.576613493252438,10.276967004811715,10,9.75454960443,57592836.0803,57592836.0803,1.00000000,0.99858583,0.99971211,apodized_d3_m10,1
6,206,3,129.2476132051617,8.356613754478339,0.0,0.0,0.04316759822272864,0.012335567290014492,0.0,0.0,0.6433160422883482,-0.041811790807816634,0.0,0.0,-0.040596933751318925,-0.023370174398905527,d2,7.666678541654487,9.006839263424359,8,9.54825942555,53735063.7661,53735063.7661,1.00000000,0.99879454,0.99989980,apodized_d3_m10,1
6,206,4,128.03784604123464,9.23841316796355,0.0,0.0,0.0,0.0,0.0,0.0,0.8739478068411796,-0.10654997379210804,0.0,0.0,0.0,0.0,strict_d4,8.358115433629218,10.118710902297885,10,9.6452629205,63069204.181,63069204.181,1.00000000,0.99801504,0.99990763,apodized_d1_m10,1
6,206,5,125.72415177955163,8.556720628660745,0.0077802925561535775,-0.016047770870062254,0.027923218016856304,-0.0009221608278266578,0.0015908305427416805,-0.02580805035979084,0.6036365662980839,0.01883564670045438,0.008050154926004242,-0.0061650796978512225,-0.022826807109835225,0.01577038463030762,near_d4,7.908232289580189,9.182907776339864,10,9.81378368561,55834187.958,55834187.958,1.00000000,0.99904647,0.99995996,apodized_d3_m10,1
6,206,6,129.1339125624096,10.01289320258007,-0.35812143408877484,-0.18347841253882402,0.027611660184918563,-0.1612906187044143,0.06530066128671286,-0.3057878107676324,0.7224805259763014,0.029274840348438858,0.174596904886142,0.05947197874446586,0.15080398258211375,-0.08537929177447484,novel,8.313068268157867,11.032287117123166,8,9.55809415102,16690650.3346,16690650.3346,1.00000000,0.99714132,0.99633598,apodized_d3_m10,1
6,207,1,129.73706831442965,9.52070880263398,0.0,0.0,0.0,0.0,0.0,0.0,0.7509547358548814,0.18463804314446422,0.0,0.0,0.0,0.0,strict_d4,8.747392646409947,10.294024958858012,10,9.51366678433,60472211.8745,60472211.8745,1.00000000,0.99863628,0.99973082,apodized_d3_m10,1
6,207,2,128.44580099155098,9.43067115632672,0.0,0.0,0.0,0.0,0.0,0.0,0.7604411247166306,0.0954362170822839,0.0,0.0,0.0,0.0,strict_d4,8.664348438086675,10.196993874566767,10,9.60979077879,63328347.9035,63328347.9035,1.00000000,0.99865231,0.99988878,apodized_d3_m10,1
6,207,3,128.16294581389178,9.602598029467549,0.0,0.0,0.0,0.0,0.0,0.0,0.850231512115728,0.08430040058401737,0.0,0.0,0.0,0.0,strict_d4,8.748212383210486,10.456983675724612,10,9.63391214233,66657336.6004,66657336.6004,1.00000000,0.99831302,0.99994579,apodized_d2_m10,1
6,207,4,126.19226711978469,8.722844917708745,-0.003115073308543924,-0.0025947743102919195,-0.006863048779158734,-0.020280106598129864,0.004649261386340913,-0.0023448568537103704,0.7277746936582307,0.09626799376296026,-0.01705021193761936,-0.020222503543233045,0.0017077911379834204,0.005687730415385692,near_d4,7.946412172132622,9.479667965145062,10,9.78204836388,61564915.4587,61564915.4587,1.00000000,0.99853099,0.99988715,apodized_d2_m10,1
6,207,5,129.27068645665815,9.696876788647765,-0.03154806272568763,0.001093510638170445,-0.01805887241077254,-0.009847630626790433,-0.0010884213818228,-0.022261143771012973,0.8917853108310849,0.1563050781582226,0.0036534076303691193,-0.002050163328872151,0.01032441804861789,0.011508508229955737,near_d4,8.739847297691865,10.629758053843975,10,9.55265099165,63673562.9866,63673562.9866,1.00000000,0.99807718,0.99980018,apodized_d1_m10,1
6,208,1,126.55575220918931,8.549752712763233,0.0,0.0,0.0,0.0,0.0,0.0,0.7035839045023642,-0.06835408942513987,0.0,0.0,0.0,0.0,strict_d4,7.8428781665812615,9.256627258945203,10,9.75336112547,61784318.3632,61784318.3632,1.00000000,0.99860564,0.99992730,apodized_d2_m10,1
6,208,2,128.67905666405545,10.505240909968252,-0.015456598354310926,0.00942923011192525,-0.027844261660809097,0.004693980075799391,-0.006217128900514495,-0.01728580600930319,0.6905673309239141,0.04203234475024378,-0.0012852906959292412,-0.003051526768622383,0.0032532414516051825,0.00860260318331865,near_d4,9.801742819375486,11.244601896710297,8,9.58802343356,59688939.4894,59688939.4894,1.00000000,0.99921819,0.99994900,apodized_d3_m10,1
6,208,3,129.3868963069947,8.290838411832663,0.0,0.0,0.1647583422797006,-0.0793380262376057,0.0,0.0,0.7782663883905498,0.18410742647214645,0.0,0.0,0.004438357754839995,-0.028141460352329693,d2,7.416386490469394,9.244466655362197,8,9.54387258943,50487287.6799,50487287.6799,1.00000000,0.99785160,0.99944303,apodized_d1_m10,1
6,208,4,128.47235451241474,9.620192293124981,0.0,0.0,0.0,0.0,0.0,0.0,0.7982345666954628,-0.12212878773621191,0.0,0.0,0.0,0.0,strict_d4,8.812729048254958,10.427655537995005,10,9.60881018507,65182846.6182,65182846.6182,1.00000000,0.99853324,0.99986815,apodized_d2_m10,1
6,208,5,124.93939545851212,9.010636905444047,0.0,0.0,0.0498649765440513,0.12024177517775482,0.0,0.0,0.7019311025769077,-0.19764629534866868,0.0,0.0,-0.080156217802119,-0.03820987687368135,d2,8.082529129282328,9.765832197238426,10,9.87888299811,45212295.442,45212295.442,1.00000000,0.99844483,0.99928865,apodized_d3_m10,1
6,208,6,129.23024807335136,9.974086737552945,0.0,0.0,0.0,0.0,0.0,0.0,0.7941001600651008,-0.22364966601598205,0.0,0.0,0.0,0.0,strict_d4,9.149102468373874,10.799071006732015,8,9.55162626957,60670704.576,60670704.576,1.00000000,0.99855791,0.99963484,apodized_d3_m10,1
6,209,1,128.95741679213063,9.679197564699628,0.0,0.0,0.0,0.0,0.0,0.0,0.9134782995443378,0.29258690262924325,0.0,0.0,0.0,0.0,strict_d4,8.720013750179804,10.638381379219451,10,9.57698393198,58102429.4136,58102429.4136,1.00000000,0.99776371,0.99940427,apodized_d1_m10,1
6,209,2,128.23704288223976,9.506670925977835,-0.00523692178983993,-0.020814134173507318,0.0058257077339601785,-0.010723442255173616,0.007257785075611133,-0.0035645142988819534,0.9959740170316337,-0.17642824388581876,0.040368045825680356,0.0018187352046249465,0.023397178454477217,0.026867034438170293,near_d4,8.39210383853778,10.58388796270083,10,9.63429769047,58898337.5496,58898337.5496,1.00000000,0.99736995,0.99959978,apodized_d1_m10,1
6,209,3,125.88749866519582,10.541183895643341,0.00852649084612466,-0.003607806738938106,0.019533932874944454,-0.003459520826884157,0.0034214443317288614,-0.003922853778923238,0.847307834494913,-0.06241349615029561,-0.020750713169450805,-0.0016623543989195688,0.013288629891034574,-0.014200032854298928,near_d4,9.660285584407896,11.433441034023613,9,9.80595046593,61941457.841,61941457.841,1.00000000,0.99865893,0.99990852,apodized_d3_m10,1
6,209,4,127.95871632100483,9.862367490296085,-0.00022258795095157768,-0.018358580916301288,-0.015838768158988187,-0.016300242495202677,-0.01786077952901711,-0.005444226018817067,0.8572272262233562,-0.11510902292277883,0.019331071473191495,-0.023343287493324285,-0.007847239421867987,-0.01428859169146897,near_d4,8.986614530886436,10.780664878840573,8,9.64891854967,65526377.527,65526377.527,1.00000000,0.99834999,0.99987831,apodized_d2_m10,1
6,209,5,126.83583903593397,8.896074111955567,0.0,0.0,0.0,0.0,0.0,0.0,0.8953818063188487,0.043463625875589655,0.0,0.0,0.0,0.0,strict_d4,7.999720889372797,9.792427334538337,10,9.73865014422,62098170.8549,62098170.8549,1.00000000,0.99774880,0.99993070,apodized_d1_m10,1
6,209,6,129.96170203089338,8.414895967804712,1.9209393120122717,-0.3585718730591283,1.3936755691395597,-0.47900137846059865,0.7573501480848819,-0.2977396938298178,0.7237474679320945,-0.03237711585681735,-0.1485362608274014,-0.12760591190437726,-0.049054034527414525,-0.20804591430758448,novel,6.623394523815661,13.381757966419906,8,9.49620132937,15885699.5537,15885699.5537,1.00000000,0.98401080,0.97006385,apodized_d3_m10,1
6,210,1,129.8391820196629,8.582384272019764,0.0,0.0,0.0,0.0,0.0,0.0,0.8823453527477094,-0.0016049001808127385,0.0,0.0,0.0,0.0,strict_d4,7.700038919272055,9.464729624767473,8,9.51390030328,57131637.1001,57131637.1001,1.00000000,0.99766228,0.99992181,apodized_d1_m10,1
6,210,2,127.80386959153405,9.881398306525751,0.0,0.0,0.0,0.0,0.0,0.0,0.8752007513141407,0.043774302925476995,0.0,0.0,0.0,0.0,strict_d4,9.005203002721576,10.757593610329927,8,9.66116745599,66691342.8015,66691342.8015,1.00000000,0.99832344,0.99998180,apodized_d2_m10,1
6,210,3,128.7316810911925,9.780512620434896,0.0,0.0,0.0,0.0,0.0,0.0,0.9502476962300958,0.1453804112993701,0.0,0.0,0.0,0.0,strict_d4,8.81927962680361,10.741745614066183,8,9.59455902623,65238034.6841,65238034.6841,1.00000000,0.99784021,0.99983009,apodized_d1_m10,1
6,210,4,129.8107057595369,8.611154255019642,0.0,0.0,0.08978530321661787,-0.28309026698466344,0.0,0.0,0.779514734746072,-0.028617799251430768,0.0,0.0,0.025562829245399855,0.010743003404935256,d2,7.5375693158306225,9.519823726666662,8,9.51188600421,57942323.4252,57942323.4252,1.00000000,0.99788053,0.99927012,apodized_d1_m10,1
6,210,5,129.75494832846323,10.675575251891242,0.04669850511615711,-0.01781021412450314,0.0287388202267307,0.0030787460397708475,0.001786231160441122,-0.003958181734731874,0.8461807166685662,0.08120077266228867,0.015354033829434684,-0.019135364054537602,0.0254994413883272,0.012869977418544296,near_d4,9.797258803674241,11.64247782597946,8,9.5131995843,59942529.3199,59942529.3199,1.00000000,0.99868843,0.99987946,apodized_d3_m10,1
6,211,1,127.13165837098695,9.021331177134083,0.007495560143317749,-0.010391970142980494,-0.002928275704147437,0.001142648579897695,0.0023962400278398606,0.01870639473292801,0.778254475350955,0.0575128630460122,-0.00028994364194890145,-0.008868258590553383,0.010941226365481404,-0.019650037652927665,near_d4,8.210555429180587,9.83426579311387,10,9.7108778265,62036047.1321,62036047.1321,1.00000000,0.99842868,0.99994853,apodized_d2_m10,1
6,211,2,127.64522102769769,9.977762584597945,0.0,0.0,0.0,0.0,0.0,0.0,0.8357902429048912,0.14718568834461113,0.0,0.0,0.0,0.0,strict_d4,9.129111346933557,10.826413822262333,8,9.67164582262,65523280.9273,65523280.9273,1.00000000,0.99847353,0.99983490,apodized_d2_m10,1
6,211,3,129.3862783925092,9.699599560693587,0.0,0.0,0.0,0.0,0.0,0.0,0.8935259508903304,0.06850432712880021,0.0,0.0,0.0,0.0,strict_d4,8.803471573814448,10.595727547572725,10,9.54412792705,69717066.8859,69717066.8859,1.00000000,0.99815242,0.99996481,apodized_d1_m10,1
6,211,4,122.69175038478409,8.57823947535227,0.014737993446472319,-0.024795661234832685,0.027994340368681682,0.06092043004861741,-0.008141810431912396,0.011417380562370195,0.7947766181883038,0.06783192213687557,0.028862390411312517,-0.03200263733799766,0.004820960326384299,-0.020168100920293926,near_d4,7.682307834866982,9.441831246534093,10,10.0645324501,58746947.2935,58746947.2935,1.00000000,0.99809884,0.99987942,apodized_d1_m10,1
6,211,5,128.22787805202304,9.079698852935827,0.0,0.0,0.0,0.0,0.0,0.0,0.7581017370351862,-0.12043974612145539,0.0,0.0,0.0,0.0,strict_d4,8.312200242298895,9.84719746357276,10,9.62693041741,61701289.3803,61701289.3803,1.00000000,0.99851487,0.99986562,apodized_d2_m10,1
6,211,6,128.54382267661404,10.146032090544836,-0.0015462576752559572,-0.004977406937102669,-0.0061076719860413044,0.005206425832393893,-0.007070543096255423,-0.0045918718351129345,0.6914857106962269,-0.03796404928762461,0.014245121101254553,0.011796585612330794,0.0004519365830816019,-0.00909275661204856,near_d4,9.428883314145317,10.856312583156681,8,9.5986479539,62414701.6297,62414701.6297,1.00000000,0.99913924,0.99997063,apodized_d3_m10,1
6,212,1,122.6875210042104,9.005533244056585,0.0,0.0,0.0,0.0,0.0,0.0,0.8385001542605817,-0.13584347537956154,0.0,0.0,0.0,0.0,strict_d4,8.156182819291228,9.854883668821941,10,10.0653425765,60858257.907,60858257.907,1.00000000,0.99805263,0.99985121,apodized_d1_m10,1
6,212,2,123.72260265601405,8.95590870029877,0.012345000167016238,-0.03734185178499175,0.0015381934818618447,0.03277721801835039,0.017656140791738252,0.01679748177751294,0.8115559677866743,0.0664065183377804,0.01979141753204009,-0.00307543629905276,-0.0004210631481171436,-0.009753292533413413,near_d4,8.092483745561612,9.827295418552005,10,9.98010071006,61553466.759,61553466.759,1.00000000,0.99821568,0.99993385,apodized_d1_m10,1
6,212,3,128.40780450794,9.508877215612243,0.0,0.0,0.0,0.0,0.0,0.0,0.7445647905279826,0.26521305778282356,0.0,0.0,0.0,0.0,strict_d4,8.718506968221373,10.299247463003113,10,9.61210517025,56853262.0719,56853262.0719,1.00000000,0.99852943,0.99947818,apodized_d3_m10,1
6,212,4,122.72868081715991,10.106703298914898,-0.4374856682578254,1.305111818821437,0.060133776594070154,0.350088960131109,0.2619948841620039,0.2579499600564028,0.305003181086863,-0.15603749839497438,-0.12391320821306662,0.30964036093296765,0.052323941468461366,-0.05102631412115216,novel,8.089939627542936,11.690187359673212,10,10.0434280527,22900377.3679,22900377.3679,1.00000000,0.99309945,0.98570796,width2_d1_m8,1
6,212,5,127.81201518411584,9.34424256258334,0.0,0.0,0.0,0.0,0.0,0.0,0.7703232837718025,-0.07024560873154326,0.0,0.0,0.0,0.0,strict_d4,8.570796524828285,10.117688600338393,10,9.65803977148,63102664.2857,63102664.2857,1.00000000,0.99859268,0.99993137,apodized_d2_m10,1
6,212,6,127.72030954222075,9.71911839636057,0.0,0.0,0.0,0.0,0.0,0.0,0.8128218164055662,0.05542834715511155,0.0,0.0,0.0,0.0,strict_d4,8.90441008700448,10.533826705716658,8,9.66566477185,65266336.4962,65266336.4962,1.00000000,0.99854414,0.99995548,apodized_d2_m10,1
6,213,1,129.3642632237735,10.395572602064787,0.0,0.0,0.0,0.0,0.0,0.0,0.9302329218617642,0.20973421420793434,0.0,0.0,0.0,0.0,strict_d4,9.442061306323799,11.349083897805775,8,9.54544110103,62114346.3018,62114346.3018,1.00000000,0.99814242,0.99972493,apodized_d1_m10,1
6,213,2,125.88971165141422,8.892558320544419,0.0,0.0,0.27292636657817115,0.07595582965208647,0.0,0.0,0.762579578534394,-0.127299835894258,0.0,0.0,0.012885119879826356,-0.0032932364837207693,d2,8.013163879835334,9.946085632439038,10,9.80636192425,60748465.7863,60748465.7863,1.00000000,0.99819087,0.99939090,apodized_d2_m10,1
6,213,3,124.21411554209196,9.071442948398573,-0.049248901501449976,-0.022856364508048538,-0.0023090306397856057,0.0030148713128197837,0.04217676942913594,0.00308075442532146,0.7936940191305173,-0.03148358301012136,-0.05019124935188731,-0.030828454910425632,0.016775377052383644,-0.0008677624871245688,near_d4,8.232386307934046,9.93686669536589,10,9.93959435254,59956719.9311,59956719.9311,1.00000000,0.99834600,0.99990480,apodized_d2_m10,1
6,213,4,129.02667890773495,10.077318818153977,0.0,0.0,0.24165442274930507,0.19074757851689925,0.0,0.0,0.7727953834150731,0.15791041335709544,0.0,0.0,0.05753676482346193,0.09069414011795718,d2,9.192595123574396,11.224257366938769,8,9.56587514733,45888903.9906,45888903.9906,1.00000000,0.99843444,0.99915556,apodized_d3_m10,1
6,213,5,123.64886802939313,8.71001497924378,0.0,0.0,-0.039665393275626626,-0.007167636342832948,0.0,0.0,0.7361935696688572,-0.30256369952385836,0.0,0.0,-0.026142015776270892,0.06179332511335827,d2,7.859881508077844,9.600576938495614,10,9.98416691419,45741539.8754,45741539.8754,1.00000000,0.99808876,0.99910576,apodized_d2_m10,1
6,214,1,129.12561141007725,8.770590937441954,0.0,0.0,0.0,0.0,0.0,0.0,0.7625282388093138,0.03910449860481315,0.0,0.0,0.0,0.0,strict_d4,8.007162482912786,9.534019391971121,8,9.56092584325,63954412.3859,63954412.3859,1.00000000,0.99842102,0.99998197,apodized_d2_m10,1
6,214,2,128.212640840235,10.165675504590292,0.0,0.0,0.0,0.0,0.0,0.0,0.7434424493012327,0.11216504283860294,0.0,0.0,0.0,0.0,strict_d4,9.413857829269089,10.917493179911494,8,9.62518575205,64263635.3886,64263635.3886,1.00000000,0.99893195,0.99991736,apodized_d3_m10,1
6,214,3,127.72155386278766,8.900635206893448,0.009300132439979203,-0.0022840919631297394,-0.002391115104474794,0.014212698634541856,-0.05919888871922135,-0.021021575242021886,0.7671728581754129,0.021222017636148165,0.0005895115947672168,-0.031155040858552138,-0.03868642755316767,-0.014326906675058076,near_d4,8.061978401875997,9.725099203930222,10,9.66594568473,59912350.2222,59912350.2222,1.00000000,0.99841071,0.99990136,apodized_d2_m10,1
6,214,4,129.97142774681697,9.758080834535274,0.0,0.0,0.0,0.0,0.0,0.0,0.7531522303564876,-0.15067695346107543,0.0,0.0,0.0,0.0,strict_d4,8.9900592872634,10.52610238180715,10,9.4960637935,62084301.5106,62084301.5106,1.00000000,0.99874424,0.99982873,apodized_d3_m10,1
6,214,5,127.77962154856394,8.656266879317874,1.4342510209964856,2.0511754441416565,-0.5229206291777044,0.8120734480358334,0.0523204115860465,-0.06443210229090379,0.11434290282737414,0.34982204727145527,-0.05322493352551483,0.12645339430363323,-0.1144189182634982,0.03948043337277879,novel,6.6482364118894735,11.799066244250808,8,9.63637754334,23033523.7377,23033523.7377,1.00000000,0.98031354,0.96095708,width2_d1_m8,1
6,214,6,129.62089433256014,10.057762366596881,0.0,0.0,0.0,0.0,0.0,0.0,0.7570385230938876,-0.250532434611248,0.0,0.0,0.0,0.0,strict_d4,9.260357166184974,10.855167567008788,8,9.52141310292,57243812.9248,57243812.9248,1.00000000,0.99869002,0.99958612,apodized_d3_m10,1
6,215,1,126.81669365152362,10.217960244939128,0.0,0.0,0.0,0.0,0.0,0.0,1.031997567021761,0.042508332378217925,0.0,0.0,0.0,0.0,strict_d4,9.185107823545893,11.250812666332363,9,9.74117434596,62693855.697,62693855.697,1.00000000,0.99767532,0.99991362,apodized_d1_m10,1
6,215,2,126.20421584808031,8.608611973784022,0.0,0.0,-0.5496182919973698,-0.13578113175329543,0.0,0.0,0.421918141130444,0.09118556504485034,0.0,0.0,-0.03499564527515486,0.0462679068766662,d2,7.988882234602622,9.621476944544964,10,9.76860693438,44453154.3666,44453154.3666,1.00000000,0.99859419,0.99742287,apodized_d3_m10,1
6,215,3,127.87565257903616,8.98046350862831,-0.005588807404074825,-0.017004830838924092,0.0030013295071852583,-0.00035503902426725566,-0.0018479163599961434,0.028572454990267008,0.9877589523417882,0.08238091864922018,-0.006506559985350465,0.019871426772647083,-0.004078163841828107,-0.01885806382819818,near_d4,7.965518800469483,10.000353302746953,10,9.66293329328,58294804.4475,58294804.4475,1.00000000,0.99719846,0.99970820,apodized_d1_m10,1
6,215,4,129.61682949861176,8.953945906578433,0.005981208298234974,0.02110072920780794,0.053069103484105415,0.01974695244225569,-0.01633867464944363,0.011561840302963198,0.6707026043675606,-0.08676210638904149,0.0026528077528571305,0.023396214797069496,0.0004428784153939961,0.005979652340534139,near_d4,8.246819732409243,9.694678197458758,8,9.52066370967,61052904.9166,61052904.9166,1.00000000,0.99886672,0.99990406,apodized_d3_m10,1
6,215,5,125.46673007066687,8.99464434980788,0.0,0.0,0.0,0.0,0.0,0.0,0.7359402702705458,-0.09473122588664064,0.0,0.0,0.0,0.0,strict_d4,8.252682161193526,9.736606538422233,10,9.83818229461,60947932.0443,60947932.0443,1.00000000,0.99860363,0.99989204,apodized_d2_m10,1
6,215,6,128.55807860581373,10.230106626453283,0.0,0.0,-0.05486003150472696,-0.14573100847123943,0.0,0.0,0.6108892404835503,0.17238934458088212,0.0,0.0,-0.0012287817299139671,0.0006407491026675297,d2,9.456537674432358,10.943431903902633,8,9.59499071428,54617599.6926,54617599.6926,1.00000000,0.99924862,0.99958163,apodized_d3_m10,1
6,216,1,129.81031734369424,10.141905824336195,0.0,0.0,0.0,0.0,0.0,0.0,0.9301522246548513,0.019961559475739053,0.0,0.0,0.0,0.0,strict_d4,9.21162357490563,11.07218807376676,8,9.51307655306,68942275.4988,68942275.4988,1.00000000,0.99817606,0.99999363,apodized_d1_m10,1
6,216,2,128.183731620652,9.08376141116938,-0.012028571794497563,-0.0005191453339819471,0.01993188194642037,0.0017331235381058735,-0.056371835000225204,0.013227367659176837,0.8220139120486171,-0.1303696898437873,0.0051316533049735194,0.020963294185494828,0.03936200656484932,-0.0026997735926679667,near_d4,8.211863559082564,10.043487896088388,10,9.63277621684,59413874.1886,59413874.1886,1.00000000,0.99816098,0.99980174,apodized_d1_m10,1
6,216,3,128.55877519911323,9.651363962128627,0.0,0.0,0.0,0.0,0.0,0.0,0.9409778843542337,-0.007987843087944986,0.0,0.0,0.0,0.0,strict_d4,8.710386077774393,10.592341846482862,10,9.60743192616,67322271.2917,67322271.2917,1.00000000,0.99789778,0.99997040,apodized_d1_m10,1
6,216,4,127.66625100959104,10.237537013191425,0.024765054318827702,-0.011683862559641916,0.02689948561206938,0.028790461184443564,0.02371462237085712,-0.050191690835726346,0.827713917247985,-0.14650306885572006,-0.020178689220346328,-0.0038470159574414305,0.0034062591888023522,-0.018615237833312627,near_d4,9.301713213573377,11.14895645293207,8,9.6692431276,59176810.9657,59176810.9657,1.00000000,0.99857443,0.99976934,apodized_d2_m10,1
6,216,5,129.73163688194904,11.000829695837524,0.0,0.0,0.16936799077309694,-0.09392451171326895,0.0,0.0,0.6464364074155143,0.013878948637972777,0.0,0.0,-0.0250855467349795,0.028808544926500253,d2,10.21915602740919,11.791548547291155,8,9.50834054794,48589193.1568,48589193.1568,1.00000000,0.99931788,0.99962406,apodized_d3_m10,1
6,217,1,129.61407753288876,10.4477279378779,0.0,0.0,0.0,0.0,0.0,0.0,0.969056216884799,-0.10089279638675251,0.0,0.0,0.0,0.0,strict_d4,9.473434143382137,11.422021732373663,8,9.52808752753,63841180.7584,63841180.7584,1.00000000,0.99808580,0.99993120,apodized_d1_m10,1
6,217,2,125.35201543574316,8.671913378492919,0.006437803285307404,-0.01067309956508385,0.006223659470820737,0.003324988238244169,-0.005709472495180063,0.015601883573780468,0.7620510351830767,-0.11137078147106759,-0.001430010699808103,-0.00622511427169974,0.009076446950572695,0.015402883098083377,near_d4,7.8706871130949585,9.462528044474421,10,9.84920377992,59433175.3708,59433175.3708,1.00000000,0.99832584,0.99988285,apodized_d2_m10,1
6,217,3,127.90939900808287,8.47269208157848,-1.1604613812930997,-0.05824167249341983,0.4107876877870875,-0.2664089876027056,-0.4531268154141338,0.7971430778344153,0.7676844376112968,-0.8866926492450411,-0.18252887359150904,-0.012160451044642473,0.15262845258937835,-0.11913099737124655,novel,6.937702396046744,12.330256085556258,8,9.6546074694,13507732.6864,13507732.6864,1.00000000,0.98931194,0.98136087,apodized_d2_m10,1
6,217,4,129.76663773181963,8.274532663698377,0.0,0.0,-0.008855561534171535,0.03401524343764334,0.0,0.0,0.664268462573692,0.3563061197591056,0.0,0.0,-0.02915798184554858,-0.058650123660083625,d2,7.4567714825314075,9.089798816712442,8,9.51163836415,40957420.3228,40957420.3228,1.00000000,0.99809478,0.99872678,apodized_d3_m10,1
6,217,5,125.44459376594055,9.56791377656752,0.0,0.0,-0.08113934411891788,0.11168747987107817,0.0,0.0,0.6890598694920984,0.020559310358649923,0.0,0.0,0.09841152021277938,-0.06000728512866965,d2,8.68231564423855,10.27424582215348,8,9.83743155562,40331391.7918,40331391.7918,1.00000000,0.99872025,0.99942099,apodized_d3_m10,1
6,217,6,129.3147563611075,9.084560791147696,0.0,0.0,0.0,0.0,0.0,0.0,0.8230497420928494,0.0629237024575473,0.0,0.0,0.0,0.0,strict_d4,8.259126621261887,9.909994961033506,10,9.54843472856,64116923.6164,64116923.6164,1.00000000,0.99824066,0.99996846,apodized_d1_m10,1
6,218,1,128.259640102367,9.205636882491213,0.0,0.0,0.0,0.0,0.0,0.0,0.826515225600077,0.139255371451342,0.0,0.0,0.0,0.0,strict_d4,8.367496838854764,10.043776926127661,10,9.62684964229,61425669.9799,61425669.9799,1.00000000,0.99821699,0.99985342,apodized_d1_m10,1
6,218,2,128.31242630725058,10.359966221851886,0.0,0.0,0.0,0.0,0.0,0.0,1.0373674764215388,0.10821128026561434,0.0,0.0,0.0,0.0,strict_d4,9.316970394173344,11.402962049530428,8,9.62744014173,62063758.1776,62063758.1776,1.00000000,0.99769189,0.99986342,apodized_d1_m10,1
6,218,3,127.54710234677492,10.25815542852239,0.028460350303693812,-0.004802760115067137,0.0021583964313629197,0.02089700663709317,0.02028982020141214,0.007833809208454647,0.8930263476225017,0.12220603105215655,-0.02045588372189756,0.010438395256939497,0.013038339864888534,-0.01658487534406436,near_d4,9.288929509111652,11.203355190006006,8,9.68045131609,62555680.7097,62555680.7097,1.00000000,0.99832841,0.99986552,apodized_d2_m10,1
6,218,4,128.7651944981188,8.877183575916598,0.0,0.0,0.12318060698944926,-0.03138274510972377,0.0,0.0,0.8287450524443462,0.22062038236611448,0.0,0.0,0.002609427257089061,-0.0025836624146495014,d2,7.97404539743917,9.854632310878838,8,9.59022508631,57948597.8089,57948597.8089,1.00000000,0.99789371,0.99951927,apodized_d1_m10,1
6,218,5,129.79526789059017,10.483053123582948,0.007912988315647608,0.03766816538585486,0.03452516959644004,-0.03686205557735675,0.026416901217429567,-0.009036733999725622,0.8396260063510216,0.2692269495237684,0.006863276561620383,-0.02128792141409583,0.014284964466852514,-0.014442062049981727,near_d4,9.55513161636563,11.435583835079589,8,9.51064517491,58744743.8754,58744743.8754,1.00000000,0.99845848,0.99947760,apodized_d3_m10,1
6,218,6,124.09060872686328,8.927897325619632,0.0,0.0,0.0,0.0,0.0,0.0,0.6895315597266368,-0.07111354952387793,0.0,0.0,0.0,0.0,strict_d4,8.234709701874817,9.621084949364448,10,9.94560176015,60019267.605,60019267.605,1.00000000,0.99880165,0.99994432,apodized_d3_m10,1
6,219,1,128.19669924968076,9.232676285953598,0.046877174699300264,0.060755727097730715,0.03756027011150919,0.0158355908963242,0.02820247033544487,0.003809282377650876,0.689616943227718,-0.07467764304004941,0.025760519965981873,-0.03349812601410002,0.03445155847991228,0.004775021184900371,near_d4,8.453377551242134,10.099281711890903,10,9.6263067936,58567987.481,58567987.481,1.00000000,0.99885028,0.99985925,apodized_d3_m10,1
6,219,2,128.2318238089037,9.890110622825055,0.0,0.0,0.0,0.0,0.0,0.0,0.8148110506763603,-0.10506148283333337,0.0,0.0,0.0,0.0,strict_d4,9.068607524925108,10.711613720725003,8,9.62676478756,66221407.9231,66221407.9231,1.00000000,0.99856954,0.99989342,apodized_d2_m10,1
6,219,3,126.14058104475414,9.072135051936282,0.0,0.0,0.0,0.0,0.0,0.0,0.8550031059260708,0.1648838293295217,0.0,0.0,0.0,0.0,strict_d4,8.201489587880952,9.942780515991613,10,9.79019587416,61008864.8372,61008864.8372,1.00000000,0.99797106,0.99978535,apodized_d1_m10,1
6,219,4,129.4412356199743,10.075240783585048,0.0,0.0,0.0,0.0,0.0,0.0,0.9863964913184192,0.1578300920262892,0.0,0.0,0.0,0.0,strict_d4,9.07642296352926,11.074058603640836,8,9.54246401558,64215950.6353,64215950.6353,1.00000000,0.99778363,0.99980381,apodized_d1_m10,1
6,219,5,125.24628346496928,9.23893796741647,0.02863724908137217,0.04032828356153605,-0.010017091123382203,-0.022608166124026174,-0.02918917847209597,-0.015517996899637352,0.8352527305939139,0.036939310462720365,-0.06166412141683951,-0.024796502161823393,-0.019430470227941966,0.033729622612938874,near_d4,8.226479206256393,10.135794822674074,10,9.85892054455,58215643.6947,58215643.6947,1.00000000,0.99818099,0.99985581,apodized_d1_m10,1
6,220,1,124.18281611342991,9.24562398711408,0.0,0.0,0.0,0.0,0.0,0.0,0.9151870432540841,0.00467303064504389,0.0,0.0,0.0,0.0,strict_d4,8.330436943859995,10.160811030368164,10,9.94640138191,63667758.2067,63667758.2067,1.00000000,0.99782230,0.99995799,apodized_d1_m10,1
6,220,2,129.0716837109468,9.660557187320453,0.00813901963338083,0.008816591445480432,-0.01790806637284982,0.0019608269788954627,0.00012719814316648347,0.0004468483011955558,0.7583071371681775,0.10683244618850658,-0.017559967407625693,-0.010413353843092787,0.002786949451931592,0.00014287997689028977,near_d4,8.867284690818305,10.442496166674939,10,9.56258758191,63939941.6884,63939941.6884,1.00000000,0.99872652,0.99988724,apodized_d3_m10,1
6,220,3,128.01897675124806,8.678811243356561,0.0,0.0,0.0,0.0,0.0,0.0,0.7610918349978576,0.10403226858344948,0.0,0.0,0.0,0.0,strict_d4,7.9106478083595855,9.446974678353538,8,9.64387341346,62468776.2989,62468776.2989,1.00000000,0.99834983,0.99990818,apodized_d2_m10,1
6,220,4,127.46620607369076,8.500062122208035,-0.024880844164787357,-0.006082483320191676,-0.003005062654075635,0.02373915522194849,-0.021537639514490347,-0.01909724012931309,0.816571067278093,-0.21597849485232773,-0.0038393036584734833,-0.011393584436273625,-0.016991398379180355,0.0206110170749903,near_d4,7.63639230685803,9.378172767241363,8,9.68876901628,54323862.2959,54323862.2959,1.00000000,0.99779212,0.99956035,apodized_d1_m10,1
6,220,5,129.13925333974058,10.153866667287451,0.0,0.0,0.0,0.0,0.0,0.0,0.9664307831273165,-0.008936169860955101,0.0,0.0,0.0,0.0,strict_d4,9.187435884160134,11.120297450414768,8,9.56377481953,66042414.9054,66042414.9054,1.00000000,0.99800171,0.99998353,apodized_d1_m10,1
6,220,6,127.6049606583408,8.46110366801504,0.0,0.0,0.0,0.0,0.0,0.0,0.7962909715277625,0.010092290342455018,0.0,0.0,0.0,0.0,strict_d4,7.664812696487278,9.257394639542802,8,9.67729332254,59903357.7967,59903357.7967,1.00000000,0.99810123,0.99999474,apodized_d1_m10,1
6,221,1,127.8535516068707,8.76923282960123,0.0,0.0,0.2993979804095232,-0.35925771198806244,0.0,0.0,0.661346031800993,-0.03010338562775952,0.0,0.0,-0.04368940056216309,-0.09356864593231995,d2,7.811422719169799,9.774858380295399,10,9.65241164049,47144723.9091,47144723.9091,1.00000000,0.99805671,0.99832752,apodized_d3_m10,1
6,221,2,123.3863901013387,8.705662605482997,0.0,0.0,0.0,0.0,0.0,0.0,0.7127364238489653,-0.08476537856318263,0.0,0.0,0.0,0.0,strict_d4,7.987970231579209,9.423354979386787,10,10.0039861304,60574475.0326,60574475.0326,1.00000000,0.99860851,0.99990280,apodized_d2_m10,1
6,221,3,129.97573427960182,8.90250453463011,0.0004907972141363337,0.006620541422107333,-0.012991610267141337,-0.0022034946348041414,0.016892386770973187,0.005565274811082912,0.6086658905456592,-0.17616194416448047,0.0010486956655676367,-0.016978912760504034,0.0015812449600447636,-0.013536408633443946,near_d4,8.22342354825699,9.55979692795635,8,9.49219752089,56599454.2365,56599454.2365,1.00000000,0.99901073,0.99973458,apodized_d3_m10,1
6,221,4,127.42676339479235,9.084707318554427,0.007127448538861347,-0.00578709458741705,0.020402465895057977,-0.006600273051189606,0.024545248680690076,-0.02019740947079923,0.925278359654531,-0.04084448113852298,-0.03296998633586081,0.025586491751741467,-0.010843466172833497,-0.013423477933392594,near_d4,8.104477404778022,10.04122774562806,10,9.69406067652,61101063.4345,61101063.4345,1.00000000,0.99766040,0.99987708,apodized_d1_m10,1
6,221,5,128.59259795985446,9.378381800022723,0.0,0.0,0.0,0.0,0.0,0.0,0.8330029631394238,0.0022417259642880964,0.0,0.0,0.0,0.0,strict_d4,8.545378836883298,10.211384763162147,10,9.60160856994,65099623.65,65099623.65,1.00000000,0.99833027,0.99999594,apodized_d2_m10,1
6,221,6,128.08159303878506,9.740600458412132,0.023750593720470524,0.01915065564579675,0.000662366786541428,-0.013825277639582266,-0.04137809235251072,0.009326813782592598,0.7218958490990228,-0.08011484830098305,0.011268726267864005,0.03870196812869644,-0.015578018118840069,0.011629797461910993,near_d4,8.959588354390297,10.5381792031244,8,9.63507451499,42008561.5592,42008561.5592,1.00000000,0.99878001,0.99967750,apodized_d3_m10,1
6,222,1,123.8478042640597,9.789620483970484,-0.18872616684408206,0.8874180632885351,-0.35807842079293906,0.9247671107936786,-0.232579304825555,0.18301319960322582,0.19751807081859063,-0.20648030652702198,-0.09883842118908548,0.21923718731876263,0.06850659040901114,0.01647413132143044,novel,8.006652500354077,11.688373740309421,8,9.94932048834,23427015.5009,23427015.5009,1.00000000,0.99438784,0.98845812,width2_d1_m8,1
6,222,2,129.9339219030372,8.970804366279348,0.0,0.0,0.0,0.0,0.0,0.0,0.8239792748085383,-0.07896469933537643,0.0,0.0,0.0,0.0,strict_d4,8.143084877478664,9.798523855080031,8,9.5033090157,63613397.6756,63613397.6756,1.00000000,0.99817661,0.99995067,apodized_d1_m10,1
6,222,3,129.93252106032634,11.3089114656078,0.0,0.0,0.31669352254832994,0.44183790137293544,0.0,0.0,0.7270136419174212,0.022040179813828276,0.0,0.0,0.036702268033389704,-0.0005755883472139221,d2,10.135550468158112,12.42223544008085,8,9.49584137983,49652587.0038,49652587.0038,1.00000000,0.99863120,0.99868614,apodized_d3_m10,1
6,222,4,129.77538400390276,9.669855818199125,0.0,0.0,0.0,0.0,0.0,0.0,0.7144039564741584,-0.04976304500685873,0.0,0.0,0.0,0.0,strict_d4,8.953720819314672,10.385990817083577,10,9.50915327128,63885993.4601,63885993.4601,1.00000000,0.99893772,0.99997908,apodized_d3_m10,1
6,222,5,128.9851801829835,9.322843544851143,0.0,0.0,0.07944879834949818,-0.126163959649902,0.0,0.0,0.6651245295961693,0.08287004104920422,0.0,0.0,0.08330179656399189,0.049116962067686516,d2,8.482438093537384,10.155683534686094,10,9.56666953727,47857249.6332,47857249.6332,1.00000000,0.99882393,0.99957398,apodized_d3_m10,1
6,223,1,127.45254910924334,10.65709314925557,0.0,0.0,-0.16498111820944614,-0.13517133273765444,0.0,0.0,0.6879924207444394,0.16368431456605162,0.0,0.0,-0.00764840745376044,0.035118785838148515,d2,9.79352542273812,11.5390276462355,9,9.68022270693,51760278.6948,51760278.6948,1.00000000,0.99905107,0.99952518,apodized_d3_m10,1
6,223,2,127.91653748336536,8.98654695640969,0.0,0.0,0.0,0.0,0.0,0.0,0.9825952843044163,-0.10414935836889366,0.0,0.0,0.0,0.0,strict_d4,7.998447859502721,9.97464605331666,10,9.65959736516,59610902.8361,59610902.8361,1.00000000,0.99723156,0.99971390,apodized_d1_m10,1
6,223,3,129.95557214922792,9.820243776011587,-0.012433865470683963,0.010267206318230714,-0.03472103077563057,-0.02644588386408054,-0.007785695636701711,-0.007839953867413752,0.7287039943085516,-0.050568652459149294,0.002382032847332876,0.00021229090241787262,-0.0023835369454863736,-0.009847710937494526,near_d4,9.067242472472886,10.604903138889702,10,9.49611539604,58201486.5951,58201486.5951,1.00000000,0.99889487,0.99991592,apodized_d3_m10,1
6,223,4,125.22871098416417,9.118388529444958,-0.031961651177617116,0.03242458191028926,0.01221171380538355,0.03644297675718721,0.01703343803219928,-0.006203901846987368,0.6756277746525134,-0.013506689180726901,0.030204556090142817,0.025173421139630493,-0.01808051720049573,0.004182948471963187,near_d4,8.353757596361465,9.865674865306405,10,9.85422419801,59471853.5724,59471853.5724,1.00000000,0.99891139,0.99994282,apodized_d3_m10,1
6,223,5,127.40210812393562,9.349797485584194,0.0,0.0,0.0,0.0,0.0,0.0,0.7342750416375048,-0.007282158241865943,0.0,0.0,0.0,0.0,strict_d4,8.61552244394669,10.084072527221698,10,9.68774604323,62378991.6156,62378991.6156,1.00000000,0.99876929,0.99997361,apodized_d3_m10,1
6,223,6,128.6818568879891,9.407079189840225,0.0,0.0,0.0,0.0,0.0,0.0,0.8834858006631358,-0.027344262735430336,0.0,0.0,0.0,0.0,strict_d4,8.523177283848698,10.290981095831752,10,9.59679927303,65455706.9377,65455706.9377,1.00000000,0.99808451,0.99998805,apodized_d1_m10,1
