order,batch,index,a_ring_um,h_ring_um,C1_um,S1_um,C2_um,S2_um,C3_um,S3_um,C4_um,S4_um,C5_um,S5_um,C6_um,S6_um,source_kind,width_min_um,width_max_um,selected_mode_index,selected_freq_MHz,selected_Q,selected_Q_candidate,same_sign_fraction,breathing_uniformity,best_strict_mac,best_ref_label,valid_for_Q
6,1,1,123.91768025997455,9.91520827209812,0.27961584462455535,-0.13022398643231892,-0.5859074737349033,0.6889446500943441,0.041076509578875875,-0.4488106892871634,-0.7939825548231424,-0.45245622524224083,-0.3107632722477947,0.5111115548911436,0.3714159659277044,-0.2930936369381856,global_random,8.305546170220794,12.768639519375691,9,9.93440950003,3145682.94043,3145682.94043,1.00000000,0.98783651,0.97768946,width2_d1_m8,1
6,1,2,124.36963306879814,9.457967303402091,-1.8794745458694164,0.10541159508311537,0.6995112568642423,0.26639732524357096,0.7249421477992339,-1.097206388750163,0.36016554253393207,0.11151038073000874,-0.25034630666738944,0.4025651017629124,-0.03919373654075853,-0.3977484209559372,global_random,6.887658319334322,12.492657549796576,10,9.92938008363,729849.549041,729849.549041,1.00000000,0.96387266,0.92840061,apodized_d3_m10,1
6,1,3,129.4928987541271,8.0,-0.2632805667400742,-0.8710712483745142,-0.047893249139790595,-0.041677284865126035,-0.2772958133378695,0.08500609071509929,0.061594706500224694,0.1033055892073441,0.11624617500258809,0.30329104163504705,0.14232221431946512,0.008521509229661484,highQ_anchor,7.033366773980674,9.514626345605558,8,9.50978647837,19832996.6173,19832996.6173,1.00000000,0.99576555,0.99145017,width2_d1_m8,1
6,1,4,127.10097177115382,8.501411265525121,0.7226944475394358,0.08984774424640257,-0.3860453855350319,0.7354740204122134,-0.4479510101613153,-0.09177865684079103,0.17142764514291187,0.24866004109729462,0.05978025335724426,-0.1913183543591901,0.003019627087825534,0.2083033636328311,highQ_anchor,6.596287391830302,10.147078475631503,8,9.69451792067,17498725.662,17498725.662,1.00000000,0.99361536,0.98684216,width2_d1_m8,1
6,1,5,126.9412490104927,8.747970926361308,0.7594163801500731,0.1401321228793826,0.5410993586706387,-0.08418050764109397,0.09190264989373187,-0.2505883295898046,-0.2612792464564624,0.5052522104551913,-0.31630785428738817,0.2012422963815701,0.3119929357239451,-0.31187426262503315,stratified_coverage,6.8764797506088575,10.054755697818647,10,9.69588745949,5441860.80052,5441860.80052,1.00000000,0.99115578,0.98329002,width2_d1_m8,1
6,1,6,129.51469024373446,9.708779516741334,-0.6279297763463978,-0.7259376155917532,0.5948482253366725,0.06063623643900118,-0.17520153625393242,-0.7879250677470311,-0.7131319297611793,0.7030480817328979,0.5410591629120958,0.11475278801894251,0.016530148863991734,0.3326830735120561,stratified_coverage,7.99121016159297,13.113501065109245,10,9.49812168632,4164019.12621,4164019.12621,1.00000000,0.98878821,0.97936595,width2_d1_m8,1
6,2,1,122.95563145190198,10.156244268783503,-1.5894581538704875,0.9115120206833867,-0.799306193719256,-0.3941746979607468,-0.9603667414317881,0.845762679736527,0.060996571006253886,0.011266658139321928,0.1717357185023003,-0.2692517567360933,-0.33839802957561677,-0.39960600281712233,stratified_coverage,6.6771845839546815,13.184802924479525,10,10.0232119826,2512914.97665,2512914.97665,1.00000000,0.97460966,0.95016824,width2_d1_m8,1
6,2,2,125.03372403515937,11.581007375926813,-0.1039071645410079,0.18199020500347274,-0.40471407252733593,-0.6775457938982534,0.29799220486710065,0.16025282809149877,0.1300750307651699,-0.5700641687092685,-0.18441059264593712,0.11840664065197115,-0.4127472896882983,0.388670979617078,stratified_coverage,10.209071857370743,13.14587427832829,5,8.60641162488,99200.1884577,99200.1884577,1.00000000,0.99965981,0.98161174,width2_d1_m8,1
6,2,3,126.71882825032971,12.702488236079656,-0.4918373299488763,-0.031346174244156866,-0.26246134742035826,0.25645530137174677,0.1651416930577786,-0.20302286479998533,-0.056890912322827,0.20390648671043693,-0.1430381758704446,-0.03911135255123241,-0.004857240102719512,-0.012515036883635866,stratified_coverage,11.890051827546761,13.559860599021382,10,9.71936435238,18795763.2142,18795763.2142,1.00000000,0.99876001,0.99797985,width2_d1_m8,1
6,2,4,125.50430866250937,11.040608417644545,0.6899251268533328,-0.05220615444012955,0.1439310132432301,-0.6136636225839118,-0.20715287538644744,-0.16507515291002628,0.027058957890383928,-0.03776199235616462,-0.45084374322557236,0.4740945976390196,-0.2948774339050746,0.10658373220682188,global_random,9.747735586891116,13.291584598057696,10,9.82633022852,4906253.08538,4906253.08538,1.00000000,0.99311289,0.98625264,width2_d1_m8,1
6,2,5,123.89316758354416,9.36639474839846,-0.5161519186647701,1.3143540237072706,0.28714491344163773,-0.5402067513865045,0.37808915813564425,0.21176075753061596,0.5836601311749516,0.39361246525749793,0.40705504829683037,-0.3203503234058368,0.4185450698010775,0.29059528011172636,stratified_coverage,7.174842139147812,12.172108954250882,10,9.9799435352,794646.368469,794646.368469,1.00000000,0.97178830,0.94567370,apodized_d3_m10,1
6,2,6,125.44664261030829,10.284289549579091,0.5739495345592394,-1.3685459642544662,0.21857023065593384,1.4315900067932874,-0.5045092655718116,-0.23157403953992983,0.31252135343573095,0.766277567985914,-0.13515802796226656,0.3797629171245528,0.21401961054714141,0.3330304479098842,stratified_coverage,6.5043652747912395,12.397353800489824,9,9.84297756115,4379732.80455,4379732.80455,1.00000000,0.97841710,0.95752154,apodized_d3_m10,1
6,3,1,127.43689413238894,11.390436723368557,-0.16821812249394918,0.06962227180389524,-1.0502331442070796,-0.8327503461674111,0.681401438538993,0.2895602816028682,-0.35588292761403884,-0.3456209263961098,0.0905016058273721,0.4739626023421719,0.13333657432068596,-0.04067579085168904,stratified_coverage,8.523255995485647,13.127752470568565,10,9.6616397312,7553689.88434,7553689.88434,1.00000000,0.99075736,0.98258241,width2_d1_m8,1
6,3,2,128.6680909038933,12.33847877030994,0.2283214478719009,0.3460162534816631,0.06010507156681888,0.29313003942484084,-0.2970986064638007,-0.32012108064472866,0.10437033706135007,-0.10428549654578356,0.17602423184653643,0.15508824859941028,0.04508681063224548,-0.1514801443526559,stratified_coverage,11.334790966404032,13.46843008948401,10,9.57717146507,8605335.20366,8605335.20366,1.00000000,0.99685787,0.99376565,width2_d1_m8,1
6,3,3,122.52020976447855,8.960972957371634,-0.7254333268009123,-0.6392561294394998,-1.2791874798620717,0.12570661853530884,-0.4137462044683895,-0.055761978337950824,-0.010068297832611095,0.5137739373805208,0.42611863764493885,0.32994211730562484,0.26716676669548284,-0.4096015175823794,stratified_coverage,6.549992692466149,12.012577656739362,10,10.0618496371,4039156.76496,4039156.76496,1.00000000,0.98464537,0.96968016,width2_d1_m8,1
6,3,4,125.79286678353122,9.67534245128692,1.0139542929953742,-0.3469621233079683,-1.1408874367341215,-0.42215747295530837,-0.44040850885701033,-0.5911065905397541,0.6238655527803008,0.4767064379658388,-0.15716173826775087,0.5008586938367177,-0.29521189867588704,-0.1930309400932757,stratified_coverage,7.0646605155010205,12.543715860680043,5,8.72104913421,104727.894248,104727.894248,1.00000000,0.98972559,0.92126896,width2_d1_m8,1
6,3,5,124.91530638036166,10.18917070280621,0.269590207234196,0.7943641074630992,0.18635549022071696,1.2820525853624607,0.8709679605090668,-0.5864566236558225,-0.30184645568160584,-0.7445971587536757,-0.2851284424004482,0.3197633985540428,-0.29449774124803374,-0.4362130353076574,global_random,6.704464686092603,12.656879422306462,9,9.87055811812,3011524.06831,3011524.06831,1.00000000,0.97905068,0.95921664,width2_d1_m8,1
6,3,6,129.9264942975877,11.111039623930413,-0.8557443098763904,-0.730896614026082,-0.7936199994501607,-0.7816216586603297,0.024863313158298483,-0.1674001822075184,-0.4859908294787637,-0.16706503200921996,0.01733341454360926,0.3219689098534081,0.3882080659327845,0.056474858016954455,stratified_coverage,8.609514276654316,13.20218389217651,8,9.47792747379,4561354.92585,4561354.92585,1.00000000,0.98881312,0.97878471,width2_d1_m8,1
6,4,1,123.70049991200402,12.41843531721291,0.32088628868543134,0.37344309242717566,-0.3863135905320633,0.29821546326013226,-0.1350190322565311,-0.31922086101076164,-0.13066631023433098,0.030652451713823803,0.10342412272642465,-0.18171558195529394,-0.11626102228206156,-0.04941821576962882,stratified_coverage,11.318577437532106,13.638361747480765,10,9.95801501212,5485063.19582,5485063.19582,1.00000000,0.99502329,0.99057141,width2_d1_m8,1
6,4,2,124.16649734137026,8.99819259016657,0.9167181947131007,-1.2526078970469727,-0.9327422415490555,-0.06335946283469829,0.2491605657895899,0.18201826669521104,0.018110645176297346,-0.13632477471804805,0.5017037956442407,-0.1489471060266256,0.37662530333610683,-0.1881555901553813,stratified_coverage,6.782826530887426,11.849223382447146,10,9.92024535093,4203354.37835,4203354.37835,1.00000000,0.98405350,0.96862538,width2_d1_m8,1
6,4,3,126.1613257450075,9.970926494884564,0.5845536663327495,1.3742061674977744,-0.34608450898293963,0.38498877791074926,-0.24023625844823926,-0.4169660790860519,-0.07978713789365499,-0.3402561219355308,0.04731386360563261,-0.15195963691654174,0.2494859491721328,0.29809414718849153,stratified_coverage,8.141360330378486,13.191659957367671,8,9.7610496963,3662444.31352,3662444.31352,1.00000000,0.98927695,0.97907212,width2_d1_m8,1
6,4,4,129.00440714975656,10.854260859815433,-1.4893331461520365,0.8168270199458139,-0.12947402140629594,0.12600277548791872,0.697645110786766,0.1985687108881502,0.09374051426832397,-0.4874025232721767,0.22001346472208394,-0.28808474138825685,0.327064727852827,-0.32082699778037704,stratified_coverage,7.68487854885398,13.03731340904627,8,9.56448913913,4004232.90801,4004232.90801,1.00000000,0.98580396,0.97133183,width2_d1_m8,1
6,4,5,125.81574739490834,9.747332062771834,-0.5536142105583952,-0.05734163458504593,-1.2118597257396542,0.5521671493452274,0.20355932761681683,-1.0612990576545638,-0.0516911648260423,0.5694202183501773,0.4010436283517368,0.16098483059139346,0.417240078708003,-0.33708533386282297,global_random,7.554654071839142,12.413453386281745,8,9.79980194475,708229.432572,708229.432572,1.00000000,0.96849461,0.93742317,width2_d1_m8,1
6,4,6,125.50515766880201,13.22508464434884,-0.41608242318072974,0.4084775273637593,0.019518313153361833,-0.3863190914780342,-0.2915881503824005,0.35551863811656137,0.23523973304774887,0.07395562258391353,0.018643621184012832,0.1176005549655898,0.05816828509593169,0.1307741994827379,stratified_coverage,12.116894676295809,14.431913973536348,5,8.28290642585,95647.0011655,95647.0011655,1.00000000,0.99879518,0.98043342,width2_d1_m8,1
6,5,1,126.43343636210648,10.673976954520658,-0.3931812700735753,-0.6127248199437623,-0.17840970728145478,1.3321811552414815,-0.0774858284810993,0.6542376433907777,-0.08648114583593425,0.5289742042132202,-0.4929521544238889,0.03743831845109746,-0.4183107292035525,0.1284039259240391,global_random,8.283454681772378,13.12334734410143,9,9.74992934173,4450638.25688,4450638.25688,1.00000000,0.98800481,0.97649785,width2_d1_m8,1
6,5,2,128.43747161590616,9.37984008934266,0.5817883665537775,-0.09836778830411497,0.7016115054631762,-0.6415550234685943,-0.7501301819965123,0.9011509114674428,-0.5440961038080874,0.25896938072777287,-0.20630512942413537,-0.20218608226511636,0.12878580051234595,0.11235793363357399,stratified_coverage,6.803641897522375,11.195419415445052,10,9.57457354017,7024460.26515,7024460.26515,1.00000000,0.98718868,0.97597266,width2_d1_m8,1
6,5,3,122.00211391048057,10.29544684610729,1.0227108397145437,-0.28341089840312494,1.7987651698724678,-0.6114310990455785,-0.28648757974519956,0.35372056219263737,-0.1887050929707096,0.43856798366270655,0.18368897134327,0.16417666777815199,-0.4252376482288291,0.01583474926355094,stratified_coverage,7.489082267780004,13.066660430264488,10,10.0997703944,3603590.13626,3603590.13626,1.00000000,0.98103509,0.96302038,width2_d1_m8,1
6,5,4,126.65442601433149,9.734625358355306,-0.6408801422081727,0.5182262124804793,1.1079666390056697,0.2057408131724252,-0.06544582819638922,0.3450267342076667,0.15634367071372335,0.06968892706807794,-0.1880052781764211,-0.5357637828213315,-0.049546365905365264,0.10151238695966375,global_random,7.672485871189886,12.038558410114735,8,9.72884332242,4192466.58838,4192466.58838,1.00000000,0.99004731,0.97993262,width2_d1_m8,1
6,5,5,125.52540639337663,9.823010934376198,0.2915263802167112,0.31673941913531634,1.6065751309030738,0.07300110414305205,0.32777928235040843,-0.32927451916020056,0.3014041943468182,-0.6085469374587067,-0.15863942604627146,0.4848547740923004,0.008076055144108807,0.1948784896003442,global_random,6.7991716348327715,12.216804425677113,8,9.81830696642,5534681.93461,5534681.93461,1.00000000,0.98533964,0.97074160,width2_d1_m8,1
6,5,6,129.33105317621002,8.509252074994986,0.09653652408259417,-0.21662336840503427,0.7658003039103016,0.0013329488128366318,0.6127666975572974,0.6477398974921278,-0.3721456346194829,0.1299461270369534,0.5033174560995672,-0.33704539136383904,-0.4385851859596511,-0.044400001507371334,stratified_coverage,6.608482665163851,10.40963944940061,8,9.51343887483,5022954.86627,5022954.86627,1.00000000,0.98856304,0.97842760,width2_d1_m8,1
6,6,1,122.56437973462188,10.858715425006002,-1.1972487760354242,-0.06922609803719837,0.5518866502291757,0.963486726892284,0.34391698643313195,1.0020150828625085,0.26087643671129324,0.37353847876868373,0.1775276942980658,-0.18648863196613774,-0.417668886746803,-0.06367348893041702,global_random,7.563930181547831,12.926878662922544,10,10.0736114457,3634542.23698,3634542.23698,1.00000000,0.98370246,0.96689765,width2_d1_m8,1
6,6,2,129.89083258067652,9.523648637130371,0.47682621572338135,0.47989304305662905,0.18085850947611992,-0.15427253454692735,0.788515587226684,-1.007051082322482,0.652941124745259,0.45428162372619396,-0.00616309642246704,0.33212380932626384,0.3592508762305216,-0.16762670737780744,global_random,7.6339921812222205,12.063949295044848,10,9.50387007451,5310917.20363,5310917.20363,1.00000000,0.98902064,0.97901426,apodized_d3_m10,1
6,6,3,126.84679735300044,11.69053526423669,-0.6540555767312188,-0.2780918222659361,-0.6138488400844961,0.9138175202950503,-0.04120504365056421,-0.46773697320535657,0.30488159525073444,-0.01021603571863161,-0.5163776167973538,-0.47154047201537036,0.2959724385414651,-0.43095376716024286,stratified_coverage,9.281386440399572,13.32022943154303,5,8.38423119081,97881.7430954,97881.7430954,1.00000000,0.99829282,0.96606757,width2_d1_m8,1
6,6,4,129.1577127910007,12.600396014646337,0.5842558026509521,0.6561825471245335,0.37488332741144814,-0.2521070744039538,-0.2853946595099296,-0.09364947650715505,0.21749216322895565,-0.125225659270123,0.040216148054235595,0.08990263281154004,0.0545506121444036,-0.14891310859789098,stratified_coverage,11.076155849798948,13.665851562188575,10,9.5425212542,9014021.73568,9014021.73568,1.00000000,0.99598239,0.99179329,width2_d1_m8,1
6,6,5,122.43468753310526,8.859586878688074,-1.1269719640353792,1.9086811948650348,-1.3603227595899383,-0.03865116601187335,0.4624472213790778,-0.419889268966564,0.20721915934208113,-0.4728129808704726,-0.4796160583894514,0.13634460392079317,0.39836633859636167,-0.11467072894852876,stratified_coverage,6.557233290098541,13.123593285957847,10,10.070574787,3091287.81533,3091287.81533,1.00000000,0.97438491,0.94911390,width2_d1_m8,1
6,6,6,124.8610845612852,9.16592463445058,0.4136868373458418,-1.7418920598207417,-0.46519201277560507,-0.7620677650435097,0.3576805800635532,0.7679243056973959,0.33688596798777093,-0.22655621712803442,0.3544239209921449,-0.14913942587323192,-0.20544765735047027,0.39257909308157063,stratified_coverage,6.832851256212564,12.839144662741184,10,9.87640006504,4901867.89482,4901867.89482,1.00000000,0.98276375,0.96541399,width2_d1_m8,1
6,7,1,127.79382110409394,10.323082920839942,-1.1866653598780357,0.29606209286056906,1.0864385189970538,0.8486398650890259,0.6861160572287499,-0.3262966194139201,-0.29198727474293096,-0.16794789483579142,-0.42891794243007497,0.009052717248667741,-0.37994267331507436,0.003739460809189299,stratified_coverage,6.636830594622861,12.819922629596345,5,8.60801276114,99422.5462188,99422.5462188,1.00000000,0.99868791,0.96508927,width2_d1_m8,1
6,7,2,128.76191862335207,11.69853733248219,-0.290052167534657,0.604334689404217,0.47702904508926225,-0.5510414989579795,0.3746552264603402,-0.2452875711125796,0.7922857305522686,0.2755124668776736,-0.1346524661895277,0.12235352367204488,0.08910071545466675,0.4138745759580819,stratified_coverage,9.671097732874312,13.20763604737098,5,8.27575799455,97329.0155427,97329.0155427,1.00000000,0.99879934,0.99104354,width2_d1_m8,1
6,7,3,127.85464009522843,8.501683428607205,0.4048921625039981,-0.9578341016530547,-0.709493406651027,-0.22113101323500475,0.16561090075225468,-0.26882892232708966,0.4138866365866626,-0.23508663384061979,0.06661702947457121,0.22060951174066293,-0.09789801540423139,-0.07108307872616708,highQ_anchor,7.027537323600248,10.193576374722042,8,9.64476283519,26106548.774,26106548.774,1.00000000,0.99306954,0.98659980,apodized_d3_m10,1
6,7,4,123.03213728229402,11.1941739765428,-0.9005964687357837,0.16858238721446028,-0.3178396647579458,0.29256841086989405,-0.06281126969280382,0.8393365246756332,0.4511963948108735,-0.7802794273238496,0.2870030585836836,-0.09525043092353913,0.06862119329515576,0.19805136123239558,global_random,9.034218774572565,13.11599343789895,10,10.0298916279,8363068.82994,8363068.82994,1.00000000,0.99253416,0.98479176,apodized_d3_m10,1
6,7,5,126.52386157780849,9.089930218373885,-0.3990324263356193,0.38125227448539034,1.3384672246585427,1.416938721327717,-0.7756318584078259,0.3548689007358856,0.15017752850266464,-0.22772293516117637,-0.29965994248136796,-0.3181329836145512,0.004809930530964124,0.015291670782459854,stratified_coverage,6.745452726770441,12.156832810935821,10,9.738681968,14757705.5411,14757705.5411,1.00000000,0.98473656,0.96945702,width2_d1_m8,1
6,7,6,127.69721732743731,9.297491384047316,-0.17597905841913297,-0.4166895657395113,0.3344760112969809,-0.9044898218059871,-0.22173050881733658,0.09126590277242563,-0.7825492839249348,0.6974598825397968,-0.18333959103543696,-0.27603806087576416,-0.17038387338274463,-0.03914400929138839,global_random,6.9063042065146725,11.153387482087627,10,9.62306998174,6233955.87683,6233955.87683,1.00000000,0.98923412,0.98065354,width2_d1_m8,1
6,8,1,123.85670477629118,11.5800078225319,0.5094696220704695,0.4513400889901007,0.08196312555179519,-0.042534176495838016,0.30843022320906965,0.19534879270163885,-0.07349455876604538,0.4922686342225957,0.1053213146294687,-0.48181634756727915,-0.3453104791592496,0.28586037314415863,stratified_coverage,9.849052416456548,13.008055851474772,10,9.96361268748,2110570.87764,2110570.87764,1.00000000,0.98623416,0.97274449,width2_d1_m8,1
6,8,2,124.60004776368835,12.786409087035375,-0.24309484080929533,0.20575613130745396,-0.45788072111618694,-0.6254013000880947,-0.1808895823870353,-0.38001115213056214,-0.24514307927726758,-0.036960014743278896,-0.007633382079362955,0.16500169603492837,-0.00942073695327339,0.1508030696586277,stratified_coverage,11.616625062373398,14.029709957568762,5,8.46864700751,96772.5723644,96772.5723644,1.00000000,0.99935344,0.97390827,width2_d1_m8,1
6,8,3,127.91078872027018,8.79636658486937,0.3762683794754274,0.1886961559273213,0.1464303145445443,0.6096953583456336,-0.15206223218769543,-0.0605712806984791,0.17417721364586494,-0.17194838634687218,-0.22311609734381688,-0.0005825296109481178,-0.19978501017854325,0.3006307823967754,highQ_anchor,7.615060030927687,9.935906090976909,10,9.63468163369,10962954.8143,10962954.8143,1.00000000,0.99608818,0.99181841,width2_d1_m8,1
6,8,5,123.25397931599088,10.49124996651412,-0.625402180186325,-2.1430821830070115,-0.19711013922668164,0.29785593942972466,-0.8258920375389558,0.4644757049743671,-0.48339634558039823,-0.358414886236236,-0.011363638984544178,0.5496648094195387,-0.3932757241551367,-0.10601800926032362,stratified_coverage,6.929853131514344,12.908396235067935,10,9.99174395757,3166975.78186,3166975.78186,1.00000000,0.97612896,0.95404280,width2_d1_m8,1
6,8,6,126.87452204683709,8.0,0.2898400385387754,-0.46641662032277936,0.13430397579697875,0.005644911702891456,-0.016006004525433992,-0.4597537356517564,0.2593118408303093,0.20098823265143712,-0.1684104412875251,0.0706983790248806,0.05960539823224691,0.01238590315376919,highQ_anchor,6.548019764288406,8.797057936772791,8,9.71406490472,29435689.874,29435689.874,1.00000000,0.99711715,0.99376576,apodized_d3_m10,1
6,9,1,126.48000997562099,12.827371737730555,0.6161637412862944,-0.21503754663701125,0.30742123861964865,-0.24532565758994151,-0.03741276293368878,0.20795951023984138,0.0731215665623462,0.21251225259330386,-0.02999400308023248,-0.144020612365641,0.028353955779729656,-0.039320934097594115,stratified_coverage,11.92312363846646,13.790601975653503,10,9.74060366855,15640275.9135,15640275.9135,1.00000000,0.99813999,0.99647728,width2_d1_m8,1
6,9,2,129.76264038713913,10.738559209511166,-0.669537732888579,1.0544461826533311,1.104008733045491,0.35128027198413947,0.23682323962733753,0.46087598427418675,0.5661208444628707,-0.7783943140601806,-0.5392859245902322,-0.2421539891503779,-0.4304891234962797,-0.003367340629733595,global_random,6.510963869857685,13.463294128377102,8,9.52317055216,3473553.52103,3473553.52103,1.00000000,0.97921497,0.95962765,apodized_d3_m10,1
6,9,3,126.29043319156122,10.172186985626361,-0.9039817781224186,0.9939506373182878,-1.415114696431186,0.18003715936130926,0.7627403192439817,-0.03912927878846828,-0.2999312409121583,0.10348256472797746,-0.2757201755789591,0.26774600023913897,0.23867845635912616,0.44781939302086377,global_random,7.266852891392886,13.199687276860832,8,9.75158115302,2794180.46514,2794180.46514,1.00000000,0.98203071,0.96520615,width2_d1_m8,1
6,9,4,124.07398513360351,10.729153614306679,0.36786954193941934,0.7518028114318063,-0.6342701987378716,-0.840487559311551,-0.28897156114132216,-0.3402343678057428,-0.44788757947362845,-0.37828373115813396,-0.329558684782586,0.22831037484770822,0.1627622224760426,-0.20337746543893773,stratified_coverage,8.507110971759602,12.39516455821483,10,9.92055564288,5683923.30072,5683923.30072,1.00000000,0.99048526,0.98224926,width2_d1_m8,1
6,9,5,127.24733740441123,11.31085393802442,1.1595149016142163,-0.6244397951387872,-0.19584779841980637,0.8551333704947155,0.06082726860092391,-0.16831146996844892,-0.2884882228077652,-0.39096903689717544,0.5159075071828623,0.24024630991339213,0.039071869706249984,0.019819071244031095,stratified_coverage,8.950960301056027,12.869290681055164,10,9.67550492945,10041731.0403,10041731.0403,1.00000000,0.99097960,0.98291141,width2_d1_m8,1
6,9,6,128.11451600616724,12.866549496229885,0.7108485764926404,0.684663161596091,0.6266518890446852,-0.5872877685870875,0.2017729102723108,-0.18365730392324486,-0.21204087714220127,-0.09031637211720633,-0.11836393014510795,0.17544081894370578,0.049543657130040664,0.11373386434243979,stratified_coverage,10.930582446522013,14.298806814279459,10,9.61357986243,5128148.3614,5128148.3614,1.00000000,0.99260206,0.98594204,width2_d1_m8,1
6,10,1,122.57795202868044,8.292951862192753,0.34338459608760763,-0.04177088832700582,-1.14426462086926,0.06492480034063419,-0.10624391668860367,0.6526797659765597,-0.08932266398670241,0.5778990831266417,-0.0672231841794495,-0.39723719399731006,-0.16107832983572884,-0.21878297966947777,stratified_coverage,6.657876718764345,10.865565054195534,10,10.04058071,8718455.27991,8718455.27991,1.00000000,0.99026630,0.98124614,width2_d1_m8,1
6,10,2,128.0661640006116,8.855152588513937,0.76271318981501,-0.015778353736918715,-0.4618199943553535,0.48999769488781203,-0.12097399500389022,-0.46114806304888983,0.25661502504000233,0.025395752559121257,-0.2030087700857842,-0.10941397381096983,0.0736977550235483,0.012842880439773252,highQ_anchor,6.610220633385577,9.993522512355495,10,9.62376226439,23235172.05,23235172.05,1.00000000,0.99414998,0.98770961,width2_d1_m8,1
6,10,3,126.79526669880742,10.163557542750116,-1.7259930323065538,-0.3274282818417682,-0.6048319309142056,-0.5834822459634648,-0.3622051753983784,-0.6788883180331823,-0.6473606021215444,0.6665024844287433,0.5251502639551353,0.5217743032274373,-0.39278295403089575,-0.00864528428651351,global_random,6.887445008794453,13.318550378969778,8,9.70794047234,2099259.42977,2099259.42977,1.00000000,0.97488214,0.95197130,width2_d1_m8,1
6,10,4,128.9910356859967,11.069700972605814,0.9699537862833041,-0.12951588910601286,0.7969399412698481,1.3399277642960314,-0.5250981241649731,-0.5328316632314233,-0.34456463742252486,-0.33272995978903686,0.13985280837148772,0.395820177790586,0.3919769818892607,0.19662747659156904,stratified_coverage,8.246953414259599,13.309405991318828,8,9.55204452879,4043298.55647,4043298.55647,1.00000000,0.98402374,0.96907827,width2_d1_m8,1
6,10,5,123.50473474968072,12.25980088128681,0.09228063954872279,0.061066648160409076,0.23065877572417415,-0.27466619383897656,-0.31158427779985937,0.054165254039838184,-0.010658278775136365,-0.27799331991295523,0.15139468648650012,-0.004117482440816195,0.1226264023340636,0.14852641012487852,stratified_coverage,11.43194896306404,12.874630095985202,10,9.97949813748,3437253.25469,3437253.25469,1.00000000,0.99265991,0.98547558,width2_d1_m8,1
6,10,6,124.40435629821104,8.52269497823212,-0.23387811461797892,-0.5602516126360917,0.15887203097317215,-0.5551418145627438,-0.4216239724077663,-0.15187829624538662,-0.32971857861173126,0.3610660438274804,-0.19198589092121082,0.02171129295426455,-0.38887485626248447,-0.2872873801282848,stratified_coverage,6.825322558120187,9.940109932243232,10,9.89233202824,4861300.07834,4861300.07834,1.00000000,0.99139826,0.98387530,width2_d1_m8,1
6,11,1,126.56311258897892,9.164672562487826,0.25163165439440016,-0.9695502786686816,-0.45807269309703313,-1.1716814071291533,-0.014255908257939875,0.20744396449142766,0.7571523163600449,-0.5389957288735243,-0.08025638940863411,-0.2620095020496519,-0.365282734980794,0.3297835406541246,stratified_coverage,6.796116367190916,12.231310964369165,10,9.76717519928,5414493.01306,5414493.01306,1.00000000,0.98591870,0.97533495,apodized_d1_m10,1
6,11,2,127.0097414450227,11.100320563740357,-0.7886491245370972,-0.11445648799890851,-1.0105772323205402,-0.8556212093138393,-0.6589833464545729,-0.9636279152967283,-0.6070951049172693,0.259380799586328,0.42924536584912165,-0.44722814763256874,-0.16294733106960946,0.05093387704600999,global_random,7.509689244738454,12.90453280835896,9,9.6896479871,5695944.5283,5695944.5283,1.00000000,0.98346400,0.96880888,width2_d1_m8,1
6,11,3,122.83356208296766,11.403286550563077,0.38188541965066714,-0.6627645597262344,-0.9184015714367534,0.5542621993257966,0.569909280307594,0.6730623776544553,-0.5153069811572939,0.32745613701518517,0.02391132690322284,0.09151822445106406,0.08419625116993618,-0.28135796554052583,stratified_coverage,9.04246762545594,13.439323093830263,10,10.02352559,3536560.1131,3536560.1131,1.00000000,0.98776896,0.97706624,width2_d1_m8,1
6,11,4,125.91494174913313,13.463423249908866,-0.3487267824916337,-0.36600575063703433,0.6253840328041956,-0.2634545191856068,-0.10739324447233739,0.25903858390177215,-0.10359812501065532,0.05758883817147087,-0.042005338516914154,0.04602341420608541,-0.03270259174038587,0.06168205665648199,stratified_coverage,12.14331052580949,14.52994281636971,5,8.24352783734,94727.8381994,94727.8381994,1.00000000,0.99901805,0.97396059,width2_d1_m8,1
6,11,5,126.9335882280468,8.818748505390896,-0.9608665636097469,-0.5676547065182262,-0.6314602571688233,0.5828092471923247,1.0249899251854782,-0.49394092229555875,-0.6146618139500708,-0.13734297768058779,0.5446033040981209,0.19927755197669328,0.38357512225615514,0.37724798400472775,stratified_coverage,6.618567216697873,12.591222724652061,10,9.70034968851,3515750.24575,3515750.24575,1.00000000,0.98467561,0.97078624,width2_d1_m8,1
6,12,1,127.06932544942089,9.107406827103135,0.39957676708348044,-0.2755533128284404,1.2128977043145748,-1.4210593377800622,-0.9275774441708065,-0.5309902730506983,0.1588337068184511,-0.3492544185981215,-0.364955699427816,-0.1980285143381772,0.18464134731278253,-0.32771512611509,global_random,6.783779654074694,12.437296795463638,11,9.70179312188,7207923.63394,7207923.63394,1.00000000,0.98413311,0.96817706,width2_d1_m8,1
6,12,2,124.98562670596668,11.141466041323323,1.1046228419966044,1.073512142625182,-0.35488207220195434,-0.11308782642940995,0.24730536743396359,-0.236483599890564,0.15193668336889188,0.28432369472440344,0.27439107454792333,0.15452591283578987,-0.06357123350756738,0.050410557349669205,stratified_coverage,9.248630135004202,13.19313861437793,10,9.85479711333,16885177.7375,16885177.7375,1.00000000,0.99326507,0.98668272,width2_d1_m8,1
6,12,3,127.4050862017113,12.557483859879747,-0.33470672258012546,-0.739259727293353,0.2979250156625777,-0.5787380745887897,-0.09017253452209284,0.23004236611267737,-0.22307808200239537,-0.009770051466021112,-0.010305132684072599,-0.15812749622562033,-0.0514990486512225,0.028180948466371702,stratified_coverage,10.900718337894258,13.471291995517461,10,9.66383265042,12135506.9281,12135506.9281,1.00000000,0.99650730,0.99381123,width2_d1_m8,1
6,12,4,129.14150615706555,8.81212852364743,0.3282215826960737,0.23492453599662655,-0.6256232602168148,-0.3344847076515587,-0.3179352003818514,-0.9428893582359089,-0.1552764237013473,0.026443563896759947,0.3399456736504366,-0.09549877194327261,-0.3424750027579614,-0.41648013657409017,stratified_coverage,7.0600669211132105,10.709477998008685,8,9.53441325086,4837898.989,4837898.989,1.00000000,0.98939061,0.97959722,width2_d1_m8,1
6,12,5,123.30880345477618,9.602184240226771,1.5127389591504143,1.2323656273046306,0.8747581498576269,-0.8578358518794014,-0.23438118016394494,-0.03435862804186529,-0.2729717826583008,-0.4685739023257547,0.3513553086526967,0.432002705051472,-0.2659103465396888,0.3088022439715679,stratified_coverage,6.761923084367051,11.841918394790707,5,9.00250961578,104099.660885,104099.660885,1.00000000,0.98157101,0.93837780,width2_d1_m8,1
6,12,6,125.50595361156682,9.779018501985815,0.23755942329092994,0.42713128688912283,0.48697642699408905,-1.3462469633559828,-0.8757552240685018,-0.43915918230272255,-0.059399591335858704,-0.061463011535580314,0.17367931436335182,-0.12180502035535234,0.3265565207904651,0.4383753294108675,global_random,7.132485782289192,12.245985729455496,8,9.82598577451,2090886.9662,2090886.9662,1.00000000,0.98183354,0.96391448,width2_d1_m8,1
6,13,1,126.30546412280457,11.175270526001931,0.3859840158298815,0.342038617735541,0.587263331332766,1.0784598047843252,0.5627234252983639,-0.7927723095436783,0.6175593820643337,0.06792520715367911,-0.29486570535336304,-0.18700340700754337,0.08676524623679943,-0.40407185618650165,stratified_coverage,8.487572747972067,13.354058121973958,10,9.78236480194,3948184.46008,3948184.46008,1.00000000,0.98643200,0.97385048,apodized_d3_m10,1
6,13,2,128.8283144622394,12.894347027229426,-0.44885607222123497,0.6065814685610653,0.3178540361274679,0.03925195741670884,-0.122293298369547,0.2982061135176157,0.039132710713143004,-0.1498967990994428,-0.17505314183125684,-0.025912713622964628,0.037833500797791436,-0.11823055784960425,stratified_coverage,11.840907868698974,14.33555692490809,10,9.56457286198,6455456.15258,6455456.15258,1.00000000,0.99556881,0.99129396,width2_d1_m8,1
6,13,3,123.83557271722403,8.67244938868327,1.1898962811302813,0.5698596143978567,1.40081729941759,-1.0114387491724783,0.9889156534188346,0.6209242813521074,0.15886929093928415,0.2285267590731599,0.3374205732842457,0.016818742871118175,0.15642671538855907,0.25968155648329844,stratified_coverage,6.508818682350124,13.032985877629455,10,9.94785339756,9940164.33703,9940164.33703,1.00000000,0.98229722,0.96488498,width2_d1_m8,1
6,13,4,123.586577384168,9.31768830132473,1.3059055088483058,0.20940306085919946,-1.0842716647584472,0.8491823568599612,-0.2548623350442675,0.5272348342699491,-0.16705870819180224,-0.4130283978283183,-0.5482031534488789,-0.201648614048141,0.10657710839488915,0.17561706639084157,global_random,6.987363340586747,12.402849890406769,10,9.96663070747,7856644.896,7856644.896,1.00000000,0.98584797,0.97226087,width2_d1_m8,1
6,13,5,126.99665812713734,10.116905276689184,0.1759378806651677,-0.789896774197616,-1.136837456303181,-1.4351413005172127,0.9881670552351598,-0.4254462129727554,-0.4206052250039671,-0.7459421816253565,0.4338113440065239,0.4257383912796455,0.15853593025433582,0.21405345313697838,stratified_coverage,6.565981955433751,12.480282325039028,8,9.70158514629,4479840.14952,4479840.14952,1.00000000,0.97519508,0.95177848,width2_d1_m8,1
6,13,6,129.86329535744696,11.266028480353919,-1.415921110494132,0.7181016195513878,0.6563858759462333,-0.3586568698025707,0.5348376877235537,-0.7745796026345796,-0.2519813694740197,-0.11421994447592798,-0.359411678918163,-0.39848142655069474,-0.20769212760902087,-0.11241201212836022,stratified_coverage,8.39072961421756,13.45731605225374,8,9.48289734575,7415878.1733,7415878.1733,1.00000000,0.98805513,0.97698923,width2_d1_m8,1
6,14,1,122.8811436904259,13.17406156573059,-0.6795623449679741,0.48108633698620973,0.13423781069840102,-0.04331925576494744,0.058985499113827555,0.012461121777571083,0.27406313547924804,-0.06196949533269047,-0.001552138083776189,-0.014531114263780925,-0.07864005925405895,-0.051127588828953394,stratified_coverage,11.95145029315039,14.28819002918106,5,8.46737435802,97405.7610089,97405.7610089,1.00000000,0.99790886,0.97747051,width2_d1_m8,1
6,14,2,125.15920660462196,8.436743427783437,-0.2582411551036208,-0.09468756389778621,0.4103264646181326,-1.3118359139141962,0.41359817882925265,-0.2740313587037375,-0.5754206659724078,-0.5799614138728528,-0.35926407817306427,-0.2404980388773001,-0.4067923126685098,-0.14529754087594,stratified_coverage,6.695220127833407,11.507528963905974,10,9.82830641647,4983169.17611,4983169.17611,1.00000000,0.98735095,0.97629926,width2_d1_m8,1
6,14,3,123.61725408424553,10.719314211599446,0.038806840938969245,-1.4400798320183013,-0.1737385687473727,-0.4269956246981299,0.09178374289607771,-0.00045848702489936777,-0.4749895668663275,0.4810195223948479,-0.3895424820591947,-0.4789146316533517,-0.224415370228404,-0.1637706453894675,global_random,7.889605890253271,12.645004637323371,10,9.95795753441,4586180.2016,4586180.2016,1.00000000,0.98721063,0.97594743,width2_d1_m8,1
6,14,4,129.1353403417565,10.132807309602299,0.24283532183095113,-0.20891239148321183,-0.42506897184910053,0.28226012900043984,-0.707472500228072,-0.16989082835371372,0.05777194508036787,-0.41450420726898846,0.44053296650901996,0.31770267648100825,0.00754448464362939,-0.3129934769814047,stratified_coverage,8.154727117211367,11.753860737882485,8,9.54461474855,6953290.29484,6953290.29484,1.00000000,0.99378142,0.98756569,width2_d1_m8,1
6,14,5,129.48688029653047,8.700137907069182,0.9204877199062111,-0.38659128841081114,0.10923287092086276,0.018925699549422914,-0.3892851054078845,-0.026489053199153956,-0.11042854916243905,0.008713035529173019,-0.01780785261903628,0.3503064969748274,0.38011131693255246,0.3860590287055328,global_random,7.390701246743198,10.884011071882876,8,9.51398786774,5648151.73818,5648151.73818,1.00000000,0.99245934,0.98527950,width2_d1_m8,1
6,14,6,125.94753686771969,12.514354586661742,0.4782604144709439,0.09857162870660985,-0.24795805633777296,-0.6231657293778021,0.34600576276970396,0.22799483686451516,0.1292931726205152,0.1581334693171354,0.04802413459289501,-0.07638530929204095,0.10986112307445092,0.08060476475929232,stratified_coverage,11.185241974642013,13.605847788689251,10,9.78579164081,5840948.90135,5840948.90135,1.00000000,0.99487672,0.98970520,width2_d1_m8,1
6,15,1,127.55410771404856,8.849153017354464,0.3008585706991731,0.7830629834456793,1.1244162597514438,-0.0005989631225735703,0.4041134427474651,0.27823903175619913,-0.5708460239050922,0.07933560170478537,0.3375260897135095,-0.4376590567012683,-0.43385201541368545,0.07080229890190354,stratified_coverage,6.879742824195856,11.015273662371644,10,9.64392006891,4716033.42221,4716033.42221,1.00000000,0.98677685,0.97522996,width2_d1_m8,1
6,15,2,128.4945892530308,9.242711126699186,1.7296858527194767,1.8361355275386808,0.7003466610126388,-0.12608967503600588,0.5069856036221541,0.39504658433865436,-0.035730775832541584,-0.12292958504262896,0.3926995560215657,0.10344023782478151,0.3094323834694164,0.2793869188094236,stratified_coverage,6.554653919576543,13.159947047732897,10,9.58244238375,5085037.20993,5085037.20993,1.00000000,0.97502238,0.95104499,width2_d1_m8,1
6,15,3,123.42245538113397,10.339250555843499,-1.1253980193510804,-0.541234201501869,0.5871792431509488,0.08796528385698021,0.5663116393358139,-0.4302458438427619,-0.2572361409112601,-0.5098903174033407,0.4803369868381264,0.3824528420096728,0.21249366788580776,0.2953925904801497,stratified_coverage,7.785168991650285,12.957699435048765,10,9.98722459152,4283252.22574,4283252.22574,1.00000000,0.98797050,0.97656940,width2_d1_m8,1
6,15,4,128.07865719520677,10.789325073962177,0.5206676058583537,0.5907588771186991,1.0225693262841669,0.3398380830110168,-0.37768865091399795,-0.9077930345479969,-0.6563775879131083,-0.5919600602377099,-0.06170311894955882,0.38342475815068366,0.1512237868111826,0.357196884665584,global_random,6.8986439665321235,12.885540450645314,9,9.60685124706,3250154.14273,3250154.14273,1.00000000,0.98023902,0.96283595,width2_d1_m8,1
6,15,5,127.58409229572554,10.063082206873673,-0.9461907497214272,-0.6379451341523452,-0.0195929818494609,-0.43675490352012436,0.4977680936152613,-0.46639811228105355,-0.0363010311690275,0.3387422801793032,0.19012625091728563,0.46652791501934754,-0.044164882640435776,-0.3494839967955254,global_random,7.489804552678294,12.286920946030236,8,9.66103294028,4010413.26466,4010413.26466,1.00000000,0.98933756,0.97865935,width2_d1_m8,1
6,15,6,129.4074423822655,11.260424417483616,-0.8566153287601812,-0.6637014841594175,-1.0609679587452279,-0.4177635926290584,-0.7670044169552048,-0.5665916206996147,-0.030996295836491328,-0.21723665745042509,-0.44671636993966224,0.4519801803782655,-0.2824514559238154,0.2521167451032062,global_random,7.815599558219565,13.419822120280909,8,9.52357154185,4317949.90382,4317949.90382,1.00000000,0.98418606,0.96917361,width2_d1_m8,1
6,16,1,122.50844358503468,9.800616751039538,1.47676731169061,-0.7841963833351493,0.14311994287781338,-1.2272897183706473,0.20054994419952932,1.0086521979006182,0.5013171433457508,0.163594278311314,0.4517987420538514,-0.37769961083864945,0.030204161977754218,-0.23750202317879526,stratified_coverage,7.286163921401413,13.196626866644241,9,10.0669808662,4625285.51692,4625285.51692,1.00000000,0.98168783,0.96326063,apodized_d3_m10,1
6,16,2,129.45192104190056,8.369234374250832,-0.3431329565886937,-0.3045161155052197,-0.5892531469595721,0.8127308594167375,0.2667532941247151,0.03901777041862459,0.25191396817188605,0.10661947414443682,0.058284063288733236,0.12080694594452557,0.1125949291734768,0.12032292764608228,highQ_anchor,6.742409325347945,10.090382761824195,8,9.52023592823,23565798.003,23565798.003,1.00000000,0.99484523,0.98907339,width2_d1_m8,1
6,16,3,126.57535367409837,11.529241362221498,0.05544249308263982,0.8974409759910911,0.7113169710668081,0.5358118447734335,0.9220039629161372,-0.5862773291248965,-0.5418224050970348,0.04237814041168253,0.3093826199327324,0.2761344277468921,0.0056970417365822534,0.3636032697587566,stratified_coverage,8.181052792075869,13.449468802847287,10,9.72775771676,3116675.68729,3116675.68729,1.00000000,0.98379746,0.96931496,width2_d1_m8,1
6,16,4,126.97429010415046,10.155978377151296,1.1434142325886327,-0.9456654880572006,0.6119741582566818,-1.6710511371448868,-0.09791940206064242,-0.38565094764650343,0.44485114908291123,0.638009192613368,0.30916344812288565,-0.01414751276910986,-0.4304193895773423,-0.23848517267998123,global_random,7.150523099726962,13.238569171251163,8,9.72597272773,2256068.18744,2256068.18744,1.00000000,0.97758363,0.95619744,apodized_d3_m10,1
6,16,5,122.38496484765416,8.913286430660397,-1.073843179280548,0.5447578483891737,0.13327545260247686,-0.9958795594526245,-0.5482725699426179,0.21647217444297984,-0.41646172017403615,0.21253455554696954,-0.2841251542738227,-0.2414433933929035,0.23673127904039176,-0.11325684794795199,stratified_coverage,6.827330860137172,11.264844319692314,10,10.0483174937,6739509.38945,6739509.38945,1.00000000,0.98793868,0.97733393,width2_d1_m8,1
6,16,6,127.5832100362338,10.642520434075731,0.8043164838794334,-1.7464302671896732,-0.42592396484168593,0.24517045494203482,0.43549884029823804,-0.4804128402021637,0.3890240450145839,-0.3771170585405734,-0.22754338975587468,-0.5247668473124325,0.10555366061085353,-0.3178252897522802,global_random,7.674095539912106,13.376395605749842,8,9.67072487676,5956455.49385,5956455.49385,1.00000000,0.98560791,0.97086186,apodized_d3_m10,1
6,17,1,126.13768158246414,10.168128700838096,-0.5678880362385301,-0.39857614343817116,-0.042971498809371234,0.44395219537020014,0.4241205293356758,0.5331117394318579,-0.11070065018412123,-0.4127554446623307,-0.3900742756722209,-0.43855101769491167,-0.1530222483960938,0.1818254317254589,stratified_coverage,8.412291005143883,12.612240257249296,8,9.76401340684,7799233.06089,7799233.06089,1.00000000,0.99363170,0.98777830,width2_d1_m8,1
6,17,2,129.39574717747738,11.048252447513091,0.9960672074294186,-0.7829454205044939,-0.48150800837355967,0.9285386611981539,0.006631947122424764,-0.8766869517636879,-0.10644418489033802,-0.09087749514016763,0.4512226799309502,-0.23950011138233185,0.3870444657915613,-0.04102620854585465,stratified_coverage,7.801208798406936,12.935553119365855,5,8.37051688987,97064.2912578,97064.2912578,1.00000000,0.99873584,0.97133999,width2_d1_m8,1
6,17,3,123.64861508652831,13.356833538679213,0.07265633030952645,0.6149279737960642,0.23078914147748708,0.39273474282812526,-0.05672373199469294,-0.26984140761371456,0.030161857703136785,0.1667235765516475,-0.1874536851419256,-0.09866873491663748,-0.014230564107636096,-0.05948631462100325,stratified_coverage,12.2963053302331,14.329844652325683,8,9.96162802698,2827628.13355,2827628.13355,1.00000000,0.99071561,0.98142561,width2_d1_m8,1
6,17,4,124.33199075791309,8.58103573237321,-1.0665386878360958,-0.6267238188025068,1.2731803026515112,1.424947132385863,0.18974001809751573,-0.408206435770612,0.28533483358775635,0.024935095823961917,0.285425646068424,0.08862673519954178,0.3329746777712486,0.09242514147260278,stratified_coverage,6.639019162610474,11.901228790635484,11,9.91823683248,10008363.6326,10008363.6326,1.00000000,0.98346159,0.96673251,apodized_d3_m10,1
6,17,5,123.19982017674671,10.404488349272313,-0.13590005783141867,0.27977858371194175,-1.2816410392738113,0.21614888733716708,0.3882366253884617,-0.1353004448663534,0.7035184551488733,-0.43181511187534327,-0.47050792675309494,-0.12570155963302881,-0.22455436565654963,-0.2168785542049359,global_random,8.703496075150632,13.05688460574852,10,10.0213695111,7517317.50359,7517317.50359,1.00000000,0.99150246,0.98413204,apodized_d3_m10,1
6,17,6,128.09730754691685,10.428662777602792,-0.7924454489361077,0.0991552723738538,0.5060626133261861,0.6656038430368001,-0.75756392824294,0.19709631245452575,0.4083927749273404,-0.5107957272985191,-0.12297414422403857,0.17395751368711754,0.10126074455973982,0.15423026517677269,stratified_coverage,8.662361119726716,13.156118265194067,8,9.62428531899,16349831.2218,16349831.2218,1.00000000,0.99413358,0.98768186,width2_d1_m8,1
6,18,1,122.39319687715832,11.21178238813352,-0.7581720977877717,0.4321243982576992,-0.04423267497216088,-0.027184196652860537,0.6330774769421554,-0.7878662287921816,-0.1752234009081436,0.29921111386973087,-0.3874726250012631,0.15868321255685236,-0.05640885782167593,0.10085854479244699,stratified_coverage,9.283903821043774,13.388614043089746,10,10.0619247987,9235233.38971,9235233.38971,1.00000000,0.99384190,0.98838693,width2_d1_m8,1
6,18,2,125.92193505651443,12.884460984675558,0.43881997997675026,0.17186339483258595,-0.30674435037094167,0.1386141857303007,0.35321278737261896,-0.16992621761155335,-0.240817782857871,0.2570549174975148,-0.10124523061107303,-0.006382855566459178,0.08137951704721766,0.10656675365966631,stratified_coverage,11.370651417043442,13.729670006790936,10,9.78335815252,2434812.44442,2434812.44442,1.00000000,0.98872240,0.97798647,width2_d1_m8,1
6,18,3,127.94136669100493,8.82064811285145,0.8765323449908538,1.0018363451275714,-1.004659202524833,0.9233670241173397,-0.8163509463750517,0.39445167637510536,0.1207068852604486,-0.356792631006781,0.47818498690250455,-0.28932796739393224,0.026710240481549685,-0.30630501822794354,stratified_coverage,7.012593865989372,13.009876001627827,8,9.63749430823,7334379.9043,7334379.9043,1.00000000,0.98702414,0.97381860,width2_d1_m8,1
6,18,4,128.64359199330838,9.805443966725306,-0.5410052890861512,0.44145670248762237,-1.7324396058624416,-0.7416593136377372,0.05391555560309258,0.4607056734013635,-0.7202556579384942,0.5360706398648072,0.23497958080586534,0.17291363142173455,0.21125534692037468,0.15346351694062693,stratified_coverage,6.664197082226096,12.901427071769172,10,9.55476815917,5394725.91722,5394725.91722,1.00000000,0.98182156,0.96597277,width2_d1_m8,1
6,18,5,123.13718840224111,10.344697483177287,-0.6353127910581065,-0.7259104712989366,0.8506065574979356,-0.9932009163472719,-0.6776518788799744,0.2358012703637562,0.6920673507707873,-0.3515158064458168,-0.256255217129599,-0.17166284907567586,-0.08013119623961035,0.39914636283398747,stratified_coverage,8.245311805522206,13.37646008227408,7,8.85947964569,103538.965316,103538.965316,1.00000000,0.99581798,0.98382040,width2_d1_m8,1
6,18,6,127.74032868829748,9.522518803234327,1.0525049525159784,0.4594227518897265,-0.5217624289327978,-1.0785175662165365,0.4906370983959114,1.0318559349406358,-0.6937825178678519,0.23441122619504307,-0.30354919791168966,-0.4577710544766387,-0.007709296936206145,0.16315202935799594,global_random,6.670275807360765,12.513997560270123,10,9.62889206532,6916612.83153,6916612.83153,1.00000000,0.98167739,0.96525488,width2_d1_m8,1
6,19,1,126.48937152582725,12.658376869066513,0.11726266979991606,0.1854016301914414,0.22690223301448442,-0.38415890258118357,0.04944601586803277,0.3066422511427499,0.24110074729929204,-0.1958074806446581,0.18812383914310465,-0.13568878913445592,0.001652718983543855,0.11131316543005884,stratified_coverage,11.562865587879848,13.587226515133887,10,9.74620839682,6553685.57812,6553685.57812,1.00000000,0.99605554,0.99184609,width2_d1_m8,1
6,19,2,128.5742170637749,8.879568536595029,0.39170131353019766,0.4245772903080218,-1.5427494667439456,0.8862712253110299,-0.4190684336756294,-0.29884440644996335,0.038733080550713006,-0.6284765846046598,-0.49068287219970286,0.47768231907212355,0.23831825884972196,0.3235063609578654,stratified_coverage,6.815559053963965,12.214714958670786,8,9.58486999331,5557303.81625,5557303.81625,1.00000000,0.98404053,0.96844562,width2_d1_m8,1
6,19,3,123.54561821531694,9.27305382746092,0.05857439698725786,0.43626182434554783,0.55431533862329,1.4337410466008322,-0.84914600343002,-0.06472836485678801,0.11171550726662183,0.25877185687839854,0.09191413786221525,0.34982975597232835,-0.3722260753961045,0.3473260661929584,stratified_coverage,6.700721258214299,11.667571066872132,10,9.98356504074,4224664.18066,4224664.18066,1.00000000,0.98506193,0.96998682,width2_d1_m8,1
6,19,4,125.10710682349989,10.373161526209637,0.3175460821256486,0.750913633730022,-1.600862602013654,0.4312112282516469,-0.10922666648850887,-0.4357590165923412,-0.497971021904443,0.424971116801804,-0.06731471089810986,-0.44070059568752595,-0.3195210359961354,-0.10738493227737783,stratified_coverage,7.400022604763131,12.650677517506102,9,9.83301811786,4850725.22435,4850725.22435,1.00000000,0.98424393,0.97043721,width2_d1_m8,1
6,19,5,126.75398879980052,11.61639069439614,-0.2180950980735663,0.46773297632960054,0.5815127657064243,0.37630059338518085,0.6703525849589667,-0.7497757015892024,0.25813509365336884,0.3697738825096877,0.1092606034275666,0.3029525738881965,0.21172251676929715,-0.11723611512427745,stratified_coverage,9.559514928122814,13.263997910293954,10,9.72675503403,7378513.45296,7378513.45296,1.00000000,0.99304329,0.98591453,width2_d1_m8,1
6,19,6,129.2504443727233,12.437667364935752,-0.5812227390865939,0.2044260483313297,-0.007763942887835107,-0.41156692563651376,0.37161834792141724,-0.02022939990429251,0.06495026904822188,-0.07315403884645894,0.05568129580439515,0.0799873184748569,-0.1328386748952843,0.07299618859172252,stratified_coverage,11.222458116677561,13.71274300013193,10,9.53346412397,8979304.38506,8979304.38506,1.00000000,0.99687944,0.99383766,width2_d1_m8,1
6,20,1,122.20729632257562,9.171137863722791,0.46508781620747364,-2.148982105524709,-0.7064015995927109,0.3372913492145331,0.4022077036030083,0.5708994829860272,0.37620062923424613,-0.32982632458394345,-0.36287017772610647,-0.04657005497247879,0.2262125304584091,-0.26822489875275124,global_random,6.758856100689736,13.170654364551233,10,10.0944869301,1636042.48476,1636042.48476,1.00000000,0.97590312,0.95142212,width2_d1_m8,1
6,20,3,124.18971679982384,10.045189244100833,0.08108428589088845,1.393363693290866,0.23245019841175574,0.3287783203144625,0.8463897108373906,-0.2477002656140863,-0.44119379294444827,-0.497777755825428,-0.07288343285404841,-0.32582754601251185,0.047863119444697344,0.03235184187043366,global_random,6.818071807312461,11.91659944759766,9,9.90589426916,8391456.69342,8391456.69342,1.00000000,0.98646748,0.97435172,width2_d1_m8,1
6,20,4,129.63543381789125,11.062449562216804,0.6358990570189444,-0.688863043529446,-0.5523184662859544,0.4927960088392116,0.7431133896834721,-0.7175706273329076,0.34897021393763916,-0.580602994353244,-0.07938479533601234,-0.36832103212185713,0.2888618322139043,-0.06989032021310948,stratified_coverage,8.509458470393996,13.275106719509537,8,9.51576167745,7506890.55044,7506890.55044,1.00000000,0.99054243,0.98056422,width2_d1_m8,1
6,20,5,122.37726026286732,13.10119589971411,0.33493781541449796,-0.5025522126129514,-0.3735976753251085,-0.36203989490945504,-0.3340408960319619,-0.18268954046527747,0.2757638368993,0.025854339219739286,0.18543061092216995,0.19081143879777207,0.0031705953858701674,0.07567493650007706,stratified_coverage,12.065209845237309,14.69991987978467,5,8.51370222725,97772.1931109,97772.1931109,1.00000000,0.99855062,0.97732016,width2_d1_m8,1
6,20,6,125.17247160867339,8.925109392165231,0.5184659153918423,-1.0825964299012927,-1.103955540960618,-1.2608639739702867,-0.6488840165001348,-0.4349905338764145,-0.06899970210442363,0.603448645651629,0.41450226389606404,0.2832041294133252,-0.2160770183372861,-0.09935194492238825,stratified_coverage,7.091084390769384,13.287720449584707,10,9.84148900591,7877968.935,7877968.935,1.00000000,0.98618749,0.97275468,width2_d1_m8,1
6,21,1,126.52677220789802,9.129262834245704,-1.700124149115042,1.0572448072863563,0.3254506045385084,-0.4352626782973188,-0.23498161699827547,-0.2401541531161202,0.32839664702331417,-0.464614061070456,0.4719290023014824,0.03487852505202671,0.2103175430103172,0.3083220713903167,stratified_coverage,6.506400153054586,11.883749107110013,10,9.75080830545,5941344.07718,5941344.07718,1.00000000,0.98322311,0.96628477,apodized_d3_m10,1
6,21,2,129.4541677300522,10.331293847810224,1.3281695129393185,1.6887598043390426,-0.4639752974254292,-1.6566478272442864,0.0010990546457594341,0.005508575443052832,-0.49693944372726606,-0.29381818635373913,0.3506565085472806,-0.1701061036119424,-0.4141747215690724,-0.1447486480858553,stratified_coverage,6.726540817574643,13.004670609657833,8,9.50681685851,1278297.03579,1278297.03579,1.00000000,0.96307493,0.92826164,width2_d1_m8,1
6,21,3,127.56476081048353,8.0,0.13578399676636096,0.12495369318255056,0.22989828767222184,0.16210514088464234,-0.2534131011643123,-0.2022465067240096,0.28432220882092274,-0.09484395652867278,-0.03610736504875406,0.06782463132455206,0.06531703510992344,-0.09050061197560802,highQ_anchor,7.050850176695686,8.742371490578915,8,9.66048968591,31967862.0159,31967862.0159,1.00000000,0.99869769,0.99683951,apodized_d3_m10,1
6,21,4,124.52245899965102,12.686049987953577,-0.7197329390453386,-0.10036341898835621,0.3438925247202056,-0.28421743440789465,0.3241061215959419,0.15424272923645455,-0.16983747459198795,0.12979636934769528,0.1859655613090786,0.14426335027241122,-0.09280005239120387,-0.0296928262452964,stratified_coverage,11.344833131838888,14.150806835107046,10,9.89386645521,4022496.23565,4022496.23565,1.00000000,0.99292046,0.98630468,width2_d1_m8,1
6,21,5,122.30756212892015,11.552223626327251,0.4756791401156937,0.27467096964051363,0.35658033969397773,-0.37557016795570686,-0.3003670813235385,-0.2928994795040276,-0.4884858434885242,0.2869631545801916,0.4715956040992715,-0.53555679541801,-0.31973333742739635,0.11780112984434093,global_random,9.110140595133231,12.8020970909812,10,10.0801078758,2366111.47746,2366111.47746,1.00000000,0.98619196,0.97357497,width2_d1_m8,1
6,21,6,129.40200563266902,9.656679748580304,-0.20743647774695795,1.5233384535406755,-1.203276271509267,0.08719867666780146,0.9543126726174531,-0.3393517052035251,0.2572351745705046,-0.7049555649843944,0.023918705726525324,0.14450808329711784,0.04150105543676896,0.14918087917323192,stratified_coverage,7.206861935910521,13.109346561655801,10,9.52373758332,3882965.36005,3882965.36005,1.00000000,0.98295870,0.96577548,width2_d1_m8,1
6,22,1,122.67928833297512,10.167994708555055,0.7232338541439023,-0.7945619550036638,1.3158753098481506,0.8277897698995924,0.2259643680126353,-0.4625818629253574,-0.25405034829469997,-0.12073707687316249,0.27562523561744123,-0.07894179960057318,-0.07480685710141582,0.4438007126898484,stratified_coverage,7.171386618694458,12.45377126376927,7,9.01659049363,103143.65266,103143.65266,1.00000000,0.99522891,0.97201026,width2_d1_m8,1
6,22,2,125.47667976975201,11.175252170496487,1.1485554749881044,0.9247581009470371,-0.33613189253886344,0.5191042437460698,0.36495426265147923,-0.011950391403726224,-0.4437220659167196,-0.14316947326143536,0.04387314373027029,0.3710008640680966,-0.3424076027722603,-0.008221474482976887,stratified_coverage,8.397031843461207,13.49339899466619,10,9.81025726154,4033881.53818,4033881.53818,1.00000000,0.98760604,0.97668190,width2_d1_m8,1
6,22,3,127.9842821010575,10.446195807514265,-0.8145492064635613,-1.3158875081097148,0.9050740644108466,-0.6354804309868956,-0.6425025028772757,0.7519288270309239,0.23839818803323398,0.5139682560796552,0.4595418047326467,-0.12776833213425037,-0.008653855995841231,0.335145580300732,global_random,7.448411544993305,12.901129740442578,8,9.63095774513,4005556.48589,4005556.48589,1.00000000,0.98185467,0.96398155,width2_d1_m8,1
6,22,4,128.29624463347272,8.730935073242986,-0.33603764309955175,0.3236520542262862,-1.2060432908893177,0.8263716226270177,0.8376428341433095,-0.1832298975162533,-0.1363791657547584,0.06641876335087404,-0.31588618668868085,-0.023966485142618454,-0.23653739142591773,-0.3687439659186641,stratified_coverage,6.818796754180799,11.16755476519645,8,9.5968070373,6261884.27702,6261884.27702,1.00000000,0.98693261,0.97459619,width2_d1_m8,1
6,22,5,122.35387300741864,9.950990908794813,1.269710473844846,1.1669503098645881,1.3486520631633467,-0.130683105224767,-0.5402082266651473,-0.0038499620905450005,0.2555691455813651,-0.69931065956999,-0.28754556015982885,0.28193220540687514,-0.21923059358456048,-0.3779384768585186,stratified_coverage,7.437407630159134,12.542824022940973,10,10.0823285789,2926349.31162,2926349.31162,1.00000000,0.97904540,0.95789720,width2_d1_m8,1
6,22,6,125.24450481886275,10.044839796100018,0.18158725282563282,0.5470706191457779,0.4687368061582944,-0.726131532108472,0.8830904289003649,-0.2660159423598437,0.42358645126219807,-0.44734686636371657,-0.36930351401836814,-0.2810598209197199,-0.1296571741178606,0.12437351624442433,stratified_coverage,7.794249109971999,12.347977226710139,8,9.85019354549,7798516.69581,7798516.69581,1.00000000,0.99160174,0.98314657,apodized_d3_m10,1
6,23,1,126.31512639175249,11.009942511488667,-0.4715531713122383,0.6808541050186458,1.3162773726672004,1.2209408610287584,0.5168293987270576,-0.41394457862573375,0.1395909834998592,0.00030277799245026493,0.13044371244873687,-0.49668874848304706,0.0011600721361491595,-0.4200254347890931,stratified_coverage,7.392986955390089,13.497960144232717,9,9.77047412068,3667939.50326,3667939.50326,1.00000000,0.98203219,0.96401909,width2_d1_m8,1
6,23,2,126.24048180224415,8.64455706234644,0.07315385141897401,-0.1480336669135931,-0.5722908836938732,0.1837797273060655,-0.34253944599318165,0.5766526359554436,0.14191962572229744,0.3585039662706515,-0.00012903848263090545,0.036031228650913794,0.1684615694563329,-0.17506078792070146,global_random,7.150373224203603,10.407219681820797,10,9.7587624571,13975957.1246,13975957.1246,1.00000000,0.99579831,0.99137763,width2_d1_m8,1
6,23,3,123.47216889006958,8.713861525560086,1.1162761441011977,-1.7770428826774123,0.33414360615843486,-0.5719334342690738,0.045250357308514566,-0.8642665173035877,-0.4431901123495971,0.2201013627285593,-0.0015988786951340872,0.05270026160130348,-0.2811080990863346,0.11545165093347914,stratified_coverage,6.628005837268906,12.667300693309475,10,9.96621182969,7064053.19438,7064053.19438,1.00000000,0.98242476,0.96606279,width2_d1_m8,1
6,23,4,124.28908779570575,9.387638050972866,1.2624018160231816,0.3821483793806739,0.4221000740178764,0.6897590770626951,0.11221789150541728,0.6780278516282832,0.7123048516200294,-0.004284739235271173,-0.3146621163106199,0.4040070937291407,-0.3168429160416957,0.14332153170452772,stratified_coverage,7.325672263632224,12.97749634626472,10,9.94288917872,1411129.2993,1411129.2993,1.00000000,0.98095337,0.96452579,apodized_d2_m10,1
6,23,5,124.3566443335449,8.373811719335203,0.34388408164983364,-0.21240038329507938,-0.8732491602374611,0.7541360625932725,0.05969566135866322,-0.19951064714901112,0.10124942832090333,-0.6353626031928301,0.14393729499672236,0.22792917745916075,0.31271234526688146,-0.026473918001117702,global_random,6.930468524141838,10.4855689015187,10,9.90921676796,9667341.37002,9667341.37002,1.00000000,0.99188183,0.98360784,width2_d1_m8,1
6,23,6,129.27265370456416,11.47720223432826,0.35689393081076304,0.46560206447375396,-0.9778947376486641,-1.1345536433011612,-0.0311422019724934,0.003112699555221976,-0.07008751189471507,0.20708325833544072,0.05057194723392944,-0.13656952436403713,-0.4438466268334628,0.3437257296500133,stratified_coverage,9.277160898259002,13.236510706591668,5,8.32340979027,96852.7522507,96852.7522507,1.00000000,0.99719437,0.97341155,width2_d1_m8,1
6,24,1,123.69121750951403,13.167205268514373,-0.2610853844186293,0.5890048547582829,0.0744022149825132,-0.6075117845068763,-0.28103588397563306,-0.11219630309367273,-0.25707263472081343,0.12176322919790805,-0.15678072455284242,0.17175685731688617,-0.06696656628920368,-0.1405948680501251,stratified_coverage,11.74646973540634,14.249704814459356,5,8.46260054879,96553.2294732,96553.2294732,1.00000000,0.99845301,0.96948067,width2_d1_m8,1
6,24,2,129.04190863242724,8.536111963100131,-0.07075365126004529,0.20656322459365012,-0.016704729495252868,1.2325181699211656,0.09001716684996962,-0.013432202252984499,0.37804496066280685,-0.11111572309559142,-0.008170449239055366,-0.022035008006726083,0.0047101273586880755,0.08908923819146203,highQ_anchor,6.718609082158414,9.690184716899306,8,9.55663316776,40646650.0692,40646650.0692,1.00000000,0.99351827,0.98775919,apodized_d3_m10,1
6,24,3,126.19056478999494,9.521978668273317,-0.18833398073998486,1.209564544247721,-0.4969240663527066,0.1957028383988546,0.024882901685148395,-0.4553332697870659,-0.18055030756977786,0.4419450141406702,0.053120074139453966,-0.20332503411237846,0.26328247634031626,0.04301628033890165,stratified_coverage,8.057234864574045,11.756786994099475,10,9.75673986659,718038.746327,718038.746327,1.00000000,0.97345539,0.94737875,width2_d1_m8,1
6,24,4,128.1693702855808,10.9687151269244,-0.37035405623215056,0.6237857383391492,-1.0414821747508503,1.1646216452019338,-0.10139419787071424,0.6040399197506885,0.4799261791207956,0.7937543794224371,0.47459741705575786,0.06207047718440151,0.1887591568158125,-0.017962406083700422,stratified_coverage,6.642444983719328,12.614800866052091,9,9.63403803901,6284373.63402,6284373.63402,1.00000000,0.98165429,0.96407921,apodized_d3_m10,1
6,24,5,126.72742352370229,11.203090664391068,-0.9132671462205064,1.2693376670959906,-0.3495192164264671,0.801545820202745,-0.19965899640419882,-0.3201701948047525,-0.623345557024972,-0.06856312600242487,-0.04925077433853875,0.1313160066108957,-0.19041264069862845,0.09738601044166645,global_random,8.696705254329338,13.095351074761933,10,9.70456102564,6967681.84276,6967681.84276,1.00000000,0.98852587,0.97887335,width2_d1_m8,1
6,24,6,123.42646008895304,10.548820876935338,-0.40646824400865356,-0.435235855881557,0.5216188762660938,-1.239372776228742,-0.3363587975232679,-0.8372189039266147,-0.0034809294940855162,-0.6270399526808526,0.3375600694875316,0.04168275789095821,0.29539180417515415,0.30493204147826297,global_random,7.113598240145321,12.761130281473564,10,9.99709020011,3362633.54682,3362633.54682,1.00000000,0.98387909,0.96785726,width2_d1_m8,1
6,25,1,127.5904100199128,8.219132905006745,0.2091818688867524,0.20942717872477123,-0.10882412438706046,-0.654238194395032,-0.4030803909464039,-0.2447191440454174,-0.4318305440196101,0.2380006553344225,-0.46151285850311113,0.3513676588439618,-0.06547102791877996,0.11079971942702821,stratified_coverage,6.912280165935006,10.451275133330828,8,9.63748516983,8386004.37235,8386004.37235,1.00000000,0.99379480,0.98889391,width2_d1_m8,1
6,25,2,129.8843327947975,9.270093997105768,-0.2534056732173495,-1.219827314883312,0.43712580582844196,-0.11998515385670605,-0.8057880854567714,-0.7205101751642471,-0.7249704669530104,-0.45223837824623436,0.26881483822621965,-0.29989395322045476,-0.33650609363636264,-0.4187546258026283,stratified_coverage,6.555931299128246,11.760894633970493,8,9.47177136361,3430906.44375,3430906.44375,1.00000000,0.98173439,0.96560629,width2_d1_m8,1
6,25,3,123.01945537673058,10.29114622186888,-0.3118278078034933,0.19871998197531848,-1.5049977633445415,-1.5575774476142499,-0.14777318434920383,-0.167954760705191,-0.6617824455716719,0.37850650277473963,0.5293026536949095,-0.15043231266039714,-0.42646339755905927,0.11782883377464554,stratified_coverage,7.628200953851394,13.25230541266483,10,10.0076192227,2948044.54664,2948044.54664,1.00000000,0.97855291,0.95938707,width2_d1_m8,1
6,25,4,125.29749267653906,11.155948385108038,-0.13864858150613912,0.6733103021536881,-0.5735764290520209,-0.7700405467022653,-0.6831810789330598,0.6417803510728182,-0.2061167438427619,-0.33931671392584645,-0.49136092709634804,-0.0016954360458524276,-0.324622897402462,-0.09999836921929867,stratified_coverage,8.728093777818762,13.001952372596318,10,9.83541678932,4501373.5897,4501373.5897,1.00000000,0.98850414,0.97775507,width2_d1_m8,1
6,25,5,127.49654817641289,12.504866493852072,-0.2286635606969678,-0.097120183692047,0.4289061499230581,0.4946618383824072,-0.05297510933617405,0.3381153290650324,-0.26878557613440024,0.05570577645406216,0.026088219541330615,0.051073094956920334,0.10770468765728583,0.06536986056246427,stratified_coverage,11.254601562172185,13.317865104383435,10,9.65695203994,8652007.43465,8652007.43465,1.00000000,0.99657661,0.99399472,width2_d1_m8,1
6,25,6,128.80299390655938,8.250943548669238,0.7111644335766143,-0.4502768712500269,-0.008282300216956306,0.11194205285685133,-0.03183291001322375,-0.5495340005364214,-0.5888183644623157,0.25923178746678777,-0.26258221275860716,-0.050778858505579394,-0.2757822203411613,-0.05984367156321957,stratified_coverage,6.5766565944210145,10.288916907595643,8,9.5411722916,8123867.29397,8123867.29397,1.00000000,0.99260123,0.98687315,width2_d1_m8,1
6,26,1,127.06882431636545,8.252339031207077,-0.05856970663762612,0.10189260152726734,0.06160875151523276,0.5322423587843452,-0.13467259391436195,-0.14814555683634156,0.2850079820358871,-0.25946429673914756,0.13633266950724954,0.13969405032418072,-0.05993525840301984,0.05306966973546035,highQ_anchor,7.107867874051385,9.343170777965174,8,9.69894725838,28956825.5419,28956825.5419,1.00000000,0.99792390,0.99531061,apodized_d3_m10,1
6,26,2,126.19483315920421,10.009141567701477,-1.4348768704565673,0.8772863513707465,0.9783115607519,0.795042082557947,0.2618105064333611,-0.12806264304015202,-0.10832740143361064,0.353538944649052,-0.16631545221073285,0.32919537100063656,0.2659793689100283,0.28585241760096264,global_random,6.887690072478279,12.68268134347525,8,9.75638756611,3081042.48298,3081042.48298,1.00000000,0.97995810,0.96079021,width2_d1_m8,1
6,26,3,127.037102882878,11.210730789581921,-0.862891077576345,0.2969396281514758,0.15448486421314866,-0.30896889727881227,-0.3842833867445762,-0.35205675205283027,0.3210043573834118,0.0007132542255922081,0.14701998254686055,-0.06842372214924564,0.1502723469466723,-0.10102701936224906,stratified_coverage,9.584003189490955,12.936935827653203,10,9.70266900858,14542489.5886,14542489.5886,1.00000000,0.99637983,0.99235515,width2_d1_m8,1
6,26,4,128.15398555215918,12.328151466450194,-0.6995172721651238,0.22591631658277267,0.13722584978907892,0.19217114733019802,-0.0751844235308804,-0.2966078139263242,-0.11842057430595557,0.12558529209426933,0.000282266722015756,-0.10184382293651122,-0.11233663977657851,0.04776660311495559,stratified_coverage,11.460200673182749,13.759835787531546,10,9.6094554041,10607894.5206,10607894.5206,1.00000000,0.99727292,0.99507785,width2_d1_m8,1
6,26,5,126.22420655259728,10.470284771890565,-1.080319920004157,1.5181720928467715,-0.2600921765341666,0.11850391275388095,0.5419710716935529,-0.29731869695299373,0.3252185012855908,-0.5752588927408345,-0.029499183034501608,0.1431952746387407,-0.4331505573203542,-0.23449538089364869,global_random,7.107608510327577,13.496510666218574,8,9.77641230201,3692488.4828,3692488.4828,1.00000000,0.98312054,0.96586765,width2_d1_m8,1
6,26,6,124.4475793325283,9.34790141399555,1.3298186689569667,1.6075155181172307,-0.46049992946544704,0.6172582749875579,-0.5587951880366694,-0.6652206037748036,0.2838681848306668,-0.03245262998522769,-0.1513626462625159,0.09165596418197819,0.3197972109454367,0.4010959418760282,stratified_coverage,7.025992276191878,13.313634748694504,10,9.91672991357,1072269.28038,1072269.28038,1.00000000,0.97206469,0.94385112,width2_d1_m8,1
6,27,1,126.85215134339131,10.385612156923651,0.06920183617502307,0.6597566986015959,0.8197691688481592,-0.7558970026543519,-0.26384356677595633,-0.7167707788662476,0.03192499282238559,-0.43809013955847365,-0.3781360494025273,0.10865900115068694,0.18188709283068244,0.0067714208842424295,stratified_coverage,7.889029456451859,12.351639251029626,8,9.70877600728,9647329.83237,9647329.83237,1.00000000,0.99115151,0.98269839,width2_d1_m8,1
6,27,2,128.34507709634082,11.343917310665173,-0.39013698178361667,-2.011092298597255,0.35451028248908467,-0.5511819763679062,0.13127616688746535,0.2842643065198909,-0.15483782376303368,0.5486474305560525,-0.4908487474905572,0.06978184090613027,-0.20900194954175533,0.12125821541684861,stratified_coverage,7.369542386406248,13.437332605556284,9,9.59801062916,5974907.74359,5974907.74359,1.00000000,0.98201022,0.96489901,width2_d1_m8,1
6,27,3,124.6172785939058,11.388513351629003,0.256844221781904,-1.0855442395581971,0.24967347352674074,1.3032020753782556,-0.6806638669891996,-0.05395240228293363,-0.09147263783139703,-0.6212102459177254,-0.15993268720147774,-0.1839218731293204,-0.4394457277752316,-0.36232218488338847,global_random,7.65410753025099,13.245824665475993,7,8.65137540793,99653.5830446,99653.5830446,1.00000000,0.99721693,0.97289321,width2_d1_m8,1
6,27,4,124.33676608116043,8.795921900217493,0.06303549021054655,2.02026033672107,-0.7216455673889444,-0.7050353967512808,0.09287256618347817,0.3066889015722507,0.03060416435745661,0.24536957701438356,0.3432038418566865,0.08857719348179516,0.3220886822823617,0.06878979534563251,stratified_coverage,6.558059311622527,11.853754139547828,10,9.91132457211,7009387.43399,7009387.43399,1.00000000,0.98184348,0.96380548,width2_d1_m8,1
6,27,5,128.65877209063316,9.56992079280811,-0.3299517331213222,0.12509707514007307,0.315579971381555,0.23646553352512556,0.5447570194315323,0.7287431570660758,0.374817392632832,-0.6682749874376639,-0.3488019817899153,0.4881011174744838,-0.3643259529253575,0.25280673834103645,global_random,7.422669151982098,11.535820651191207,10,9.59418194563,4198156.8265,4198156.8265,1.00000000,0.98972230,0.97921990,apodized_d3_m10,1
6,27,6,125.9509805626716,10.587210307051494,-1.3525071053932884,-0.6147691316694408,-0.26680013239078004,-0.47921507580901745,-0.19091086273924274,0.013383446407197352,0.2691923279573549,0.24002227735992077,-0.15036130914080603,0.33763317030631546,-0.30016759763682865,-0.20728068956872994,global_random,8.251415862941666,12.386584060991897,8,9.78959555245,6173358.02094,6173358.02094,1.00000000,0.98946986,0.97867122,width2_d1_m8,1
6,28,1,128.99707885555895,10.191276168388194,1.6270748689950025,0.2728314347603855,0.7451627909499805,-0.7411689090528599,-1.0835916430558719,-0.6019236003759383,-0.14764553610373277,-0.20785252199339355,-0.05556392310099062,0.17922478548959186,0.3265976799398868,0.021610854467039087,global_random,7.413839287576538,13.418181755703223,8,9.54837207464,2663595.88636,2663595.88636,1.00000000,0.98105491,0.96255460,width2_d1_m8,1
6,28,2,124.20110486446416,12.918480940084587,-0.17016389419586386,-0.611572409132254,-0.1769490509819443,-0.07021414333555265,-0.1412883346023192,0.2101304639208632,-0.08422965593470197,0.009886062659671346,-0.06263741264298395,0.14555078348210887,0.016321364937195743,-0.1385815009762371,stratified_coverage,12.1410725739176,13.92995382452014,5,8.45609588215,97044.1490084,97044.1490084,1.00000000,0.99786543,0.97151481,width2_d1_m8,1
6,28,3,127.31143248119831,8.999306970697853,0.2285013533357736,1.6238454591568816,0.3952645824105294,1.229100682759552,-0.8624845119378752,0.8431040150713185,-0.7168359414312239,-0.14431476171258006,0.08239805018953461,0.43563754862302795,-0.349916586229424,-0.08042635508408702,stratified_coverage,6.76890028195268,13.301024303152182,10,9.66106964251,4776173.25868,4776173.25868,1.00000000,0.98067775,0.96335359,width2_d1_m8,1
6,28,4,123.87182412711017,10.14346725026362,1.8077734392858185,-0.677248732792259,-0.611553095229213,0.8841857729133527,-0.11403097494421088,-0.12725195436728887,0.13878233254964412,0.1955774708762421,-0.0009223566557544638,0.041440451919258825,-0.08452209200196592,0.012150403447804936,global_random,6.906186627374373,11.916290593742664,9,9.94643696096,22653661.2494,22653661.2494,1.00000000,0.98328458,0.96660583,width2_d1_m8,1
6,28,5,122.32378797810303,10.178106268279715,0.025026453589516606,-0.9097409870533348,1.5077103362868092,-0.3761664808033922,-0.08244849028112089,0.6817218005446721,0.14145234525569883,-0.24324601533537826,-0.07098063942465921,0.4474196595056097,-0.22958662259394008,0.2600677148251567,stratified_coverage,7.40314735499745,12.460157765524247,10,10.0779306639,4734689.03194,4734689.03194,1.00000000,0.98412741,0.96848853,width2_d1_m8,1
6,28,6,124.69530703710865,11.013611217029815,-0.4510277189466225,-0.4751472072402041,-0.6225409953848797,-0.9523432234762496,-0.1445760097892438,-0.9223007310750442,-0.008687481228091598,-0.12361227667460228,0.4005269406314991,-0.48267445062649944,0.16272459310430448,0.26081267133575586,stratified_coverage,7.473475542460829,12.40257949544779,10,9.89251241799,4252005.95037,4252005.95037,1.00000000,0.98584171,0.97181690,width2_d1_m8,1
6,29,1,127.55409462972406,13.269600933492633,-0.4085267809552853,-0.021029887877948572,0.56888737186105,-0.4698686463990759,0.1935918153817373,0.16409293780310752,-0.12308948413205031,-0.26531892752329994,-0.01767577717898569,0.18462553819849575,-0.050698992395673714,0.11245831147092303,stratified_coverage,12.215615377364138,14.894504280668478,5,8.16834735433,94156.6129698,94156.6129698,1.00000000,0.99920986,0.97520614,width2_d1_m8,1
6,29,2,124.53366825098381,10.429056911041153,0.6566121800025355,0.49362421520301814,-1.5542984020116504,-0.4132599724405399,-0.035639949619635125,0.49864408693631734,0.019822124391727258,-0.34939808360332114,0.26680029520844384,0.1693283029788628,0.2298466543470445,-0.21354999928129584,global_random,6.9995936102865155,12.334911925863652,6,8.81893488977,101607.532835,101607.532835,1.00000000,0.99915865,0.98018107,width2_d1_m8,1
6,29,3,122.52417419930183,9.65999216474934,0.868141229604809,0.5968326430757558,1.1628784364566076,0.2824266673865645,0.14974226464446017,0.43381472342673666,-0.5296031000179553,0.19342512404974743,-0.29420554982376246,-0.24574350331553896,0.4470154997990609,-0.1398807723439393,stratified_coverage,7.382432952299607,12.311518667818522,9,10.042480231,2684949.09675,2684949.09675,1.00000000,0.98450551,0.97080658,width2_d1_m8,1
6,29,4,124.3104628718807,10.462267831602892,0.8549552666989997,-0.48046820304941806,-0.8071156991494938,-0.07259814919888408,0.8918514777291822,-0.09668791458701875,-0.5625891036557396,0.6425989124545461,0.47995065158353967,0.19416794302649043,0.22771208231244694,0.18033870165448845,stratified_coverage,6.89064006288926,12.35671121112102,9,9.89767843543,4492336.65751,4492336.65751,1.00000000,0.98285946,0.96773674,width2_d1_m8,1
6,29,5,126.26289307400397,11.269195322612822,-1.044295958455016,-1.459218257593947,-0.28126158381795174,-1.476852429612951,0.16595286272009568,-0.41706231217605894,0.29219430444163175,-0.5489300922440568,-0.09007216500796555,0.04001341861239016,-0.40418113643694564,-0.3355261111756927,stratified_coverage,7.678408226906226,13.445005159934551,7,8.49313777879,99300.7615501,99300.7615501,1.00000000,0.99291114,0.96833639,width2_d1_m8,1
6,29,6,128.78098328049856,12.76913174480703,-0.15743136705308425,0.15223565642994852,0.3398379307978818,-0.15110482309769857,-0.11574679166415486,0.2632103049048453,0.011678058785497547,-0.08140375033673969,-0.021506934499841923,0.15142827749077375,0.08836811709940531,-0.0032701252215362187,stratified_coverage,12.311678910522097,13.829865839569775,10,9.5653510038,12169532.2848,12169532.2848,1.00000000,0.99830627,0.99690325,width2_d1_m8,1
6,30,1,122.65864810231878,8.836384785940172,0.004176320007988732,-0.35778474786089154,0.5324222597601931,-0.2523703080848032,-1.043738036975025,0.8389253909419216,0.604894840151887,0.6166475955931165,-0.4607929090615773,0.38859697173060515,-0.11331721533219336,-0.26756799078942906,stratified_coverage,7.045956360329774,11.581123205749217,10,10.0697903824,5215298.87518,5215298.87518,1.00000000,0.98682022,0.97524715,apodized_d3_m10,1
6,30,2,127.50756568148421,9.937904069720144,-0.9761546732043755,0.6344845990833505,-0.5597304466294593,-0.10964914885760435,-0.03785665460854326,-0.8942158424514033,-0.44177173425337773,-0.14711448114295123,0.034403308215931405,0.09781210004395846,0.27882994546452516,-0.23612194390204264,global_random,7.453277773478619,11.856184276969708,8,9.64669907417,2537685.34843,2537685.34843,1.00000000,0.98516367,0.97181921,width2_d1_m8,1
6,30,3,128.8847545679434,8.20029653506725,0.6614153208428839,0.28395839554901103,0.19870317814974864,-0.24641842234666372,0.035989537776276344,-0.04773184889788558,0.170959278687032,-0.1529907724064506,0.04089453997718453,0.19401035548928633,0.08943199575641902,-0.2466160317189391,highQ_anchor,6.923028037769267,9.502763028348733,8,9.55772530003,16208887.3115,16208887.3115,1.00000000,0.99636902,0.99246393,width2_d1_m8,1
6,30,4,129.21206456786948,11.276808145267854,-1.1465338080177443,-0.03696280984615985,-0.6925136398956309,-0.21907296227325412,0.7219004976940588,0.42539383927002494,-0.180360735599297,-0.23447482011084853,0.311340766192023,-0.36688568502565566,0.13899346342142166,-0.34227805091860475,stratified_coverage,9.192582491158207,13.4733829962052,8,9.53908568978,4591889.92924,4591889.92924,1.00000000,0.98977987,0.98001817,width2_d1_m8,1
6,30,5,122.92091731352598,12.500356203838814,-0.25489354201648107,0.0612300146877659,-0.268740576951539,-0.2803040542098813,-0.25262636986097764,0.03139838316294363,0.19926651629547404,0.21378143544248285,0.14538125171764354,0.0770996721595647,0.07808108484497378,0.1503444518957304,stratified_coverage,11.614223000137674,13.309872562254167,5,8.60283224844,98702.8000766,98702.8000766,1.00000000,0.99950911,0.98146048,width2_d1_m8,1
6,30,6,125.87006220191354,8.909974954915796,0.017469542285351025,-0.29102084579004117,-0.47345100707760435,-0.03551165050412308,0.8689937625775976,-0.01264747229769747,-0.28786467751481837,-0.203381883694699,-0.01886847755126353,0.22391085298497482,0.24022313614091245,-0.07480415523603778,stratified_coverage,7.282588148488093,10.997028393461793,10,9.77427570769,9681566.01379,9681566.01379,1.00000000,0.99456737,0.99004861,width2_d1_m8,1
6,31,1,127.24773763089958,9.347692128131795,-0.49386700023779073,-0.7152684216916998,0.31515240979971604,0.3066955221533234,0.40348141573998864,-0.573891727518754,0.37416218060314366,0.1407186063555601,0.47332121265971194,0.5066807500588595,-0.22130344498661134,-0.149968349259472,stratified_coverage,7.074741695214241,11.79682614701944,10,9.70134524897,5005315.30651,5005315.30651,1.00000000,0.99083614,0.98221610,apodized_d3_m10,1
6,31,2,129.10169208175893,10.438213123961853,1.18548933398016,0.8530514457343781,-0.6675780520749246,-0.8280135610631748,-0.5233472650135571,-0.033134760516173145,0.17433915526954258,0.7275825495597561,0.36137130008260143,-0.18189898202326915,0.08656897352967213,-0.026035707816053077,stratified_coverage,7.228408757330023,12.705706173910375,8,9.54820964208,11349212.7198,11349212.7198,1.00000000,0.98691219,0.97363951,width2_d1_m8,1
6,31,3,122.5711480398034,11.10050683694525,-1.0273390302063128,-0.219141651809464,-0.41747733047325153,-0.06274492223568129,0.41992003922063614,0.7985188514556387,0.6437111895885819,-0.31998734873369217,0.12834545966446842,-0.28349947387789687,0.15167395106204778,-0.07913707663238728,stratified_coverage,8.671455075512206,13.440674828960704,10,10.0706672516,10591376.8187,10591376.8187,1.00000000,0.99286355,0.98680547,apodized_d3_m10,1
6,31,4,123.25658480510894,10.53095209922792,0.5788356969749202,0.4291611351171518,0.49785281848991336,-0.8778009435673935,-1.0390618778288183,-0.4487870208415029,0.6655353300407298,0.21516713177267355,-0.03746342426156424,-0.33636033369450236,0.05923243633208569,-0.4464494710981889,global_random,7.076588524597191,12.363581202774133,7,8.83103576656,103294.886323,103294.886323,1.00000000,0.99698612,0.97578779,width2_d1_m8,1
6,31,5,126.02080315372353,8.612555023641647,-1.1197161965490572,-1.091580078135827,0.6682156216298389,1.280386279626778,0.1623682275200793,0.16928058599551887,0.042145296418783396,0.6344985698244663,0.2667481856625078,-0.13099613308768,-0.2520427799905155,-0.0008292815283222899,stratified_coverage,6.648365675265445,12.479499838310218,10,9.77713039449,11594515.4525,11594515.4525,1.00000000,0.98470486,0.96946008,width2_d1_m8,1
6,31,6,128.39141965603432,9.476432750268401,-0.49860587998688377,0.8311390163809551,-0.26274551219220044,-0.5469208116765159,-0.3728941728229882,-0.6311322735419951,-0.0992259258229321,0.7926285873027328,-0.5262692802418071,0.28768908356686584,0.282569197434625,-0.3843371349994311,stratified_coverage,7.228275739069826,12.729854593975878,10,9.59543640619,2842610.58041,2842610.58041,1.00000000,0.98578075,0.97219814,width2_d1_m8,1
6,32,1,123.09151082106385,10.46252657406295,-0.5459276921296112,1.0688681865467489,1.5578561964317161,-0.7068995784796117,1.0469445295253759,-0.7994563762388353,0.13568303405693494,-0.03173172974806826,0.22383100165754732,0.1538997546439712,0.19925237827076575,-0.32177189314020405,stratified_coverage,6.81089947625731,13.330065337023942,7,8.87513475737,102717.789226,102717.789226,1.00000000,0.99573674,0.97043580,width2_d1_m8,1
6,32,2,126.25075764798667,11.04643804355671,-0.5221002062184283,-0.08927425539992262,-0.8024594318888868,1.3928605166311223,-0.3446439605293974,-0.022505258124028593,0.2691376859771957,0.2730459305856836,-0.2557808841145149,0.3677351826926293,-0.3854833309241735,0.18615811486058614,global_random,8.219209342172643,12.87252881415269,6,8.55797786779,99573.2941659,99573.2941659,1.00000000,0.99846516,0.97409504,width2_d1_m8,1
6,32,3,126.48181694649982,12.281381823549715,-0.36307573655692416,0.05760399065812516,0.4191327512227775,-0.5832716586926903,-0.12158096872044621,0.06622625478337751,0.21482894983372142,-0.12844271720700595,0.12300005023139465,0.06908745150481177,-0.032581171054713975,-0.04027525557758925,stratified_coverage,11.304065384696083,13.760763964639189,10,9.74275728921,20993756.8557,20993756.8557,1.00000000,0.99856143,0.99697909,width2_d1_m8,1
6,32,4,126.73653455502469,9.874150527349906,0.4799801516482649,1.0399170292474307,0.24748898098186456,-1.213733386151136,0.09678770819999594,-0.6795771209558747,0.2500365261531996,0.30253117502723437,0.2831287227853234,0.1137968722351882,-0.2706806465711733,-0.13190530211402085,global_random,6.72110551299812,12.1534747045069,8,9.72612167388,6235790.77801,6235790.77801,1.00000000,0.98556379,0.97092896,width2_d1_m8,1
6,32,5,122.86929609464401,9.277720128566202,2.0970270038439223,-0.5437270252017741,1.1927115042939513,-0.9445972892212094,-0.08896915913461845,0.29402859690225136,-0.4611602496124597,0.25796379110247725,0.23905278003892383,0.15268959547996774,0.22326477295620767,0.20607737058038927,stratified_coverage,6.631537513733004,12.581282272414425,10,10.0086611628,3059502.96829,3059502.96829,1.00000000,0.97665518,0.95536211,width2_d1_m8,1
6,32,6,125.0594371732795,10.57727162510623,-0.10472783166013633,-1.207982852722392,1.539990508504444,0.4257105717900418,0.4961090785368707,-0.6536057463717515,0.029267463896670676,-0.008758769321087434,-0.23050519392013036,0.31119058750798534,0.050784680090702305,0.09527341342678314,stratified_coverage,8.1922455113655,12.687437545569427,9,9.85069020075,12228510.7796,12228510.7796,1.00000000,0.98777541,0.97586208,width2_d1_m8,1
6,33,1,127.87302779905389,9.19709562422667,-0.1791575443329195,0.08145015994597213,-0.20095588941253603,0.34896430450627824,-0.2330694210991691,0.12855822961075,0.24105279878471836,-0.3891519988185944,0.036396207393572896,0.14142231166539543,-0.33120351632874284,-0.013735283404366963,highQ_anchor,7.987593723823888,10.273317510310688,10,9.63894915123,11075534.0834,11075534.0834,1.00000000,0.99690161,0.99336482,width2_d1_m8,1
6,33,2,126.49353733578316,10.581949766842728,-0.8399893327095946,-0.5675874275866402,-0.4552803894385484,-0.3544969780552838,-0.2102295594061655,-0.04505378402196136,-0.5763538420513434,-0.79358708099242,-0.05915436858663253,0.41677553018413815,-0.1593536558585199,0.15771387230626305,global_random,8.221399281227647,12.413205014274602,9,9.726740272,6518785.80875,6518785.80875,1.00000000,0.99058607,0.98280210,width2_d1_m8,1
6,33,3,127.4679668536085,9.311533849453374,-0.1494790007819593,-0.3538589211185448,-1.4080528938741046,-0.31393714927152017,0.9201609070249024,0.9776462660133638,0.21864240202446483,0.028347683088239983,0.4878431843174664,-0.15925269095739503,0.30584719122230936,-0.30496039577293055,global_random,6.663661466758985,12.26306478134454,10,9.67533257184,3831375.99715,3831375.99715,1.00000000,0.98203993,0.96400909,width2_d1_m8,1
6,33,4,124.84380399813126,9.445614554594034,0.14201065846035021,-0.2993213103954544,-0.22458153261241143,-0.5013489834984273,0.22340883776934906,-1.0444790145661336,0.13606285045054345,0.18589172003645404,0.27610982654808847,-0.20435968740784782,0.34243115757160564,-0.08736543829416815,stratified_coverage,7.212839521183012,10.897018268637952,10,9.87587979059,1299942.12532,1299942.12532,1.00000000,0.98253731,0.96472176,width2_d1_m8,1
6,33,5,126.21537014482253,10.351084973778281,0.8141642170987624,0.29406778495129293,-0.8245450530457711,0.46240424317648254,0.6569251938351979,0.10332098650490051,0.4740460143080276,-0.7980129327820159,0.07529161970082321,0.2993498978720529,-0.14253607276624786,-0.22408704407322239,stratified_coverage,7.480387030876899,12.370394817641944,6,8.69164661344,101563.419443,101563.419443,1.00000000,0.99805496,0.97966337,width2_d1_m8,1
6,33,6,128.9651098660548,11.206195409658287,1.664293833336857,0.028972743332798423,-1.301068556199187,0.2818497096951431,0.8637868788896756,-0.7745230866858666,-0.44278902627671646,-0.026893557862926132,0.5292323210529792,0.29521485532055214,0.3630501064556519,0.02985682388153066,stratified_coverage,6.719350107170342,13.292015791498489,5,8.36984557951,96984.7194374,96984.7194374,1.00000000,0.99597578,0.95278232,width2_d1_m8,1
6,34,1,126.9534630154832,8.51682532271756,-0.986779931169113,0.13466770739379497,-0.35646679454926544,-0.4670809349498548,0.46108133278224717,-0.35929997755291787,-0.49585910173261605,-0.08694824648413735,-0.4038936349269566,0.0933576660367742,0.3575158552967836,0.2621502974928385,global_random,6.95493197826055,10.842401267765293,8,9.68854472643,5314507.34877,5314507.34877,1.00000000,0.98927828,0.98005091,width2_d1_m8,1
6,34,2,126.56544889125104,8.0,-0.11279117772678482,0.22528693038226894,0.021673800091257064,0.7296897524130309,-0.3772258493032806,0.17576325674891718,0.29430187536264085,-0.11637525159377632,-0.32862923143523964,-0.22153761221794757,0.3399979308822457,-0.10019154309707196,highQ_anchor,6.7396006906282935,9.603782797557848,8,9.74404953976,10551421.7644,10551421.7644,1.00000000,0.99469582,0.98924367,apodized_d3_m10,1
6,34,3,126.75773319804112,9.22382290112095,-0.19015163125199708,0.05368416359269457,0.11022690612917208,-1.254169081655546,-0.3362680459347226,0.5850609312859447,0.33061962395797506,0.26745557469579895,-0.0069987064106715735,0.09064941330227072,0.32065576077738017,-0.31856975790850317,stratified_coverage,7.337607287564013,11.19446852137995,10,9.73147546684,7828436.43811,7828436.43811,1.00000000,0.99109642,0.98193768,apodized_d3_m10,1
6,34,4,128.41374617652468,10.589877627990914,-1.1037247644974848,-0.6633686560267578,0.33053102797276,0.5862321659213887,0.5342710540176776,-0.5521575327321311,0.57260844231773,-0.5647040806816768,0.16774236943069265,0.378599423956106,-0.07889933408994132,-0.30506756339765895,stratified_coverage,8.485043870543217,13.363814234413466,8,9.61718100675,6481396.12973,6481396.12973,1.00000000,0.98998780,0.98145119,apodized_d3_m10,1
6,34,5,123.36886218368277,9.696169284185537,-1.926204645899741,0.8101856652615771,0.27012036638837134,-0.4506058941287414,-0.10725317467598594,-0.847986019718491,0.14187102686488762,-0.3203721943963771,-0.07479036035582287,-0.2683027167610849,0.23626813472000335,-0.08559521988555918,global_random,6.502415604744762,12.456751095843307,8,9.98412170031,1742800.67191,1742800.67191,1.00000000,0.97540620,0.95123845,width2_d1_m8,1
6,34,6,125.92572803548747,12.290788693065483,0.21636554993746282,0.9798126398500324,-0.34954781231778087,0.3478462247795695,0.2897338539800747,0.38242204480586683,0.3901578778514272,0.11077163513795174,-0.06560413321120578,-0.12684206907938222,0.054494465411729365,0.10848037462137122,stratified_coverage,10.601874415505828,13.45973558534133,10,9.79237783627,11996552.1755,11996552.1755,1.00000000,0.99594332,0.99129995,width2_d1_m8,1
6,35,1,125.3793965922026,10.257417986960348,-0.6813579806531496,0.8650545654690922,-0.4095330588424948,1.5620502137521177,-0.78274472540128,0.9459469577061257,0.5075570161155925,-0.7556184288938965,-0.11647946930627728,-0.005953940480687092,-0.4147182572313341,-0.2590303917795588,global_random,6.750202876956135,13.0862939987129,6,8.72089602304,102026.955229,102026.955229,1.00000000,0.99593638,0.97860708,width2_d1_m8,1
6,35,2,128.78782957144207,9.171781293497977,-0.9552746836374224,0.4309680163320322,-0.8161422210665589,1.0758652138426574,0.36251155063731844,-1.04966771620438,0.45770391132803745,0.005319653794572887,-0.01982828930912517,0.44168479225040425,-0.11191658949404237,-0.23651722232373515,stratified_coverage,7.232376277660128,12.507794573693571,10,9.58094044236,9266193.55934,9266193.55934,1.00000000,0.98697015,0.97460132,apodized_d3_m10,1
6,35,3,123.59021897357097,10.174580788793495,0.8591618244151933,0.6527737823718884,0.5054519457516011,-1.367396399601573,0.693589161623493,0.3533876886957996,0.30567202037301433,0.6573543119079639,0.09515942612043393,0.10783099468733393,0.37136374227589836,0.18880977336490828,stratified_coverage,7.591183319465881,13.170584207458205,6,8.89479882752,103397.862632,103397.862632,1.00000000,0.99446704,0.97614262,width2_d1_m8,1
6,35,4,124.68624639928507,11.49406525237474,-0.017975042585056222,0.2012844272414407,0.012429601760506559,-0.28904053566586985,0.5059990532115746,-0.7309687627340883,0.6252092470571458,-0.41424052906390385,-0.2527887547140302,0.009246403964952798,0.3040760864160433,0.3118144711676049,stratified_coverage,9.516755194468674,12.821309108812429,5,8.604241319,100149.956808,100149.956808,1.00000000,0.99949551,0.98767053,width2_d1_m8,1
6,35,5,127.97670990242722,10.854815872281762,0.8305616463142065,-0.2886462584641327,0.37478714033671934,-0.4171178779246878,-0.8149878515333667,0.1097488129854729,-0.6132098680119056,0.7654270339853104,-0.16719466052649773,-0.5087727438828634,0.030623379025148223,-0.1830456084486391,global_random,8.576587953106591,12.98750163474663,9,9.61778558662,5869317.6338,5869317.6338,1.00000000,0.98985199,0.98126053,width2_d1_m8,1
6,35,6,123.00201160755307,9.646751165055418,1.7772229919847886,0.9418272548365803,0.016295273394496768,0.8928466888900151,0.10139957615409334,0.6184024451826273,-0.3577938085665844,-0.22609230149581294,0.054576179308386874,-0.2853778803676589,0.06763994493677611,0.2920988148280886,global_random,7.360854103930827,13.064118630708673,8,10.003959912,2444396.50718,2444396.50718,1.00000000,0.98183593,0.96489507,width2_d1_m8,1
6,36,1,128.05131044236688,9.555976286257648,-0.062287112165351655,-0.4663063532350764,0.22016930184554018,-0.1164159530626232,-0.4523018888765046,-0.7999097399161985,0.1770639599199061,-0.5520813635867067,-0.22014134882059228,0.5404938171135822,-0.2731832505898433,0.4189270373270065,global_random,7.511437341844458,11.793557750326729,10,9.63857607315,1592654.21794,1592654.21794,1.00000000,0.98408760,0.96776812,width2_d1_m8,1
6,36,2,124.38269716562017,10.1889453199567,1.174645076263379,-1.1529138045100906,0.11772207160133519,-0.06817679244678043,-0.5175075689055404,-0.9067340179836637,0.4648611676696308,0.7577698761590479,0.18422439961286297,0.4683264403152514,-0.025224070458325254,0.28122432715739204,stratified_coverage,7.164708565305981,13.297810406449726,9,9.92892127878,5349491.81958,5349491.81958,1.00000000,0.98454757,0.97041043,apodized_d3_m10,1
6,36,3,127.16259662821304,11.347110657192177,0.21820407878329773,0.024045233585794357,0.2494813699498224,0.5190070514101099,0.27300733454609993,0.6405788456488068,0.6113200470432187,-0.01339464493190723,-0.11681124558656308,-0.34275458687419,0.22143553786849218,-0.30039616711725337,stratified_coverage,9.247909375685538,12.812334739826456,10,9.71143493761,4610805.24224,4610805.24224,1.00000000,0.99211505,0.98482316,apodized_d3_m10,1
6,36,4,129.10881531403842,12.812426942584246,-0.38834088906107783,0.1239873884945929,-0.33420081906467725,0.31886941390123313,0.15082975055778836,0.3310423758933069,0.2594746913153721,-0.2341747102616038,-0.17199485178576426,-0.04284712072275859,0.04430774303218507,0.08829763827653192,stratified_coverage,11.705707222072864,14.180830646632893,10,9.5467906453,11509948.2328,11509948.2328,1.00000000,0.99762364,0.99500254,width2_d1_m8,1
6,36,5,123.26827290214635,8.932027990528606,-0.060004042498534194,-1.1242358332354256,-0.5396120400132753,-0.295802980318461,0.15931380154178587,-0.5340109097729916,-0.6364014135818229,0.4440105786497035,-0.3482128876637938,-0.08028131894654683,-0.032004519941579324,0.23605229380268616,stratified_coverage,6.939505905685198,11.312003497125952,10,9.97356100942,6233333.84908,6233333.84908,1.00000000,0.98892212,0.97966346,width2_d1_m8,1
6,36,6,127.41078222114446,9.502761680103797,0.6937482182770043,0.07771630522635631,-0.5291022979479354,-0.5386371686083835,0.8396056338703322,1.042803210383716,-0.16844736721915443,0.36414446925669774,-0.4809915290363633,0.026833174776188184,0.05696757963923699,0.42678439953023145,global_random,6.9928899251031815,11.577540033873904,10,9.66960638797,5263535.89116,5263535.89116,1.00000000,0.98644602,0.97354652,width2_d1_m8,1
6,37,1,127.63169824284836,8.605401854902638,0.0951049755265205,-0.03247078552560051,-0.13421161028143622,0.04508080266040001,0.2038182093387111,-0.4452727110345387,0.39488006378388163,-0.1489209359747076,-0.08570614944223613,-0.05943603896432308,-0.10036304019811519,-0.07285876047333059,highQ_anchor,7.767008444909753,9.606462855884573,8,9.65959045888,31231933.5413,31231933.5413,1.00000000,0.99843405,0.99699990,apodized_d3_m10,1
6,37,2,127.93461882988264,8.61217079363869,0.3911521918892448,-0.065648434615527,0.04072907314573604,0.4855158820595237,0.32032133647058,0.2389232580417448,0.24707465281278812,0.04050801247069968,-0.03937853370910731,0.2231279963494141,0.17618836446822264,-0.009221870903213277,highQ_anchor,7.7097433194902605,10.03131858805931,8,9.63203508318,21929490.8864,21929490.8864,1.00000000,0.99754104,0.99456659,width2_d1_m8,1
6,37,3,129.83691519542455,9.62858794247658,-0.748178262841477,-0.030051948514585952,0.08592910865430181,0.3820841701266572,-0.06988010349202653,0.4241375140795779,0.10615439944367025,-0.1155560753667115,-0.04653722102986776,0.09120066436065596,-0.019314775641816818,-0.1382969028925206,highQ_anchor,8.280862692358253,10.971798293066634,10,9.48595978474,21596114.8505,21596114.8505,1.00000000,0.99704427,0.99399589,width2_d1_m8,1
6,37,4,124.77329233173604,8.181659274638532,-0.26823940730950957,0.7333865692841162,0.0034458608633767263,-0.9464929873889858,0.24831621939674653,0.7740166136336724,-0.5077101179603647,0.6273921375588969,-0.04742716736068964,-0.03632340562677616,-0.05703912724556964,-0.0032019740835473876,stratified_coverage,6.753288890010876,11.127750109108657,9,9.85424116356,9767942.05998,9767942.05998,1.00000000,0.99035688,0.98205647,width2_d1_m8,1
6,37,6,128.99904316105335,10.668558302821046,-0.5250961298670624,-1.0408645242886645,-1.5414502062086326,-0.44731223088199945,-0.9115555789137,0.16010710426328356,0.13659095119787312,-0.7183007655114351,-0.3037616537302448,0.049955080656226114,0.31282952326813024,-0.2516990955438229,stratified_coverage,6.966176633583874,13.247399887215094,8,9.55585614662,4360912.59292,4360912.59292,1.00000000,0.97982728,0.96015322,width2_d1_m8,1
6,38,1,122.41424014881531,11.01821258106664,-0.38866893509938305,-1.6934776191724739,-0.06257778326576502,-0.5869546860283688,-0.25793105705657315,-0.6918442635080571,0.23203444135484697,-0.6901253859746259,-0.05866281165365911,0.2833448701990353,0.19074075853610134,-0.11869358926052859,stratified_coverage,7.878578355463014,13.091918372493366,10,10.0792906153,7008285.28286,7008285.28286,1.00000000,0.98656388,0.97267357,width2_d1_m8,1
6,38,2,124.67339563391917,12.758948178822864,-0.4174015188976609,0.09708707885684797,-0.5559220236639137,-0.3138262594773915,0.1715854529159715,-0.24621345636328582,-0.22248114633038596,-0.021619130453827018,0.06965389265135086,0.10109731667708194,0.1358370178916198,-0.02885141054276369,stratified_coverage,11.55840681935723,13.88914684880716,10,9.88287665737,2122934.30887,2122934.30887,1.00000000,0.98722214,0.97487712,width2_d1_m8,1
6,38,3,126.90116714976756,8.997125726956474,1.2990394688934126,-0.4833464145982498,-0.17526121789459426,0.9777951153633777,-0.4744112802075128,1.038006953308635,-0.14678625558904712,-0.4038240119319809,-0.4426687731777824,0.34941078715564367,0.3458128777216462,0.007651302095452728,stratified_coverage,6.566037217799651,11.868909113589183,10,9.7121441055,5274353.27005,5274353.27005,1.00000000,0.98200340,0.96442626,width2_d1_m8,1
6,38,5,123.61271381149513,10.757027684112588,-0.5837727886259358,0.7648576174589827,1.053275036600953,-1.4575325284324046,0.6745532605359177,-1.0193634794134234,-0.3794631682776752,0.4231600321130262,-0.19979150480265362,0.506369743758323,-0.0321402156537538,-0.15650749781714146,stratified_coverage,7.00826883138555,13.489563383541865,7,8.8334840309,101055.251888,101055.251888,1.00000000,0.99634615,0.96204561,width2_d1_m8,1
6,38,6,124.67138509941742,11.295938513571295,0.5338569002228035,0.13926303752156022,0.7446824216294996,0.2576797248822398,0.005445341229824097,0.5314093317776292,0.6557233344475102,-0.4158547844121781,-0.3342388780836379,0.029790228357596482,0.3257913572436922,0.04688484717074093,stratified_coverage,9.352925107877127,13.256526776098088,10,9.90338124586,5863089.89749,5863089.89749,1.00000000,0.99272356,0.98622736,apodized_d3_m10,1
6,39,1,123.99265354846438,10.853878822162663,2.016531342905992,0.3578578592198438,-0.8165130855438826,-0.08668414426778837,0.6250854009908244,0.44086519095371624,-0.2210330684952807,-0.2222711063255487,0.4660739085069219,-0.17624017485388427,0.3967293960152692,0.42441432975223875,global_random,7.087801159158822,13.41264015891536,7,8.7447398893,101088.290678,101088.290678,1.00000000,0.98985674,0.95288772,width2_d1_m8,1
6,39,2,129.6235097904644,8.799088912711527,-1.2840011421230966,-1.215690530958418,0.08150864155432802,-0.41263966944928754,0.3079335578851352,0.4331178899074013,-0.23040582725024294,-0.205809886568057,0.4837278570640957,-0.1619888555049654,-0.35083995332366985,-0.29091718690603513,stratified_coverage,6.644508401723944,11.116655543885969,8,9.4986414272,5901823.86627,5901823.86627,1.00000000,0.98360570,0.96811025,width2_d1_m8,1
6,39,3,123.35614018964364,9.605495527663528,-0.8600814922751359,-0.09016624042017574,-1.5919236333461801,-0.7870436786370587,0.41528544169728954,-0.280125479090085,-0.2584067730903028,0.2394008505826597,-0.5238514016804141,0.022322322162242836,0.15646221193185644,0.43793229748538715,stratified_coverage,6.901888717121269,12.617706780013116,8,9.98304938371,1224797.38326,1224797.38326,1.00000000,0.97470745,0.95066119,width2_d1_m8,1
6,39,4,124.68457104295982,10.227453808117682,-1.2655432425902409,1.5136088688475762,0.47071580393227763,0.2681714883631623,-0.7780906523982091,0.9050765513630998,-0.43778438998419955,0.5598463953365058,0.5242763957845784,-0.19887687499992196,-0.054193149413340524,-0.09579927142177086,stratified_coverage,6.901477835857962,13.193625262957521,9,9.87623358347,5943913.16183,5943913.16183,1.00000000,0.97977089,0.96085013,width2_d1_m8,1
6,39,5,127.74345516704778,11.136512324125068,-1.173477272007512,1.1504416829387933,0.36697201484734765,0.4201565496733981,-0.555269969108249,0.6498563006166433,0.03679633768700419,-0.1138966248456732,0.08584990286424721,-0.4942865071618767,0.2241110693698472,0.1742359566144585,stratified_coverage,8.64692218486837,13.428127792116861,8,9.65116620486,6471580.51507,6471580.51507,1.00000000,0.98886135,0.97780380,width2_d1_m8,1
6,39,6,126.2694197262238,10.658000557776232,1.1728941112912685,1.061259510596615,-0.3575787712334231,1.0384096586828713,1.0816785147323973,-0.734116088353463,-0.31340543366087437,0.7290377496662452,0.15799337576308026,0.06222568655070371,0.08926882122272256,0.04025602270385642,global_random,6.872475829215833,13.140527273107882,9,9.7432555734,7565085.45943,7565085.45943,1.00000000,0.97992808,0.96154158,width2_d1_m8,1
6,40,1,123.85324280122394,8.77677806936926,-0.6945216103983789,-0.9538856439991905,-0.21392908513065545,0.876746993901351,-0.047897726782214045,0.2257606002118493,0.05492248280126977,-0.5644424165778603,-0.17919241623153587,0.07094487626603074,-0.11735910301419483,-0.0632491630081079,stratified_coverage,6.992245647789082,11.366712395373403,10,9.94388046933,15096806.8889,15096806.8889,1.00000000,0.99176272,0.98358451,width2_d1_m8,1
6,40,2,127.52221114078989,8.0,0.037780222307635336,-0.07179266390290859,-0.003876874633679167,0.8807104432526244,-0.0447221079164031,-0.11197973154777188,0.24774072301069164,0.19769662280216005,0.052531309386298713,-0.16505693912990213,0.05096632033164074,-0.048578869620838946,highQ_anchor,6.631872396568351,9.037047232137388,8,9.66507023637,29347026.6354,29347026.6354,1.00000000,0.99602197,0.99165348,apodized_d3_m10,1
6,40,3,126.77265135853841,10.180646116150323,0.4105336098797383,0.12288136660419813,1.076221276524829,-0.6563006479273998,-0.06686511545280971,-1.0430944383316947,-0.023814640815124632,-0.19571621962782504,0.2887909972069863,-0.09700257712809796,-0.2544518433238055,-0.12447242705392814,stratified_coverage,7.688757541984244,13.120954010655007,8,9.71588737151,8359469.93288,8359469.93288,1.00000000,0.99042156,0.98122944,width2_d1_m8,1
6,40,4,127.57708777849248,10.577366202695028,1.0195606939382973,-0.006283583080619604,1.386149680539108,-0.1375760405013351,-0.45541636416652376,0.6792768901686754,0.2516496993314292,-0.288948274864154,-0.4196689424132135,-0.12601397742507214,-0.0015568971082636773,0.2724457529732071,global_random,8.005201602430656,12.811912305430083,8,9.66582284068,7740374.26261,7740374.26261,1.00000000,0.98800598,0.97574131,width2_d1_m8,1
6,40,5,128.35234968780645,10.247448464646386,-0.7130665521569046,-0.23333993991692248,-1.0056152849421918,0.5858591606741486,0.23507244121110382,0.412262121720014,0.10697643926331324,-0.5132057662818128,-0.27362160303061367,-0.1435451932622005,-0.30667385353913545,-0.40697687967567114,global_random,8.091271990662182,12.735567746669918,8,9.60631425208,4059064.94168,4059064.94168,1.00000000,0.98851589,0.97718113,width2_d1_m8,1
6,40,6,124.46577904957887,8.632797317823195,0.7337725739560041,-1.061184107235254,-1.0518806049344347,-1.427354798158908,-0.4605513555277454,-0.24037812369045564,-0.15830603631164464,0.7167856792656442,-0.08613547527792315,-0.28993542642495646,-0.14299079976909024,0.10502998739541286,stratified_coverage,6.541699075684054,12.405433855196407,10,9.8926417755,8410669.11319,8410669.11319,1.00000000,0.98415084,0.96897161,width2_d1_m8,1
6,41,1,127.45792217834905,9.55002812994407,1.1253184312623015,-1.2430725252048567,-1.1691636269781858,-1.3877256578589598,-0.7492197712973745,0.3535663895666594,-0.11821400947615357,-0.7445427692407389,0.024171584888455167,-0.3892435278096593,-0.42012193380520385,0.23498356111620894,stratified_coverage,6.986731563176826,13.07006439943506,10,9.66856847678,4021043.51625,4021043.51625,1.00000000,0.97798991,0.95688140,width2_d1_m8,1
6,41,2,129.35535608465705,10.78514580057961,1.7232403510949612,-0.7082468020847159,-0.8087034912773846,-0.368973469399958,0.7999603167101668,-0.3418345757359136,0.2905707893956466,-0.5465115851501802,-0.042147418076586285,0.07169373331589934,0.06465404982720008,0.016402496335693073,stratified_coverage,7.692051236066345,13.456114284426,8,9.52409548605,18402686.0032,18402686.0032,1.00000000,0.98516509,0.97039141,width2_d1_m8,1
6,41,3,123.53044164462828,11.233931715105912,1.7164643007638882,0.9374451143109543,-1.2188871156050438,-1.0189762508287443,0.2915373438242972,-0.00868786493539897,-0.12125440713787694,0.024355875935131777,-0.11409155009029764,-0.3302008520051154,-0.44166042973786823,0.06826523642786692,stratified_coverage,7.54496276035892,13.47885489434623,10,9.97700712047,2891148.7804,2891148.7804,1.00000000,0.97478597,0.95080461,width2_d1_m8,1
6,41,4,125.85741468498178,13.149164763366285,-0.054050877334084424,0.12312422187701022,-0.03330308989181119,0.4276836085660699,0.054033231032998896,0.26547730316860085,-0.1960830725664216,0.12449169113009367,0.12126072507562796,-0.10115285161305525,0.007268074413518483,-0.0627596741678208,stratified_coverage,12.267702505243737,14.02128106705378,5,8.31927483252,95342.3873454,95342.3873454,1.00000000,0.99974551,0.97485905,width2_d1_m8,1
6,41,5,126.49944760458149,8.88184946606088,1.3425242137143698,-1.703016859142,0.19886233721757218,-0.2565404300179037,0.64948162718873,-0.837496368985658,0.18527163808220026,-0.447955851885968,-0.33356512896595925,0.08024300513040938,-0.3635993793245369,0.2708261301083111,stratified_coverage,6.611633168772602,12.962775117718518,10,9.75426598021,4342078.50657,4342078.50657,1.00000000,0.97897143,0.95772707,width2_d1_m8,1
6,41,6,129.53722141188845,10.322999299241182,-1.0617776354816535,-1.8838860362991627,0.299880404134788,0.6127448077443562,0.208428630195703,0.02757069704308135,0.7721186855513809,-0.19372044488709272,0.3207872655013465,-0.23975879699393882,0.16835999383075512,0.41879610754150093,global_random,7.407768649798672,13.36246492145929,8,9.53462075911,2772084.43733,2772084.43733,1.00000000,0.98005511,0.96255448,apodized_d3_m10,1
6,42,1,123.7125522860555,10.646562410722048,0.575998917871031,0.5532430328256166,0.29741052360673037,-0.09340402006493487,-0.9209194197088576,0.9958673422127631,0.7278194609859849,-0.7431329400011262,-0.1678333349072073,-0.4313342839053743,-0.2579246409025374,-0.28118895622932005,stratified_coverage,7.528984841189368,12.808492239814779,10,9.99380078263,4705316.51945,4705316.51945,1.00000000,0.98633927,0.97517650,apodized_d3_m10,1
6,42,2,124.01671118392338,11.299419492305997,-0.7300609391151016,-1.0376495792619331,1.0644266073013549,-0.35241928658911026,-0.3046095639347052,-0.18870630808698374,-0.6594994524617279,-0.7669648053445709,-0.08041033262262398,-0.3859198628417261,0.28217484304133617,0.06797776437702235,stratified_coverage,7.9655259885028435,13.190419576398856,10,9.92329667602,3666186.63998,3666186.63998,1.00000000,0.98329963,0.96876388,width2_d1_m8,1
6,42,3,127.24058465767132,12.824262790057695,-0.3884896196287473,-0.29498767260848296,0.20475609530400873,0.5081875249672555,-0.3328006289153855,-0.2365601099952317,-0.1936245046846007,0.2455756770519824,-0.05092848694993263,-0.0056642090266463,-0.05519820471758183,-0.13370283559906415,stratified_coverage,12.00382101394202,14.410651943199044,10,9.68229024058,3478548.58262,3478548.58262,1.00000000,0.99206495,0.98465579,width2_d1_m8,1
6,42,4,129.25636994056336,8.38623604959453,-0.8391775146373066,0.05545630455288686,0.45973196148157913,-0.4472431099176868,-0.5732360275725715,0.22682843334488711,0.15744973008151386,0.06391185757823725,0.4001415011630446,0.18929848529538817,-0.056297717475445264,-0.29288847774432447,stratified_coverage,6.915661370122907,10.829859633922043,8,9.5323654633,11100122.9762,11100122.9762,1.00000000,0.99346330,0.98671318,width2_d1_m8,1
6,42,5,123.98443032928755,11.087976031590163,-0.7132297020005134,-0.13495042443409977,1.2704555256587204,1.1663309937142372,0.421079911186238,0.22066574055488508,0.39781192233497675,-0.3961995228350194,0.09098492772634714,-0.41544707525041835,-0.01957378944553595,-0.1673235943038367,global_random,7.723078234074886,13.107761065054662,10,9.95153092637,8491654.96187,8491654.96187,1.00000000,0.98732862,0.97425846,apodized_d3_m10,1
6,42,6,126.64279250293907,8.659675500968923,-0.23125845425002908,-0.05540894220415074,-1.3777497589809176,0.7487894368882919,-0.21214074575907904,0.17100918800222964,0.5626496739451472,-0.10402475221910129,-0.2310639304837755,-0.06333954584716338,0.004405340201878401,0.08088228661524675,highQ_anchor,6.8969213724480944,11.135703834320031,10,9.7385772049,29296441.6658,29296441.6658,1.00000000,0.99047097,0.98181786,apodized_d3_m10,1
6,43,1,126.34630947052342,11.666689532158308,-0.7601251350821903,-0.4760579595758536,0.04992109498580222,-0.9334611638169235,-0.3769048009401017,-0.40111047947244904,-0.13166665305590242,0.0676833111936016,-0.45124366815315003,-0.200170456225868,0.22552600709881593,-0.09095632738703052,stratified_coverage,9.40964258775403,13.404832390478001,10,9.75122720902,5883728.13886,5883728.13886,1.00000000,0.99172559,0.98400396,width2_d1_m8,1
6,43,2,128.63576795329996,8.0,0.2938252733843564,0.26367360802812984,-0.1796410947335917,0.6214458943047225,-0.15555421351067655,-0.14749183577648067,0.03543795020264817,-0.13385146259159617,-0.18143093228467913,0.03768654246052298,0.07698430932915239,0.11973149725933924,highQ_anchor,6.95704429839618,9.226038737058495,8,9.57150654726,21945843.9909,21945843.9909,1.00000000,0.99716270,0.99430145,width2_d1_m8,1
6,43,3,123.88340712284744,8.762451550517296,-1.099367842977966,1.1863617438188934,-1.1261293803648422,-1.0034221109513033,0.38942889965812966,0.15468286232658612,0.7908177468210795,0.13340583904846248,-0.044104057666232155,0.4616079210155968,-0.34715711519724207,-0.030326274651852392,stratified_coverage,6.546701771685205,12.847113065241253,10,9.97275102198,9061835.29026,9061835.29026,1.00000000,0.98306292,0.96959198,apodized_d1_m10,1
6,43,4,123.94616717654682,10.349860618075983,-0.6421401714638848,0.33093768073279284,-0.30030084533828116,1.4931366080736874,0.1934983226149869,0.31977994300992996,-0.6579642245911862,-0.4142649861012446,0.21095763975216686,-0.4654723162592823,0.013402616834123637,-0.23858430353845125,global_random,7.70032612327311,13.073504916731823,9,9.93291626714,5602729.29735,5602729.29735,1.00000000,0.98791540,0.97729452,width2_d1_m8,1
6,43,5,125.15691738384078,11.154059663100652,1.2396602722946732,0.5070773900549654,-1.017758186794126,0.04199054735594632,0.07410242484828822,0.3373740473184814,-0.5049301451392019,0.3543651377150747,0.4835431969249637,-0.08969217366584281,-0.24068979178456248,0.009738967261760823,global_random,7.590161148728443,12.838163778037432,10,9.83048272861,5085790.32721,5085790.32721,1.00000000,0.98523383,0.97232953,width2_d1_m8,1
6,43,6,129.04218506423413,11.15219378821155,-0.24050831432097564,0.44235451265236714,0.5823568101242709,1.3027203036413304,-0.8036729700405905,0.29110159073306896,-0.3591434343563192,0.25994905107911737,0.2985855017613246,0.4419355685880699,0.24544697368347507,-0.18177247153460396,stratified_coverage,8.775077200869893,13.39340420668236,8,9.54562796821,5351937.03699,5351937.03699,1.00000000,0.98856590,0.97813944,width2_d1_m8,1
6,44,1,122.42484002152483,12.250002957306453,0.37193504986723114,-0.4748847780605791,-0.46870596882695637,-0.19772406195699122,-0.041322432396779185,-0.3649094904812614,-0.038155721798794145,0.17748057305295628,-0.01073983457480479,-0.1682000487881821,0.09081224811066146,-0.14155661723766738,stratified_coverage,10.900659399004008,13.468183143688643,10,10.0662227461,3539005.86768,3539005.86768,1.00000000,0.99217515,0.98455158,width2_d1_m8,1
6,44,2,124.5855353303366,8.822746576110088,-0.17532790600825088,0.7670809975501292,0.3292804752249723,0.22717578591435328,-0.0015616440005004062,0.4521363498256512,0.3426498289804374,0.6527457930407159,-0.5116189544675405,-0.3896855890744147,-0.22630312133220812,0.2124784056988061,stratified_coverage,6.890738531711994,10.739201549264607,10,9.90568289487,6860457.2899,6860457.2899,1.00000000,0.99133618,0.98276269,apodized_d3_m10,1
6,44,3,126.42153609385785,9.29469053344458,0.884201805529663,0.5810979243129624,1.3965934907613227,-0.6214727906398008,0.4611152536182501,0.3581615945372745,-0.49881907565088607,0.6624737746331719,-0.4291383342420539,-0.357603074773335,-0.30069742308106506,-0.028272454251640267,global_random,6.6224367614587365,12.206563834266973,10,9.73443836375,4168628.31215,4168628.31215,1.00000000,0.98110132,0.96385166,width2_d1_m8,1
6,44,4,128.7613814724251,10.450201760611378,0.03593617434883223,1.6104190709120867,1.6747806250901525,-0.130254274518119,-0.0640569936414197,-0.18398699046425382,0.4134816495080518,0.7282849822806547,-0.3598046583054195,0.3309497983488149,-0.09669498885414585,-0.37798464656186825,stratified_coverage,6.6445699598148,12.971853426788313,8,9.57604031242,3356496.703,3356496.703,1.00000000,0.97470978,0.94970331,width2_d1_m8,1
6,44,5,123.17889079844636,11.00854968290932,0.243963789222287,-1.043803342608844,1.3500361080773764,0.8349839737563227,-0.7029872249857608,-0.6013456592794555,-0.342220793179839,-0.4839527075425988,0.19002964840165792,0.3409623440300782,0.3843580944428409,0.011393229338160948,stratified_coverage,7.458509117101578,13.044577245288476,10,10.0034132563,3611251.63483,3611251.63483,1.00000000,0.98016280,0.96164886,width2_d1_m8,1
6,44,6,124.86672211326045,12.993881122743502,0.40597950445217057,-0.20641373169703792,0.45291762589539253,0.521186436881811,-0.23772890183388606,-0.12142269181954918,0.003358156760450204,-0.2706498309389807,-0.0026568933162146036,0.07632794552430067,0.02443622891086325,0.07892641959490948,stratified_coverage,11.410296262932523,13.673662913547249,10,9.86844861798,2731849.98842,2731849.98842,1.00000000,0.98980010,0.97962398,width2_d1_m8,1
6,45,1,126.05871702043656,8.867329339632896,-1.5307842569278902,-0.5319759764707204,-0.2685030039948868,0.5792521264885144,0.6087556903188946,-0.4722712920061809,-0.7022839438407562,0.4367298494959646,0.3586494093659599,0.3085379542777913,0.40867790404166476,0.04464609387300961,stratified_coverage,6.5452218423038735,12.805362246926725,10,9.76125957815,4275324.63158,4275324.63158,1.00000000,0.98475459,0.97121527,width2_d1_m8,1
6,45,2,129.68344716119475,9.83328780311738,-0.08637923147932502,-0.23147292874957226,-1.305322540444398,-0.044632616121189406,0.5050038422574203,-0.041657192341281624,0.23598137988043755,0.5151343061614237,-0.3997378632559388,0.4168269686278453,-0.07732545457512463,0.2509784390087672,stratified_coverage,7.995859743934243,12.058127762151939,10,9.5050960363,3321218.22344,3321218.22344,1.00000000,0.98818178,0.97615976,width2_d1_m8,1
6,45,3,122.93085507302132,10.386674107514898,0.25735637881820406,0.9188364209773288,-0.07659407325256429,1.3199696363594013,0.7893155487684216,-1.0371943436807656,-0.314481062469328,0.3375705397564217,0.40149812860937273,-0.4091034794041116,-0.14510602497165703,0.09712543218810538,stratified_coverage,7.302110669084464,13.055986779422517,10,10.0171032642,6170274.02697,6170274.02697,1.00000000,0.98329439,0.96783723,width2_d1_m8,1
6,45,4,124.45867670318842,11.359285689210736,0.30774983413613066,0.42104538629981647,-0.6005076041512283,-0.5634223956274176,0.17542807902977264,1.053853444746176,0.5865680242499278,0.6411828765281515,-0.07053438810658907,-0.19822637384698977,-0.11551448564321182,0.4125925896325177,stratified_coverage,8.470183547075688,13.499652765523233,7,8.63577741045,100543.326685,100543.326685,1.00000000,0.99940141,0.98493464,width2_d1_m8,1
6,45,5,128.73515514185277,10.387439358631061,-0.49867607370193534,0.10286483143771674,-0.4244380518296522,0.6526362749559678,0.6182364889982181,0.8717129186620969,-0.005657225805528299,-0.7385216620494157,-0.2703631365789872,-0.3963455329059485,0.1359102804827767,0.21685407406542306,global_random,8.05736176859703,13.407616244284814,8,9.57319208247,7765634.59803,7765634.59803,1.00000000,0.99169463,0.98350163,width2_d1_m8,1
6,45,6,129.76802200001336,8.4788651701293,-0.9153630253437448,0.2018489919547144,-0.22859179947010078,0.141324253027177,0.260462001274242,0.27830735792090233,-0.06253831053416192,-0.6083732963848741,-0.4048661064855653,-0.23349108650966627,0.07352815734651458,-0.15741215677256049,stratified_coverage,6.746824285679129,10.086995086534518,8,9.48745915429,10386584.375,10386584.375,1.00000000,0.99220427,0.98476905,width2_d1_m8,1
6,46,1,123.80201425099122,9.974140823254773,-0.06408354527549198,-0.31479277854640064,-0.020036478473969055,0.27462342494665193,0.10174411175554421,0.6226657843142909,0.35408049642086814,0.48188205175335774,0.1844441129656308,-0.038050148272492645,-0.38108455983471484,-0.018886083018583633,stratified_coverage,8.749764805603334,11.781070573322822,9,9.9633852359,7296247.62167,7296247.62167,1.00000000,0.99500999,0.98938233,width2_d1_m8,1
6,46,2,125.31603086480311,10.369220404760364,-0.030427245696469818,1.0413432703760819,0.46743934832096445,-0.11753961574248684,0.30300941401261006,0.8012438732285971,0.17708801272196584,0.3778084668699049,0.10129739483691014,0.49035081739212183,0.3543223037533166,0.41546980990123733,stratified_coverage,8.19745032410172,13.068379490575756,8,9.84822039588,3275709.02923,3275709.02923,1.00000000,0.98770069,0.97519624,width2_d1_m8,1
6,46,3,127.56335875835671,11.150558745029734,-1.841324444036038,0.1275199709382986,-0.8213567413412016,-0.5633353473584475,-0.2488721658801939,-0.6592721325969377,-0.7960498157221004,-0.3662821569765772,-0.15138759988487188,0.548293365972019,-0.3165722569883431,0.3955645063752234,stratified_coverage,6.9687211249648335,13.493414991846599,9,9.64945381997,2358563.30668,2358563.30668,1.00000000,0.97263789,0.94819216,width2_d1_m8,1
6,46,4,129.48896771174844,10.570091210729387,0.18508745319992181,-0.6738115750177525,-1.2644576208079625,-1.1009328579082935,1.0675853740300023,-0.2331301483211975,0.7161810730645659,-0.7721723001459859,0.3524274859375026,0.2972088419811707,0.23067721544163017,0.03568154447950872,global_random,6.705354649584972,12.966055529751824,8,9.54191397481,5924634.73596,5924634.73596,1.00000000,0.97907591,0.96028675,apodized_d3_m10,1
6,46,5,123.26946667656085,8.475237711107507,1.6061398743534232,0.2545065274109448,0.47408167613532703,0.42283369578640806,0.32884940859403455,-0.3058734116581845,0.6635527274214621,0.18032254828263594,0.49415280415014085,0.0714805303428806,-0.21104164634433634,0.15854082449542456,stratified_coverage,6.6812197759805665,11.93600536949947,10,10.0116503614,10701760.5984,10701760.5984,1.00000000,0.98692101,0.97536900,apodized_d3_m10,1
6,46,6,124.19746162540217,9.47776880410853,-1.7912634437635275,0.2151893511644496,0.3428606571714703,-0.731735248239666,0.6398689565347806,0.09243228006974125,0.4802700954747141,-0.2651055809581744,-0.440849497780917,-0.0321069273613922,0.21500502710133812,-0.3172801482421493,stratified_coverage,7.33333191730413,12.5230786266586,5,8.90592474304,103832.043695,103832.043695,1.00000000,0.98626311,0.96274590,width2_d1_m8,1
6,47,1,127.63616638528116,10.845188213011875,-0.6481415796501948,0.8470015702252014,-1.0585374544560402,0.398913887760884,0.6295887630933321,-0.09443282202847914,0.014317617233416846,-0.15208431486703622,-0.36470855340208186,0.19145588284293558,0.39424005813528723,0.2017746205475595,stratified_coverage,8.913244888216418,13.213229703338747,8,9.65901786302,4259046.56271,4259046.56271,1.00000000,0.98902553,0.97825336,width2_d1_m8,1
6,47,2,128.74577300312683,11.085526637644639,-0.35477851040969566,0.7487495058631417,0.5999660553390826,0.9671146228756073,-0.1585403567739765,-0.9709798512237284,0.3386242433044331,0.353067660969824,-0.03415421588311518,0.3701384092637904,0.36978214642648005,-0.23467291112111657,stratified_coverage,8.35345421233275,13.05754208056574,5,8.38544846502,98007.3922675,98007.3922675,1.00000000,0.99793489,0.97798592,width2_d1_m8,1
6,47,3,123.63809483894148,12.419979476015557,0.6174863192976527,0.2159408526489851,-0.07556881915715608,0.5212178577882441,0.16722092628809704,0.3421592274051797,0.08788894272559739,-0.23781026474667077,-0.1290110990840685,0.03773732685631931,0.06781056514186257,0.014194565850657814,stratified_coverage,11.33833668190634,13.647571904248847,10,9.96582524134,12057073.1927,12057073.1927,1.00000000,0.99730539,0.99471567,width2_d1_m8,1
6,47,4,125.22418598290086,8.449077051850665,-0.5636593149190936,-0.08756967207791888,0.17752734135900217,0.1061100901364469,-1.0944182835158947,0.04411002350812421,0.2866371718194034,-0.02501648911124632,0.5342806696942644,-0.32437774322379986,0.09360935958571565,0.0754098556911566,stratified_coverage,6.910361699026255,10.372312014688085,10,9.84526442081,10158268.4934,10158268.4934,1.00000000,0.99172137,0.98295543,width2_d1_m8,1
6,47,5,127.55569359362627,9.049571978086519,0.7996780022065368,-0.3131232897997851,0.701504832151487,0.6565996830883882,0.028239823584008894,0.20015912244174805,-0.22364881597193287,0.5431394333768182,0.08492050618834524,0.2865947753588256,-0.11956458600604342,-0.019010474586116266,stratified_coverage,7.657722336067113,11.670543050572226,10,9.64630502126,13168801.8957,13168801.8957,1.00000000,0.99341838,0.98758234,width2_d1_m8,1
6,47,6,129.30128946809046,10.637030931709885,-0.7258803560687379,-0.3041232791393602,-0.9247330343984711,-1.0537578338945004,-0.19159356623147727,-0.3195821673512649,-0.07317919080764201,0.14948119685800199,0.5150577295078156,-0.5098819317097506,0.08750187174465901,0.32601612036528543,stratified_coverage,7.5393569190387,12.845936917631825,8,9.53539934664,4957341.50082,4957341.50082,1.00000000,0.98698710,0.97430235,width2_d1_m8,1
6,48,1,122.3840187640736,11.458128588393913,0.9897857255750528,-0.6206825864205381,0.4635602810915562,0.15558953840216128,0.5941858907608426,0.5386061089698964,-0.6662904856163453,-0.05625855327564966,-0.24238164478212426,-0.23403856863249373,-0.06009129395254931,0.13239695331368156,stratified_coverage,8.984780914820014,13.348891431335492,10,10.0516240124,6331713.94727,6331713.94727,1.00000000,0.99051270,0.98296329,width2_d1_m8,1
6,48,2,124.42514820337227,12.599467570429747,0.4023324698794102,0.12245167215739916,0.09439384820004204,-0.1765335218398809,-0.3209592976872119,0.006507829260273823,0.16233477585114314,-0.10185673140566548,0.0819443064778495,0.16559511101602503,0.02828404731108286,0.10889592203719964,stratified_coverage,11.719924481402694,13.274499760321033,10,9.90646855302,4779436.14226,4779436.14226,1.00000000,0.99475242,0.98934490,width2_d1_m8,1
6,48,3,127.94043754049206,8.75667106876928,1.419752453885665,-0.02524405222659043,1.153885929051606,1.3027827372421734,0.5360674285398601,0.8883637765567034,0.5895113303693793,0.6130840834166023,-0.1581176993536894,-0.21062121638552722,-0.029543054106029365,-0.23808440535301245,stratified_coverage,6.565248959285615,13.175645170899955,8,9.65108731228,7091565.15724,7091565.15724,1.00000000,0.98143268,0.96478009,apodized_d3_m10,1
6,48,4,128.46524446697683,9.931772770195055,2.0663856077452074,1.2164469901052253,0.5412522879182251,-0.55508220512376,-0.8134947195283204,-0.3497289843396475,-0.21652384126664315,-0.1627728800386803,0.3644311193145009,0.3698152851574079,0.22306611181004304,0.3534696261935532,stratified_coverage,6.573759823675243,12.730526037831748,5,8.54128357945,100897.565589,100897.565589,1.00000000,0.97011609,0.90105375,width2_d1_m8,1
6,48,5,122.8961434549562,10.30787365208777,0.40868922486460635,-1.6644212829985972,-0.9046307694865244,1.3896033000880907,-0.1539500992931352,0.22779863448041726,0.1857676873253563,0.5365568083377095,0.2841880574031289,0.19202356277627763,-0.2437493885372831,0.39350570403156376,stratified_coverage,7.566009799160656,13.359001299479049,10,10.0359596369,4006795.06616,4006795.06616,1.00000000,0.97979096,0.95964636,width2_d1_m8,1
6,48,6,124.07825057549005,11.793849585378418,0.8122220957556467,1.1778957932921847,0.2168244652584288,-1.0618411555475364,-0.730592684090245,0.10524147040340659,0.2792874736066211,0.1998198515731635,0.4670085317315271,-0.36186782135704787,-0.15884146727281667,0.13655594763203566,stratified_coverage,7.564568362399852,13.339357204648387,10,9.94924626998,4597669.52194,4597669.52194,1.00000000,0.98281221,0.96517509,width2_d1_m8,1
6,49,1,126.92194266805089,10.209106590229474,-1.1375530014094517,-1.0517324445821723,1.0773920244971322,1.2720077579188638,-0.4619011197444419,0.19946456675046598,-0.6186934929299085,-0.6338243544702901,-0.28797597018855536,-0.032960593187035814,-0.32225096710283224,0.3377622828517252,global_random,6.514118222512512,13.073440078185975,8,9.69379468739,2343685.42574,2343685.42574,1.00000000,0.97354122,0.94946932,width2_d1_m8,1
6,49,2,128.74480853765138,8.572664479381645,-1.0480776138488321,-1.2237477848450684,-0.4183980708015538,0.7016465184936564,0.35961642305284003,0.4659145890327505,-0.1755253643642949,-0.536392182871148,-0.5028817858397361,-0.3121610401948225,-0.00997472863347737,0.44732719680472394,stratified_coverage,6.744283633276327,12.757225557007914,8,9.55888245064,5734252.63286,5734252.63286,1.00000000,0.98559052,0.97222194,width2_d1_m8,1
6,49,3,125.64488314036434,10.640168464763791,0.5764979944993356,-0.4639980060991018,0.04260466070272195,-1.0745227928042027,-0.15236575421094312,0.19316021087558544,-0.16486918669375883,0.3600769524659697,-0.16437359458868628,-0.34780960746906087,-0.3290690742076616,0.4310095582079481,global_random,8.43815071780528,12.959616858595586,9,9.81738204841,2860619.09784,2860619.09784,1.00000000,0.98762024,0.97565708,width2_d1_m8,1
6,49,4,125.56898331098046,10.933121975868326,-0.7156942559952255,0.7550829941810466,-0.6111448126356813,-0.17551555743016323,0.32225088643862443,-1.087435942554349,-0.4747136780120066,0.15180002016839178,0.4355621610846837,0.5032057112979227,0.018166317924312003,-0.11589812794313759,stratified_coverage,8.630168320420797,13.436536356076031,9,9.80172247294,6743621.54948,6743621.54948,1.00000000,0.98970507,0.98095144,width2_d1_m8,1
6,49,5,127.2329339325761,11.129938825311434,-0.052101919246827944,-0.3084896940468125,0.41555518941215275,0.46940088220915466,0.8445375203698287,-0.43734017825606686,0.48159883101625245,-0.3231264314889233,0.3518311523126304,-0.38180888890839904,-0.2899174185102027,-0.025535906386092377,stratified_coverage,8.869460169950674,13.28462684102737,9,9.70144651713,6148099.36712,6148099.36712,1.00000000,0.99241545,0.98471981,apodized_d3_m10,1
6,49,6,128.91526902047153,8.630201309467623,0.26310063748417284,0.25894890301807916,-0.44787361508693846,0.5114664215105869,0.027026263908886072,-0.1959192657966837,0.5506488211730638,-0.09779520251969473,0.12177712848271548,0.24563720351974563,-0.15346731129277777,-0.18030930422483285,highQ_anchor,7.160336383049062,10.508698801735903,8,9.57089254503,18840816.73,18840816.73,1.00000000,0.99606720,0.99349421,apodized_d3_m10,1
6,50,1,122.46020010219951,8.697206103597829,0.48721790779115803,0.39960667583493903,0.7338582217004321,0.7818010157643978,0.04637259783463632,0.28735935962468373,-0.6530751196101696,-0.26801651601144216,-0.39582731186900444,0.4041959145331029,-0.22135874715829876,-0.28592709088639146,stratified_coverage,6.7795603503521935,11.669320007192699,10,10.0423408592,4928580.50748,4928580.50748,1.00000000,0.98897300,0.97981635,width2_d1_m8,1
6,50,2,124.34170837250635,9.392702866570843,-0.6108066013600033,-0.7210558453162799,0.5537216378185834,0.643211414906965,0.816110104915138,-0.41610207036455615,0.543674249804827,-0.03300069170777675,0.03170009780246641,-0.31827008118827016,-0.14252611476800708,0.418314780669738,global_random,7.355564638422029,11.82531241626264,10,9.93130691876,5200293.75266,5200293.75266,1.00000000,0.98860566,0.97857597,apodized_d3_m10,1
6,50,3,127.85305428000154,10.167101639646283,1.3696364905728622,-0.7523958966823914,0.11676570426497235,0.3073880259480537,-0.3528595025862572,0.5865335087386243,-0.17602325806010377,0.14300772360181835,0.5205031198591026,-0.12000288638224893,0.06994380898296954,0.012682985110753942,stratified_coverage,7.656115023990667,12.280399234222957,8,9.62585651987,9957938.68428,9957938.68428,1.00000000,0.98934631,0.97955378,width2_d1_m8,1
6,50,4,122.90273735335266,10.452806173633373,-1.5157270579648847,0.0882322418286301,-0.7062839128911389,0.2454505456098104,-0.4570576868373205,0.8916184378762149,0.28130292050344163,-0.3594928604565597,-0.231265646514851,-0.2193631136139953,-0.07010688683261479,-0.0313714548552127,global_random,7.741863999747877,12.723834731265253,10,10.0250171923,16814160.2057,16814160.2057,1.00000000,0.98765994,0.97531130,width2_d1_m8,1
6,50,5,123.57187675689529,13.268318811226905,0.3891013366895901,-0.309610839410783,0.4440522519558415,-0.13034653383411082,0.2524872776805607,0.07621609002300173,0.050636279885067415,-0.22248508370575065,-0.13430035348088987,0.04598834740398361,0.04408667251106707,-0.14850173009313022,stratified_coverage,12.328675898780503,14.586580909217142,5,8.42679698832,96637.9543832,96637.9543832,1.00000000,0.99869838,0.97403686,width2_d1_m8,1
6,50,6,124.95819116343131,8.353928542854312,0.535492606128992,-1.0927858527905303,0.9938218578747422,-0.6011525452035802,-0.5996645212030941,-0.7418913626294675,0.42566909484160376,-0.014511642444269945,-0.002126543029683625,-0.46938578459802144,0.04222440763030455,0.14604755232734007,stratified_coverage,6.635041287313014,11.17831568068804,10,9.87298827989,13513719.0444,13513719.0444,1.00000000,0.98642029,0.97379558,apodized_d3_m10,1
6,51,1,122.85924801613007,10.422368785323812,0.6815910668353555,1.3046382899031972,0.8782650873369031,-0.9096390301860525,0.6673759298390622,0.31637128126664993,-0.6397448449103473,-0.3818790003162498,-0.30799336898847496,-0.11082563029403303,0.2728422207693029,-0.08244688034009429,global_random,7.650779286684702,13.002867835608768,10,10.0136413327,4970368.86829,4970368.86829,1.00000000,0.98345503,0.96885462,width2_d1_m8,1
6,51,2,128.17611228076228,10.080286079391742,1.140721848436732,-1.3496269017372895,-0.32936297704321826,0.23534763549991955,-0.3549245501324406,-0.027133815109936066,0.14746606993554767,0.6463667208626986,-0.1680718906364902,0.009476498559811364,-0.3945674682515368,-0.36838560208515014,stratified_coverage,7.165674681442057,12.933236888078955,8,9.62152881404,1224615.56889,1224615.56889,1.00000000,0.97701340,0.95393538,width2_d1_m8,1
6,51,3,123.15085308424511,11.15481686388606,-0.7137801342244154,0.26822331853857584,-0.3993558855390176,0.03602731855942509,-0.642651592209556,0.48141063048044086,0.26834632684335125,-0.38308853472517834,0.49413024732326605,-0.12058631489319321,-0.1545331080870505,-0.12815758966827545,stratified_coverage,9.560758768927178,12.975337361208135,10,10.0137318459,8217226.18752,8217226.18752,1.00000000,0.99387392,0.98742522,width2_d1_m8,1
6,51,4,125.47524276080365,12.518577807454562,-0.5040749858898357,-0.03603685254808309,0.03151596703854098,-0.4193479242418011,0.37309218791829935,-0.23052428616494292,0.10763325915356842,-0.27197141855851475,-0.024454381425553146,-0.12183465319358547,0.14935831723336926,0.036151417680038656,stratified_coverage,10.984606083273295,13.475832501802449,10,9.82369026517,4794311.12247,4794311.12247,1.00000000,0.99412123,0.98817248,width2_d1_m8,1
6,51,5,126.38951325332927,8.89985801980342,1.2080783559468102,-1.1852415879549434,-0.06898758211014688,-0.25772651234230803,0.29444202212855264,0.35036535516805456,-0.17516254128298248,-0.12564468519275684,-0.03654910475563067,-0.16716679690329644,-0.19081375383015686,-0.07957885765523487,stratified_coverage,6.988518541943927,10.906897879600747,10,9.73120768753,11313341.4593,11313341.4593,1.00000000,0.98826310,0.97749954,width2_d1_m8,1
6,51,6,128.14290650346882,9.871170531372838,1.0356166041824908,-0.05125788333011272,0.3192840631760572,-0.8982245172603126,-0.300471761793477,-0.03702096469745886,0.7092930957489649,0.3322678417122549,-0.3311167385465784,0.1082719126489804,-0.10894099951270964,-0.22280017099644847,stratified_coverage,7.408694922812234,11.560342908574032,8,9.63732070933,4894304.43322,4894304.43322,1.00000000,0.98908669,0.98072154,apodized_d2_m10,1
6,52,1,125.6292362760373,9.71712998292512,-0.6141935196196575,1.151558179506504,-0.1927961814647936,-1.0510125554652596,-0.4017006682026276,-0.5748708297176515,0.12715227568584686,0.09048583407784305,-0.13619074180787166,0.188630361172618,-0.21957826678889744,-0.3011695589086365,global_random,7.411116016452026,12.547240523199797,5,8.83022373768,103246.658956,103246.658956,1.00000000,0.98455594,0.95996577,width2_d1_m8,1
6,52,2,125.10715684734029,11.355782180157847,1.5829460692057142,-0.2216566313534032,-0.7091854043608525,-0.9923790598537084,1.0477677965572472,0.7870427748613809,-0.06438188927380906,0.1067899080796314,-0.40270514061988116,0.1479533697301072,0.39309710407949644,-0.3906007297091443,stratified_coverage,6.894689919961322,13.410064846682427,10,9.86410288431,1834188.66842,1834188.66842,1.00000000,0.96981400,0.94077894,width2_d1_m8,1
6,52,3,126.1698294373206,13.229560280666078,0.2640711634275401,0.0650495079485266,-0.5566862217239541,-0.4801595790866867,0.1780098428377368,0.2801615841467877,0.18979207025085748,-0.11736069688347614,0.10290257470736286,-0.02282008291894108,0.02911535652577582,-0.06657426419085623,stratified_coverage,11.775029656611832,14.265282859002845,5,8.24486897289,95172.7207078,95172.7207078,1.00000000,0.99976318,0.98223095,width2_d1_m8,1
6,52,4,128.0664123879569,8.707645623752525,0.8192985640701003,-0.7367065962274857,0.8372926824497402,-1.1535471927481709,0.534207496687569,-0.5224914682360134,-0.3987927352050525,-0.106357176029231,-0.18063965977625968,0.29735010968057096,0.36137618066876104,-0.1266144633750118,stratified_coverage,6.5629434085150935,11.690166674830516,8,9.60566834121,5962334.46161,5962334.46161,1.00000000,0.98545969,0.97228982,width2_d1_m8,1
6,52,5,123.53047149230414,9.357613375614168,-1.0574876504276955,0.3102803578661404,0.9731696713834588,0.7262383859234667,0.7609237291631976,-0.6711989079940625,-0.032856059225225165,0.6139242246261474,0.15200676619732434,-0.36131552357784197,0.2049788300354915,-0.0938109730954072,stratified_coverage,7.100973542853801,12.59549980289376,10,9.9754929212,1302439.19041,1302439.19041,1.00000000,0.97774026,0.95586268,width2_d1_m8,1
6,52,6,125.32046491803533,10.409584254294973,-1.5424911138436843,-1.281448133587016,-0.04929174914217582,-0.5515103944598303,0.356113673366681,0.9944710621756858,-0.5538134566780649,-0.033769558786495346,-0.3498145208315959,0.22704025857180177,0.2310494097555142,-0.17197330132639876,stratified_coverage,6.867880426937823,13.121442944121403,9,9.81509776267,4183048.41837,4183048.41837,1.00000000,0.97874816,0.95953823,width2_d1_m8,1
6,53,1,126.82163487035602,11.02618232145948,-0.6843149467231564,-0.005831415175257426,0.20374619824472018,0.6414134549276429,0.9156085122001216,-0.7698732917622413,0.12106365173830846,0.21196745389269012,-0.2057189170540032,0.18448229149776507,-0.3962679920268429,0.3526729345767064,stratified_coverage,8.592133966730504,13.297865306327434,6,8.55894504201,99021.9330336,99021.9330336,1.00000000,0.99906325,0.98186161,width2_d1_m8,1
6,53,2,128.8808989294736,13.301402793392336,-0.3838376207533826,0.6415100400751073,-0.08984301753210222,-0.2294449742380683,-0.3621273818657809,0.2405700934710786,-0.044171080111531785,0.1456320043432559,-0.15256748086404756,0.11260185964345854,0.0779657686700192,0.155915528507191,stratified_coverage,11.921738166389106,14.19512158360471,5,8.06751012703,93381.562536,93381.562536,1.00000000,0.99844708,0.97731050,width2_d1_m8,1
6,53,3,123.23540278407573,8.891531750086632,0.022202658389605556,-0.9172662093634427,-0.09604807030679408,-1.6173450181851778,-0.9417204064371193,-0.23853588826160987,0.3381356393162609,0.4355023827706517,-0.21242541428669598,-0.0802038240214521,0.27273624372059263,-0.21114562828497402,stratified_coverage,6.825609764309069,12.407844986230534,10,10.0124892929,10176469.0883,10176469.0883,1.00000000,0.98550572,0.97156370,apodized_d3_m10,1
6,53,4,123.68619957447407,10.059869553163804,1.1577933789403412,0.27154895987801897,-1.089913841356172,-0.0953734715580028,-0.05036909699188152,-0.40804518328046624,0.189375202161836,0.43139524230386517,0.38015269769294413,-0.1393060028418358,-0.24638846906248038,-0.13735548546000448,global_random,7.292308683708819,12.132103593580709,9,9.9605563169,7773568.52081,7773568.52081,1.00000000,0.98801034,0.97624506,width2_d1_m8,1
6,53,5,128.35681835610643,9.574179681372597,-0.456687286254724,0.8253643896809746,-1.4821712189442402,-0.14964795733874459,-0.2538111657610219,-0.31331050299920515,-0.004141447381121766,0.3001424050872459,0.0071824667107058815,0.060587136648555306,-0.3660880740091799,0.37485411648833294,global_random,6.797380234227494,12.640415318100278,10,9.59370535662,3906872.55032,3906872.55032,1.00000000,0.98503646,0.97093033,width2_d1_m8,1
6,53,6,126.03202232621922,11.032216415794508,-0.8942864159272079,0.05200188802911532,0.42473379894045515,-0.5379339389745044,0.10574450530240131,-0.42486578911185147,0.3317520233052904,0.15987655886421237,0.42774970827978154,-0.37116363036450384,0.10460385356633556,-0.06263931848240334,global_random,8.859307279865302,12.709494066486165,10,9.78543948217,13430854.3288,13430854.3288,1.00000000,0.99468672,0.98881088,width2_d1_m8,1
6,54,1,123.69313012933668,13.178912662668306,-0.589188934778155,0.3904860565548851,0.1532039601541133,-0.48934855145088463,0.032664535803351546,0.03708111545941728,-0.10122707944973738,-0.16001866646264346,0.18690591610136276,0.16379737289027613,-0.12517020414179617,-0.1458798678939529,stratified_coverage,12.3366212898333,14.994797504045797,5,8.43968536278,96712.5826993,96712.5826993,1.00000000,0.99750015,0.96809952,width2_d1_m8,1
6,54,2,128.03921979893607,10.340821967391527,0.6844579672410096,1.031048382055824,0.09899954891474994,0.14523542830850644,-0.3702418451732906,-0.7969796191580012,0.6267159733918903,0.3620902606926151,0.2693188789569886,0.29712211215417383,0.21183646408571383,-0.38175742039243593,global_random,7.60933674965792,12.784465183164514,5,8.53233069865,100086.841838,100086.841838,1.00000000,0.99702376,0.98267138,width2_d1_m8,1
6,54,3,127.16029180611483,9.789018091988055,-1.2373042878237406,0.8143928324810883,-0.1673414374993003,1.0426696923186747,-0.02873313171363745,-0.3671149459243771,0.5336517698301808,0.1463879483820072,-0.21039960379204825,-0.19342625937498154,0.4359434416538393,0.41979060391134454,stratified_coverage,7.140130038993342,12.641746484700162,5,8.63668620616,104004.614784,104004.614784,1.00000000,0.98037225,0.92115387,width2_d1_m8,1
6,54,4,129.91524694947293,10.565584038927518,1.1121169942011835,0.40230275337749344,-0.22921972800384283,0.6066255004307124,-0.3738872808012328,1.0520505807434999,0.5322486138603628,-0.08451087095532017,0.03226885389096801,0.2886782975810842,0.39525282403687284,-0.1612748613231726,stratified_coverage,7.901431295983369,12.66316535034622,8,9.50457604464,4550426.65233,4550426.65233,1.00000000,0.98783294,0.97662974,apodized_d3_m10,1
6,54,5,128.21959147395174,9.500926840404537,0.8561608301800887,-0.861388495502373,-1.0052803640477026,-0.1334250937032444,-0.5760386150458185,-0.8338768036674696,0.18619349563033027,-0.613038113913844,0.04279685706678993,-0.010690791749421003,-0.03958220063483314,-0.14418232505965073,global_random,7.128597161606217,11.604336826696512,10,9.61359794472,10667650.6554,10667650.6554,1.00000000,0.98743310,0.97455649,width2_d1_m8,1
6,54,6,126.65338883000136,9.043631528322493,0.11161013126841146,0.01398294992889948,1.2376896905642811,-0.4856659113606392,0.5267888678491957,0.3020774447116672,-0.12389886436975495,-0.06422874733214101,-0.49598738818599636,0.18831226111450738,0.005543651896863011,-0.055540370068656975,global_random,6.674744534513135,10.458374411520825,10,9.71678254308,10284988.5098,10284988.5098,1.00000000,0.98980451,0.98035825,width2_d1_m8,1
6,55,1,127.8829807736307,8.899199609405253,-0.21585907357130174,-1.5294764758906298,0.10952361020165857,0.2115405267108328,0.17740076071660327,-0.22859887630721143,-0.18602046549845674,-0.31615623084074174,-0.29220731167282377,-0.26710034526067145,-0.2540002485240489,0.2044035439831085,stratified_coverage,7.195321335002088,11.143720261345445,10,9.62428786724,8091468.80722,8091468.80722,1.00000000,0.98941712,0.97958084,width2_d1_m8,1
6,55,2,128.95969775043008,9.147415347708801,-1.12866350260737,-1.5571222494194181,-0.22622605400412366,0.17434199587192323,0.686200047471798,0.7320262411372997,0.3788990172633675,0.08056368793781243,0.44314182970305005,-0.3292925431746019,-0.1886145228793139,0.35449186243268377,stratified_coverage,6.583266785872652,12.717696502173524,10,9.56689618062,6887972.01335,6887972.01335,1.00000000,0.98287755,0.96563469,apodized_d3_m10,1
6,55,3,123.11607802942979,10.58682777948945,-0.45573734494254214,0.8672016721313831,0.6998162232490117,0.4800130525345436,-0.6863576483052714,0.08464907272201705,-0.7701462071122939,-0.008089997495245749,-0.31442664487560834,-0.21514661002533625,0.44751936871616665,0.35128878021981763,stratified_coverage,7.938739450015864,12.941418195566776,10,10.00173275,2170264.12693,2170264.12693,1.00000000,0.98223664,0.96675111,width2_d1_m8,1
6,55,4,125.9563214917782,11.29933350605849,-0.6881788584928874,-0.750752330111552,-0.22093410394285162,0.5119229639955278,-0.9987142497194115,0.8882545180740877,-0.5135535228408689,-0.017352818278318027,-0.283321706593568,0.24486418467058835,-0.22272897362594068,-0.11169934281572624,stratified_coverage,8.202110534399205,12.891205852923873,10,9.77037328843,5324524.82273,5324524.82273,1.00000000,0.98680821,0.97536062,width2_d1_m8,1
6,55,5,127.38176982367139,13.380219290461843,-0.36038887772956707,0.6244683121427101,-0.47113507445367825,-0.32648261648589805,-0.07070787492649921,-0.005207593674058764,-0.2566410612173413,-0.04518477942699456,0.1898358013383462,0.08686719133367776,-0.06812291190761866,0.14629918547704593,stratified_coverage,12.25209624503787,14.837332138589257,5,8.16471600375,94128.4718148,94128.4718148,1.00000000,0.99734957,0.96755428,width2_d1_m8,1
6,55,6,128.86109296938506,8.611460462730252,0.966966350165277,0.3509445096682158,-0.07118089555634288,-0.031202062165309075,0.482538493928941,-0.5018468779587859,0.49264573404002476,-0.7418981310427979,-0.17059511909860825,0.20455993833532515,0.11187883139522786,0.014320911812568615,stratified_coverage,6.705657563409241,10.756837782587086,8,9.57185125812,15031333.192,15031333.192,1.00000000,0.99119682,0.98293959,apodized_d3_m10,1
6,56,1,122.70771604984051,9.743044087549519,-1.6523112246385603,-0.4638466150874603,-0.9173348947843263,-0.36386995354765683,-1.0071663327411833,-0.5256643017923603,0.5438914643955814,0.2339559222260843,-0.258345742884235,0.44385248548446554,0.3751593814777748,0.05482126863620557,stratified_coverage,6.7470309304769955,12.663420610284101,9,10.055513493,3053952.79718,3053952.79718,1.00000000,0.97434673,0.94865017,apodized_d3_m10,1
6,56,2,128.3525251734974,10.380440011421992,-0.2349027947364417,-1.3629446462342274,-0.7921443297253543,0.4452773034948352,-0.7327998712073895,-0.15955046677877505,-0.5261107156129086,-0.2624525591270104,-0.13183193406365412,0.2201514199479837,-0.2592550188703426,0.19907261497496181,global_random,7.703029905793996,12.39077492308798,8,9.58456263597,5161592.66839,5161592.66839,1.00000000,0.98657766,0.97476542,width2_d1_m8,1
6,56,3,126.80724802126684,11.53921406381245,1.4505737327136443,-0.8178501733861443,-0.5275048265491624,0.4107721556502477,0.20178899322251076,0.2691680943151895,-0.061048473860113694,-0.30508070121567316,-0.02995377436674662,-0.2827575955182298,0.246259344460317,-0.13485100743411127,stratified_coverage,9.346776905676471,13.177347358797249,10,9.71519689585,5728273.67963,5728273.67963,1.00000000,0.98904094,0.97860168,width2_d1_m8,1
6,56,4,128.4122431670882,8.0,-0.11913142282075032,0.3365312156304415,-0.4207741336397969,0.1450848346038448,-0.1315718342592658,-0.46230458534292385,0.3274702793226246,-0.1378528592615297,-0.13442520508980862,-0.040465411343427744,0.027871898072049504,0.10712737388383921,highQ_anchor,7.2519216709377945,9.537705971520502,8,9.59762476767,30026649.288,30026649.288,1.00000000,0.99746085,0.99451723,apodized_d3_m10,1
6,56,5,123.28309735192731,8.774614432359087,0.15510301429430262,-0.6378252549334498,0.6981753396737698,-0.8998241229891857,-0.048972375604963814,-0.5973330525048097,-0.5912764163547051,0.19236554218779423,0.5166172052843532,0.06327303288808606,0.4074057932703628,-0.021800317882878728,stratified_coverage,6.625227188151961,11.2244699154243,10,9.97714804164,4054914.60023,4054914.60023,1.00000000,0.98620559,0.97425881,width2_d1_m8,1
6,57,1,123.42141857589174,9.398667086578342,0.9282262630672387,1.6167639841630357,0.783249409104555,1.4514976057015978,-0.5981902996176135,0.22943188748886922,0.19779084957343562,-0.08739366217024647,0.5067064820358118,0.3235154664234364,0.1760944044679969,0.24757320857958104,global_random,6.91671704448197,12.940630591790706,10,9.9899237273,2992044.24828,2992044.24828,1.00000000,0.97845909,0.95683091,width2_d1_m8,1
6,57,2,128.7288990186368,11.03647800905288,1.4800875573424581,-0.4925005428816893,-0.21807688198361586,1.4654378312432874,0.6042797428323214,-0.7542461187048146,-0.1263213051704648,0.0044495461540208225,0.33848167886044356,0.17722427360769732,0.09119487270972954,-0.0988086090062929,stratified_coverage,7.655856240433537,13.39202860001344,5,8.40447556011,97827.7644864,97827.7644864,1.00000000,0.99506768,0.96755458,width2_d1_m8,1
6,57,3,122.00448529426335,12.8130635638842,0.07454443347876827,-0.09198695365683696,0.5796558445796888,0.13879613902410293,0.05743725296324664,-0.29658390908984655,0.2686107508948113,0.07943280641055633,-0.06939489179138303,0.11627224239084488,0.10410825694952205,-0.07730051238313608,stratified_coverage,11.905600241511717,13.831774425139047,5,8.60544029399,98603.0716756,98603.0716756,1.00000000,0.99978077,0.98205085,width2_d1_m8,1
6,57,4,124.16942491010441,8.567208199900131,0.5247461371296729,0.9584113676389792,-0.2967080930887309,0.14201783684198532,-0.3794644505541258,-0.640375752696412,0.1507454157402458,-0.5714905027761996,0.5263174549627125,-0.4184007532460133,0.37626936671548655,0.1521916581023987,stratified_coverage,7.149568369039634,12.15057044976297,10,9.93087285111,5063847.51009,5063847.51009,1.00000000,0.98987747,0.97956731,width2_d1_m8,1
6,57,5,126.22609816620258,9.980266316359083,0.14550057347428558,-0.5711347866768737,0.8363847272373695,1.3799870790849698,0.6006682537799928,0.9018722618961847,0.5035985497737694,0.44279837797744603,0.01403656567511169,-0.47746640356866715,0.27106408364901374,0.4093527696690376,stratified_coverage,7.361333963924689,13.077904376411842,5,8.68911877636,101954.579128,101954.579128,1.00000000,0.99803679,0.96445145,width2_d1_m8,1
6,57,6,128.0696002829966,8.755207038599789,0.1746979662351314,-0.8999424373492625,-0.4989332302190562,-0.36455891612770985,0.10974816846107831,-0.28623345194201066,0.2544125033470213,-0.42932437286700365,0.12523109542310523,-0.04630735305563347,-0.10110014162589001,0.2241383359361435,highQ_anchor,6.917858419953764,10.41680295195428,8,9.62424555607,15259304.0288,15259304.0288,1.00000000,0.99394142,0.98734580,width2_d1_m8,1
6,58,1,127.3206050929031,10.438956240822076,0.7597347894251572,1.3789964154426801,-0.3692901570596765,0.6995286726477816,0.5923912228912103,-0.5137763357863951,-0.48835398329221036,-0.6722933869005049,-0.2793498918545604,0.17491604893961477,0.28566590116480045,0.25166715829825276,global_random,7.053647355396331,13.13937674685732,8,9.6640811148,3791288.54345,3791288.54345,1.00000000,0.98198616,0.96581680,width2_d1_m8,1
6,58,2,124.42492423113863,12.45637703731563,0.281874834941781,-0.12380837212352758,0.2758581650506826,-0.2396792528925647,-0.011739472158777353,-0.29538512764609526,-0.09399487293971609,-0.04502243986726387,-0.11618327719170847,0.04006849640487309,0.06202741522533553,0.016645539162984224,stratified_coverage,11.812851332172455,13.53401988042816,10,9.89834063576,12082199.8706,12082199.8706,1.00000000,0.99827532,0.99706090,width2_d1_m8,1
6,58,3,126.5864099711147,8.162408728009176,-0.38587458432583577,0.741749282367798,-0.9244171400914657,-0.186142967021383,0.16006078432737936,-0.03568106183365738,-0.12154340820827803,0.7899975305506153,-0.009328264926877772,-0.22692009900153354,-0.10044801306862894,-0.3933452630569489,stratified_coverage,6.774661416340327,11.071557872801916,8,9.72456690033,7269467.80076,7269467.80076,1.00000000,0.99035189,0.98135359,width2_d1_m8,1
6,58,4,128.91132546881934,9.02374490889796,-0.7764793010522291,0.5763146207793906,1.1448598449555172,-1.4293364067907717,0.2169475100031788,1.0919573652808223,-0.2675259260438848,-0.22957851317403388,0.19979105479258807,0.07887393553875621,0.34920257356065415,-0.31045064599563965,stratified_coverage,6.525359684575248,13.112980307069503,9,9.54978382724,5067879.67965,5067879.67965,1.00000000,0.98280342,0.96667742,width2_d1_m8,1
6,58,5,122.26903151804467,10.233931182759635,0.7543791814027574,0.5044288214065973,-0.7646865737862119,0.9775548056921137,0.04671993279573039,-0.3825739720721445,-0.6765495306488751,-0.4720370989630164,-0.018482200692988893,0.25241108048876726,-0.31470673314053454,0.08149860077842014,stratified_coverage,7.695371431678515,12.530468410545973,10,10.0592860159,4492757.1221,4492757.1221,1.00000000,0.98723983,0.97653031,width2_d1_m8,1
6,58,6,124.56984027096472,11.302508021836116,0.5348293780097935,-0.5513254394726281,0.5982043046456489,0.4424789777729521,-0.29173327085028855,-0.26302115514199265,0.19848479996465684,-0.6069289807655812,0.18540248586695995,-0.4471314135021461,-0.062084424653953973,-0.0726253325742548,stratified_coverage,9.084003328504089,13.427098404915114,10,9.89598771958,11613777.0033,11613777.0033,1.00000000,0.99424233,0.98832253,width2_d1_m8,1
6,59,1,124.97641063448741,10.26744177142183,-0.014971973117884119,1.3599030365307265,-0.07674154106951958,0.5165405587578438,-0.7463160247963792,-0.42434641069123924,0.14156240665479947,0.2589678357344405,-0.23580106409679452,0.20375665517164165,-0.4416186051136805,-0.4431041602054549,global_random,7.959176697296893,12.958051045475521,8,9.87378820605,2334816.01958,2334816.01958,1.00000000,0.98362959,0.96734429,width2_d1_m8,1
6,59,2,129.30231526789052,8.960762666063797,1.2103224766336402,0.26249682297671395,-0.05192949598205221,0.8432991943184913,-0.029608046246195174,-0.01208194200469448,-0.010200067039207283,0.7058007814243517,0.015004826617871836,0.3881951272240902,0.11180954535795068,0.40033318499972376,stratified_coverage,6.606618246023874,12.030636570925642,8,9.52799561523,6537115.4328,6537115.4328,1.00000000,0.98833613,0.97691896,width2_d1_m8,1
6,59,3,128.9782698070583,10.347503489693516,-1.2292381746715968,0.059913979537152606,-1.3185477970016657,-0.5706657235274295,-0.007862044935952106,-0.13323524047358704,0.4065913860442367,0.7033678641295247,0.5450250149591356,-0.24790306755108354,0.13754020741681655,0.28427327213656933,global_random,7.574872598758367,12.663953976799538,8,9.56955433564,4351808.43691,4351808.43691,1.00000000,0.98381036,0.96751495,apodized_d3_m10,1
6,59,4,125.40538205204058,10.757275298973195,0.06529339680678392,1.152924253256434,-0.8243720952225124,-1.3446981241246754,-0.9523040342563167,-0.8340851826814737,-0.22626240891148675,0.42609472586920094,0.24965175704546216,-0.12364566608519612,-0.1828754672860201,-0.1475788979104135,stratified_coverage,7.153503731210728,13.452375731806603,9,9.81995825341,6248245.14841,6248245.14841,1.00000000,0.98197433,0.96500384,width2_d1_m8,1
6,59,5,126.30093442401571,11.880586045809151,0.508762144259884,-0.09313818262733253,0.42761896364383634,-0.6381098296341743,-0.974607854115678,0.41202993623289674,0.16176976822477251,-0.7328177960728596,0.37190180458272826,-0.2947573945071969,0.16023921068152175,0.014285579141333049,stratified_coverage,9.623611273944075,13.438676432412851,10,9.76404769598,7352958.93728,7352958.93728,1.00000000,0.99168336,0.98328454,width2_d1_m8,1
6,59,6,129.6280964587822,13.108882779441586,0.1445237828279391,0.010896104566855191,0.26080858694001685,-0.2513357842818098,0.2700271085091339,-0.13447083323191322,0.26164201433122475,-0.014200631632334204,0.03998252475272457,-0.13423702609569982,0.03229372821419496,-0.1425973253655956,stratified_coverage,12.622501164061152,14.359175361436643,10,9.51062805957,4473626.16903,4473626.16903,1.00000000,0.99440266,0.98844758,width2_d1_m8,1
6,60,1,122.80593705553264,9.197270763876896,-1.0413910098345323,2.1247113146369365,0.021459091111497353,-0.6708054940154002,0.3483716901705607,0.4447927379081069,-0.1614025390277638,0.38186684951111416,-0.19392936570064762,0.02950127602316055,0.1287077649536798,0.3038237852595928,global_random,6.9710568600556995,13.23666672933429,10,10.0306599875,3048438.82515,3048438.82515,1.00000000,0.97895469,0.95862620,width2_d1_m8,1
6,60,2,125.3675130001484,9.42762703039177,0.9068372558563578,0.5674388836565827,-0.7220952340464395,0.7549825795336347,-0.8983888407062767,-0.5199504382176248,0.7199137772239614,0.1930921303682649,0.4942688641657669,0.47749684884239607,-0.31748821990845205,-0.03699456894075215,stratified_coverage,6.542392758146127,13.235021644840291,10,9.85524595863,5981769.27419,5981769.27419,1.00000000,0.98552360,0.97354656,apodized_d3_m10,1
6,60,3,127.70324627901924,10.365900634255848,0.7341690150939346,0.4816126828190703,0.9638698069849354,-0.45546398729328064,0.3776551264776067,0.8392008771494646,-0.4171941227215422,0.39902887437698675,0.36815888770865246,0.48775403039292153,0.009645497726483265,0.010716754517365923,stratified_coverage,8.44547660137274,13.38645963929664,8,9.63422732101,8692582.85965,8692582.85965,1.00000000,0.99068730,0.98273215,width2_d1_m8,1
6,60,4,128.43622480030479,11.01041689297057,0.25586226759900743,1.144931009976892,0.08375055367090223,-1.2769608844664142,-0.15933413988541745,0.6296675624831276,-0.3173129494644947,-0.0333710362627182,-0.4938568169470494,0.5469670381555647,-0.13077800781470234,-0.17835152519333075,stratified_coverage,8.07447766668958,13.399203233835555,8,9.59193043165,6355208.29557,6355208.29557,1.00000000,0.98744911,0.97570786,width2_d1_m8,1
6,60,5,123.30205657597567,12.990614103026214,0.6728869337779357,0.35916845316417123,0.048186422292852304,0.4831080762129688,0.18651283565967225,-0.15140854432157608,-0.04844091386878693,-0.14442354546400804,-0.11352973965003232,0.10811701250711225,0.08826981565704856,-0.06783289924358077,stratified_coverage,12.025682805031066,14.085278949135807,5,8.49799277733,97439.3088816,97439.3088816,1.00000000,0.99731421,0.97033321,width2_d1_m8,1
6,60,6,125.72667493621756,8.805406311858844,-0.491991895289001,-0.5348148428059345,-0.4081318447608564,1.6069557232976555,0.4347015478206131,0.6395883437423988,-0.7752064021996937,-0.6773466838075901,-0.4408669389146058,-0.220944103355466,0.19965625455658859,-0.05200385389504031,stratified_coverage,6.799065338794151,12.787711317463694,10,9.77703694317,5746957.11816,5746957.11816,1.00000000,0.98450299,0.97118657,width2_d1_m8,1
6,61,1,127.90769173716595,9.294464927599858,1.4101276245179188,0.17011737205538457,1.237068599147771,-1.3061978526193696,-0.4595057248557549,-0.4532145789325619,-0.5506345369335452,-0.28580006042505024,-0.1868964312847446,-0.06518418867306902,0.31468397289103106,0.35119198255928236,stratified_coverage,6.605833185710457,13.312651186439414,10,9.6215012708,3628129.22926,3628129.22926,1.00000000,0.97868859,0.95919885,width2_d1_m8,1
6,61,2,124.2400845120206,9.365530160840137,0.15387540867614957,0.5669267208778841,-1.3904702662486992,-0.10133575861670585,-1.0942424594644304,0.0038366543454584345,-0.16699489339050633,0.04716144263005706,0.5236082305941483,0.3228293763522524,-0.2502667833876639,0.19255390816157575,global_random,6.836243155729974,12.554899491819764,10,9.90799931633,5264728.60372,5264728.60372,1.00000000,0.98571470,0.97251816,width2_d1_m8,1
6,61,3,123.83251526851022,11.155222312134654,0.8558675220836869,0.08585728996496789,-1.17368988773423,0.26900123426613765,0.2870932299616962,-0.23172772090076854,0.10129876962868456,-0.20847557434697883,0.5255957230866282,-0.06429796474030453,0.3571202183224533,-0.06129432686656966,stratified_coverage,8.766145729698898,13.346283249681159,10,9.95842631032,3570978.92751,3570978.92751,1.00000000,0.98721591,0.97459056,width2_d1_m8,1
6,61,4,122.69354289093253,10.75827479181795,0.8553745538301656,-0.0364928615235689,-0.6834774010541078,-0.41971714678603633,0.9605814120299998,-0.31195409052510326,-0.6820084464421324,0.20938251898110738,0.27548503723532036,0.2490585881012879,-0.42857355269205927,0.22852724045962963,global_random,6.860592990511183,12.329328850550025,7,8.98630177626,101988.631884,101988.631884,1.00000000,0.99695453,0.96018502,width2_d1_m8,1
6,61,5,127.23893186052725,8.294636861046321,-0.579132315666284,0.17595618607432462,0.31152998974629864,-0.01929182836739307,0.4377205730247222,0.17854054172208578,-0.5286227043605711,-0.6987990303925943,0.10329150173461898,0.09943773351478857,0.13375382123981522,0.2295016719097574,stratified_coverage,6.503478413835778,10.258010902809618,8,9.66064202573,7466856.63159,7466856.63159,1.00000000,0.99256521,0.98672278,width2_d1_m8,1
6,61,6,129.41503998056106,9.440645198321603,2.0014247812469774,-0.49557770029929005,0.20219143669446393,0.3215500289647111,0.17894690997350393,0.5341081404133508,0.6850986722566772,-0.0821666760898363,-0.3475934860695733,0.07951081745732724,0.08774214124311092,0.2860819490807723,stratified_coverage,6.837283181346052,12.66112118501248,10,9.54179772638,10965701.2834,10965701.2834,1.00000000,0.98389098,0.97024143,apodized_d3_m10,1
6,62,1,127.53291027509201,10.101338856454463,-0.3944390087787888,0.6716943573934144,-0.2854679511072491,0.2245843485932102,-0.4490318989738913,0.4227150674268725,-0.23419860826453387,-0.41027243615158826,0.2658031558234888,-0.1866975313720991,0.3899984242127416,0.23217667280419269,global_random,8.56899573044254,12.472801129085047,8,9.65917101343,4619584.55839,4619584.55839,1.00000000,0.99241712,0.98547231,width2_d1_m8,1
6,62,2,125.12125263913393,11.423873243356933,0.13273065632050862,-0.4653328010037536,-0.36398540730582196,0.09851858785115764,0.46557452906608465,-1.043677442446785,0.34482699258081295,0.7249947371135144,-0.5253541462780612,-0.1783701453444438,0.17962928968598718,0.4287875769287363,stratified_coverage,8.07761143704813,13.136107744593511,7,8.57855197409,99851.3632701,99851.3632701,1.00000000,0.99874678,0.96987572,width2_d1_m8,1
6,62,3,127.31965424766557,13.132741763780256,0.1609396819722264,0.6257611650973574,-0.5175314332364161,-0.13801274604265634,-0.1793838346557633,0.3101629959002473,0.0835344661192508,-0.13734759794575654,-0.06215986425570158,-0.1524243655124378,0.14220043894301096,-0.1135188847209245,stratified_coverage,11.70509337308296,14.403819671108709,5,8.18498728171,94807.3035445,94807.3035445,1.00000000,0.99799322,0.97514702,width2_d1_m8,1
6,62,4,128.10817806114574,8.921967750591259,0.12095149904852187,-1.652385711098312,-0.2623943801006676,0.33333907232737725,0.24222247928103235,0.30966170853032104,-0.618961423844294,0.21993157624383652,0.14794398765143368,0.3965552140277355,0.2605370634789161,-0.4173509854108096,stratified_coverage,6.538130596462211,11.97581246672946,8,9.60077037405,4128053.95033,4128053.95033,1.00000000,0.98464212,0.97113206,width2_d1_m8,1
6,62,5,123.54389903361304,9.927146976993848,-1.8877296727668105,1.0556061411067983,0.5836459958684566,-0.4118673656937344,-0.08511220358435212,0.11955229110344545,0.7095372470015828,0.48086674301634935,0.33842391380756676,-0.15243307250706833,-0.01268831434554446,-0.06473910294944851,stratified_coverage,6.99708051272835,12.84205986806194,9,9.99581068259,13831962.9902,13831962.9902,1.00000000,0.98469425,0.97204262,apodized_d3_m10,1
6,62,6,125.3447427895618,10.57497952891479,0.7076490890084757,-0.45556355576800533,-0.5375550392102864,1.0864593083400262,-0.7862368786606111,-0.8948623319957532,-0.5367633075225651,-0.37365468997611306,0.12463894828165745,0.5426444581614058,-0.23311636192342655,0.3965383415298181,stratified_coverage,7.535215223057441,13.234304599953944,9,9.83067642242,3248546.94581,3248546.94581,1.00000000,0.98292421,0.96715613,width2_d1_m8,1
6,63,1,126.92833984174553,11.433940040141964,-0.9897468545790578,0.45257932858634886,-1.0235687603650367,0.9131891234017349,-0.05355391699301215,-0.11215607020923613,0.16663180482893458,-0.1158972048973993,-0.11884331158144795,-0.3371716700440617,0.4050254592598606,-0.3133384946877452,stratified_coverage,8.827829076069163,13.341852141555004,10,9.72771924978,2411150.10249,2411150.10249,1.00000000,0.98311073,0.96605858,width2_d1_m8,1
6,63,2,128.55398420402483,12.829897052918382,0.28727455348945075,-0.5858789687594016,-0.43889365898505217,-0.21224255478399456,-0.304450192150105,-0.2587630643283251,-0.05325878427034103,0.12818984294470415,-0.022709585597993187,0.14024629109150066,0.08274679683560318,-0.04137578005705836,stratified_coverage,11.832932461830596,14.522606896172167,10,9.58283563574,8556878.73612,8556878.73612,1.00000000,0.99669036,0.99372087,width2_d1_m8,1
6,63,3,122.40701073880422,9.01987906176065,-1.1843325330435865,-0.45219866141573983,1.7974077444586596,-0.40325045646668434,-0.8298472239082737,-0.29114978888369314,0.06525445049682121,-0.4985703721509669,-0.410643574561921,-0.29539807479156904,0.006232293183288329,0.2254453253466026,global_random,6.704971332589669,13.345710709542619,10,10.0570398296,4847894.32072,4847894.32072,1.00000000,0.98165173,0.96415151,width2_d1_m8,1
6,63,4,124.85310120838875,9.86212173259531,2.181154047957939,0.9976092439422652,-0.9310180197108803,-0.7796568515643167,0.35662358426418517,-0.9334359456031784,0.6781693329804355,-0.28030112757116954,-0.0595124463075693,0.048435822598846934,0.029417096192915992,-0.07171633740220867,stratified_coverage,6.548271989913839,13.421373001238003,8,9.87847461289,3292302.55125,3292302.55125,1.00000000,0.97192477,0.94519646,apodized_d3_m10,1
6,63,5,126.05575531877399,10.09195850931337,-1.5932068338243401,0.034194794649172966,-0.5217288439092624,-0.12465637943006347,0.3757831562937721,-0.06923032530937334,0.7662536423339996,-0.13520969515060488,0.29912224320093717,-0.4145928836932553,-0.1808378368585427,0.06986405886463837,stratified_coverage,7.458476854578961,11.933441353482255,8,9.80009999269,13116205.693,13116205.693,1.00000000,0.98789189,0.97882500,apodized_d2_m10,1
6,63,6,129.11592259094704,11.053857611807253,0.9666393704477088,0.8037897114213863,-0.8075705261333062,-0.58912570339714,0.42799339645137824,0.9356047996240471,0.3437214691113273,0.11714730782153282,0.4674474793658825,0.1917034324717417,-0.27673776777503034,-0.35185053764494856,stratified_coverage,7.556612467571397,13.00587302151852,5,8.35211290853,97469.785286,97469.785286,1.00000000,0.99918851,0.97609636,width2_d1_m8,1
6,64,1,123.85355505241935,12.389181371373619,0.08973846181880729,0.0753405544577821,-0.27306943261246697,-0.3661098737722681,0.2925440527361687,-0.20562865964648136,-0.4222188807871479,-0.37632923927436246,-0.016630970380891896,-0.009722036383130628,-0.029052278190185854,-0.19810396898268323,stratified_coverage,11.022079239829205,13.415344382855876,10,9.94483899902,2661495.79607,2661495.79607,1.00000000,0.98967439,0.98031916,width2_d1_m8,1
6,64,2,124.12710065654792,8.653898119283415,-0.17407009529070194,0.6625662516189412,0.002612556852780612,-0.24206279368996197,0.7549770739471728,-0.9150643770710506,-0.12327794571871065,-0.5780392946675339,0.4551960736478642,-0.2058040747368436,-0.09693335983871854,-0.05269970580513528,stratified_coverage,6.828413304120441,10.429397635748241,10,9.91817628154,8084948.94112,8084948.94112,1.00000000,0.98909343,0.97878809,width2_d1_m8,1
6,64,3,126.59546433044918,9.18686996599407,-0.9741102186417903,1.4306900101822038,0.22659064255578198,0.300060008375475,-0.3356021466480136,-0.16416178716340435,0.12633543058973928,0.3324666990682532,-0.25702752021085906,0.4055026504447159,-0.14942569465710925,-0.30249127157929345,stratified_coverage,7.144121415812341,11.536672015391982,10,9.73072119467,5233552.80026,5233552.80026,1.00000000,0.98510302,0.97043937,width2_d1_m8,1
6,64,4,128.96846750558936,10.312885377246284,1.3585269715083714,0.8601578657072655,-0.7335523437527169,-1.111958564267062,-0.25948219944074846,-0.4238963229122169,0.0806080965502447,0.394911814678514,0.04021177442645529,-0.4324477619678219,0.21936312863363544,-0.16525932038087965,stratified_coverage,7.416655628170969,12.616379529722675,8,9.55721216316,5389198.66012,5389198.66012,1.00000000,0.98391856,0.96783299,width2_d1_m8,1
6,64,5,122.6221209060682,10.201990038556412,-1.1268487614769913,-0.19729277086311248,0.7648887119544778,1.4826107303032028,-0.4969746825003226,0.7131678778776958,-0.03902205982243312,0.3648737530525237,-0.33360789291015525,-0.04247355322322244,0.12389591789049686,-0.1521677305092311,global_random,7.599829551537301,13.087566344304062,10,10.0459981618,9368120.43987,9368120.43987,1.00000000,0.98590590,0.97230651,width2_d1_m8,1
6,64,6,125.62046845056769,12.922745202496467,0.01958246886112769,0.15061441678345033,0.41583018133489513,-0.09553137837689663,0.22949642519885216,0.3305242644262121,-0.2451487976908949,0.06153982807606867,-0.0988429100105809,0.09081581659229798,0.07180131705761261,0.11934802939268638,stratified_coverage,12.055015328935852,13.842881540016549,5,8.38088409234,95922.1252568,95922.1252568,1.00000000,0.99976110,0.97509557,width2_d1_m8,1
6,65,1,127.53527299482106,8.755387237044555,1.1876675761866564,0.9707809569122534,-0.35048919028444026,0.9077502851626555,0.5316577848393222,0.48288129406075764,-0.4017975197742253,0.6965879185099009,-0.2948462670802177,0.10553314897385957,-0.048664911198119,-0.21614053130635882,stratified_coverage,6.521901810702129,12.572363773581287,8,9.64454550036,8732391.00662,8732391.00662,1.00000000,0.98565055,0.97263719,width2_d1_m8,1
6,65,2,128.49604196734245,8.382848634867504,-0.012489113507424387,0.3708482205232903,0.21466919979093074,0.5801818088447972,-0.278225046273338,-0.3909625395978267,0.4083479225650363,-0.15761585140366186,0.0854570533721645,-0.05289833454014716,0.1713898698862116,0.0772976682637078,highQ_anchor,7.360058977568421,9.845523048505878,8,9.59563126448,27044574.2707,27044574.2707,1.00000000,0.99653145,0.99336714,apodized_d3_m10,1
6,65,3,123.02088242495574,10.280495757698732,0.7888716059880023,0.038559990863808125,1.0225618049948497,0.9906027345701991,-0.6796645086156826,-0.14354920269299765,-0.3085690054790677,0.12581307170895162,-0.07550169088289616,-0.44614532587980604,-0.1038787100480974,0.012975703038210218,stratified_coverage,8.249894170610816,12.909152894831651,10,10.0069334684,10278196.1516,10278196.1516,1.00000000,0.99072659,0.98233992,width2_d1_m8,1
6,65,4,125.59163068774333,11.047037015069893,-0.29864008057969116,0.6878031240976612,-0.6600017789346888,-0.9483132358180199,-0.08946894310458542,0.8823297395056287,0.5738815412198799,-0.4819452992849977,-0.17078803782661928,-0.2322140696251715,-0.20981054424582551,-0.03082070891789246,stratified_coverage,8.157579742137429,13.102343032261645,10,9.82748203369,13448299.846,13448299.846,1.00000000,0.99145734,0.98386081,apodized_d3_m10,1
6,65,5,127.20553034223322,12.762478640588695,0.5689584668840313,0.42498231469605896,-0.09435718992007036,0.31125689946488244,-0.03090075920670432,0.20041605442915023,0.19806827416815936,-0.2225636683002646,0.15024633616204786,-0.15737508759716495,-0.08215288781582382,0.05229248973574743,stratified_coverage,11.95194603339099,14.01828948392149,10,9.68886765207,9957591.19697,9957591.19697,1.00000000,0.99710989,0.99409469,width2_d1_m8,1
6,65,6,129.26857919749196,8.262235373223612,0.08163206356900243,-0.4648937838636009,-0.13745812641200295,-0.8173804825288884,0.21730919084921707,-0.7554691696646154,-0.07347948724941422,0.3105081879909477,0.2622794426966407,0.00629968337498199,-0.1676086203542484,-0.15428375862716676,stratified_coverage,6.517809405742761,9.665739286932496,8,9.52482867069,12364729.9997,12364729.9997,1.00000000,0.99246674,0.98513390,width2_d1_m8,1
6,66,1,122.01944871271783,9.22864788748624,-0.12174679514986808,0.5712491930886552,1.4456182562100401,-0.999476578952425,0.6019834684694987,1.0325080330600418,0.15418764570454557,-0.2636902328210253,0.3398670270287364,0.21263024130124042,-0.07393517540945033,0.23818297539007088,stratified_coverage,7.532203494907269,12.883226409866083,10,10.1052764183,1599340.51,1599340.51,1.00000000,0.97926823,0.95846527,width2_d1_m8,1
6,66,2,124.59962488655358,10.383758443724187,0.5394574081686372,-1.8708969455951656,1.4215503997500967,0.7295971909011636,0.21649425607335915,0.09319961614213379,-0.46718389549390604,-0.4960578903611884,0.09460991221464388,0.2335316425673779,0.0011205811741131777,-0.44393702630121346,stratified_coverage,6.673477077470904,13.34272825275962,9,9.87719499203,2835875.28254,2835875.28254,1.00000000,0.97095548,0.94408664,width2_d1_m8,1
6,66,3,127.17422473964288,11.407321739342873,0.08790325903738605,-0.437732431176558,0.6933935234063371,-0.8257299320539411,-0.5517747450122389,-0.15385292594582722,0.5333774812963383,-0.10372533659071581,0.36613919459697786,0.2190063137581374,0.22479898035874163,0.2296388177075946,stratified_coverage,9.369862470881085,13.0207575882877,10,9.70670212494,5750006.41947,5750006.41947,1.00000000,0.99201096,0.98420356,apodized_d3_m10,1
6,66,4,129.5776622087416,12.774112135744943,0.7408803987139205,-0.1391326893434951,0.4443040113390869,0.05107626489972383,-0.12773637658694126,-0.1552123253200324,0.04867600272923467,0.10727787323550281,-0.16971303797919557,-0.15875973227810253,0.06921390699194913,-0.07141008815651645,stratified_coverage,11.623600976289136,14.020908208897842,10,9.50817264019,11460462.2064,11460462.2064,1.00000000,0.99728728,0.99476125,width2_d1_m8,1
6,66,5,123.02457132638209,8.411922034239417,-0.37908522213567175,-0.09954139940227114,-0.5583379967464646,0.5247740167520119,-0.3221544634855491,0.7865579833392178,0.20190075494820103,-0.7840466205328588,-0.41828474599432675,0.14540463252203706,0.08339406136089894,-0.1163304001263154,stratified_coverage,6.842857929227394,10.729075979347307,10,10.0185479561,9704049.52911,9704049.52911,1.00000000,0.99087860,0.98148166,width2_d1_m8,1
6,66,6,125.9839873996051,9.722368337315853,1.065585179647731,-0.8319401175489887,0.29878134485062646,-1.081343721746836,-0.35640614101014156,-0.1764652769768772,-0.3094183366104538,0.09259730302621738,-0.5291244063386762,-0.34661532469835754,0.08222712562561357,0.4312247758513646,stratified_coverage,7.605697462431981,13.492359895823867,8,9.7771353841,553821.564423,553821.564423,1.00000000,0.96519743,0.93112045,width2_d1_m8,1
6,67,1,127.5480045655253,10.671783815107148,-1.1996065917340026,-0.847577885259958,0.634203630603934,0.7860774779471618,0.8688629978165556,0.5624116578083749,-0.39443348712156007,0.7462154688384763,-0.35101189801776844,-0.2630605226805223,0.27564648470499126,0.2566930173225859,stratified_coverage,7.244861656398935,13.107525755475521,9,9.65335457451,3982025.76411,3982025.76411,1.00000000,0.98144165,0.96438955,width2_d1_m8,1
6,67,2,128.88895688466633,8.631423459798173,1.1671804888432,-0.5896545908182222,0.23585723009143067,-0.025866000409477632,-0.21043081503353142,0.008088848870496355,0.23725145792466787,-0.05590000417089744,-0.11948211051775054,0.001446018528673427,0.17133478447417247,0.06888144793785259,highQ_anchor,6.983897773908874,10.125743901054767,8,9.56155723148,23292259.7764,23292259.7764,1.00000000,0.99340633,0.98627461,width2_d1_m8,1
6,67,3,123.41507897111667,12.654615665554145,0.5137136058013387,-0.04217701920482231,0.6062093698807239,-0.4461245182175621,-0.2374714757987901,0.1860900821042073,-0.17423758386134103,0.2164389392116614,-0.07936392290267935,0.02809528364368205,-0.10003987446206555,0.11429251676799443,stratified_coverage,11.364459654061886,13.90850150376624,5,8.56762217847,97919.4925411,97919.4925411,1.00000000,0.99831514,0.97144563,width2_d1_m8,1
6,67,4,124.02919853015268,8.84664250168662,-0.10965001135794461,-0.6665279468100931,-1.4564379125516644,0.9807308498502778,-0.5556109285185805,0.7330456450227276,0.23960622137080945,0.23522539714863244,0.3466777102672304,-0.51372668384963,-0.2756991673738183,-0.2697726730781579,stratified_coverage,6.623688413406117,12.90832078052306,10,9.93895930852,6663842.05454,6663842.05454,1.00000000,0.98410846,0.96827712,width2_d1_m8,1
6,67,5,123.02297913939458,9.945543068731533,-0.7395009923240299,1.9018839078079024,-0.8402906235810089,0.6255144914276871,-0.9179041928907312,-0.1361305463629534,0.011155925700414016,-0.08613673672108157,0.027288939077075747,0.2410601810196975,-0.06427343315837997,-0.44439599309242095,global_random,7.3848925900083415,13.184360838087429,9,10.0115312258,2016973.7465,2016973.7465,1.00000000,0.97685394,0.95461912,width2_d1_m8,1
6,67,6,128.54472478732134,10.989368754292956,-0.1609196530008803,-1.28586555741329,0.3546089952791738,0.25749352151912475,0.7017675074820238,-0.080870630710139,0.4498992524550782,-0.2326943493380086,-0.0009477643601432106,-0.32129915002074555,0.17930523661901282,0.1189002593335538,stratified_coverage,9.325417704252894,13.17739762460102,8,9.593220135,14026315.0381,14026315.0381,1.00000000,0.99336582,0.98627923,apodized_d3_m10,1
6,68,1,128.79859992023194,9.060151201881318,1.9284017715192414,-1.0465077925738882,-0.3460458947091427,0.18964863917113695,-0.6613468380826161,0.9823063392955049,0.234465354054054,0.12910067171493278,0.09911116433390421,-0.18188126900752072,0.0971975707676464,0.1069178643988184,global_random,6.549487972080849,12.209100638309996,8,9.56812535113,13654680.3012,13654680.3012,1.00000000,0.97976884,0.95949867,width2_d1_m8,1
6,68,2,125.7206520188683,12.868862133199588,0.24568210733628404,0.42773245256100645,0.2854523773720913,-0.1809596658440632,0.17206875922460463,0.06365150209947923,-0.024041595864508936,0.13777319052676884,-0.03138410174082548,-0.10666453592677377,-0.05023903269058583,-0.15551645059123362,stratified_coverage,11.9375749673543,13.548523805691051,5,8.35859494423,96193.9857215,96193.9857215,1.00000000,0.99883079,0.97664062,width2_d1_m8,1
6,68,3,127.87319987936745,8.833937682179506,1.5672508653905837,0.2706961240486039,0.14574179277646038,0.6658151037486844,-0.604279267546975,0.4360772008442959,-0.09994634117719858,0.5160913225828769,0.15846405274593456,-0.2043757918570837,0.2562652205103743,0.08698708264442062,stratified_coverage,6.856336846671599,11.58065676500403,8,9.63155875647,9324542.52635,9324542.52635,1.00000000,0.98775826,0.97583664,width2_d1_m8,1
6,68,4,128.67633447471152,9.625388024633672,1.3846831344048853,-1.1050873636723781,-0.0667532628678511,-1.0835141541618758,0.9301381599978784,-0.17224307001832484,-0.7307733850421629,0.027088224254028126,-0.21016012879171386,0.00924135625940059,-0.1727673730648039,0.31359092316657894,stratified_coverage,6.509744148893813,13.400840548370903,10,9.55342665899,3079735.95717,3079735.95717,1.00000000,0.97791055,0.95826000,width2_d1_m8,1
6,68,5,122.8822763608586,10.877562863158962,-0.7989387828983165,0.12489976511200851,0.33702869557506676,-0.7725922358802304,-0.4107770714555995,-0.1261770005904782,0.6603607716564699,-0.33880162728823554,-0.029788339870115643,-0.4006347380917346,-0.21101057551572866,0.44246457526728517,stratified_coverage,8.803386188636564,13.041603997815534,10,10.0609870445,2708438.36627,2708438.36627,1.00000000,0.98642494,0.97405103,apodized_d3_m10,1
6,68,6,124.39756234283438,11.738903822871382,0.8109108622481438,-0.3043213647166778,-0.47961019157537166,-0.5789717397955836,0.4458802572311398,0.37560276235367684,0.15264242095482317,-0.032188714304710375,0.10623681370803129,0.5327626587225451,0.11283169905782303,-0.08736009330644645,stratified_coverage,9.133289391879654,13.255659633177542,10,9.9093277192,7767696.29962,7767696.29962,1.00000000,0.99285040,0.98571472,width2_d1_m8,1
6,69,1,129.74708912229815,8.0,-0.776669470627112,-1.3982946034627062,-0.22253627007364468,0.22576936931317199,-0.2268513984926956,0.19108756162592677,0.23491379928981213,0.22090894843869074,-0.17988679038710798,-0.005779470838060854,0.0642237077698734,0.07506707496544274,highQ_anchor,6.578084190187544,10.066244741304928,8,9.49339881547,27667012.333,27667012.333,1.00000000,0.98943223,0.97860523,width2_d1_m8,1
6,69,2,129.11990334753088,8.979377476868397,-0.8528026015750052,-0.024802481055956616,-0.24530537290310184,-0.40009923377991297,-0.7025543772650958,0.21472305928817703,0.2560074369666543,-0.09017657678782753,0.3404342853152914,-0.40494651043817115,-0.1607288864261298,-0.4275693976816094,stratified_coverage,6.7052642087304335,10.870183477362463,8,9.54973015596,5943596.61684,5943596.61684,1.00000000,0.99011663,0.97990229,width2_d1_m8,1
6,69,3,123.82090047603343,9.372792583119336,0.13686684193528942,0.3805218403002666,-1.2220277379397555,-0.9706209521381621,0.15638019437367956,-0.8255565271581773,0.05785064239386151,0.5985438006116068,0.13175447608962843,0.19693549411725242,0.06905264142598272,-0.38139082717792544,stratified_coverage,7.785131466784194,12.806401437061863,5,9.04008164154,104521.89125,104521.89125,1.00000000,0.99545276,0.97643717,width2_d1_m8,1
6,69,4,125.97889769418455,10.399113942229718,-0.5739003966865743,-0.8918541731530771,1.711739812989389,-0.7786678371342888,-0.4629644632883022,0.8359973429571854,-0.2840963534326576,0.41755579125580744,0.14782642955255298,-0.4545553061882293,-0.31270073641041474,0.09591045091218081,stratified_coverage,6.502934213151908,12.810291336596826,8,9.76938248548,4268842.70475,4268842.70475,1.00000000,0.97456702,0.95100131,width2_d1_m8,1
6,69,5,126.01226661398516,10.240013826277673,-1.217009648688867,-0.8950619514749485,-0.13453204406306285,0.3275080910817001,0.7468030356841135,0.0036756575260243896,0.6193334566920787,0.43323330665923154,0.006351210310850952,-0.0584558873214025,0.302976193922543,0.25410121488062815,global_random,7.698525937487545,12.495537980361945,8,9.79931116081,4963827.97832,4963827.97832,1.00000000,0.98795474,0.97765996,apodized_d3_m10,1
6,69,6,124.16787794144777,10.28856155316973,-0.6361331050972054,1.0846724226573516,-0.6857618929359466,-0.4329166607690176,0.40837941045137627,0.8485376495852635,0.7975394044359678,-0.5608781504971211,-0.11603518081407954,0.07501281645597568,0.12019666407286361,0.2963970834135326,global_random,7.485046806124478,12.22505325626731,9,9.95202548857,6154156.16259,6154156.16259,1.00000000,0.98695790,0.97716520,apodized_d2_m10,1
6,70,1,122.29628795959658,8.982240593437318,-0.7827721843798141,0.02007616591369965,1.3106836421302452,0.9422793041043673,-0.05729563952453498,-0.011007046430765888,0.6636686071465807,0.6026090120549428,0.2683913926327439,-0.35439280555909336,-0.27768748552465494,0.3847391964117562,global_random,6.710946872717373,12.961614725963742,10,10.1035617969,4895786.62221,4895786.62221,1.00000000,0.98584790,0.97379632,apodized_d3_m10,1
6,70,2,125.92539906055505,9.539861455231447,-0.08425138811385269,-0.4915773730331574,-0.5394264165254246,-1.0568180514254424,-0.6296852747283135,0.39628108906352555,-0.3640736374103769,0.5637054147861673,0.40330596354198534,0.09248053471994977,0.29353237015558226,-0.0666142258531614,stratified_coverage,8.329373846487844,13.106643141779227,10,9.77485922116,1375671.08707,1375671.08707,1.00000000,0.98358234,0.96797683,width2_d1_m8,1
6,70,3,127.73000881981014,10.305652621458998,0.5808810024860684,1.118205524588511,-0.1337927433525592,-0.1471567759872876,-0.7403584599214695,-0.24230531237093,-0.617239762734795,0.5342958703020639,-0.13623686954851794,0.4841545764797355,0.11100484752363188,0.3069360213136226,stratified_coverage,7.7321398302759805,12.341306490095025,8,9.63181472405,4457008.72169,4457008.72169,1.00000000,0.98704997,0.97594673,width2_d1_m8,1
6,70,4,129.89789798924724,11.055281453626417,-0.2919293794512823,0.2929301017096102,0.3819536589973629,0.6024987555188834,-0.9286302210918973,0.6035397083249721,-0.08157250305037567,-0.11136069541571203,-0.03703654533971745,-0.492800662925563,0.05499692879033863,0.09291546101977893,stratified_coverage,9.311143789244602,13.276211152281896,8,9.48195839811,11521310.9387,11521310.9387,1.00000000,0.99430073,0.98903093,width2_d1_m8,1
6,70,5,122.20380227292267,12.76402529441686,0.6327908168242544,-0.17278092510975118,0.08039438266877685,0.043006718739875494,0.13996292849998637,0.14990531765312476,-0.04160906418421667,0.12959877049446883,-0.040497138396285076,-0.05608139000726048,0.01330833977830706,-0.024529401329685563,stratified_coverage,12.011027866290139,13.633391321109949,10,10.0797266878,6493730.90209,6493730.90209,1.00000000,0.99617020,0.99270522,width2_d1_m8,1
6,70,6,125.46787418474442,8.448411020557431,-0.6408970867726143,-0.2235413200569143,0.2055792392121012,0.444281240408136,0.29896312372761136,0.5938801920189316,0.42122847741746505,-0.7947582303018925,0.11350672183713606,-0.23856496675699784,0.4490569748926007,0.3366986965623187,stratified_coverage,6.684991288739862,10.7835645690167,10,9.83965481311,4646906.18452,4646906.18452,1.00000000,0.98841792,0.97723010,apodized_d3_m10,1
6,71,1,126.47220543521985,9.996101686657397,1.0716444030846901,-0.6747259707470266,0.5236872431562747,0.25212373178779024,0.63588054358981,-0.21024601009850052,-0.41960694258302633,-0.11760620369176888,-0.5184798583380025,-0.2766134192529437,-0.1251119126626108,0.08021618220363874,stratified_coverage,8.167426353675783,12.566169449331985,8,9.72823708895,6378036.2518,6378036.2518,1.00000000,0.99017061,0.98164447,width2_d1_m8,1
6,71,3,122.08534818502031,11.038412717809504,-0.8792614482302268,1.371309666916611,0.7602058222598205,0.3207750342193887,-0.31759966300536047,0.4300332130540281,0.08205509237034703,0.7887241602116606,0.03706906702025192,-0.19374078603967337,0.17602363139326355,-0.19247535192066606,stratified_coverage,8.317445057453224,13.248802618469965,10,10.0987562097,5980943.84307,5980943.84307,1.00000000,0.98694714,0.97402640,width2_d1_m8,1
6,71,4,124.91798990883193,12.735498929353472,-0.5171592011514418,0.7321448469610818,-0.36261294046013887,-0.054637260970674784,0.32312397793922,0.19013130217833063,0.1167639122584509,0.07917088904473973,0.01959941749125721,0.02130274661740436,0.06425767195762344,0.038857630051405356,stratified_coverage,11.354025940360517,14.229805518704893,10,9.86505507077,7028679.69045,7028679.69045,1.00000000,0.99563075,0.99124363,width2_d1_m8,1
6,71,5,122.27034781757499,9.968471659249005,0.22514283198291496,-1.3376024451175348,1.4603189762790978,-0.7805449702002618,-0.2895941841220324,-0.26233198414779657,0.15276183448454217,0.7775223721820073,0.10692449948763583,0.37945281432591105,0.04198791519717293,-0.35190275636535256,global_random,6.556747010277758,12.495886392611324,10,10.0845509025,3893554.20679,3893554.20679,1.00000000,0.97873086,0.95775240,width2_d1_m8,1
6,72,1,122.38250825340184,10.338200271129786,-0.868192457626237,-0.32746119437476495,0.7340293735005095,0.3560991903662487,0.17078820469397238,-0.38559605106820316,-0.494101499695919,-0.02255668317883086,-0.5300715876741016,-0.3539952920565401,-0.026725377949492035,0.02644323826546563,stratified_coverage,8.475760189318523,12.493789148720143,10,10.0526972709,7625216.92527,7625216.92527,1.00000000,0.99186660,0.98525382,width2_d1_m8,1
6,72,2,126.77868716689458,9.956968428815241,1.310803778302466,0.28031013515187286,-0.18043799223113588,-0.9114567664783931,-1.005324934957343,0.2947089163146215,0.4771513977360655,-0.25332988559088054,0.3398607023887489,0.05205001435331713,-0.1937177226340136,-0.40154842248584943,global_random,6.980795873979771,12.332117781667234,5,8.6869583615,101149.910201,101149.910201,1.00000000,0.99703743,0.98352635,width2_d1_m8,1
6,72,3,126.40490764602283,12.344468925884096,-0.2751920457107339,0.7012076470760691,-0.16749154205788358,-0.495129667042565,0.3015571824885013,0.26242349222249006,-0.062450312178642886,0.14047761927096147,-0.18842607529757302,-0.1909418208351373,-0.0514574405583763,5.580189332948793e-05,stratified_coverage,11.369913334350183,14.273432192812933,10,9.74472292039,15720516.7155,15720516.7155,1.00000000,0.99774433,0.99587935,width2_d1_m8,1
6,72,4,128.05824209803893,8.0,0.02812817655979649,0.5561502194190839,-0.4257257871057961,0.44679584759038515,-0.09650658820638494,0.22743591760293824,0.4585116504768104,-0.04147316256188847,0.005711898081395894,0.08264435895647577,-0.1649670803631776,0.16107937388204016,highQ_anchor,6.828172725323782,9.626407698694273,7,8.95658143678,104598.901711,104598.901711,1.00000000,0.99815535,0.99309647,width2_d1_m8,1
6,72,5,124.20753709548111,9.893691768534465,-0.3649692594638403,-1.0432671887310823,0.7465776994000952,-0.056276835139905446,-0.6740122897427963,0.5960233986983245,0.6307611226629235,0.5590738599641278,-0.15152522990275685,-0.11095588310280607,0.39898363197542547,-0.36376105879951914,global_random,7.320954863912457,12.860521001682304,6,8.87790487452,104008.433696,104008.433696,1.00000000,0.99385141,0.97966217,width2_d1_m8,1
6,72,6,124.8777734273743,10.152327168913862,-1.745067177248831,-1.2103730523507992,0.7429897654259292,-0.6346227508965803,-0.29154885409888365,0.31396317215453595,0.6461492732503542,0.7884384870376124,0.298791419718091,-0.1625250356449669,-0.08815601502766302,-0.18065686740009923,stratified_coverage,6.796546762130718,13.394308443985151,9,9.88455788418,9334567.32135,9334567.32135,1.00000000,0.98046033,0.96238239,apodized_d3_m10,1
6,73,1,127.43992932652131,8.0,0.1196713711147974,-0.474698432240333,-0.20516073667083176,0.10285786317031331,-0.2512255847147602,-0.4773952773590392,0.37842722150761193,-0.11174401316122634,0.06734183885917547,0.0021933282924202877,0.0350652128399902,0.2887975032694938,highQ_anchor,6.826905574229657,8.983205881086796,8,9.67728722997,17134218.2381,17134218.2381,1.00000000,0.99614713,0.99278950,apodized_d3_m10,1
6,73,2,129.09797026203339,12.641750278190118,0.035824481746142056,-0.5957707851440524,-0.553539453106918,-0.3857112829525266,-0.14470660601817692,-0.18060859604666615,-0.06882026765065782,0.27120157475516954,0.15624749388988296,-0.12209868675478994,0.0034510890645154946,-0.02387618611436862,stratified_coverage,11.63371488556492,14.331031294190584,10,9.53981238845,18376476.327,18376476.327,1.00000000,0.99802609,0.99652079,width2_d1_m8,1
6,73,3,123.146634669618,8.972036392372193,-0.9623824482881249,-1.956435960563761,-1.0176798143927293,0.6535410450839858,-0.06306804849719838,-0.22030322351123954,0.7583547542286624,0.19971108152559247,-0.15026634012159945,-0.19276500525561224,-0.011564229099608914,-0.004583686105700702,stratified_coverage,6.545140946370291,12.78173802971802,10,10.0258746451,28114299.1889,28114299.1889,1.00000000,0.98172985,0.96663340,apodized_d2_m10,1
6,73,4,124.54158084536459,9.64508327440064,-0.47428798140452577,1.2416140388551695,0.5972774094835083,-0.9032836423705751,-0.5857474582954896,0.2387395870070237,-0.6005232561131717,-0.34138994395263556,0.01561239358436084,-0.17683185051315914,-0.18137574932030698,0.16070743172386454,stratified_coverage,7.382424928884734,12.794889337306866,8,9.87394719752,2136467.13564,2136467.13564,1.00000000,0.98331449,0.96809830,width2_d1_m8,1
6,73,5,127.26703037369421,10.298752038871234,-1.4543702119784423,1.1912353882934976,-0.14168973168672427,-0.21991522602289537,0.08144025604048277,0.10746749091569874,0.5017742833702852,0.31572198923089156,0.29217075570720674,-0.3143857104767387,-0.026439480090428846,-0.02850659130977773,stratified_coverage,7.500863329239302,12.540087461891966,8,9.69587308268,20198977.8887,20198977.8887,1.00000000,0.98953002,0.98006174,apodized_d3_m10,1
6,73,6,128.57212916837105,11.134874338942359,-0.1499693344813826,-1.2490680062065438,1.6428659645482744,-1.3806385363498643,-0.13199742217432775,0.7400497495942786,0.4899159489414864,0.6194472807989588,0.11406632921011672,-0.11528639316056266,-0.057501574166085756,-0.09756583177833877,stratified_coverage,6.996708133760318,13.452761850486677,6,8.35286683233,98310.3973256,98310.3973256,1.00000000,0.99699816,0.98056621,width2_d1_m8,1
6,74,1,123.21885994440801,13.019549581846217,0.43335248709594754,0.2584319184520545,0.26434852387800933,0.5930946788134869,0.03636341772418672,0.15237108864709936,0.12367442919044841,0.12996464597137064,-0.14590347215319135,-0.18822995541100004,-0.155351595740978,-0.08592568703712752,stratified_coverage,11.945183479513418,14.60351222481888,5,8.48229177027,97436.7908524,97436.7908524,1.00000000,0.99821299,0.97399485,width2_d1_m8,1
6,74,2,125.63691364104832,10.265901725380814,0.3227805129847505,-0.6789904349153546,-1.0230078249975838,-1.4537948154708003,0.6101982416102014,-1.019115620262553,-0.22349894196782538,0.31983144374551165,0.4598838255040574,-0.3743946911846884,0.14384665289621607,-0.4257399311662812,global_random,7.0631737903537815,12.818766033038374,8,9.80981610755,3548217.80135,3548217.80135,1.00000000,0.97935564,0.95963652,width2_d1_m8,1
6,74,3,126.8693101809974,9.883163539599455,-0.3230373917990619,-0.7895842789438148,-0.8641464454368863,-1.4157133416107965,0.9861108626417066,0.07733651281350906,-0.17803878238792925,-0.518627413770471,-0.45854312959779964,-0.547679298897014,0.12514745883686068,-0.10996025950742261,stratified_coverage,7.102959973956801,12.496745620073371,8,9.70899422235,3453211.96748,3453211.96748,1.00000000,0.98150089,0.96373581,width2_d1_m8,1
6,74,4,129.34896060016106,10.908415190802577,1.3798016665689277,-0.4875737055524292,0.9766864347545108,-0.18785704686903304,-0.35587756180999053,0.4945138718049409,-0.22955460045468357,-0.11056063907288305,-0.16692121741127913,0.1269993689004072,-0.055210358448896546,0.12486879606980034,stratified_coverage,8.583579937902542,13.073228162010768,8,9.51626437817,12574177.923,12574177.923,1.00000000,0.99124927,0.98327083,width2_d1_m8,1
6,74,5,122.67997173418352,11.029118029571237,-0.2204298161970526,1.5427711748824842,0.6338757314067978,0.242895040568752,0.5721449122544453,0.13486284424654205,-0.23868849884014354,-0.32264775018511593,0.40698183786420583,-0.03155256347196356,0.32930104962715473,-0.303266800461322,stratified_coverage,8.45089698253316,12.77845284661684,10,10.0477880769,2952310.44279,2952310.44279,1.00000000,0.98381921,0.96853136,width2_d1_m8,1
6,74,6,125.11634656306127,13.38766234986425,-0.7269180583113816,-0.5320252601260682,0.16032596300734914,0.5136458240819709,0.3433852347677856,-0.16895107914154733,-0.10917418381885113,0.2660836623765615,0.18659793577536166,0.1528760270679274,-0.06577845096163837,-0.07107425236024227,stratified_coverage,12.304015920530583,15.653853244198421,5,8.29311166626,95579.8854857,95579.8854857,1.00000000,0.99593451,0.96233583,width2_d1_m8,1
6,75,1,127.93277834885141,8.565597335152022,0.23929165801644237,-0.614655121004668,0.15181464653504162,-1.0495723317176795,0.16285091319329825,0.043078792421247014,-0.7932674590423375,-0.16099714846312563,0.2902430253294105,-0.14377068143979344,-0.08760444447749066,0.0070016679253921965,stratified_coverage,6.905142281977272,10.614023895158669,8,9.59882090226,8083823.63032,8083823.63032,1.00000000,0.99066664,0.98360710,width2_d1_m8,1
6,75,3,122.76044019452146,10.010673616336401,0.10693758162725642,1.0747937736096094,1.081919755096706,0.5360468944431143,-0.9785892701808494,0.22827322994513133,-0.10000656826738852,-0.69114370411473,-0.2875268655588308,-0.1935338751802304,-0.13466059153299498,-0.10619763123063275,stratified_coverage,7.835393932937805,12.843082501736914,9,10.0341498136,7493565.19266,7493565.19266,1.00000000,0.98799813,0.97648090,width2_d1_m8,1
6,75,4,124.34044540853755,11.195635895647419,-0.9173495018537308,-1.597789501904502,0.5481502503603652,-0.0422621586552836,-0.14417347659476665,0.7337357991485569,-0.18073761953786371,0.2818718308044681,-0.04382289158834085,-0.3376283223895573,-0.055222785273411734,-0.18447160995391593,stratified_coverage,7.645911871148715,13.276899310707933,10,9.89784950704,7288823.91456,7288823.91456,1.00000000,0.98481106,0.97085751,width2_d1_m8,1
6,75,5,126.02187732790615,12.344702757106562,0.6913991768996843,-0.5602722217765679,-0.5047809316710766,-0.01733389979286748,0.017409141814632212,-0.31290470659783,-0.1780222033879877,0.19305295623066954,0.1549814425946598,0.10765307668470114,-0.052629964544245164,0.12399859728192067,stratified_coverage,10.51499089724407,13.852429700738249,10,9.77248823143,7566624.08354,7566624.08354,1.00000000,0.99514308,0.99094122,width2_d1_m8,1
6,75,6,129.64700598364755,9.886657052357616,-0.05602661919721896,0.16774530985900027,0.07052477175001237,-1.6857219427380503,0.9890490324030758,0.08173586441559788,0.09554981080517799,-0.07660736117457889,-0.39983658876927414,-0.36224087372738506,-0.24880313901266615,0.2869017291418528,global_random,7.378195494647692,12.822413136775873,10,9.51768973887,785225.481502,785225.481502,1.00000000,0.97063516,0.94106323,width2_d1_m8,1
6,76,1,124.88169825962066,9.208355036012055,0.08086452343056694,0.9463948345535687,-0.8702604041236088,1.1369776514827261,-0.9053843144485286,-0.674315209008352,-0.7939484725343425,0.5108470180740665,0.003920522267291449,-0.5373132690797796,0.3703220207777404,-0.3764392057201912,global_random,6.749591111382578,13.424712520773793,10,9.85671419175,2476767.85476,2476767.85476,1.00000000,0.97861125,0.95946976,width2_d1_m8,1
6,76,2,123.20105945556338,10.77567114958582,-0.49499178243182773,-0.8060638047045612,1.2469067898010169,-0.5469659696700975,0.6650166823782844,-0.9482759726463809,-0.48750517900834556,0.16113829807519764,-0.2784819749681519,-0.5386481696905052,0.15282415155034085,0.2625151103508135,global_random,8.140023706531071,13.315902687182955,10,9.99586401639,4210571.48199,4210571.48199,1.00000000,0.98432467,0.97018475,width2_d1_m8,1
6,76,3,126.19899310705759,11.47602037111433,1.4593026697729226,-0.23235192220669498,-0.2307057430296735,0.5842073941858887,-0.5945460401182795,-0.2215946644194875,0.7353422821418567,-0.18085957899545924,-0.14796882286819651,-0.46406283447494123,-0.3174178129081202,0.1008538070383232,stratified_coverage,8.707557660929327,13.23430630145613,10,9.79117322679,5327175.52513,5327175.52513,1.00000000,0.98756027,0.97707861,apodized_d3_m10,1
6,76,4,128.3728491349983,12.863312994530295,-0.1976804630832234,-0.6783939385792992,-0.24171467433382215,-0.1745108037084439,-0.1976956880298501,0.34517875281394494,-0.11531776708045913,-0.23064860737069506,-0.04711102445555415,0.14460632648633565,-0.13997742641924535,-0.031095045872902932,stratified_coverage,11.917282663554317,14.01446334979099,10,9.59584647167,5456906.33913,5456906.33913,1.00000000,0.99469619,0.98987723,width2_d1_m8,1
6,76,5,129.12054123596403,9.466826686266453,1.6667200808488416,1.3624130699949357,-0.010466405529881095,0.35205302595890786,0.2365425909063037,-0.24050401156189583,-0.08110497371216352,-0.4030448759587197,-0.2092000652285969,-0.41953300290239515,-0.0878415183799321,-0.012390227216028504,global_random,7.481769647913444,12.25751797349284,10,9.53570731379,11626552.0786,11626552.0786,1.00000000,0.98521857,0.97095443,width2_d1_m8,1
6,76,6,124.7391651488015,9.872640259428335,-1.619766404708303,0.15192352648174756,-0.4828604917167192,0.33471017167573813,0.9937311554556811,0.9280454474387332,0.10552639012350884,0.6390414131592788,-0.24784796631749045,0.15427609429338063,-0.2956536412528431,-0.1450720710650762,stratified_coverage,6.747518373980988,12.011016092167182,8,9.8865810776,2853550.53619,2853550.53619,1.00000000,0.97787962,0.95580224,width2_d1_m8,1
6,77,1,126.35628764617752,10.149117993921847,-1.220637807902019,-0.42269790345738856,1.3582174212513085,-1.0513015411518973,0.6009558265950266,0.774608780140998,0.2627884266799452,-0.2651719412379345,-0.006537710839486399,-0.13313171485694036,0.15640082677395944,0.40805176181666464,stratified_coverage,7.301019867459058,13.282352238876472,8,9.76095635122,3100111.97413,3100111.97413,1.00000000,0.97939670,0.95874328,width2_d1_m8,1
6,77,2,128.56395914091397,11.058403302245488,-1.520426650838456,-0.361123577058005,-1.3440993425413326,-0.7517214693148728,-0.6299930584874189,-0.1927051922492632,-0.34854589271640946,-0.741470338405976,0.47883849584984106,0.34829772202266307,0.30304428240547326,0.3811745418897294,stratified_coverage,6.992461362621078,13.17334333732084,8,9.58863334194,2815907.16931,2815907.16931,1.00000000,0.97365593,0.94876860,width2_d1_m8,1
6,77,3,123.66171382979849,12.474850422897646,0.4437962925579648,-0.4594829445011853,0.5938318926940608,0.26836540632855643,-0.3572595805800825,-0.344879605382662,0.20877257679899264,0.03636781401661693,0.08293754122152347,0.17001894466175616,0.031039906419604135,0.03634675252223751,stratified_coverage,10.68611432448975,13.483015781497272,10,9.96624038617,19012967.262,19012967.262,1.00000000,0.99751149,0.99490358,width2_d1_m8,1
6,77,4,125.41661011207965,11.194882316111315,-0.8242078031422151,-0.5907500116345499,-0.6464953650207255,0.01230421117176106,0.25795740612626705,0.05104051080438454,0.20071162625829753,0.6497378615319258,0.38818958274698945,-0.24600129140960048,0.010627904985712866,0.4284048580582282,global_random,9.325372946569829,12.923757974025758,10,9.84047498668,3328568.45635,3328568.45635,1.00000000,0.98859229,0.97694845,width2_d1_m8,1
6,78,1,127.78006553786747,8.217048017104208,-0.1505828908731391,-0.27562914282484635,-0.5066666789790578,0.504882721027354,0.22606545358437585,-0.37762916902337446,0.251343106776852,-0.32749982191402227,-0.18128426545182919,0.009173464675013713,-0.0046785033931882915,-0.0969512196780115,highQ_anchor,6.97674662532055,9.743671279107753,8,9.64450375573,24673156.7391,24673156.7391,1.00000000,0.99627451,0.99195401,width2_d1_m8,1
6,78,2,125.39080153054368,12.778335385860471,-0.7526844571029753,-0.007417828256371384,0.3446146736274649,0.5565695392405093,0.0655093959531276,-0.27108326384441345,-0.09993816911341413,0.1303120702081465,-0.014281237332744612,0.02114786802732671,-0.11851676433901845,-0.07854118092976874,stratified_coverage,11.743563788837417,14.62415415406035,10,9.82807294277,2505980.66115,2505980.66115,1.00000000,0.98886967,0.97798453,width2_d1_m8,1
6,78,3,126.31353137165831,8.942466105696525,0.7765107996108735,1.5474076829055057,-0.29381103030534494,0.5825838613749157,-0.3526009841345559,0.6001523171384937,0.22549299657579214,0.1883034171215845,0.08475106351442185,-0.42999016320316935,-0.1806797365276266,-0.4128127627495818,stratified_coverage,6.632127762039206,12.279585179145041,10,9.77265006169,4651921.10247,4651921.10247,1.00000000,0.98457451,0.96948758,apodized_d3_m10,1
6,78,4,129.1205654292693,9.617183955704624,-0.4484697554446948,0.5277201412789512,1.7425107539681688,0.09357543350438746,-0.8696805700165983,0.6305833111717258,-0.44936328262711367,-0.6951670254957707,-0.02170036986146251,-0.23564747097659555,-0.0702767606694254,-0.44482771492100187,stratified_coverage,7.028034686977826,13.323063577009929,10,9.52798590753,4484362.59752,4484362.59752,1.00000000,0.98218613,0.96614342,width2_d1_m8,1
6,78,5,124.7309900392896,8.752076714204826,-0.9680252770204003,0.2525333969832215,0.9746745095370664,-0.7007946541289485,-0.09215759529932432,-0.11122276234241801,0.1984587591739999,0.07122628338661718,0.42457555981178663,-0.16082724736235282,0.06320808654753379,0.0440972241777407,global_random,7.024965990036954,10.762856719817023,10,9.87977592087,15908966.6201,15908966.6201,1.00000000,0.99127732,0.98223656,width2_d1_m8,1
6,78,6,129.84255001928298,9.263489046098861,0.16312415719070117,0.05082767329248483,1.604508968046449,-0.06271306154580403,-0.036780328538347895,-1.0287706279105961,0.16635632268226386,0.484036251932914,-0.1849990885883564,-0.15379779849980962,0.3765636694162258,0.32409574303582084,global_random,6.51716385649759,12.289411598433821,10,9.48815744477,5627502.72427,5627502.72427,1.00000000,0.98405851,0.96857165,width2_d1_m8,1
6,79,1,128.41501428832876,8.28168881549012,-0.025290805907135797,0.21582112495404082,-0.21776831466231797,0.19049057064194613,-0.2571551827702081,0.08345160420419466,0.4214742635316485,-0.14646004937201756,-0.14373609984293473,-0.10156841825106556,-0.14319604604786176,0.1150440970462833,highQ_anchor,7.3852288487989455,9.23011291943032,8,9.60243743014,25828819.9366,25828819.9366,1.00000000,0.99824069,0.99695250,apodized_d3_m10,1
6,79,2,128.88032697744828,8.838170983353763,0.08125519061637387,0.11953490291421831,-1.7615820538825147,-1.6031358596709906,-0.647425545068657,-0.5445947840292756,0.36395987839579,0.7395039217361414,0.21382648901454315,0.4208410109399301,-0.11002990328593865,-0.19858548350945648,stratified_coverage,6.719397110431469,12.700277614822618,9,9.56776882467,11264904.5511,11264904.5511,1.00000000,0.98051594,0.96076632,width2_d1_m8,1
6,79,3,123.84500223867387,9.606661865822119,-1.111833864067675,-0.938503677220641,-1.622830180302535,0.06769027537194416,0.4526084663885108,0.4317957638389942,0.3711395584442445,-0.17985175199807646,-0.1527522699996347,-0.4025680202233769,0.13092841894828428,-0.13554258714015366,stratified_coverage,6.971841491494294,13.476236803959642,5,8.91063059575,104211.56793,104211.56793,1.00000000,0.98760657,0.96546448,width2_d1_m8,1
6,79,4,124.06897206637072,10.745031728417416,-0.4469344224995928,-1.3656330465655797,-0.8436431301650772,-0.9232281781389123,0.6113981180016732,-0.7103040701134959,0.1611732189634043,0.7045138761264083,0.08901398846657393,0.3089073248870874,-0.3426640837878703,0.2280307110727044,stratified_coverage,6.663107568706201,12.822429207930904,10,9.95207230261,3442726.56122,3442726.56122,1.00000000,0.97873153,0.95721712,width2_d1_m8,1
6,79,5,128.03230125070417,8.137967756857705,0.4311722459375673,0.4525186339094234,-0.10677883699738987,0.4462234731073691,-0.21497105578880807,0.20535560573651088,0.2558627186820299,0.22436203049258288,0.013048257268539021,-0.23594127477458132,0.10446260227823417,0.11248397661964579,highQ_anchor,7.101795157783815,9.405770673297994,8,9.62673900806,23273037.4177,23273037.4177,1.00000000,0.99670822,0.99289127,apodized_d3_m10,1
6,79,6,128.71218423020719,12.256001178598778,-0.10992226055315513,-0.30334393809716664,0.5443422156233454,-0.5739982655668753,0.22976023560243974,0.05842780795722047,-0.13995499001700892,-0.06659735611409195,0.048806437344841996,0.08021420533956353,0.13503191177249926,0.10584170745742602,stratified_coverage,11.109468885555133,13.169108191181559,10,9.56863069677,8216527.41507,8216527.41507,1.00000000,0.99624666,0.99304533,width2_d1_m8,1
6,80,1,123.8884065512472,8.759563099197685,-1.0971933261854074,0.8133698042553132,-0.10056077581872969,-1.0747457606473754,-0.819793447509806,0.6805887640586927,0.5182031515926464,-0.024953586317533527,0.4127718360586464,0.419751302691192,0.0038830833050232383,-0.22657375617107509,stratified_coverage,6.763858474011321,12.475767565953277,10,9.96307798488,10271973.6948,10271973.6948,1.00000000,0.98550955,0.97235894,apodized_d3_m10,1
6,80,2,122.81578144192578,11.034921109118029,0.04854788552304434,0.22843201734908947,-0.311649930963243,0.3843774043870798,0.4905823705987087,0.7113645791670014,0.3729040480877308,-0.3516799800647116,-0.05667905196864714,0.3284454714694388,-0.17830717060090517,-0.36107656213536893,global_random,9.191962047987209,12.214757403553248,7,8.83616220105,101959.211123,101959.211123,1.00000000,0.99963450,0.98410011,width2_d1_m8,1
6,80,3,126.64161948072234,10.377038581252803,0.8153963879075574,-1.0108936156341592,-0.8292673126882096,-0.38568147875812775,0.03123194505065663,-0.3604211169062449,-0.78072138235346,0.4446292256288149,-0.24656510733932108,-0.3678117457653165,-0.2684703051778463,0.39264645720390917,stratified_coverage,7.026992871017845,13.392283159884682,9,9.71653253357,2784934.97428,2784934.97428,1.00000000,0.98189249,0.96610033,width2_d1_m8,1
6,80,4,128.78150493113168,11.053117999008824,0.8828972052009574,-0.34029579957636846,-0.7516383162250446,-1.0452250495141038,0.23492608334630183,-1.0503481936041874,0.6189048448540013,0.7590228895316615,0.45493069686686805,-0.48210761023748294,-0.2961286870225175,0.1509354899333208,stratified_coverage,7.990901329021001,13.262087823325773,9,9.59125046259,4735354.09403,4735354.09403,1.00000000,0.98317666,0.96717899,apodized_d3_m10,1
6,80,5,122.01056507944658,13.474634549731967,-0.48365799791706565,-0.3968048776328332,0.400516467224734,0.19420678798222157,0.04986502666169179,-0.01680242210228111,0.27173431145569665,-0.028593611770267813,0.092927440321524,0.1347601795108745,0.008112015340548673,-0.14567340397122905,stratified_coverage,12.627096420824389,14.553418704098627,9,10.0971070984,3306173.20443,3306173.20443,1.00000000,0.99228161,0.98410228,width2_d1_m8,1
6,80,6,125.22926202686789,8.299762082778045,1.2238134888095256,-0.8082516057855593,-0.34921403794288763,-0.984168508107607,-0.858094696498525,-0.587468581431846,0.11174147000784629,0.38579674577092615,0.10770733779585218,0.2454903344533459,0.14284491705088304,0.14146855096727734,stratified_coverage,6.5892225871417835,12.299723144602371,9,9.84676730327,14273394.15,14273394.15,1.00000000,0.98786962,0.97538193,apodized_d3_m10,1
6,81,1,126.30650164637481,9.850820195302887,-0.5857951684706177,-0.5424532955535066,1.4610224179335558,-0.08098130990192098,0.6608911621778686,-0.30041813959090113,0.37128659368470185,-0.25678365510983137,0.18772985715734536,0.30693577718650056,-0.0705551712915744,0.1806557712629528,stratified_coverage,7.181125643745554,11.875399886494165,8,9.76382568671,8704226.19988,8704226.19988,1.00000000,0.98823226,0.97600578,apodized_d3_m10,1
6,81,2,128.41603374473274,10.667802333448456,1.9640638873541008,-0.1760347471648389,-0.5971448269983233,0.7639185514437605,0.7366619594549684,0.37131276927337153,-0.6095340589146208,-0.6084938368738322,-0.17339332179339334,0.08625619019287611,-0.2508964520475252,-0.0026565535814034313,stratified_coverage,6.584662814110948,13.33418695615746,8,9.57303610196,4559555.58456,4559555.58456,1.00000000,0.97584199,0.95420554,width2_d1_m8,1
6,81,3,123.59821510585783,11.612010464296635,-0.8626762561055812,0.7838601062945703,0.37813143731595944,1.2001323385347937,0.822715960912344,-0.1876778173149034,0.466529076271601,-0.5955579219856191,-0.2764337097875482,-0.3049036058923412,0.22728072008523997,-0.27357100956525227,stratified_coverage,7.45843149822811,13.425946265583832,5,8.62977377706,100445.77498,100445.77498,1.00000000,0.99719364,0.97427631,width2_d1_m8,1
6,81,4,124.4165631250148,12.329061492820513,0.7049322369233519,0.11042935986591462,-0.00019536649739182455,-0.5949191031246828,-0.1902199925665249,-0.36357229836074184,0.043748822067518234,0.06139104035719817,-0.17360374712849777,0.17785854417411373,0.07938772363690771,-0.11842236947991525,stratified_coverage,11.223038316590703,13.825034095712779,10,9.904621101,7015955.44095,7015955.44095,1.00000000,0.99545858,0.99103118,width2_d1_m8,1
6,81,5,126.73043359243792,8.586082458421279,-0.2568542407268102,0.3464394092256695,0.5778677783686132,0.6890186161353011,-0.1183175668177443,0.8040561507378692,-0.1176782707673778,0.40787242069978524,0.013809052023428525,-0.06203432457875396,-0.18862147814649027,-0.10228632514558078,stratified_coverage,6.892258327543014,10.801898764180288,9,9.71449533992,12696709.431,12696709.431,1.00000000,0.99302288,0.98638331,width2_d1_m8,1
6,81,6,129.83137431607673,9.322302348146497,0.12405543181335199,0.24655464865374466,0.9766640336717176,1.122030308451136,0.6471335202133097,0.72218158403185,-0.2871002088960458,-0.3624697791262179,0.019974450779215336,-0.07640195033671004,0.23743816543400237,-0.4185886200022336,stratified_coverage,6.840465559940008,11.55401599791499,10,9.4849558168,5176056.3556,5176056.3556,1.00000000,0.98549692,0.97192351,width2_d1_m8,1
6,82,1,128.733734744934,8.0,-0.6989191486223029,0.6680907981949568,-0.044285399840491534,0.37751007003427606,-0.4234101899757618,0.2574636202888896,0.15256681897597713,-0.1250805929133,-0.03086561138519534,-0.14070208867329034,-0.03584645872646292,0.05686998105006499,highQ_anchor,6.591755172323496,9.22715458251254,8,9.56772113619,27484632.1241,27484632.1241,1.00000000,0.99407721,0.98787386,width2_d1_m8,1
6,82,2,125.34890078682677,12.094632628821318,-0.4609562898202648,0.11873274588801719,-0.34935623831363416,0.07849288807577803,-0.2678514276346827,-0.08989624373929428,-0.4413188287961214,-0.5480634548575859,-0.19794737750846764,0.15658237230986105,-0.1968252598844828,-0.20385001340438555,stratified_coverage,10.042415182979266,13.182448006726093,10,9.8275229026,2826382.00523,2826382.00523,1.00000000,0.98938031,0.97991230,width2_d1_m8,1
6,82,3,129.00745865565503,9.703196699822616,0.05782692183467386,1.1243986318787047,-0.6680849558357256,-1.0798953184219324,-1.0930026980447982,-0.6583813989647617,-0.40816242415952025,-0.34132980660089474,0.026244418949715742,0.2274011871983872,-0.4247878695570499,0.31068423457902566,global_random,7.165336421702395,12.758119438164563,10,9.54304677038,2495325.95377,2495325.95377,1.00000000,0.97946781,0.96053630,width2_d1_m8,1
6,82,4,129.28628720974993,8.484275166999975,0.11379674224403669,-0.339159216150577,-0.3379245127374917,0.5486163567074696,0.24344436736082042,0.8831385470078099,0.18592965206729617,-0.7800323412454913,-0.37886893941032207,-0.11455642136462607,-0.08174693109309861,0.39164076158942757,stratified_coverage,7.012150593239064,11.704843117887151,8,9.53425842917,7668554.98936,7668554.98936,1.00000000,0.99147378,0.98269174,width2_d1_m8,1
6,82,5,123.41794871372119,9.984567726463663,0.6338923088986275,0.5832243839940157,-0.32316091426070037,1.0132509828531424,0.6746421067031332,0.8337511042367016,0.7825394657510003,-0.331832358097971,-0.42450736732746436,0.02926798723100965,0.2978297276425497,-0.16741241648609395,stratified_coverage,7.297630380837862,12.044325950379926,9,10.0166251503,5647174.08607,5647174.08607,1.00000000,0.98570745,0.97478041,apodized_d2_m10,1
6,82,6,124.12001759511358,10.290443797721595,0.2668673554194223,0.7126008383548696,-0.23611085236142504,0.7864964532266423,0.0637653113792025,0.5545902170622963,-0.5237271862494701,0.0952331873086264,0.09237967888297671,-0.18602743907698654,-0.291332840883449,0.0037406997901489603,stratified_coverage,8.810521473548642,12.778838937338664,9,9.91366926915,6536132.90446,6536132.90446,1.00000000,0.99326182,0.98785770,width2_d1_m8,1
6,83,1,126.22921956889914,11.19354733152214,-0.038480578104674645,0.00821861273247082,0.3518143514368377,-1.4363911653560317,-0.7143317938809269,0.20258350763970934,0.6747957689518558,-0.07419344330732947,-0.0949238828343798,-0.3140960324883504,0.006909145277901929,-0.20753449467679083,stratified_coverage,8.262501747755566,13.34626268307479,7,8.5204552423,99708.9506437,99708.9506437,1.00000000,0.99926780,0.98636508,width2_d1_m8,1
6,83,2,129.08145171282004,13.43789075959904,0.15404374227764728,-0.6491604713218146,-0.3621200045163748,0.11724366407847264,-0.24433117981448632,0.0487099441832069,0.275421653439245,-0.2654550629138718,-0.15986191235361052,-0.04582340805493407,-0.013642885235406216,0.15278647030420664,stratified_coverage,12.350597983390735,15.023983748132668,5,8.00520593855,93244.6977145,93244.6977145,1.00000000,0.99837791,0.98029032,width2_d1_m8,1
6,83,3,123.15626811403112,8.808688301613806,1.052359538673191,-0.6026266886538076,-0.1717852981201773,-1.48082706904992,0.3604201090795238,-0.3103315847949585,-0.1602737637026299,0.16288281211642153,-0.5243578587653074,-0.02596721324346185,-0.15543865305656662,0.18529461912944672,stratified_coverage,6.791387601110018,12.35979697531687,10,10.0034026132,7809388.888,7809388.888,1.00000000,0.98649828,0.97336438,width2_d1_m8,1
6,83,4,122.95272234419684,9.017641687769498,-0.894796408080115,0.2164875709069074,1.0768437953708496,-0.9946728127235783,-0.6263540594834438,-0.040775037032788175,0.647033505819826,0.07400064820442098,0.1766111938006517,-0.10955019458154774,-0.08464207216114533,0.30437879315818434,global_random,6.550457907345359,12.012980579580264,10,10.0443981904,6230399.45905,6230399.45905,1.00000000,0.98615547,0.97449489,apodized_d3_m10,1
6,83,5,126.44134130284233,10.659432159764126,-0.4947235804745638,-0.34024228581614735,-0.9460601587843437,0.48913429141385545,-0.5453576966852511,0.4952288721514617,-0.5190751991377116,0.25079939755635094,-0.41001359810354554,0.32179548174495254,-0.3162895215823539,0.28870392908957315,stratified_coverage,6.952777134211232,12.275188635564609,9,9.73567688341,3049252.26276,3049252.26276,1.00000000,0.98254393,0.96705000,width2_d1_m8,1
6,83,6,129.29002359435657,11.318686079990256,-1.8851936472006845,0.6467023856765719,-0.6611163180473068,0.5758191157646999,-0.5754775283092972,-0.18772652592694639,-0.7772399920296821,0.27320600858487487,-0.2942218231998445,0.31556792035893144,0.2864177715722906,0.37411628623872556,stratified_coverage,6.734240287949079,13.235478976134878,6,8.36961720117,96811.2054696,96811.2054696,1.00000000,0.99105126,0.95027512,width2_d1_m8,1
6,84,1,125.2972027354531,9.293039172267985,-0.0020586024021338467,0.6108118394981599,1.0626427316767921,1.3648223794407885,-0.9803151801045692,-0.7721240444635746,-0.038686686713369944,-0.20910182606743744,-0.0038072565888640497,-0.5196759558543662,0.156446899796378,-0.007124494093823375,global_random,7.135433583014047,12.299512354776905,10,9.83029067526,7080893.99399,7080893.99399,1.00000000,0.98418763,0.96883467,width2_d1_m8,1
6,84,2,129.4384247988822,8.61265682167942,1.0616918110584401,1.1149154085886988,-0.46152684506620933,0.7225341868006245,0.49310686168019147,0.4810662609839462,-0.18434581334561284,0.31365121572029553,-0.5309421468584014,-0.28973499651035073,0.041006695818196826,-0.35366688140303965,global_random,6.810816291907062,12.108392102389917,8,9.5164331529,7079372.89963,7079372.89963,1.00000000,0.98612300,0.97278606,width2_d1_m8,1
6,84,3,127.63782538205255,9.546319866357443,-0.4516772005481078,-0.33205564108427543,0.3167013431470107,-0.8515654146571056,-0.3899387269325728,0.0437614628243268,-0.6040363552175472,-0.18747026857396243,-0.30291849748113736,0.003695236748718189,0.004024334666614282,0.11153137346084935,stratified_coverage,8.018066316771073,11.50817781738936,10,9.6302723826,7769315.00991,7769315.00991,1.00000000,0.99320302,0.98807681,width2_d1_m8,1
6,84,4,129.83381137884953,10.464448295357553,-0.21510741314161064,1.858359402212165,0.8414853862027762,-0.5328303086740487,-0.08062610351718891,0.10843053819103776,-0.17694510034428157,-0.09297503866419721,-0.25440530991326826,0.3776619125804608,-0.05279680129200609,-0.2685499182159351,stratified_coverage,7.3341327650139165,13.071061227951825,8,9.47872597315,6054725.81363,6054725.81363,1.00000000,0.98380531,0.96863046,width2_d1_m8,1
6,84,5,125.08096573515465,10.134317812887868,-0.15339377652161668,0.8240765662442322,1.0943823349249182,-0.972505262943617,1.0512521662784908,0.07978286327516937,-0.3640917348861624,0.49564847678079826,0.2356471658266961,0.40452506843193314,-0.30299428286127383,0.3613539558019519,global_random,7.523451700339493,13.255951208455249,8,9.85079001898,3050368.00477,3050368.00477,1.00000000,0.98218499,0.96548412,width2_d1_m8,1
6,84,6,124.25134186538962,13.443107530080892,0.6786802514500367,-0.5256225323556899,0.3429428186804788,0.2876697609280937,-0.03866168841691303,-0.2112090876465691,0.20778756747125376,-0.04589363727181009,0.19145340223536655,-0.10082218359383789,0.02555552983098222,0.10103918226409583,stratified_coverage,12.047036214796801,14.87149415345076,5,8.32640473946,95844.2102116,95844.2102116,1.00000000,0.99840115,0.97782724,width2_d1_m8,1
6,85,1,126.13363982431909,8.758991226739756,-0.5065083573145865,-1.776672973925418,-0.22586840200352865,0.20470461067541357,-0.30956530587374087,-0.8266204487426032,-0.21758543903059668,0.5398989348261927,0.4468984847815356,0.21218312282027385,0.4199715447400793,-0.17037190554381565,stratified_coverage,6.516966997716612,11.841446110016278,10,9.77262586975,4783163.25297,4783163.25297,1.00000000,0.98323062,0.96686840,width2_d1_m8,1
6,85,2,129.63153295312043,9.784080912858377,-0.011077294507380042,-0.040605504226156164,0.2467016359984131,0.34815687374821436,-0.37928157277474595,0.2757172819658167,-0.40140159313023016,0.45049802169823727,0.2960872948344978,0.14930477423372823,-0.2515541415196851,-0.16658087415881712,stratified_coverage,8.6016564700399,11.14954636311853,10,9.49193403113,1580224.52964,1580224.52964,1.00000000,0.98761005,0.97615026,width2_d1_m8,1
6,85,3,122.31764555529443,10.145391836397852,0.5349556691365969,1.0301809067084466,1.765521304207015,-1.1289529384172394,0.1442714846857447,0.44492076653723034,-0.4944199639389611,0.524517585640164,-0.057365727755667284,0.40383123674100196,0.16387443141697705,0.40973877549253807,stratified_coverage,6.677386852049782,13.302543829461056,10,10.0632137323,3245271.29157,3245271.29157,1.00000000,0.97515716,0.95247933,width2_d1_m8,1
6,85,4,125.46590748271822,11.117226898849788,0.2637853035321607,-1.1391409969761916,0.8011620409557298,-0.24365378272597638,0.12208949962634308,-0.40055605805269257,0.603688231902624,-0.13507823652521955,-0.29166405811164664,0.11794184647785866,0.11837455988439244,0.060376161053973865,stratified_coverage,9.16461275889732,13.021112961274039,10,9.83431925438,19265706.2682,19265706.2682,1.00000000,0.99380242,0.98841541,apodized_d3_m10,1
6,85,5,127.81383879264325,13.105216561091959,0.6853757954088182,0.5672707552194363,0.02588417401890164,-0.2912315637537125,0.1674434014886016,0.00898760496246731,-0.016052353495365546,0.20449834337092698,-0.016224844617761913,-0.1352140367676733,-0.0003674854947117445,-0.12160425140764924,stratified_coverage,11.891743724182774,14.062862566915614,10,9.64125157465,3077249.03587,3077249.03587,1.00000000,0.99086429,0.98184832,width2_d1_m8,1
6,85,6,128.508217598526,8.889208881019954,-0.1512488140744579,-0.3434465404236766,-1.3282233964974772,0.8543024305915636,0.12911917452613597,-0.319821710854602,0.13548066999537356,-0.18122108871985443,-0.3665268860211722,0.40777033970259036,-0.38147227003805334,0.17621718460629948,stratified_coverage,6.78347537964066,11.386214496651844,8,9.58764283015,6687645.26164,6687645.26164,1.00000000,0.98780942,0.97581904,width2_d1_m8,1
6,86,1,127.96111802905634,10.052202501464754,-0.7974302361653789,-0.681679966877945,-0.31793863967297953,-1.1848267750736847,0.6263914274366029,-0.18023335471682056,0.42439199942151506,-0.19634310486601958,-0.029655286467150987,0.3984272304459029,0.34705174967251357,-0.30533031489838974,global_random,6.827491088978204,11.60040769857332,8,9.64779075164,1697664.70681,1697664.70681,1.00000000,0.97972617,0.96032506,apodized_d3_m10,1
6,86,2,125.20484380759822,10.312245580400946,-1.1478961929986387,0.1955323050433333,-1.1039824361061434,1.1970085941961,-0.34072984114395355,-0.5981087416779973,0.344798094746265,-0.5523462000341383,0.0034301877117285384,-0.28001219642858355,0.1616045388227751,0.22198350472345313,stratified_coverage,7.868467482953343,13.263777221233944,9,9.84871586428,10036062.3082,10036062.3082,1.00000000,0.98644110,0.97251288,width2_d1_m8,1
6,86,4,128.62355478238914,12.989063649785173,-0.682250773254961,-0.40934690321082357,-0.3193782730776361,0.5311397970155339,-0.276665064739999,0.2645558713704579,-0.24241499445212192,0.210288547471583,-0.02745230890898734,0.12105854705767144,-0.10075555406877262,0.029948472990221242,stratified_coverage,11.022536591908159,14.215487102528684,10,9.5738278606,6930258.94222,6930258.94222,1.00000000,0.99485951,0.99052003,width2_d1_m8,1
6,86,5,123.56982408632855,8.501326181582886,-0.443439445919265,0.15623748328781817,-0.866889215412229,1.0685087092125756,-0.45021682926804474,-0.5269078504544799,0.78477293197823,-0.0079087326729681,0.014223827460546179,-0.3849797369854879,-0.3286790105352212,-0.06774379314799295,stratified_coverage,6.512539279048188,10.943600581781864,10,9.99880245619,10082964.7891,10082964.7891,1.00000000,0.98689601,0.97741140,apodized_d1_m10,1
6,86,6,124.97707490982204,9.7562094630916,-0.6501164800205892,0.3049009250105956,0.47149686257424395,0.2994258039427933,0.7603299024810015,0.18424591609202468,-0.4244772448193098,0.5910113428422155,-0.11563257770946239,0.4977184910042105,-0.04427907142389681,-0.01928683690421379,stratified_coverage,7.957733249582031,11.421032042271758,8,9.84544587516,8307985.02784,8307985.02784,1.00000000,0.99197002,0.98513070,width2_d1_m8,1
6,87,1,123.30001183032783,9.051033017425612,-1.3706297779205774,-0.2575640370255814,0.3921351387906544,0.26347065357766764,-0.46712040484715545,-0.45738335667069596,-0.6509025618215368,0.5178214098970184,0.33768985701505927,0.2492506242228043,-0.2890825573823901,0.19672897953031215,global_random,6.723037406079726,12.479591292940146,10,9.97286555879,3940277.3983,3940277.3983,1.00000000,0.98621701,0.97435024,width2_d1_m8,1
6,87,2,128.89419203335748,11.347953227610864,1.059998907345749,-0.5839258931985836,-1.1884275092029908,0.0998396869276097,0.46549408700754547,-0.656949926302824,0.47026904767942335,-0.16082317813457414,0.2051490308325402,0.33390265000857744,0.07124819989763592,-0.007972717514462935,stratified_coverage,8.949746889679414,13.3879408685729,8,9.56643874089,16418222.3057,16418222.3057,1.00000000,0.99012142,0.97969758,width2_d1_m8,1
6,87,3,123.1210360271279,10.222128913995844,1.4364503592026678,-1.0319398735849845,1.0120852316295552,-0.7942620950489294,-0.5548932858687696,0.0733306057467693,0.054376597271985516,0.28225944837809713,-0.35674565552135495,-0.4823743770227584,0.30137306382876966,0.24510522080130487,global_random,7.375402359454992,13.242074036643151,9,10.0139104139,4236210.09415,4236210.09415,1.00000000,0.98222750,0.96474544,width2_d1_m8,1
6,87,4,125.62469758004835,8.924514460949078,1.8109705070534936,0.3156476712574037,-0.09737033161921294,0.8105726223243883,-0.5907417924774941,1.0122745704079548,0.16662370669720816,0.19788638050940288,0.5183543060377238,-0.3849565729369641,-0.221573884832748,-0.3020651090376169,stratified_coverage,6.82358898007607,12.424763903746154,10,9.81911599046,5261871.69633,5261871.69633,1.00000000,0.98128646,0.96239924,width2_d1_m8,1
6,87,5,126.41551174975547,9.246190442977248,-1.1808647103212107,-0.33373192365615867,0.24758691408409494,1.5374028090528575,0.24372865198093896,-0.6203117789517885,0.15275789409361162,0.0002837368751757996,0.14863129240072714,-0.3735393017880787,0.314813482513047,0.12001967111323614,stratified_coverage,6.973013639345851,12.482780309211146,10,9.75543436687,7249105.17146,7249105.17146,1.00000000,0.98665241,0.97289939,width2_d1_m8,1
6,87,6,129.93751330834937,10.039863274085583,-0.7737146354658408,0.7532065582315903,-0.1440789060366452,0.09305106915400696,-0.5252611796084756,0.1674725466944862,-0.3072007174836028,-0.07448622904020985,-0.26273326520955503,0.21138114905790617,-0.31245518543501805,-0.11720721440039072,stratified_coverage,7.675345349652147,11.70708539198535,8,9.46837021866,2825986.15747,2825986.15747,1.00000000,0.98862325,0.97836847,width2_d1_m8,1
6,88,1,122.31909711502261,11.210376297212967,-0.014399631185992856,1.1594542562402346,-0.6094428500514095,1.047059412874247,0.6774459072495524,0.13271822985851633,-0.04956497028811646,-0.2290506828791461,0.17501287801711385,0.3559027050645791,0.2823741079215237,-0.21264850515960457,stratified_coverage,8.616318223457352,13.074967799955159,10,10.0821422596,3464467.57621,3464467.57621,1.00000000,0.98621378,0.97273573,width2_d1_m8,1
6,88,2,124.68601231121096,13.46486082272163,-0.31407726026864907,0.05180611507085964,0.38457805314293936,-0.1120647105003807,0.14628745475873606,-0.198790314882805,0.15576294563925447,0.1751231995900263,0.07417269309451119,0.16796713095059201,-0.037219314354164354,-0.019473807926418063,stratified_coverage,12.480603142744467,14.11679076268753,8,9.88226281706,5492812.4462,5492812.4462,1.00000000,0.99555697,0.99104526,width2_d1_m8,1
6,88,3,127.18087465707231,8.993399547727742,-1.3781192192363947,0.6742058283543955,-0.07561943861742648,-1.267283734357655,0.2892750711795131,0.03160852569210704,0.2997915510929281,0.7141457819474808,-0.40779305904265384,-0.5309995791478465,-0.2779804838929108,0.1494179887517884,stratified_coverage,6.7479917098968345,12.545271014519997,10,9.7046676885,5472728.64088,5472728.64088,1.00000000,0.98328613,0.96683249,apodized_d3_m10,1
6,88,4,129.39253949366818,9.42460661499247,-0.024942093478518945,0.050869686138067305,-0.17283762238720768,-1.6621304814946003,-0.16505277110902905,-0.5561305206478091,0.6757747612756861,-0.10651467602816478,-0.15434731643869543,0.32221649000836783,-0.411665580402925,-0.4123933098345096,stratified_coverage,6.996798899585503,11.989003610381262,11,9.55059889163,5779622.27855,5779622.27855,1.00000000,0.98558159,0.97375411,apodized_d2_m10,1
6,88,5,127.21930830698811,9.383854933213062,0.8435237150699503,-0.46515335244761435,0.48251575364877936,0.6586934331127856,0.12945553681362848,-0.1744477486645328,0.27519186549550767,0.011025673984063913,0.186371632924877,0.25167677131604066,0.2168862470027827,0.030271192468801694,highQ_anchor,7.472916828429436,11.593692841625732,10,9.68842515333,14699929.3559,14699929.3559,1.00000000,0.99380130,0.98711348,width2_d1_m8,1
6,88,6,125.61332328985245,11.73040931459446,-0.15310943424900358,-0.9561897030748585,0.10790712903068678,0.2070616051469012,-0.5333238151696869,0.24122604615689003,-0.406730771348046,-0.7165132987395553,-0.3424174707693158,-0.5054405456695928,0.4432518485200871,-0.33768875655831776,stratified_coverage,9.058241603817073,13.443066422000923,5,8.56033521578,98049.7396087,98049.7396087,1.00000000,0.99895604,0.96169630,width2_d1_m8,1
6,89,1,127.02082724294019,13.469675184868484,0.29679191840477004,-0.738247122109326,0.0396012508327791,-0.5546603895781672,0.012099941627457256,-0.015201761288418214,0.09442465425415753,-0.07871590325824221,-0.1779283980245672,0.13767077942305067,0.10012517912593014,0.01343313842312982,stratified_coverage,12.379187848185714,14.907041498597133,5,8.13786360864,94351.8110288,94351.8110288,1.00000000,0.99703900,0.97115168,width2_d1_m8,1
6,89,2,128.13027155528204,8.683944965909614,-0.5501008788801296,-0.06046271840916617,1.04422353423856,0.6244957343370998,0.9148951568920833,-0.2110594689174793,0.24037880953745794,0.5303513510043787,-0.4259621237964024,0.4589565622354703,0.4255918747982846,-0.025901057995644683,stratified_coverage,6.519373095956351,10.809288431432538,8,9.62431007865,5790005.52729,5790005.52729,1.00000000,0.98477166,0.96945327,width2_d1_m8,1
6,89,3,122.37577210610053,9.835473449035112,0.6084677015414433,0.22975623337658302,0.5294485271953826,-0.38927713173801637,0.8590560266306424,1.093425545957197,-0.7596527792599412,0.5932861261034084,-0.062412829473562303,-0.4499660203936936,0.24547466354625053,0.004534382253252978,stratified_coverage,6.668072730879625,12.670246443975143,9,10.0502597771,4163380.96413,4163380.96413,1.00000000,0.98369681,0.96981987,width2_d1_m8,1
6,89,4,122.09839943358924,10.085844009912435,-2.012966309975422,0.190945521775141,-0.1757543728054165,0.5369907142458266,0.836747614609253,0.6551772407241885,-0.11374164490411276,-0.7171012143883948,0.0640928687363792,-0.1076809202547136,-0.3375103368987905,-0.07116932547192883,global_random,6.541473931376503,13.049971626355024,10,10.0992578846,4240940.68361,4240940.68361,1.00000000,0.97955861,0.95946484,width2_d1_m8,1
6,89,5,126.00427182842583,11.493257477259583,0.39210704953372266,-0.44909042907883223,-0.011059967066686882,0.22851087394823177,0.12367310743564386,-0.8045806878211166,0.7921247606042596,0.01864478588827223,-0.14316705685944647,0.2932929532056936,-0.13317533369505097,0.39162230712605545,stratified_coverage,9.45900783188413,13.140541560233446,10,9.80866645713,3721876.38555,3721876.38555,1.00000000,0.99006407,0.98194632,apodized_d3_m10,1
6,89,6,129.0898209607878,12.446458700413997,0.2882831075087169,-0.6020215337204494,-0.08542373776534351,0.21137248205000503,-0.07029173006700523,-0.257781296815539,-0.26382978311203037,0.1847566055217581,0.13365802574300317,-0.1426379813944424,0.0650091311391405,0.003766921557262992,stratified_coverage,11.199100210733175,13.366055558092116,10,9.53690996758,13543177.8709,13543177.8709,1.00000000,0.99772280,0.99627607,width2_d1_m8,1
6,90,1,123.413524006841,8.960428387204901,-0.32290584449385906,0.8055713906733786,-1.0328959340510857,-0.25587016586555933,-0.21173056423072956,0.7044212141120649,-0.6005263880291981,0.45743623840437,0.09002260611983348,-0.32940051506275225,-0.2232269411627578,-0.31034487128615107,stratified_coverage,6.646556475454569,11.102909821005104,10,9.96370764427,4266367.07772,4266367.07772,1.00000000,0.98570980,0.97333877,width2_d1_m8,1
6,90,2,123.80438226328694,9.673458147752445,0.41134539428169736,-0.354193526206396,1.6213235354676672,-1.3803592572412466,-0.5326217641411262,-0.8665453708043628,0.10872997083580915,0.41141844685827533,-0.06493205682531461,0.24787092146935874,-0.28662416299698357,0.34227384397786526,global_random,6.673644044753737,13.222808130483555,8,9.96266406226,789383.520238,789383.520238,1.00000000,0.96460284,0.92957611,width2_d1_m8,1
6,90,3,123.87435811523139,11.124024056012953,-1.3488672385354161,-1.5561260536565924,0.4095088046751785,-0.6813921128808977,0.19221100197655416,0.36242379636997524,-0.48761436005384645,-0.054658037449361485,-0.525537442797924,-0.2683498373506677,-0.2599912183820775,-0.04742957194902131,global_random,7.3595382659079585,13.020402385289778,10,9.9353773554,4588642.68358,4588642.68358,1.00000000,0.97963064,0.96111886,width2_d1_m8,1
6,90,4,122.066650093167,10.262230757607078,-0.7786680090801528,-0.6182780942021353,-1.5699570877541729,1.673682881731642,0.54909719262463,-0.37241845071135615,0.6892688692447875,0.36259071771166584,0.30024075526066996,-0.18442880428360403,-0.2102241825465705,0.1935503527374543,global_random,7.31565379757631,13.465244883128712,10,10.1171876916,10285924.1931,10285924.1931,1.00000000,0.98084279,0.96385279,apodized_d3_m10,1
6,90,5,123.61497004257164,13.471596314722111,0.7268686228389118,-0.2848701512786911,0.3667903939681443,-0.3286318076894537,0.032906013625401465,-0.30231713803622534,-0.1669347780053759,0.0701089519897764,0.15398704663757007,0.01642825592749511,-0.009561673891851835,-0.06719829971497582,stratified_coverage,12.521790339273117,14.94628940914853,8,9.96255656778,6683931.28132,6683931.28132,1.00000000,0.99573128,0.99211390,width2_d1_m8,1
6,90,6,130.0,8.0,0.04600462759059101,-0.8815430154249768,0.03243744116439237,-0.31078586942409503,-0.06333256587568781,-0.20016903311205278,0.07682051602048723,0.21202385247673966,-0.007619630386340532,-0.14559972075514055,0.2429222833776687,0.1231695197613723,highQ_anchor,6.852799899568913,9.364570275070491,8,9.47360140174,14864662.5555,14864662.5555,1.00000000,0.99516286,0.99022514,width2_d1_m8,1
6,91,2,128.57456351635776,10.479835205086644,0.21951551859358487,1.5202117519046867,-0.1646500345864248,0.4702660680955322,-0.553263324636082,0.40562733598970935,-0.2623295927460919,0.021075562353453647,-0.38149690238845574,0.11338843691259093,0.1795801866971664,0.4153569592030452,stratified_coverage,8.467635241029747,12.977688229460837,8,9.58081447513,4182466.40986,4182466.40986,1.00000000,0.98790534,0.97658170,width2_d1_m8,1
6,91,3,123.60587731467027,11.03777069911276,-1.142198382480095,0.6510724190396724,-0.771867775214381,-0.3499855691226541,-0.5941379703569754,0.24627659274349978,-0.4290710443924587,-0.0677151431230063,0.2978626568662268,-0.5091298520585277,-0.21101049430929977,-0.36348132243588793,stratified_coverage,7.797262280064886,13.138319299770409,10,9.96686413415,2967872.42553,2967872.42553,1.00000000,0.98328944,0.96805723,width2_d1_m8,1
6,91,4,127.72141137891921,9.53349812161877,0.962194934019958,-0.35653095368463217,-1.527084216122752,-0.08569087936558328,0.13638796297691114,0.7662786026787081,0.5808260808965457,-0.3624898660505771,-0.07769551535383717,-0.266014924482888,-0.42012526282228757,-0.3153902633052905,global_random,6.626720120953978,13.457149649429581,11,9.66215972119,2193428.36693,2193428.36693,1.00000000,0.97916942,0.95826252,apodized_d3_m10,1
6,91,5,127.35555894550188,9.892762023364492,1.1411638091507266,0.7066463679382031,-0.10538064297039784,1.1809180221297788,-0.017752718855731375,0.26160568141325924,0.39985747287624784,0.32567837491425466,0.2930699597666032,0.1388960995662214,-0.34298726929203477,0.215889936206824,global_random,8.191422506678109,12.951502553786122,8,9.68540139665,2344645.50371,2344645.50371,1.00000000,0.98528226,0.97046048,apodized_d3_m10,1
6,91,6,129.86443153383527,9.99429603604353,0.7151218132348851,0.2414194415762112,-0.36959129570155214,-0.3121136311817545,-0.06068703870541081,0.7221877046410912,0.1839069558363582,-0.6122435831250841,-0.20614787708422466,0.4557234217752768,0.13815780579817732,0.14221275282877271,stratified_coverage,6.879248710493941,11.063571515313624,8,9.49345173012,5724001.02899,5724001.02899,1.00000000,0.98968453,0.97907892,width2_d1_m8,1
6,92,1,123.71596212413506,10.051342267789554,-0.29448746264352654,0.45169011006425386,0.8533664811737889,-0.1250456090609271,-0.8008553861573515,0.5292299523293362,0.6347108174750198,-0.47369281296953436,0.3186421019226111,-0.5465678024554752,0.26259150763421707,0.28210186086823114,stratified_coverage,7.710003375955515,12.579413671483366,9,9.98644462086,4796157.31674,4796157.31674,1.00000000,0.98803706,0.97731322,apodized_d3_m10,1
6,92,2,125.25064047030807,11.29943183659621,0.9393167261466684,-0.24231272017973704,0.055919711984719456,-0.28582072402730496,1.0337787170150654,0.2046801926890096,-0.020864290394696283,0.5851484254867803,-0.059260842184122475,-0.058851784414453934,-0.15335684682328166,-0.1758744495580124,stratified_coverage,9.253617599852976,13.184961692124299,10,9.83513421923,6462644.16378,6462644.16378,1.00000000,0.99137634,0.98324451,width2_d1_m8,1
6,92,3,127.85367282955733,13.08566110504474,0.7317055463556332,0.2651714524676052,-0.49237359574264605,0.07882698614256733,-0.2123720960403863,0.35898530243208715,-0.22007397256880878,0.17711474736342908,-0.013305074694990593,-0.0430152854270896,-0.04959659279914427,0.06303167723514819,stratified_coverage,11.816438220529305,14.491321752450299,10,9.63247615431,6521345.12244,6521345.12244,1.00000000,0.99511729,0.99092693,width2_d1_m8,1
6,92,4,127.59138269949784,8.280333195984216,0.48077428658654453,0.1457277840303619,0.2665684342092355,0.6012645145107819,-0.3984467940242505,-0.01749406213420264,0.42394015263037643,0.34691873891856573,0.22730101375974315,-0.2777445078069064,0.09322318125427619,-0.09130655629126988,highQ_anchor,6.897360140288501,9.404774566851207,8,9.66753424023,20214445.7486,20214445.7486,1.00000000,0.99484228,0.99051679,apodized_d3_m10,1
6,92,5,122.55444292728795,9.80600577562098,-0.19856415529927496,1.1913852716602795,-0.2601858341105401,-0.5564003482447606,-0.22575408276164954,0.5662448001350755,0.03889525608742994,-0.7935396847276093,-0.5038434533714223,-0.43536862612137806,0.14989807268923933,0.07633566401338593,stratified_coverage,6.875648665899114,11.597919514553894,9,10.0636804162,6231832.46215,6231832.46215,1.00000000,0.98741713,0.97473571,width2_d1_m8,1
6,92,6,126.64078270642037,11.75612967470698,0.5279752866129006,-0.40729966469249734,-0.36583601754669504,0.3617273862848889,-0.2604720863797362,-0.3145598403378793,-0.14805470736569593,-0.5096307808533054,-0.4282380731949089,-0.2579341531569081,-0.19972177078248632,-0.08586255514918245,global_random,10.26755002859339,13.450330697695383,10,9.73080008273,5777014.8906,5777014.8906,1.00000000,0.99360611,0.98771844,width2_d1_m8,1
6,93,1,122.39798651092126,9.064715503956545,0.2609163720265042,0.40533890948904094,0.1861593765094165,-0.7338817458539142,0.6538210518135834,0.796524161803976,-0.3148259494234156,0.26295899541741874,-0.5152595684682981,-0.38198630482653223,-0.033235406139446255,-0.07220497626943378,global_random,6.905586096357784,11.485761058862572,10,10.0581306388,5842251.83838,5842251.83838,1.00000000,0.98960710,0.98012354,width2_d1_m8,1
6,93,2,123.05253985749657,10.411664143179099,1.3902098264305218,-0.41344091306757536,0.7562228635091401,1.2371356989832456,-0.6719551618790607,-0.9645419449961016,-0.5689201443561548,-0.6194259822113616,0.1663133960805988,0.5434421179845934,0.4376149319883504,0.3654060191907124,global_random,6.842092213609073,13.081754981428096,10,10.0214278418,1964543.45583,1964543.45583,1.00000000,0.97025194,0.94243645,width2_d1_m8,1
6,93,3,122.38800546111963,8.496345097404259,1.0147453914094084,-0.5734374454432487,-0.5613425502141718,-0.6819810973619966,-0.9893379644943915,0.5705551861253679,0.14926500823470978,0.6362322808460232,0.08190823179847062,0.5285989661103703,-0.05392680513318038,-0.04311120500109683,stratified_coverage,6.724097849206433,12.37794695100281,10,10.074743327,10722945.4697,10722945.4697,1.00000000,0.98832042,0.97627443,width2_d1_m8,1
6,93,4,126.26728237942989,9.932020899961024,1.7118935277402167,0.2799581229207808,-0.24831249349142492,0.3606791567799712,-0.4415495963331493,-0.9035517309234737,0.6687665794437307,-0.02448030243894217,0.3841692545799581,0.22847711159667483,0.38156106117217486,-0.05196287060006283,global_random,6.80605723648015,12.728820907160957,5,8.67867840014,101917.686962,101917.686962,1.00000000,0.99133727,0.97305075,width2_d1_m8,1
6,93,5,129.131966366374,8.542027190440646,-1.0872143774638503,-0.19035658666745325,0.5486792537010261,1.0753394573802117,-0.5198123550939003,-0.4688561034246026,-0.6311257078104342,0.7939575453634038,0.24861585233697214,-0.3722731199295545,0.2906026633317346,0.19587039261977152,global_random,6.57560091329726,12.568936114602653,8,9.51860860455,5142857.08367,5142857.08367,1.00000000,0.98533939,0.97273678,width2_d1_m8,1
6,93,6,128.1779201603095,11.445460744260155,-0.9592197801350353,-0.7455551802908766,0.11358362738438266,-1.111113270792708,0.0781129683968107,0.23130878241275288,-0.22858266573516028,-0.5304875901177228,-0.3982465535130253,-0.11123737780502346,0.3150001250510716,0.23888015724798012,stratified_coverage,9.195570005957775,13.192226997569552,10,9.6160953796,3587895.41894,3587895.41894,1.00000000,0.98682341,0.97437839,width2_d1_m8,1
6,94,1,122.92837639880494,12.601764898168414,-0.6153639227136736,-0.5430915683993487,-0.4539406972164196,-0.2658053594039759,0.1387242284002056,-0.23222756865387573,-0.23841546965958754,0.008709595123583103,-0.083582148060924,-0.182507667474743,-0.0810612694640347,-0.05492932962963201,stratified_coverage,10.905912520187032,13.528754191197287,10,10.0186520184,4472193.86795,4472193.86795,1.00000000,0.99313851,0.98699886,width2_d1_m8,1
6,94,2,124.42195413508124,8.770550639825185,-1.5042858822009006,1.3826629496161886,-0.6509174786154457,-0.265235345353964,0.7869394423888683,0.1816079376107036,-0.6072828075491572,-0.1508930583136291,-0.2616025600518032,-0.20158659817533253,0.23694169910259383,0.10870307992876399,stratified_coverage,6.5128361670660535,12.896362235576953,10,9.88269212323,7046982.23933,7046982.23933,1.00000000,0.98186082,0.96548981,width2_d1_m8,1
6,94,3,126.96907175037492,9.90940189399939,0.5917322217473804,1.259551188925149,-1.202922761677406,1.0026877398766099,0.7634584249536949,0.03944976769758912,-0.34734982532526576,0.02810418909176915,-0.34569955688661724,0.34815101912833823,-0.4302820706090477,-0.06811024076121014,stratified_coverage,6.880432918330352,12.836449600296657,8,9.69086259621,1461330.71523,1461330.71523,1.00000000,0.97431660,0.95031688,width2_d1_m8,1
6,94,4,128.53115878066666,10.44162264107671,-0.5935005728187419,-0.9328435778125703,0.17854550717888396,-0.3331300496041314,0.5123842236258549,1.0201537330650479,0.2838363423344936,0.43113813446412075,0.0450930159310613,-0.15918123636285836,-0.4247905729074373,0.08111332211126726,stratified_coverage,7.542655312192681,13.083882596380235,8,9.59540208003,5582028.04627,5582028.04627,1.00000000,0.98811260,0.97594590,width2_d1_m8,1
6,94,5,126.84807461022952,10.27607065327722,0.6235039166056309,-0.6258871343035544,-1.156734834164741,0.442648107129507,-0.036221556873641925,0.9169221030505623,0.12416498808503884,-0.6125895649970876,0.17409013193769318,0.32469136550435274,-0.43129469266286163,0.02515767000106056,global_random,7.553256651738278,13.282006439763252,8,9.71610890945,4742348.40028,4742348.40028,1.00000000,0.98628529,0.97294862,width2_d1_m8,1
6,94,6,124.72202728396483,13.249015111713295,0.7065912747472434,-0.6947795411830429,-0.16722182660125068,-0.38717462120475377,-0.13724580566216818,0.04942727982906597,0.03899412994118545,0.15666322038706726,0.07828834937094858,0.07353391087925448,-0.08814536334039766,0.08024910803800425,stratified_coverage,12.358792423930222,14.891841228172211,5,8.33670802383,96086.7543676,96086.7543676,1.00000000,0.99630040,0.97003912,width2_d1_m8,1
6,95,1,127.56423650242863,8.407648866053743,1.1282843292263802,-0.7783494821719059,-0.46370807520496804,-0.729955493972875,-0.5967680363051616,-0.0948903391367919,0.25783156997354806,0.24118312020210153,0.42903142037951403,0.2843131404516692,-0.22597420843148278,0.04532780222099153,stratified_coverage,6.811411370606596,11.487926012654261,8,9.66584738868,11160554.8482,11160554.8482,1.00000000,0.98926021,0.97815407,apodized_d3_m10,1
6,95,2,128.48878746405927,9.901327404804587,0.6354584235676626,-1.3877993055526017,1.2123229644524607,0.009142597838788014,-0.1554200654686434,-0.257191652302043,0.30909034603100527,0.1841560277660521,-0.2897072175553265,-0.25959173439841404,0.1743346833870026,-0.03239159345585951,stratified_coverage,7.373114432570439,12.194834147093857,8,9.59050910577,2277617.6135,2277617.6135,1.00000000,0.98157893,0.96302389,width2_d1_m8,1
6,95,3,123.14723412890038,10.98829134513624,-0.2699624029695453,-0.9174727456078762,0.3904384697162391,0.0408456229966796,-1.0679284589560971,0.41320608550369164,-0.5285864943847234,0.6426439638705697,-0.17993487809403824,-0.42448280442581116,0.3640685661632595,-0.2843783021410081,stratified_coverage,7.891493339324867,13.356377560425948,10,10.0039245998,2501839.51239,2501839.51239,1.00000000,0.98241259,0.96667798,width2_d1_m8,1
6,95,4,124.35777705474358,12.017058674184884,0.42753684597966224,-0.13915689329342573,0.6117824356543016,-0.030213403718240883,-0.48039789516127107,-0.05124694507982719,-0.3571667177927985,0.09568550289196265,0.09491991927483634,0.11915253816438265,0.09202795204394759,-0.28431681026543887,stratified_coverage,10.418556080372678,13.077309914894478,10,9.90747167278,2715888.0704,2715888.0704,1.00000000,0.98944233,0.97978175,width2_d1_m8,1
6,95,6,128.46413108664183,8.869254550896443,1.4318057671220812,-0.8578778754874876,1.179560757228584,-0.7465961044869964,0.27353741997155945,-0.8291634427194656,-0.2944511584875755,0.1634424150558189,0.48706982905744,-0.2669999349086654,-0.01564455628776723,-0.32360383711358504,stratified_coverage,6.518987448667184,13.072247309966407,8,9.57534954416,5970580.71693,5970580.71693,1.00000000,0.98257561,0.96656032,width2_d1_m8,1
6,96,1,128.51303644356398,8.0,-0.10110436415972052,-0.8885994020253166,-0.11243951714814804,-0.3447821643961365,-0.0328647597114634,0.40467075946133824,0.20228077021486537,0.0739504497337449,0.06335604231034388,0.03953263132892845,-0.038746250912261575,-0.14180963300852195,highQ_anchor,6.6928929966796655,9.815808380884462,8,9.58459802338,28354778.3306,28354778.3306,1.00000000,0.99549685,0.99065669,width2_d1_m8,1
6,96,2,125.43439020604701,10.592641481931198,-0.46296727610693833,-0.8883719400672094,-0.3379387321412921,1.402850123664143,-0.9870099437250324,0.32929556284013706,-0.6075893901585636,0.15475938983633575,0.26788265536355405,-0.24985893067941456,0.004875337422930837,0.18265592930013658,stratified_coverage,7.838986658918729,12.944275360925374,9,9.80609615892,6681830.83169,6681830.83169,1.00000000,0.98527637,0.97237324,width2_d1_m8,1
6,96,3,126.6874829455567,11.00134498332487,-0.11480224359063751,-0.04963529608988315,-1.3704172281437357,0.22992313341403592,-1.079865052993583,0.1806547470724873,0.63366139767598,0.7502645078472523,-0.4783859749902605,0.16479666792368952,-0.17898019181926517,0.3045061986689423,stratified_coverage,7.711598562831434,13.307715887955494,9,9.74665238461,4480906.86734,4480906.86734,1.00000000,0.98380014,0.96771852,apodized_d3_m10,1
6,96,4,129.49250143543458,13.396872767387762,-0.6488592888585716,-0.20865510458640124,-0.22165905960284454,-0.4918713122705876,-0.24114857616276955,-0.18592921294812317,-0.1846999881740588,0.23559996575150838,-0.1536553287764936,-0.12945730369315858,-0.05934535547284643,0.11636220314694337,stratified_coverage,11.864389555439649,14.33590134995964,5,8.02385575819,92747.4041399,92747.4041399,1.00000000,0.99888455,0.97557082,width2_d1_m8,1
6,96,5,122.88670615664054,8.490970809250182,0.21573496983034968,0.07306534496188943,0.8792690385593003,-1.475728183892614,-0.030123710517075075,0.7508931348135448,-0.6313268336484816,0.08560811459706752,0.28056107283818277,0.36888399951684636,0.10995237134330221,0.21665793898809155,stratified_coverage,6.558736029680153,11.518818363503796,10,10.0048767592,6573147.41369,6573147.41369,1.00000000,0.98451520,0.97092264,width2_d1_m8,1
6,96,6,124.66579488005017,9.859742213380631,0.7334575116957063,-0.7541934403211905,-1.3346565626164668,0.3510715566629605,-0.04693669007673518,-0.7090135713207313,0.3637077159193458,-0.5155580715333241,-0.15218311317317457,-0.4062031850943999,-0.40612964924660433,-0.06776104474384459,stratified_coverage,7.480077550703682,12.497122131957617,8,9.8934057859,4015997.97675,4015997.97675,1.00000000,0.98399667,0.96771715,width2_d1_m8,1
6,97,1,127.94981252267182,10.159835743511566,-0.07954919356656376,-0.020327033121283034,-0.328611888814363,1.0857002212400413,0.8076707867856914,0.34681769042048205,0.737435751535692,-0.059323320431455606,-0.4891825649530582,-0.3155305398475151,0.10087829600444881,0.389592832730768,stratified_coverage,7.6697917224447565,13.20770757875749,8,9.65568651438,6078299.14155,6078299.14155,1.00000000,0.98962801,0.98146717,apodized_d3_m10,1
6,97,2,129.0245931573258,11.147169081303328,1.0028149575741465,-0.5083000385957146,0.9375595440143492,-0.8996492145423204,-0.7178302232786937,0.10357987749588093,0.7278133197934205,0.6660485554381026,-0.48411297489627625,-0.32497803864914543,-0.09985520815745275,-0.3549206444902597,stratified_coverage,7.925885786925792,13.34479276566997,9,9.57923096978,5019560.91755,5019560.91755,1.00000000,0.98442456,0.97081579,apodized_d3_m10,1
6,97,3,129.82164837153454,8.889723651735908,-0.7860707055163332,-1.3250291667394927,0.17965203800847793,0.615562306034022,-0.1078595517708492,0.18124341864545027,0.11313027801967071,0.036567623845615085,0.027513900501704575,0.3400228144367236,0.010982542088666423,0.08585180711480071,highQ_anchor,7.048113670017138,10.986455405311453,8,9.48815598336,19723685.8569,19723685.8569,1.00000000,0.99067254,0.98121854,width2_d1_m8,1
6,97,4,125.80183486763646,8.653211655207262,0.9185252582409333,-1.1038907430556482,-0.2813702590115561,0.04669630198264274,0.9299022999669253,0.3092478975258004,0.175341223420293,-0.6465893458319627,-0.3807578404573767,0.24845195610617288,0.1631482913974603,0.3800208014985345,stratified_coverage,6.549845311158002,12.080989737743954,10,9.7990501862,6844475.34242,6844475.34242,1.00000000,0.98634694,0.97266705,width2_d1_m8,1
6,97,5,127.50038775072223,9.32372957684131,0.12782053224891943,0.25799918428897106,0.9065813090568839,-1.1712021619378743,0.7300539596636559,0.27777884823654886,-0.6428983932971288,0.1240768068885284,-0.13927481115346813,-0.49944606738739333,-0.13747253583276686,-0.28034584361648507,stratified_coverage,6.523785977797231,11.965744356994247,10,9.64477279833,5081506.45688,5081506.45688,1.00000000,0.98555086,0.97299714,width2_d1_m8,1
6,97,6,128.42674330530178,10.26953868891232,1.2223895310734738,-0.8474230389414752,0.8858795180417751,0.7143530485803169,0.9572814349962409,-0.7882228718603153,-0.5008587163171836,-0.06081175791861393,-0.2839418220094746,0.4933055543256808,0.07489088344807221,0.08090519670583468,stratified_coverage,7.993313184747066,12.755952351138726,8,9.58155996133,7066791.56889,7066791.56889,1.00000000,0.98488962,0.97130855,width2_d1_m8,1
6,98,1,123.87227797848385,11.192940556420355,-0.13844181586939452,1.5041759423003067,1.1673108746975236,-0.11847508576802634,0.14395241713043716,-0.8332248952464976,0.22702443828738827,-0.42773649317826073,0.31491710881536794,0.5250716408598426,0.2683570202539903,-0.39867666081657654,stratified_coverage,7.068211349719247,13.404746036975213,7,8.67845185379,100467.895919,100467.895919,1.00000000,0.99673294,0.96850404,width2_d1_m8,1
6,98,2,125.76632222802883,12.411159388723437,-0.5272621228100658,-0.2578912646979552,0.35271204166290715,0.32426401375785885,0.20202897540827203,-0.32177151638127693,-0.1203668593948658,0.24107154433975925,-0.006237540769958361,-0.02474251049548251,0.08327308677687378,-0.1064092995618415,stratified_coverage,11.578812343422442,14.003621928903804,10,9.7942747081,6750133.65551,6750133.65551,1.00000000,0.99589902,0.99228263,width2_d1_m8,1
6,98,3,126.23880562841026,8.954250629881393,0.05023305846399939,1.6969165545368061,-0.8360128475985099,-0.09359236515570779,-0.4275333006453902,-0.27293234259673527,-0.021129242208378862,0.20017550301974563,-0.38845247805599564,-0.5057357862932994,-0.054420144379337176,-0.26561844997201944,stratified_coverage,6.886438780433843,11.918929057238989,10,9.75949455269,6375815.07431,6375815.07431,1.00000000,0.98627965,0.97290195,width2_d1_m8,1
6,98,4,122.12765279772074,10.63085118515173,1.6284199534011679,-0.17443713973423325,-1.0688919991421315,-0.5318384202999642,0.09678847692445158,0.797937577949946,-0.7993456394259649,0.11471236902113502,0.3884707866527731,-0.5468429927949654,0.0467533898704896,0.3017831250183742,global_random,6.64603102710266,12.851346648681265,10,10.0727287373,3375358.87836,3375358.87836,1.00000000,0.97493976,0.95282466,width2_d1_m8,1
6,98,5,125.70151310398997,9.806228675405091,0.5766162953036851,-1.276731268462084,0.9646709222356644,1.4393153751041268,0.8590022014532286,-0.38228491556759003,0.5056627907556945,-0.12005877185678959,-0.3888913995597367,0.5064372360079312,0.13765934333394142,0.3769629507893218,global_random,6.631485883513261,12.947382984556036,9,9.8237491379,556365.86909,556365.86909,1.00000000,0.95841638,0.91865752,apodized_d3_m10,1
6,98,6,124.88000341140507,11.05251259701636,-0.44583818492772065,0.9228919891584333,-0.2587606389717889,0.7536454079278985,-0.04840191999654886,-0.06898344970279391,-0.7575447110292896,-0.03140749638988205,0.21132473470837143,-0.49603760825017124,-0.2102857883138893,-0.22672523397415675,stratified_coverage,9.269169467056079,13.48103218574632,10,9.85705203544,4244074.7985,4244074.7985,1.00000000,0.98991445,0.98165270,width2_d1_m8,1
6,99,1,127.19133820281132,13.235629389829183,0.4249247676752246,0.1694349272621568,-0.5976132511136523,-0.007383837576315222,0.03409151753791578,0.3050757962890228,0.006488741755401095,-0.06243289513435368,0.04049458697453248,0.07878180787320505,0.1457519516378554,-0.09933961350001674,stratified_coverage,11.744769495599588,14.006061372217907,5,8.19042441591,94469.6768255,94469.6768255,1.00000000,0.99947559,0.97921251,width2_d1_m8,1
6,99,2,129.75873863982778,8.329151921281804,-1.4027972220715146,-0.26660330259240306,0.20988335860411245,0.7010870055494609,-0.49281844350439485,-0.646238058692687,0.5419552207766654,0.03413279824762849,-0.11553532035084707,0.09206305908983425,0.36068082601359835,0.08455528371389304,stratified_coverage,6.58872076286117,11.679912404957353,8,9.50930231522,12068838.8879,12068838.8879,1.00000000,0.98822068,0.97770357,apodized_d3_m10,1
6,99,3,123.0663777900487,9.612256969474092,0.17636595690402856,0.5797742393207663,-0.1937312502130364,1.0830415924705428,-0.20316980888144986,-0.2772102730310777,-0.6109824534241934,0.2799406220843239,0.5250039241162496,-0.24145097811687166,0.09115166408767289,-0.3737985277863812,stratified_coverage,7.94758810033639,12.24867357270834,9,10.0015629248,3659439.76251,3659439.76251,1.00000000,0.98885392,0.97929156,width2_d1_m8,1
6,99,4,125.83027396480081,10.52290469305883,-0.5651538148007196,1.2647311986630632,0.2827201952131968,0.05203628357116763,-0.8737799089483451,-0.8170924258972811,-0.5367716321544953,0.6182148678062545,0.02839944405535655,0.051130441805470106,-0.24154697129460642,-0.4476603608362012,stratified_coverage,6.738559922622343,12.439697927735907,9,9.78427957023,2384794.88478,2384794.88478,1.00000000,0.97676897,0.95572955,width2_d1_m8,1
6,99,5,126.32660307430523,11.086424518097903,-0.4440974440077592,1.5366620285144164,0.5658830196736988,-0.8801538353949111,-0.2532582617664596,-0.797075857556876,0.44051834279265933,-0.5848406891835985,0.2577642650758818,-0.17089263622935846,0.4472095918608994,-0.029626216910850822,stratified_coverage,8.305788547515464,13.17661507121911,9,9.76950034445,3603569.07758,3603569.07758,1.00000000,0.98219928,0.96410980,width2_d1_m8,1
6,99,6,129.73136178616883,12.595581318678143,0.2905112734922948,0.0021686108548827354,0.6221130737371702,0.4983320410538833,-0.35286309639782415,-0.20076778243909488,0.05088708960229554,-0.26434323813118,-0.0999867346065601,-0.023735654034793108,0.0054265165511024616,-0.08227757942232104,stratified_coverage,11.143893203615997,13.546387919769622,10,9.49642465208,13691170.4829,13691170.4829,1.00000000,0.99736665,0.99491669,width2_d1_m8,1
6,100,1,122.2398008462027,8.433791088165465,0.6739801199146513,-1.0145695805082868,0.3214531300385477,-1.0981206839740216,-0.8729781071521688,0.0017680913378583796,-0.3526865289564969,0.7845893494673508,0.17283256640033506,0.5179880474556495,0.4369292351691853,0.40153372945030846,stratified_coverage,6.764991082257567,13.304394352118724,10,10.0834069987,3265298.77743,3265298.77743,1.00000000,0.98443351,0.96985753,width2_d1_m8,1
6,100,2,125.16952016524996,9.53064088466303,0.3615820273025978,-0.8473786758118762,0.8342647297139212,-1.3347125325372162,0.2426709504251936,0.15636910247975133,0.19478588887841342,0.23533245931101376,0.4007544394292353,0.529834585501513,0.35167397530454,0.07186687371835127,stratified_coverage,6.734823711246347,12.07649663554795,10,9.85612799072,1123042.13853,1123042.13853,1.00000000,0.97544504,0.95060362,width2_d1_m8,1
6,100,3,128.49579363425758,8.0,-0.39539034512767246,-0.27299591146334884,-0.2418413269812631,0.4119426772837316,-0.27965624224080576,-0.43555839352602915,0.2844741932429908,-0.41551951508316887,0.032983689019336,-0.1464659256540038,0.09786786625712805,0.16000330326463108,highQ_anchor,6.586764853641908,9.236720759909971,8,9.59201123387,20571130.0929,20571130.0929,1.00000000,0.99553573,0.99055693,apodized_d3_m10,1
6,100,4,129.82368754362693,11.865776826846876,-0.8952877726860853,0.3784788085359496,-1.184028006366837,0.29109347447168354,-0.3907728581053974,0.19291281234216195,0.23370609430555556,0.4593545429605619,-0.07622261503955707,-0.07690011337538566,0.4007657662532422,0.17501783664268894,stratified_coverage,8.753979956837314,13.478588526339273,5,8.20330922696,96125.177828,96125.177828,1.00000000,0.99679420,0.97742696,width2_d1_m8,1
6,100,5,123.18078054091689,12.356093431615601,-0.6657921189402971,0.5379445874893389,-0.19530696799435399,0.5665162640846699,-0.0407755163809711,0.7839898612378378,0.40707369117100156,0.18072652290684543,0.5011533243481707,-0.11263915348056086,-0.02965867052593335,0.10132310849763987,stratified_coverage,9.315195744537455,13.4953737937688,10,10.0177697407,7093814.9888,7093814.9888,1.00000000,0.99231101,0.98392154,width2_d1_m8,1
6,100,6,125.61921999101097,8.768362630877567,1.0328336365965578,0.9924913938283102,0.23568837263449294,-0.8519393089590549,0.9204041896003647,0.24697582254214945,-0.02416889802519806,0.5291161829380342,-0.20506199367603622,-0.2604884676925307,0.18191588546195764,-0.03331132712837431,stratified_coverage,6.646400965112419,11.641055395742256,10,9.80365908054,12912987.7422,12912987.7422,1.00000000,0.98652888,0.97340364,width2_d1_m8,1
6,101,1,127.64806264193356,9.974125044312018,0.5173241188179509,0.8502732335333314,0.14391623134544163,-0.4437313233646236,0.9599853401358875,-0.4462447510072246,0.36713067796549326,-0.3502576534418411,-0.3084700398159835,0.20540531882783353,-0.28242280041515033,0.02095164137929373,stratified_coverage,7.760024647826746,12.184127012630375,8,9.65910637003,3825707.79127,3825707.79127,1.00000000,0.98871300,0.97696574,width2_d1_m8,1
6,101,2,128.44981462191177,10.498871908214277,1.4047668567039175,1.8484212025032578,-0.37558530653549993,-0.7933031755002424,0.4805786798000815,-0.4970631557994637,-0.08839034339262297,-0.14460930704574904,0.4688454454191868,0.05850395525063834,0.27853657915258595,-0.09310530799955491,stratified_coverage,7.511939867474682,13.04978378960087,8,9.58179997039,4972986.27561,4972986.27561,1.00000000,0.97852074,0.95825237,width2_d1_m8,1
6,101,3,123.13646280693067,11.089503970009742,0.2930948338493571,-0.038147194767234716,-0.4947062408224987,-0.3034319532025602,-0.24688791947256095,-0.6997494107409648,0.6851706452373703,-0.020110887789608123,0.059109625507830166,-0.10537916468031516,0.38939962145024704,-0.2056819327368506,stratified_coverage,9.260102129572234,12.459940426068474,7,8.77994219929,102003.763196,102003.763196,1.00000000,0.99931894,0.99103082,width2_d1_m8,1
6,101,4,124.6428881228764,13.152697757658432,0.16415002044179128,-0.5843206534444431,-0.567348080223024,-0.004951770484803442,-0.34107610448432135,0.14988506474566343,-0.23363046301154133,-0.05234877737577015,0.16556624419115606,-0.0013250685233258397,-0.08913506699194125,-0.12493340102389577,stratified_coverage,12.182179279209358,14.725898066238585,5,8.39574360823,96114.9258971,96114.9258971,1.00000000,0.99811014,0.96932852,width2_d1_m8,1
6,101,5,127.0099189393321,8.986992613952248,0.7501740588118984,-0.22155991033582123,-0.3445003501391948,0.47081095191657574,-0.621377262057907,0.12611541046857333,-0.12794769203425882,-0.21173519452424772,0.09099341511511694,-0.11318680638825901,0.09506087426121107,0.22773095579119546,stratified_coverage,7.430473236697845,10.862304848662196,10,9.69189728924,12347361.7206,12347361.7206,1.00000000,0.99452903,0.98947796,width2_d1_m8,1
6,101,6,129.03451696992593,9.258812049838948,-0.6362463107053429,-1.401553734057968,-0.1702136971777959,-1.2714536958885934,-0.26054941330261683,-0.4346017079125306,-0.40889971012894666,-0.16734808353083486,-0.5118853623650235,0.2888093084387616,0.31687659459323386,0.043541524134105114,stratified_coverage,6.701615605012151,12.633719898373757,10,9.54088423433,5938483.85958,5938483.85958,1.00000000,0.98214623,0.96538405,width2_d1_m8,1
6,102,1,122.90269775784255,10.039153297002658,0.4802606268755003,-0.583191310063073,-1.5177464434775394,-1.329252549313421,0.19745601292995762,0.9790970901383358,-0.2637128185609168,0.12170172861241912,-0.3792553767528415,-0.4387703026144767,0.006807093546694509,0.22639794347677528,stratified_coverage,7.123887153142289,13.287885277709705,10,10.0191209794,6168190.15732,6168190.15732,1.00000000,0.98235108,0.96587481,width2_d1_m8,1
6,102,2,124.57934943790252,11.070681465315777,-0.7237350807982152,0.32148799333592093,-0.2969808343726206,0.8331876013240158,-0.42020481540366295,-0.3892717843956851,0.05932076693757149,0.028659263814673208,-0.38356059254815267,-0.19973201478105324,-0.3927677902048871,-0.22256796640027127,stratified_coverage,8.880050456886561,12.713264711813915,10,9.90082149442,3156967.59463,3156967.59463,1.00000000,0.98816405,0.97653645,width2_d1_m8,1
6,102,3,127.85507509834697,13.290260431741283,0.07797678639643135,-0.680267573103426,-0.11985627082555617,-0.03644350455280243,0.32173528597815615,-0.18536304726489378,-0.010332123026455198,-0.00038817594951279233,-0.08229617300303672,-0.08484481507173851,-0.0686409279944866,0.1535097527044151,stratified_coverage,12.372047526770926,14.359304444166476,5,8.13628893951,94015.6554951,94015.6554951,1.00000000,0.99854072,0.97713984,width2_d1_m8,1
6,102,4,128.76580683079897,8.635530375998888,0.09171165502765355,-1.2241003061329494,0.7716615185554387,1.1050191561412988,0.9548167828526806,0.014086815138473874,0.21052195183262512,-0.24786816310573134,0.27873049699134567,0.36592638263909094,0.2616231304780234,-0.09752620767432735,stratified_coverage,6.618790172796511,11.898438194022548,8,9.57411790212,11634449.0199,11634449.0199,1.00000000,0.98580298,0.97128500,width2_d1_m8,1
6,102,5,123.4110729825532,9.506770368933346,0.6544951986238683,0.009768124899351083,0.33745260180826064,-0.477226139948576,0.9639934513377799,0.5361619472467818,0.17996033861520733,-0.37521906941680055,-0.3100876354781471,0.07443045167545548,-0.1921007754793908,-0.2842098835096334,stratified_coverage,7.278329919234119,11.517360820408193,8,9.9855377947,923181.394297,923181.394297,1.00000000,0.97708237,0.95415879,width2_d1_m8,1
6,102,6,125.28177540594356,10.264095651738641,-0.24063568553409365,1.080998520095128,1.4253717372469603,0.10146832470925604,-0.1591719292460727,-0.9178572480479037,0.18793301052796463,-0.4673229705469961,-0.29399035783976174,0.24387224816763975,-0.2913815956054241,-0.4321539377394333,stratified_coverage,7.03795759945183,12.728225902750246,5,8.7509399287,101824.43766,101824.43766,1.00000000,0.99682495,0.97200902,width2_d1_m8,1
6,103,1,127.10196115518929,11.431003996917703,-0.3796503505097726,0.521112384607278,-0.793602561476062,0.8968892284164205,0.6101071172754153,0.2215543137649585,-0.0020148576760721237,0.5284642554461729,-0.48776973941449936,0.2527651675261532,0.10291256739614812,0.2795690863446562,stratified_coverage,8.846175653437772,13.277812320770954,10,9.69899872544,5215083.85071,5215083.85071,1.00000000,0.98973436,0.97971527,width2_d1_m8,1
6,103,2,129.7929061053185,12.806742708786283,0.15391243993869108,-0.2198647739686519,-0.09597777629646354,0.1726515159818146,0.16071486734102902,0.014854956784264017,-0.26045757455666346,0.18906055146941925,0.013096370135671304,-0.1174654698170552,-0.12017729758435503,0.005034455669915394,stratified_coverage,11.850370056055604,13.410740783537914,10,9.48689061577,8000642.27857,8000642.27857,1.00000000,0.99705113,0.99489654,width2_d1_m8,1
6,103,3,127.8460754427626,10.131435949204404,-0.6477459957680629,-0.10956225157994615,-0.18726620240053782,0.5167354509814046,0.4514114043624584,0.36815593741480823,-0.5329415600829281,-0.13777026698510464,-0.31241177255443914,-0.5116778275611817,-0.44767363036914726,0.033175377391894634,global_random,8.19731502881495,11.759768390915088,8,9.62907238288,3882916.73799,3882916.73799,1.00000000,0.98983510,0.98112289,width2_d1_m8,1
6,103,4,124.62226940007034,9.323208686840166,0.9997956021956536,-0.8710498631373536,0.3601565365857511,-1.2820546908549693,-0.8188009064936737,-0.9402052505024497,0.4502643904944055,-0.49615390314628294,0.05574156273696762,0.17885934729995212,0.22057696844750646,-0.39309073366111014,stratified_coverage,7.048878248100827,12.744778782698859,10,9.91283247426,3154665.81168,3154665.81168,1.00000000,0.98172220,0.96517070,apodized_d3_m10,1
6,103,5,126.36659391445056,10.848502710140096,0.26766716323881745,1.0799805118955956,0.82594556511945,-1.017865892333496,0.2311490526825628,-0.06883602168930114,-0.5917458073796648,0.4378346003435061,-0.09294659009445305,-0.03673067543393527,0.10065415882506495,-0.30983280443522676,stratified_coverage,7.699862892676964,13.208729897835891,9,9.73588747229,4904411.28756,4904411.28756,1.00000000,0.98615522,0.97405206,width2_d1_m8,1
6,103,6,124.74362214464583,10.071759031357068,1.4788189785223436,0.6392041718459232,-1.5444928040520345,0.10110632084054294,-1.0629569773174508,0.1560763474001896,-0.30897054520195105,0.5884222930352621,-0.11977207918079436,0.5292955963623478,-0.35682026380219867,0.32746294956912375,global_random,7.373230926416272,12.94959500739098,9,9.87662665771,2078124.00871,2078124.00871,1.00000000,0.97494876,0.95145780,width2_d1_m8,1
6,104,1,123.91274566049259,13.4762578715433,0.11957658315552055,0.7078016560869267,-0.4632022939305479,0.13815293448460741,0.3440666074178951,-0.19550067168498816,-0.22762733736717017,-0.06336403949366143,0.08705506506542715,-0.15185940962402664,-0.1322423895480958,0.08870930165938812,stratified_coverage,12.059251222288076,14.652242162302556,8,9.9314876477,1650650.07381,1650650.07381,1.00000000,0.98344856,0.96723205,width2_d1_m8,1
6,104,2,125.7680045830173,8.663200617121172,0.6416351749422455,0.7526075084355672,0.3602802461170651,0.30019789615976555,-0.5759296062693462,-0.5301758202391422,0.44053943342008983,-0.5600452564533944,0.1756908806537837,0.3747541128857258,-0.033157588450378694,-0.000987245233668832,stratified_coverage,6.697519646817107,11.15918491721791,10,9.80558543654,15279745.715,15279745.715,1.00000000,0.99088523,0.98195534,apodized_d3_m10,1
6,104,3,126.30841957080968,9.88226815842227,-0.6355349645690758,0.5003893660056522,-0.14956895404010195,0.8921132579667954,-0.709879667700785,0.09615151539513511,0.21115765161893796,0.48625372823501234,-0.1393883666113438,-0.009912087319201346,-0.4484469053899611,0.04304001866449292,stratified_coverage,7.562903190490396,11.801453243387044,5,8.78609411891,102069.178683,102069.178683,1.00000000,0.99717962,0.98220406,width2_d1_m8,1
6,104,4,129.89773243337984,10.398657085642178,0.4226546089554679,0.23260118449310907,0.13385175436617103,0.5005158964819254,-0.7885866177962302,-1.0966566603424235,-0.17479857580440084,-0.35980408285680276,0.2233591891685761,0.03934824932316483,-0.003904688741572182,-0.17382132691997842,stratified_coverage,8.485745234553663,12.608641624948788,8,9.47872913568,9352998.03323,9352998.03323,1.00000000,0.99219696,0.98498445,width2_d1_m8,1
6,104,5,127.29445895835738,8.0,0.5747494320412098,0.17254159394426627,0.16083274554059113,0.8869204122715061,0.10601391988094555,0.09115323250888063,0.33661204588281496,-0.05730290285872183,0.045232982188245126,-0.17894320417301637,0.0525238681274517,0.23889956645083962,highQ_anchor,6.747302916054039,9.538817790736104,8,9.68537136382,20608007.4924,20608007.4924,1.00000000,0.99439496,0.98886269,apodized_d3_m10,1
6,104,6,124.51170844496724,13.191984998034737,0.5186892569498829,-0.6950826785644872,0.08669680160687676,-0.22740591755746353,0.2667862949534806,0.11719287498402353,-0.2158746638050348,0.11873761513443015,-0.12042174164389173,-0.0559859015138216,0.11846061762292784,-0.08867718418946291,stratified_coverage,11.697445620544425,14.192834956381548,5,8.39155715268,96215.885146,96215.885146,1.00000000,0.99692983,0.96637639,width2_d1_m8,1
6,105,1,127.6091997755286,8.92389747671007,0.055677350143093385,0.3671306790992892,-1.0434049209925003,0.15659938674533014,0.29769179729599204,-0.6173379530793801,0.559693227502416,0.5284713695975551,0.19552353744008544,-0.046003805485161586,0.2539709441017372,0.01123134835455486,stratified_coverage,6.790466540108107,11.341221541351135,10,9.66978759071,10308179.7478,10308179.7478,1.00000000,0.99112296,0.98321531,apodized_d3_m10,1
6,105,2,128.74914315458142,9.40117040748288,0.4234690587381311,1.5932378178594178,-0.8133361107873959,-0.4232634919322804,0.053751650933945294,-0.511549090883605,0.10750759279743272,-0.2847469753906946,-0.2262397916277364,0.3997832847796263,-0.264746210273094,0.07695963116729171,stratified_coverage,7.4785397819752015,13.091330514863452,10,9.56431109845,9568400.69543,9568400.69543,1.00000000,0.98847087,0.97729171,width2_d1_m8,1
6,105,3,123.12719660881129,10.581982083185922,-2.1799994838567356,0.9995939840174026,-0.2657789962952468,1.0885022224325265,-0.037814214603311136,-0.19156749466835254,-0.7601641010310187,-0.5803018988047063,-0.3993321584722658,-0.3503772768378437,0.41045653620275874,-0.18104334022357543,stratified_coverage,7.1512153632478865,13.24306151205879,10,9.99847159935,2468602.01759,2468602.01759,1.00000000,0.96977334,0.94224742,width2_d1_m8,1
6,105,4,124.70954856469439,11.092978613074665,-0.2351377486666164,-0.9374995100958072,1.4094328834818766,0.28292970682197693,0.42104620270198745,0.2514957441400958,-0.7684946908262807,-0.7905427612409526,0.4307843479542306,-0.23436205921508724,-0.006678837650184677,0.11936897962573084,stratified_coverage,7.093621149803016,13.112995599986137,10,9.8624022814,4839246.15632,4839246.15632,1.00000000,0.98114535,0.96484955,width2_d1_m8,1
6,105,5,126.20341125225062,12.406047877790382,-0.28192053307047216,-0.0007052269604690409,-0.050295533629261424,0.24978426028911604,0.3435244484890597,-0.17163686861963032,0.168400397865955,-0.002866515973242778,0.08403629937757817,0.10998284678120529,0.0033060554663564556,-0.0005616008022062691,stratified_coverage,11.68423014171408,13.203438369588369,10,9.76330024643,24737575.9427,24737575.9427,1.00000000,0.99938639,0.99874019,width2_d1_m8,1
6,105,6,129.00360298624184,8.851796147137438,0.4577218630546658,-0.5555574441096032,0.18291683045715512,0.4564128287980804,-0.2067065045231845,0.9448730966899102,0.23069708521601906,0.12143224368922412,-0.1164706631172181,0.23558910990869053,-0.3317187858284717,-0.2992376628932353,stratified_coverage,6.919375192143121,10.942207561729612,8,9.55807739708,7527980.92758,7527980.92758,1.00000000,0.99168336,0.98293770,width2_d1_m8,1
6,106,1,122.9921521789974,9.116535493465689,0.7678388128246798,0.8341804463021361,-0.3284442293453138,1.3765051897483327,0.49326928300776096,-0.06411013167229673,-0.7277170069710546,0.17687231734481124,-0.11337223401942975,-0.1258523072802179,0.2809553972858703,0.1103931523983474,stratified_coverage,6.50130332487,12.039335023783295,10,9.99418135759,5040856.05688,5040856.05688,1.00000000,0.98400178,0.97008828,width2_d1_m8,1
6,106,2,125.45849495127365,10.186316737959649,0.8115612508936274,0.19381756060471922,0.8937770832711298,0.7930421390777547,-0.9645024121313145,0.4606885230893756,-0.115719804939312,0.2633803629983582,0.37782368137928,-0.3060535866440457,-0.38589111847782215,-0.1997855276600869,stratified_coverage,7.691324492955789,13.06443759940657,8,9.82804208393,4116340.23996,4116340.23996,1.00000000,0.98564910,0.97166812,width2_d1_m8,1
6,106,3,126.891593544981,11.647412900532892,-0.09232740629222258,0.7335938720317339,0.47347041102236687,0.47356116627269285,0.5975976301655539,0.7466405281711037,-0.36133704999662997,-0.5986571520244142,-0.014300477028645786,0.5031397768428578,0.4314075623007631,-0.2856681390712314,stratified_coverage,9.591571972683948,13.470873075223253,10,9.72296427137,1964543.79684,1964543.79684,1.00000000,0.98239242,0.96577983,width2_d1_m8,1
6,106,4,128.8518479282063,12.322348715567337,0.5782923790874088,0.15865868243074566,-0.47410489656428023,0.31961843628865483,-0.10234551035956796,-0.14809941459605613,-0.10321383565553993,0.21314986664317265,0.15238242783667094,-0.05525643096310742,0.009643414126838473,0.08472459968628912,stratified_coverage,10.786195171276797,13.418126805675415,10,9.55682008605,14521995.7927,14521995.7927,1.00000000,0.99759757,0.99572059,width2_d1_m8,1
6,106,5,122.03456755615494,8.980573046760272,-0.066674391723339,0.524279493990877,0.41671147466641867,0.11647971666524692,-0.3057086213792325,0.9016546541550796,-0.5370908674843635,-0.3776734224898551,-0.2845228517390825,-0.33055556694149313,0.4369500012823648,0.020059607537995905,stratified_coverage,6.862242967617247,11.340172953515836,10,10.0845780163,3460789.95656,3460789.95656,1.00000000,0.98817578,0.97796545,width2_d1_m8,1
6,107,1,126.90088169660339,10.136180083878266,1.0113205395201614,-0.3439291970433531,-0.7165707740668743,0.7566639995854711,0.1131995723096535,0.2319806503745634,0.7074368383280225,0.10567535864837674,-0.39672182606917505,-0.08211440315358032,0.32410227619787907,0.315313137310346,stratified_coverage,7.152824602640251,12.458629163296083,8,9.73520883532,4101769.89657,4101769.89657,1.00000000,0.98673046,0.97546619,apodized_d3_m10,1
6,107,2,129.83764891926708,11.276059578267288,0.18135552989737125,-0.8323651348371135,0.22019232905389985,0.9802563080649713,-0.8761615751425552,-0.04927895428666407,-0.623101745521971,-0.05473354351737725,0.10117742248420503,-0.05157198114482492,-0.24020156347236812,0.07255743901957473,stratified_coverage,8.448130797865705,13.171417855476955,8,9.47702534711,6587503.61204,6587503.61204,1.00000000,0.99010363,0.98171102,width2_d1_m8,1
6,107,3,127.73286154628623,10.8915967100378,-0.7054631608418878,-0.09469877324441134,-0.5413045731828363,0.28300863439692603,-1.0239607949681548,0.6416421541729764,-0.5615471392363344,0.006039869488613014,0.23683548523569553,-0.3960746310738067,0.06183411985594284,0.31085695517774875,global_random,8.178252547330617,12.804535631268415,8,9.63425411006,4654581.73806,4654581.73806,1.00000000,0.98743027,0.97658247,width2_d1_m8,1
6,107,4,124.8760819566686,8.950677634476179,0.08683586420755818,-0.3182249741970884,-0.7585510304214385,0.21276640880398268,-0.6344406820309645,-0.7061871132779769,0.1642476425932704,-0.6702495698861759,-0.45535634883705356,0.06826872638796855,-0.03792610892123621,0.021285481544279783,stratified_coverage,6.886197032039551,10.660947155892947,10,9.86954834215,9630121.35759,9630121.35759,1.00000000,0.99035141,0.98049405,width2_d1_m8,1
6,107,5,127.13219521761783,9.28540158147327,-0.4938909572315535,-0.6593508455016575,0.7688196619085843,-0.8002925722215433,-0.878110466456308,0.02068835529726676,0.7180369239259912,-0.6942985928723179,-0.19982926127903816,0.18144923575921912,-0.2463494995231828,-0.28410293164023714,stratified_coverage,7.107717166392248,12.829390641564247,10,9.71572103668,6358734.12078,6358734.12078,1.00000000,0.98796026,0.97811365,apodized_d3_m10,1
6,107,6,128.36028518826797,10.60819378561504,0.923397180409677,0.3239075492999661,1.78786091566885,-1.3936979063241386,-0.40141621207009637,-0.3185302715445617,0.4010201458507676,0.3432035685868875,-0.15498752489006173,0.26330638979946885,-0.019450172548229727,0.015349769309536299,stratified_coverage,7.098549249077646,13.203877129997203,8,9.60637052477,16840116.5572,16840116.5572,1.00000000,0.98164157,0.96295871,width2_d1_m8,1
6,108,1,129.60190523228832,11.234898524142404,-0.6903463509262231,0.2633129344282801,-0.05027925096576058,-0.46895789894055584,1.008509034960651,1.0264109259502532,0.15344803352217595,0.0820806773393965,-0.3605342850687727,0.05982411561219203,-0.06522489599134024,-0.24590340750831235,global_random,8.925723453409182,13.305478481835475,8,9.51412253028,7361427.68002,7361427.68002,1.00000000,0.99116249,0.98212644,width2_d1_m8,1
6,108,2,125.3603878950848,12.281886944913426,0.35063757166238907,-0.4881091450494511,0.3478527050588931,-0.34405284568820343,-0.21817399742913834,0.06378453051241806,0.11337540911185912,0.05210120171031951,-0.0004171437435359915,0.1329502581609615,-0.13486184846955773,0.10490490799096366,stratified_coverage,11.290500358836194,13.415224337307059,10,9.83213854332,5502549.67146,5502549.67146,1.00000000,0.99498438,0.98991286,width2_d1_m8,1
6,108,3,128.09832432329455,8.23939151573727,0.9293565721598459,-0.8166607834691884,0.22795302388589428,0.0902007987870102,-0.20620045928470535,-0.07218114682546621,0.0714656609996292,0.14394674768955662,0.0944975064321387,-0.05155352165122791,-0.09282212040987599,0.20196086783319822,highQ_anchor,6.607788926560254,9.60833762714182,8,9.61346277113,17789805.5904,17789805.5904,1.00000000,0.99278698,0.98553390,width2_d1_m8,1
6,108,4,123.05358691970737,9.555753641637043,-0.47175951795389026,0.19968920832319448,1.2170448533131173,-0.23404565180082493,0.4615971016926186,-0.6878054094541686,-0.22395793408372566,0.3640762336277408,0.07335346397777365,-0.07789714897949329,-0.32021808930854023,0.29414936164627065,global_random,7.458822053631041,11.979027040744601,8,10.0079722308,4589305.39577,4589305.39577,1.00000000,0.98781819,0.97644977,width2_d1_m8,1
6,108,5,122.24979297156075,10.939341420327818,0.2612863679767772,-1.3965996405365928,0.37356169379659554,0.05273667972877272,0.7942126386046733,-0.9470343195687003,-0.03035571646627011,0.7764349976892897,-0.03109037075513621,-0.5447142244925027,0.3569439149084093,0.03969106960679858,stratified_coverage,7.628864775686427,13.19774026647922,7,8.89532677373,101882.68154,101882.68154,1.00000000,0.99602868,0.96917294,width2_d1_m8,1
6,108,6,124.08442322799661,11.405148223701653,0.7447914647255365,0.39886865376934777,0.848086160018857,0.439424085250985,-0.09415801472339425,-0.614818934018551,-0.5549724552014244,-0.4851437892232753,0.14069340763593008,-0.5017444861208199,0.045470462300972014,0.3092652333092902,stratified_coverage,9.10622223821578,13.421957271140025,10,9.92434188788,3539506.21513,3539506.21513,1.00000000,0.98759070,0.97674872,width2_d1_m8,1
6,109,1,127.95999373642405,8.830043593707712,0.8103131609813442,0.16020203333921976,-0.44849667856204456,0.8504624233788128,0.09178494749719493,0.14939490562622282,0.2401360740214851,-0.045294292673125076,-0.2555354305068588,-0.11349296182745361,-0.06791929645310928,-0.10948422348772854,highQ_anchor,7.05843677607792,10.565650864476241,10,9.63205548411,22129859.8958,22129859.8958,1.00000000,0.99388490,0.98720896,width2_d1_m8,1
6,109,2,126.3702133825799,10.332523631553514,-0.3302940942230226,1.7586198448941657,0.12950453363376457,-0.4289127846916898,-0.12910324483998803,-0.8627359679289082,0.3853759867820685,-0.31469340530319984,0.449625064182693,0.023989865548948663,0.32324639263043536,-0.41105251075658367,global_random,7.197919858951158,12.917629249144872,8,9.76091979368,2570929.75777,2570929.75777,1.00000000,0.98021789,0.96045935,width2_d1_m8,1
6,109,3,122.6719026238386,9.301454281529338,0.9447919733473231,-0.7848202900264618,-1.0081147730017124,-0.3293246269127452,0.01037155466708195,-0.3698349568883307,0.5791377852028894,-0.06457970214583286,-0.4376692304020579,-0.1948166570183601,-0.04593703808117672,0.04303759552277475,stratified_coverage,6.836984222817542,11.5786143732834,10,10.0608335488,2777632.98908,2777632.98908,1.00000000,0.98524509,0.97193856,apodized_d3_m10,1
6,109,4,124.20144394901355,10.781210758148129,-0.6592267934943807,1.5892214381958238,-0.8381498339122018,-0.5591083822291425,-0.11661034431432249,-0.5826387233139212,-0.7643437256508214,-0.7983412286570246,-0.314879967857848,-0.35176153440957847,-0.05197256103552139,0.08231156936102008,stratified_coverage,7.5115746875403,13.46253998960658,10,9.90222025044,5971402.75285,5971402.75285,1.00000000,0.98288726,0.96818254,width2_d1_m8,1
6,109,5,126.67906307974475,11.92430740580517,-0.7190487024418362,0.13704631965830805,0.3062133920188226,0.723047526637161,0.33065992590225046,-0.11040506084038249,0.7584415583100472,-0.5061343437105729,0.4188594321883765,0.22369770997298588,0.41976638638223324,0.0015355229441298412,stratified_coverage,9.486873232645697,13.45588967932385,10,9.75895455117,2830734.17205,2830734.17205,1.00000000,0.98730393,0.97606907,apodized_d3_m10,1
6,109,6,128.78111935343918,13.416046000679271,-0.7338119111508757,-0.09900170826743027,0.22674649508013,-0.1417944155752628,-0.13962607554818662,-0.014351998959444279,-0.24525814439821506,0.1842300990560763,0.057831543042109856,0.03647026479155516,-0.017983248972412658,-0.06730025754053569,stratified_coverage,12.563017985630724,14.437983012080368,10,9.56420702922,2321808.4725,2321808.4725,1.00000000,0.98824412,0.97697624,width2_d1_m8,1
6,110,1,122.21297118906202,8.892303298285375,0.5493074923927779,1.6343728360925347,0.4017777538438787,-0.49588854430755425,0.2313942563419049,-0.6220778118142869,0.5686329083352941,-0.7730865163229792,0.28826851184230895,-0.31634464083593816,-0.011464888450968436,-0.13493285420021195,stratified_coverage,6.624583989561927,11.709277820574703,10,10.0967293247,12547331.8838,12547331.8838,1.00000000,0.98305163,0.96717361,apodized_d3_m10,1
6,110,2,124.11334482275961,9.27434445941159,-0.9483262544008877,1.513038412827814,-0.39892985805294057,-0.4744792448666395,0.30949934229284715,0.8964646256250746,-0.28574445402317394,-0.5420943897402075,-0.2940280586208556,-0.016565327451174672,0.2633686234009977,-0.22358622245088655,stratified_coverage,6.937184715488199,12.231942895940232,10,9.92570637131,2368238.30484,2368238.30484,1.00000000,0.98062835,0.96191686,width2_d1_m8,1
6,110,3,126.23776121255521,10.63162476356486,-0.10723121135486391,1.0423164601508916,-0.6988972956167105,0.9572132528239206,0.5500859218445742,-0.9126821559972969,-0.4121513072722186,0.03092530619664513,-0.19864455077447496,0.4642613628500356,0.057921654641269915,0.3817491183457374,stratified_coverage,7.736080061163964,13.333990632652734,9,9.75119038788,3869622.64246,3869622.64246,1.00000000,0.98437951,0.97032578,width2_d1_m8,1
6,110,4,127.04626601560304,10.23625062588113,1.6475926128105236,-0.7412059282239478,-0.2251583180752339,1.7052084451875975,-0.1484804312777246,1.000068513377451,-0.0776970057923787,-0.5476799322609379,0.3144680581690975,-0.19591020748086813,-0.13605993274593675,-0.07631020239728048,global_random,6.546019924839817,13.464692137412525,8,9.69455826477,4958741.83964,4958741.83964,1.00000000,0.97589841,0.95271476,width2_d1_m8,1
6,110,5,126.6981692397326,9.344003407208694,-0.7946406361142957,0.2504106356948763,-0.07246245025287057,-0.9137754996697027,0.6875171552802535,-0.16513511653893764,-0.49101528238113623,-0.2508573274615282,0.16034378421850148,0.30776958508953345,0.4405745925856141,-0.19377828703629824,global_random,7.382202560371272,11.692502497728043,10,9.71634511082,3241693.34695,3241693.34695,1.00000000,0.98761085,0.97647107,width2_d1_m8,1
6,110,6,125.7826138312638,8.812417596461861,-1.04813630390575,0.4219448839967841,1.1821895498310122,1.0690612477874535,-0.7926182219152654,0.1395245209641649,0.4585159959394003,-0.44557501444303704,-0.1916235626167263,-0.029861935907414594,0.13116598920726846,0.15515889139333222,stratified_coverage,6.553411411976786,12.622519536086482,10,9.80208518444,16404649.9805,16404649.9805,1.00000000,0.98541723,0.97084682,apodized_d3_m10,1
6,111,1,127.08097669883524,9.309607829666675,0.40964665167536785,-0.564095060793874,1.0668947925000676,-1.0951302715893991,0.5080001859954957,-0.40003393998666326,0.506685167754739,-0.5157025176725365,-0.06686379018762795,-0.14123648326099586,0.09709335212077169,-0.36331526828439725,stratified_coverage,7.4069276345401365,13.147282550179863,10,9.70865867937,10393837.8857,10393837.8857,1.00000000,0.98977991,0.98015377,apodized_d3_m10,1
6,111,2,128.93013514123865,10.468067857238054,0.7572397393721166,1.6772328277224235,0.6268798935170434,-0.43450614354235717,-0.33861424457905975,0.6700435790945067,-0.43646685562737453,0.16333006902286495,0.33729119085539483,0.22293448042705377,0.14540129153549636,-0.12583036123934915,stratified_coverage,7.2571964916242635,12.666136690547747,8,9.54329390488,7666377.92418,7666377.92418,1.00000000,0.98444145,0.97021589,width2_d1_m8,1
6,111,3,124.5246066382343,9.332897435614784,-0.5097987976352709,1.0883990184059327,1.4461686991908451,-0.35556190580734004,0.22918462055779365,0.0331105542202379,0.35134283613941397,0.4608179643768122,-0.4301989357619996,-0.37858595456227123,-0.04085130104449375,0.39063814640606603,global_random,6.7400418398486135,12.133581294209163,10,9.90896847892,2933694.62665,2933694.62665,1.00000000,0.98109368,0.96182538,width2_d1_m8,1
6,111,4,129.9879889307007,10.174215268069567,-1.2557619606888109,-0.01926717602677197,-0.009871453211270032,-1.2771708513693611,-0.13579543437364816,-0.9991441404698316,-0.09022951216155684,0.02499909445018711,0.1929442072337192,0.20657686131393505,-0.3037592284275745,0.1291349377374365,global_random,7.020764878192679,11.982891697034843,8,9.47889084983,2966385.12005,2966385.12005,1.00000000,0.98164267,0.96363931,width2_d1_m8,1
6,111,5,126.74245654139021,8.904115744084507,-0.3592656043226998,-0.8433477035780637,0.08400765721379133,0.2833173009694143,0.8356225602829355,-0.9878133364721002,-0.33230331949384273,-0.4288054467688813,-0.5013007970875046,-0.07404422769917474,-0.3823536782950248,-0.3723345981005542,stratified_coverage,7.188304353426278,11.639000750374908,10,9.72051074004,3793859.3668,3793859.3668,1.00000000,0.98663025,0.97414718,width2_d1_m8,1
6,111,6,128.12626018418996,9.490441772264385,0.6214263038548347,1.3317574799780703,1.7284324145265952,-0.1707116090114713,-0.03447794787172631,1.0668329249223971,0.16072258865666122,-0.28478155022055174,0.48709910922860655,0.3377939534046558,0.15606084539211124,0.12846292899671846,stratified_coverage,7.042509333721671,13.104266163582256,10,9.61655858379,8057426.61216,8057426.61216,1.00000000,0.98119984,0.96272009,width2_d1_m8,1
6,112,1,123.0525815299091,10.037051414782496,0.08720183368570344,0.6635924264360438,-1.0934069665314814,0.006722140047076053,-0.141933008573234,-1.046224975564748,-0.35238894982159313,-0.7697847228370321,0.44982319939343707,0.18088185707075766,-0.26767343852142217,-0.34016804452831284,stratified_coverage,7.605928168766427,13.240201933437,9,10.0066382316,3411929.09712,3411929.09712,1.00000000,0.98458821,0.97072562,width2_d1_m8,1
6,112,2,125.59714588825236,11.185951030590983,-0.9679583691973683,0.6583642438291419,-0.46499899661689903,0.16774796810577253,-1.0959790757710175,-0.2304595626686674,-0.14709054709377978,0.3626626590278521,0.052607658738412666,0.4727457153433612,-0.3218764909123838,-0.24861249832343454,stratified_coverage,8.106672725402506,13.187305492867656,10,9.811124772,3198176.0077,3198176.0077,1.00000000,0.98394190,0.96890515,width2_d1_m8,1
6,112,3,126.97883222401487,8.367510597397233,0.7644102059021897,0.06701176732846567,-0.33212622998063906,0.7811857664740223,-0.019965448829340898,0.113138912644376,0.10886030559474932,0.20760729725525628,-0.08779772624508336,0.05318242360121733,-0.06017141545685451,0.11763407179749834,highQ_anchor,6.768248658103749,9.982713090184848,8,9.69953157356,24856839.4571,24856839.4571,1.00000000,0.99464953,0.98910124,width2_d1_m8,1
6,112,4,129.9337983658193,9.933492978630918,-0.9195086825350676,0.5498002830738113,1.5936500767798851,-1.3236538068014865,-0.022159297034578307,0.21113920763009597,-0.6025651560488582,0.7056961999939031,-0.3185707437193558,0.3872364803652927,-0.3776976123808673,0.09469702418237808,global_random,6.609309293449007,13.144550303845273,10,9.47314470004,848414.310815,848414.310815,1.00000000,0.96247092,0.92728213,width2_d1_m8,1
6,112,5,122.63157392424203,9.823179722142202,1.303709375955644,-0.08804526226385301,1.7387910225387897,0.8532609508157345,0.14301799335073384,-0.301580979563296,-0.2858776827137538,0.5509005320444589,-0.5414309512527514,0.10437554516666936,0.04180965329741171,-0.14862006487708712,stratified_coverage,7.419999638082642,13.36701296804934,10,10.0379611221,5606274.73205,5606274.73205,1.00000000,0.98190199,0.96511259,width2_d1_m8,1
6,112,6,126.09303125524278,8.516807937180456,-1.1447556802200671,0.06043260549283902,1.1476496265969616,0.24718256639421754,0.13300128002443623,-0.36644539335167114,0.05041943873863752,0.7085574761900106,0.4187610675919259,0.17699167869865517,-0.19535345983994457,0.3551435444394215,global_random,6.528057446888727,11.92217041969292,8,9.77421322289,6608447.01797,6608447.01797,1.00000000,0.98719309,0.97446080,width2_d1_m8,1
6,113,1,126.22876491840677,11.512078711668577,0.42105647821755143,0.7287509057375487,-0.8012601890864471,-0.6113879019758597,-0.6465810547353248,0.38024509643162796,0.1067037395989171,0.20512747373464046,-0.25858953766521553,-0.41747149077892043,0.07475335173025616,-0.1708370034928547,stratified_coverage,8.947664403035006,13.13402045749733,10,9.76748306636,8505117.25698,8505117.25698,1.00000000,0.99244064,0.98477405,width2_d1_m8,1
6,113,2,128.52740590767684,12.576420274927392,-0.08651225740278834,0.4859198562229181,-0.3094491299558593,0.4649557823530214,-0.01761565382098007,0.10644697920317603,-0.15941621589636393,-0.005151614111235547,-0.026439083527164536,0.0004700900243093664,-0.0070614194324864765,0.12577434097973814,stratified_coverage,11.561600000035437,13.596180595026194,10,9.58143740674,9550840.53596,9550840.53596,1.00000000,0.99717291,0.99493139,width2_d1_m8,1
6,113,3,122.18765691647792,8.90221008100984,1.0190167747104786,0.9492098348666445,0.1278660877003912,-0.3355133836458084,0.5343636084582151,0.7484319821375867,0.166132037196961,0.7263358118306649,0.0321486409413535,0.06054228047301813,-0.11837030192621889,0.37556159620375934,stratified_coverage,6.521536673452704,12.186920903611991,10,10.0923776885,5595596.09056,5595596.09056,1.00000000,0.98681835,0.97334639,width2_d1_m8,1
6,113,4,125.30363315671343,9.607409661684686,-0.6053407213719912,-0.8985756479139553,1.5001105222967148,-1.0740062560122254,-1.0053026484289294,-0.8619697455950409,-0.08750103919772467,0.23230143583899499,-0.061615316425155164,-0.4396009872017719,0.37786623787798707,-0.2844966659412937,stratified_coverage,7.031432634865431,13.197573092200372,11,9.83078784873,1115448.95866,1115448.95866,1.00000000,0.96908728,0.93958011,width2_d1_m8,1
6,113,6,129.52607124256755,11.078231374498298,-0.6750501726433831,-1.7680512836875741,0.6663728456283244,-0.9713784862934707,0.8564230228689318,-0.4456158792122792,-0.21807861704521148,0.6028131190270536,0.48404535786584213,0.3918166192205239,0.2506013020868693,0.3252233321562588,stratified_coverage,6.559773647228958,13.479243840278512,8,9.52654591261,3627201.79447,3627201.79447,1.00000000,0.97416135,0.94892632,width2_d1_m8,1
6,114,1,124.828803318715,9.983141148611395,0.3702535049924487,1.2372565802069562,-0.557731376847121,0.30419806576884345,0.0044355985204129755,0.9002677344318339,0.14814921227116162,-0.05547217579741426,-0.25515409013220997,-0.5157876384514065,-0.09043186566414418,-0.3751294597879674,global_random,7.674175306653292,12.831755564740789,8,9.8845049748,3786636.95823,3786636.95823,1.00000000,0.98759305,0.97468733,width2_d1_m8,1
6,114,2,125.689054743108,8.497196756763346,2.1641184729922456,1.1264080445269693,0.485038885701768,1.3170569680658877,0.023937750897466303,0.8335693545327196,0.0399397535585454,-0.012635748755760234,-0.1049865550979241,-0.16157374501012894,-0.2900517872662858,-0.05883312319816392,stratified_coverage,6.6265908275220395,13.46321339507919,9,9.80734983858,9390838.73531,9390838.73531,1.00000000,0.97948424,0.95894046,width2_d1_m8,1
6,114,3,127.08204976927891,9.286941359774858,-1.120802700475521,0.33309402960542345,0.08115761288884049,-0.883833139978189,-0.4154253546193739,-0.3977809731698878,0.4045572845576004,0.16669895428252202,-0.48742564729591403,0.5003745276819347,-0.05036409166981343,-0.08752873591701998,stratified_coverage,7.385493004658188,11.964191777005187,10,9.70260181112,11298073.5166,11298073.5166,1.00000000,0.99010940,0.97963348,width2_d1_m8,1
6,114,4,129.62378303533964,10.751422859914753,-0.4809770376377853,-0.19351397988203356,-1.0942993797417524,0.7057946015703707,-0.7334647459440584,0.09617145611062838,0.0771435973698914,0.24969102274055244,-0.196144470493837,0.10403469741924587,0.41664300605565824,0.27714475005330835,stratified_coverage,7.828767690224085,12.325295217692949,8,9.51217854292,4041376.09016,4041376.09016,1.00000000,0.98684936,0.97388228,width2_d1_m8,1
6,114,5,122.17911900095675,11.055671189176966,-0.6492296591716626,-1.0679317111214217,0.36154056182890515,-0.6724916948273592,0.4991720539879796,0.391192850452865,-0.5489095167837283,-0.04787790669541536,0.31751558140565117,0.5047589669942949,-0.27167873995169567,-0.21843998424692865,stratified_coverage,8.25009094950332,13.35847488390359,10,10.0847506217,3180346.87498,3180346.87498,1.00000000,0.98548756,0.97232676,width2_d1_m8,1
6,114,6,128.27330256892935,10.278606311295164,0.725791537328885,0.36732642171409324,-1.207262452120259,0.33920118618978434,0.9408932573735709,-1.0419186959247626,-0.3274138934437041,0.5937334100715796,0.46224745185727145,0.4216127891451865,0.10147421677883267,-0.4131030828215875,global_random,6.68771243511836,13.260293435391155,8,9.59786847335,3975606.90657,3975606.90657,1.00000000,0.97841941,0.95867401,width2_d1_m8,1
6,115,1,126.07319472668792,8.900919037096594,-0.7364094811713984,1.1787744458565506,0.3829808793473981,0.32246454815808856,-0.4147492407014497,0.047015758353077475,-0.5857053559237552,0.4463931006670372,-0.2908711177708982,-0.2870180472226261,0.3561908317050741,0.26620934360386433,stratified_coverage,6.678311976817728,10.95491271235619,10,9.75296705551,4332356.6766,4332356.6766,1.00000000,0.98507987,0.97210900,width2_d1_m8,1
6,115,2,128.1933591119903,8.498464157047174,-0.006765333989309563,0.34952760807145233,0.06856602717891354,0.28442270027297445,-0.24318088178772276,0.02561558029654512,0.23242826397454056,-0.2833061221605343,-0.11085508707395117,0.0906197094216352,-0.1801011947900216,-0.1835922337779233,highQ_anchor,7.567662978454587,9.36613133078999,8,9.61329925064,16470809.6715,16470809.6715,1.00000000,0.99774606,0.99498595,width2_d1_m8,1
6,115,3,123.90363380656409,10.660578429665073,-0.5499441946378327,0.0029615613953613007,0.628074518380701,-0.38853000822412875,-0.022591554932340108,1.0848440586997525,0.03635557226363473,-0.718940020978668,0.4477194985819314,-0.5311728823663817,0.20497842767701707,-0.17906592607070426,stratified_coverage,8.136335346048329,13.397052664113346,10,9.95230429066,4988161.225,4988161.225,1.00000000,0.98881870,0.97792800,width2_d1_m8,1
6,115,4,122.8286356689727,9.72085609869614,-0.3793850298541268,-1.3486258063286698,0.18378052346756335,0.811298779024497,-0.01565492996406581,-0.400081352346513,0.05375951723045591,0.6620864105147894,-0.16051286853570518,-0.03465387901709016,-0.17797627906012442,-0.1391011921952976,global_random,7.575629398795369,12.52151916209291,9,10.0325254097,6564977.71252,6564977.71252,1.00000000,0.98974644,0.97939486,width2_d1_m8,1
6,115,5,126.35774378390823,13.06618065737144,-0.3759435179309772,-0.0700841294546174,0.06793510668388969,-0.4408602605181867,-0.025479497135631524,-0.1935772819297035,0.21319837302909667,0.004216447551105396,-0.12224463584285485,-0.19096429891470307,0.09298557270377514,0.060231915262179386,stratified_coverage,11.972055035285829,14.015786200702149,5,8.25915099001,95423.2164577,95423.2164577,1.00000000,0.99952883,0.98228578,width2_d1_m8,1
6,115,6,129.26661539852836,8.819681936678583,0.3899270287176604,-0.5564985425446702,0.1157482769145517,0.37654909851396945,-0.440038962392428,0.42586395254354903,0.3468495644373648,-0.4329947032442267,-0.46410698889841995,0.08656953393447386,-0.027765954620664057,-0.15443464241367638,stratified_coverage,6.710224182109822,10.193805858021177,8,9.54049355107,14099363.4273,14099363.4273,1.00000000,0.99353912,0.98703743,apodized_d3_m10,1
6,116,1,123.13150764456223,9.492017166850907,-0.9616331658272306,-0.7912170412246413,-0.7368257361696238,0.24766225453163337,0.9117035461453562,-0.7138806365745808,-0.19470258572897148,0.10074807553034049,-0.36167041046272275,-0.5043412754797436,0.03676555041362023,-0.19413685420475457,stratified_coverage,7.17607530676875,11.986087242109203,8,10.00034557,1140823.80068,1140823.80068,1.00000000,0.97696314,0.95452287,width2_d1_m8,1
6,116,2,124.40206428060783,9.788823720382666,-0.39176954194096814,-0.6252502011647232,-0.31896177474354226,1.126764314930459,0.5420001325197636,0.04452770823845453,-0.7498721491784052,-0.43092919520491524,-0.2664615789745151,0.15741839280952274,0.13152802975355055,-0.0004827702043798121,global_random,8.578924715772608,13.382660036868891,9,9.8822155263,8143169.91703,8143169.91703,1.00000000,0.99228125,0.98647467,width2_d1_m8,1
6,116,3,126.73833932417158,11.051970317342395,0.02490431322352915,-0.9759133538548537,-0.007301783470621048,0.06701388686354837,0.5858095625041337,-0.09092479885879912,0.57096338755214,-0.48229507228692353,0.026740464543380194,-0.22402157131116618,0.31802599389327574,-0.2793550813401543,stratified_coverage,9.374988653388858,13.106105824776655,6,8.53451026786,99702.322038,99702.322038,1.00000000,0.99714149,0.98619798,width2_d1_m8,1
6,116,4,128.79392587528645,12.927189283373162,-0.7285733290817925,-0.09363777011886576,0.403874846078209,-0.28808409564968496,0.27013035749927505,0.15096061693628793,-0.26303390984579644,-0.23676746707835877,-0.009079287896444882,-0.1607341742148609,-0.019155511472887937,0.04522817004254101,stratified_coverage,11.830266242357853,14.477477182829116,10,9.56053390563,10663871.3078,10663871.3078,1.00000000,0.99693764,0.99470230,width2_d1_m8,1
6,116,5,123.92933960868139,8.552881267132298,0.8241323753916632,1.3979126521044316,-0.48085442879525364,1.180317970994737,-0.6224469915955182,0.26173527366968385,-0.4661135837485345,-0.24432142601311324,-0.17820330015751146,0.026811785383916154,0.2651474821127589,-0.22346626034235512,stratified_coverage,7.0631069300471445,12.972797813090983,10,9.92905715326,6829606.46454,6829606.46454,1.00000000,0.98713239,0.97543132,width2_d1_m8,1
6,116,6,125.23334020051804,9.204312449014592,-1.136547909110494,1.6467578517946162,-0.15122545136386822,0.07797331870408963,-1.0741135023696036,0.3470661502132004,-0.011979512756423838,-0.5706585074462978,0.2244789250334709,0.3307224506014754,-0.3427780762457996,-0.0884329120791662,stratified_coverage,6.633715050098019,12.720993653971492,10,9.83549221689,3168180.94182,3168180.94182,1.00000000,0.97913784,0.95901186,width2_d1_m8,1
6,117,1,124.86196600250156,9.232986015034829,-1.074052610511761,0.4210106203870376,0.9584610372783293,-0.37526627042443295,0.16705423112859208,0.03466493246614899,0.1845108003720879,0.2861722694693929,0.12017981269625089,0.47406696921190017,0.030873791179146792,-0.2438341027917372,global_random,7.4026590689490535,11.81854386060837,10,9.86959338012,8789927.74476,8789927.74476,1.00000000,0.99037319,0.98059687,width2_d1_m8,1
6,117,2,129.20387171622687,8.289579833041206,-0.7326062420526823,-0.627086695371398,0.5011985739641264,0.03159945735746064,-0.1842075870086995,-0.07937918807796115,0.3828569540210489,0.442136547476848,0.0355736682206302,0.09255853441862259,-0.15867621725317604,-0.12279662414016536,highQ_anchor,6.543974351811535,10.155247774522957,8,9.54324680423,18960483.6715,18960483.6715,1.00000000,0.99401051,0.98822064,apodized_d3_m10,1
6,117,3,122.85953886662662,13.367688311332904,0.11857237810892962,0.3416883691608519,-0.3490765984316055,0.54559475714838,-0.12704200559119339,0.37654644869363174,-0.021076877483500678,-0.20859945532024526,-0.18707748271621652,0.004758526451072526,-0.11368337258153105,-0.05603217368916383,stratified_coverage,12.527986024167292,14.80258855383379,8,10.0224942225,2084662.38057,2084662.38057,1.00000000,0.98742189,0.97477688,width2_d1_m8,1
6,117,4,129.6044433028522,9.428691665763566,-0.9882414198511962,-0.9350838166204203,0.5911836058058408,-0.2105570606026581,0.5683840670859488,-0.24903623167126843,0.6382716128781967,-0.38156280928410524,0.13346939233429134,-0.3521155819816516,0.41663470871208425,-0.28712914492539876,global_random,6.565602454763783,11.408853652334386,10,9.53141542262,4431073.20668,4431073.20668,1.00000000,0.98491815,0.97187722,apodized_d3_m10,1
6,117,5,127.91586370628994,9.383543502092635,0.716140858118433,0.5480258134497658,0.3555543057897286,-0.4747896511701819,-0.5016234563947679,-0.849401460767942,-0.5777737896170028,0.3308333592338879,-0.17257879978798613,0.4265571880224317,-0.29768821019577146,-0.010510104701068834,stratified_coverage,6.578597607429862,11.982070325307157,10,9.61316123639,5334118.13695,5334118.13695,1.00000000,0.98647821,0.97474665,width2_d1_m8,1
6,117,6,125.45792154148921,10.63468522023328,1.6390084087623564,1.2267755633927284,0.09199754704075302,-0.33299468937144727,0.7792081057128228,-0.2717683982347545,-0.13113403936651502,-0.13516185801988578,0.05928941740388338,0.06940219975610895,0.30007804412769407,0.31954758760011254,global_random,8.262379133635639,13.425959305206147,8,9.81517994313,3771588.65415,3771588.65415,1.00000000,0.98255389,0.96617838,width2_d1_m8,1
6,118,1,123.72266197494214,11.090052534659108,-0.46593035472437405,0.40374919934516473,1.216103729083575,0.6840494024056551,-0.0111638046586775,0.04187659244466513,0.08828062848913354,0.4477596093249978,-0.2253512327183801,0.09645205482706443,0.0665969393118721,0.21021480315068813,stratified_coverage,9.177430498598104,13.486003727760885,10,9.95706695964,9856097.74053,9856097.74053,1.00000000,0.99324744,0.98670639,width2_d1_m8,1
6,118,2,125.55674180727556,12.560878436771123,0.6827972642260489,0.3272513703802571,-0.5438679983700013,0.015551182713856138,0.2346426335048225,-0.13652978076118524,0.2725080460463372,0.22256385337078782,0.16434242737612653,-0.030181193668160883,-0.08967866873230969,0.03380447750645163,stratified_coverage,11.016033349611057,13.901435193968055,10,9.81582692261,11945381.3826,11945381.3826,1.00000000,0.99675483,0.99334028,width2_d1_m8,1
6,118,3,127.09505565377391,8.945872051614463,-1.0925117520474577,-0.37612936530386154,0.33106965706002245,-0.017037812567781252,-0.36738027104300863,-1.0170445675461193,0.09536016190081043,0.13791287371154315,0.4537791967536249,-0.2865341367461374,-0.3299380621937341,0.1885905939464821,stratified_coverage,6.774867813684861,12.366578914608525,10,9.70031772403,6432020.28542,6432020.28542,1.00000000,0.98928871,0.97839716,width2_d1_m8,1
6,118,4,125.54519627966758,11.387456670765909,0.34297761006202654,0.806452893499007,0.9670272574002106,0.6541215579567357,-0.11724899299259905,-0.8221700501424472,0.5867869903088796,0.10737727402492292,-0.13182320166973838,0.06035409901696953,-0.15001117806943842,-0.3537615316248982,global_random,9.282616984050481,13.060591425654502,7,8.53547382681,100046.905743,100046.905743,1.00000000,0.99558830,0.97941411,width2_d1_m8,1
6,118,5,122.30216296838299,10.315194161419212,-1.057947027167328,0.247999063819909,-0.7313837192528654,-0.46159012195949045,-0.4002891001781387,0.7257967847130411,0.01831376457636158,0.5386692042059722,-0.20203242672459,0.03749286638386218,0.01971853550605207,0.11466834600407766,stratified_coverage,7.363834559829368,11.997541204695407,10,10.0694485413,10451042.0235,10451042.0235,1.00000000,0.98928439,0.97901374,width2_d1_m8,1
6,118,6,125.53885255276414,11.295339123118138,-1.0735595339875292,0.12779277045085902,-1.0472783093929512,-0.5380611612526642,-0.7425522332399707,0.9296952290723834,0.08472557468218977,0.5608124663468379,-0.0993451688414943,-0.07577612130179057,0.39802244102191503,0.44502476880869685,stratified_coverage,7.534699140349298,13.375112261359533,7,8.58201669506,99641.3269274,99641.3269274,1.00000000,0.99629808,0.97379082,width2_d1_m8,1
6,119,1,126.98884305513904,12.584139116195873,0.015167674860814717,0.3314832752318111,0.1150467482146752,0.5390380907290787,0.31470891817922053,0.36103267676150164,-0.10707277361559783,0.19591627503251557,-0.09631960952248013,-0.12137949455681823,0.09877879693447708,0.07925718875739982,stratified_coverage,11.503291893693365,13.795568484323143,10,9.700366906,7608425.12832,7608425.12832,1.00000000,0.99629019,0.99302143,width2_d1_m8,1
6,119,2,129.56701055782543,8.558362151131876,-1.1660608449722174,1.876163692885771,-0.13156009600982066,-1.1091234059919977,0.3345439259624403,-0.013909146212182977,-0.1247758131853649,-0.5630630067000064,0.1362461539089762,0.10802650189547147,-0.10724570976574871,-0.1969448156975362,stratified_coverage,6.60725755354229,12.260932927901989,8,9.50017535584,12473145.8304,12473145.8304,1.00000000,0.98181200,0.96427922,width2_d1_m8,1
6,119,3,123.28352176357326,9.194432437455188,1.2440356311835088,0.07691099131444634,-0.6027298992248031,1.7382860267424969,0.42150246126987234,0.8372440710676821,0.35917615154954396,0.10743724995292447,-0.23141098679659738,0.08331304631093173,-0.22319378390827324,0.4194036073629946,stratified_coverage,6.715186103517238,12.863807167011565,11,10.0082953657,4847278.98395,4847278.98395,1.00000000,0.98081997,0.96169104,apodized_d3_m10,1
6,119,4,124.22578249792633,10.049612550872975,-0.36030970953544084,0.33201985970007675,-1.238337007019199,-0.49935343054969517,-0.5819963534390414,-0.5160710344713184,-0.11634935356985743,-0.018655304477127488,-0.1242233563522,0.009444174935537064,-0.4350837964984895,0.42555174345082286,stratified_coverage,7.19269703504383,12.573573690940542,5,8.92481355975,102713.323469,102713.323469,1.00000000,0.99597857,0.97553488,width2_d1_m8,1
6,119,5,123.56734002270467,10.082657111214044,-0.030466654841967866,0.8684564183120642,0.32831635779063295,0.4665683119488848,-0.6966154668993495,0.2169343021008232,-0.41749315566071843,0.5230510687614571,0.11446926639441635,-0.08867674982581186,0.31783348983877596,-0.0793986503255249,global_random,7.998811058895912,12.32784945382894,9,9.96030956499,5495518.38448,5495518.38448,1.00000000,0.99115320,0.98352918,width2_d1_m8,1
6,119,6,129.461972501264,12.814180194271962,-0.570446242366497,0.48063213875284094,0.04728097547003929,-0.24484706696690617,-0.24215014614013655,0.3374053435553884,-0.214748495472497,0.1919522501024974,0.026423060255510722,0.06117460127667068,-0.1531839446105854,-0.05639035424459718,stratified_coverage,11.57170882114856,14.270547421177577,10,9.51389331529,5309091.34224,5309091.34224,1.00000000,0.99447995,0.98959628,width2_d1_m8,1
6,120,1,123.40725553787699,8.4551828001456,0.02577227078158817,0.5272122818418135,0.7355575301483503,1.0269341632534312,-0.22599820136201298,0.17865776447237347,-0.1967937272205862,0.2360363071966749,-0.1738575571601229,-0.47134773895997883,0.10346893046006161,0.3004399892200215,stratified_coverage,6.762921544751375,10.515511420651862,10,9.97496414294,7315982.45443,7315982.45443,1.00000000,0.99047817,0.98164064,width2_d1_m8,1
6,120,2,128.00862225261963,10.119051985235417,-1.090811267315606,-0.5857621014380199,-0.5301983184388954,0.9456521719743225,0.41486815972563473,-0.8214278747844808,0.3108178845064158,-0.2295091433633385,-0.4230342552626172,-0.1174501281468523,-0.011574607026066608,0.03615798066152087,global_random,8.404145547267474,12.8326141274111,8,9.63199770149,13701460.4244,13701460.4244,1.00000000,0.99066340,0.98074075,apodized_d3_m10,1
6,120,3,127.92893176348053,10.093387521754835,-1.0139912245940865,0.05592265842094246,-1.3017211056081317,-0.062327730651746904,0.501692073626798,0.8552108071982802,-0.10181055838135022,0.3479939690798679,-0.3941487701770453,-0.31780659921100807,-0.18674375906338303,-0.39084903583583946,stratified_coverage,7.596664177557637,12.622737899785186,8,9.62900528848,4135525.79993,4135525.79993,1.00000000,0.98487781,0.97055357,width2_d1_m8,1
6,120,4,128.05924679082793,11.182328217708955,0.5047777104752305,0.011116577830504237,0.24837921619977066,-0.23847189897038756,-0.753461075349896,0.149189926884139,-0.12903190565338707,-0.702627017907211,-0.44526341802246083,0.34061966587676007,0.12227735257457312,-0.15285699960363325,stratified_coverage,9.28263480976631,12.848640649080007,9,9.62224495157,7855039.982,7855039.982,1.00000000,0.99396087,0.98833914,width2_d1_m8,1
6,120,5,127.72903957805129,10.459746307188967,0.7763851355741949,0.9136282555178723,-0.21844499937707562,-0.4819026037119105,-0.30464776604507715,-0.7512279751182611,-0.5801081737040414,-0.15943692895846162,0.5068535083763019,-0.18788664188616905,-0.2018259184121544,0.009207969877289723,global_random,7.9682689273073155,12.578442586581707,8,9.62935185785,6568748.45876,6568748.45876,1.00000000,0.98911734,0.97998040,width2_d1_m8,1
6,120,6,125.46977673643481,8.54062467337789,-0.3409781065099322,-0.6380408735665317,-1.1150766307075748,0.7587937234664877,0.8441207932703738,0.3702438168925928,-0.32083807459200264,-0.580241598268237,-0.40352493766847053,0.5206679123272169,0.029316096666377522,0.35548441541526216,stratified_coverage,6.712555982786084,12.942498254755858,10,9.80833207693,5885030.52245,5885030.52245,1.00000000,0.98746070,0.97614095,width2_d1_m8,1
6,121,1,129.24389347238116,9.070285123888915,0.9629347097446045,-0.2835617241502315,0.34018984310935485,0.07703983947654608,0.10801432089569823,0.04426127861910309,0.14381920434868628,-0.18386751722942318,-0.07222538582368968,-0.04304297640109663,0.09031636707127502,-0.0487765289218021,highQ_anchor,8.004108224848853,10.738184148781793,10,9.52924292283,27396620.2028,27396620.2028,1.00000000,0.99648219,0.99279411,width2_d1_m8,1
6,121,2,128.52638053876325,9.745608644835194,0.6795532811105205,-0.16387348389196488,-1.1609080872391357,-0.10709857197853956,0.8835463964105208,0.5086955775770974,0.3417020326160163,-0.09522599381936236,0.2074649459260457,-0.12281026441298859,-0.06241284293611621,-0.13306078981590608,global_random,6.953674348880025,12.108235975562994,5,8.63767958787,100867.333703,100867.333703,1.00000000,0.99858324,0.98283321,width2_d1_m8,1
6,121,3,122.61984878474878,11.184283539967987,-0.8307261128398484,-0.7567604433779287,-0.23959899916744165,0.005618794517757708,-0.025895439103370554,-0.7591081968467641,-0.18882315012215012,-0.15717692253049087,0.16353731856612175,-0.3255882925379776,0.062069401609703034,0.031104465929772396,stratified_coverage,8.69922355385116,13.132307520631535,10,10.0428152541,11484456.4947,11484456.4947,1.00000000,0.99396719,0.98856239,width2_d1_m8,1
6,121,4,125.22094684275798,13.384492706049427,-0.6570237859338284,0.23625234382519267,0.11824153249614733,0.12812659178362695,-0.026558197198484956,-0.15375570487848292,-0.22715167228901906,-0.03640314474905246,0.19117167797805218,-0.17114487772645123,-0.002822167225199207,-0.04889537760949644,stratified_coverage,12.53820209074564,14.49713722632724,8,9.8336932927,2043707.69519,2043707.69519,1.00000000,0.98708429,0.97454734,width2_d1_m8,1
6,121,5,126.91780016275717,8.857163353805836,-0.6799318327340895,-0.529372099844041,1.3906057766328346,-0.47142652617836767,-0.18850607259112473,0.40061295027382804,0.13811704164563532,-0.24522155782443633,0.06860304902730263,0.5117923828526374,-0.32398002996710246,0.21275214152650984,stratified_coverage,6.53355948007857,11.88367236484537,10,9.71260039981,5902996.35224,5902996.35224,1.00000000,0.98611442,0.97219801,width2_d1_m8,1
6,121,6,128.70238010204713,9.70991385196793,0.14921215841267443,-1.5898283623164657,-1.7097129593853673,0.48271597574704717,0.2736772035078283,-0.6588727429156431,0.22193279218407702,-0.4780150329170372,0.22958412185753818,-0.5344617447174893,-0.10001415871266706,-0.22292303465459018,stratified_coverage,6.718091015870876,13.232140113972925,10,9.57644402463,6091785.16372,6091785.16372,1.00000000,0.97818914,0.95671943,width2_d1_m8,1
6,122,1,123.04676904289313,10.318360707750182,0.40840809789324695,-0.048066153754225294,-0.48690668108463786,1.547554289072542,1.0987094463627458,0.7648853044063744,0.09521609520599517,0.1297910487366657,0.2020047896509506,0.4079276829981999,0.012574071619597504,-0.439331627186339,stratified_coverage,7.270829715647375,13.071049305341102,10,10.0319606673,3186833.6951,3186833.6951,1.00000000,0.98103523,0.96212049,width2_d1_m8,1
6,122,2,128.61271545841424,9.578273060820372,-0.9426354826394483,-0.3110206183121409,-0.9018651293506657,0.840630074313838,-0.0017314832334109909,-0.3018468329484083,-0.752293696853008,0.4864116856275631,-0.315532880520322,0.10912565551142683,0.24539061191909423,-0.43387396970952746,global_random,6.90578812710441,12.60639986809768,10,9.56381640523,2381473.91982,2381473.91982,1.00000000,0.98159400,0.96537913,width2_d1_m8,1
6,122,3,127.05728245066663,13.435688408907808,0.057423564782028924,-0.24198396272182798,-0.6280893861513783,-0.3918181582307716,0.1338508322086872,0.2920627521039022,-0.09732119225075664,-0.10863938996288292,-0.14797168578206674,0.06033953345884596,-0.139242477569927,0.06262475002873147,stratified_coverage,12.30172879481834,14.650046335653442,5,8.17133426667,94118.0363342,94118.0363342,1.00000000,0.99926668,0.97495307,width2_d1_m8,1
6,122,4,124.07896540745682,9.80401784115718,-1.0223574437484308,0.5457654861922747,-1.5207502423011063,0.6791096373665513,-0.5121279788701156,0.9111987409789242,0.01690654763059407,-0.24394600608427808,0.43224662395705193,-0.20688189547307007,-0.31239363262064607,-0.08090859447228799,global_random,6.604888104092936,12.236295537655547,8,9.92688020974,2504678.92229,2504678.92229,1.00000000,0.97528400,0.95139129,width2_d1_m8,1
6,122,5,122.70511314028163,10.193682670176857,0.40986721781950797,-1.3178008980521985,-0.6693800040676474,-0.9183966173625477,-0.7571470589921018,-0.048453513080970234,0.15260666517158372,0.49481353454379784,-0.05444437022327858,-0.3633007661945732,-0.37805713035827787,0.3971748847050655,global_random,8.296217217130021,13.314216002312179,10,10.0577714747,2680353.62272,2680353.62272,1.00000000,0.98439447,0.96869010,width2_d1_m8,1
6,122,6,125.50277496396495,10.158828047442915,0.5020050381918226,-0.7799758115576025,-1.1264893030024088,-0.8902448136996665,-0.7818923379045652,-0.6311419824009654,0.030308041896362603,0.14089246270642453,-0.1574524754961995,-0.40391665347778954,0.025448403551682208,0.07653500896712545,stratified_coverage,7.792040028941788,12.938300241235028,8,9.81676083241,10772329.1189,10772329.1189,1.00000000,0.98911231,0.97838609,width2_d1_m8,1
6,123,1,127.83248500795737,11.43071254194354,-0.013263280119406584,-1.0766249226306879,0.5476300100291571,-0.6746313066501421,-0.22057439020386138,0.11613339721627058,0.7124708866262397,-0.3753811239937774,0.3221023309615554,0.3272706850288992,-0.37737083918417874,0.4332516959386517,stratified_coverage,8.548288526377938,12.84898325347702,7,8.3338147691,98701.3927007,98701.3927007,1.00000000,0.99672742,0.96877019,width2_d1_m8,1
6,123,2,129.94844275437666,12.512794679980402,0.08217609783464197,-0.208490548704246,-0.43499626228141175,0.00987619654745564,0.07789699044236925,-0.28751746285911595,0.25113582414489716,0.22742494256853313,-0.016606978860471328,-0.03956561603636463,-0.1358055072705649,0.031549087103177664,stratified_coverage,11.55043060929321,13.409725104498401,10,9.48423738451,12600099.3091,12600099.3091,1.00000000,0.99806090,0.99590829,width2_d1_m8,1
6,123,3,122.15384412571808,8.40977155510279,-1.6492781375630396,0.9605481106650395,0.2513164842351585,-1.1386255981802025,-0.167168983334823,-0.0003593284918446127,0.21620538219800922,-0.40834702666725015,-0.4871910157127289,0.5006787943155095,0.12487463820180505,-0.1290603112015412,stratified_coverage,6.574316247530075,12.360833766162475,10,10.0869404985,9240804.40005,9240804.40005,1.00000000,0.98245531,0.96502379,width2_d1_m8,1
6,123,4,123.63918521895525,11.608426379383115,-1.2675883337019973,-0.03615143653933783,-1.4551935056809893,0.12880881215428364,-0.25621574100604627,0.4291237910356891,-0.42488748717152486,0.5078751090423415,-0.3036646790719143,0.0827633155730203,0.09747671209106806,0.010684494949650014,global_random,7.647386663161205,13.445878693347568,10,9.95181754903,7068945.31201,7068945.31201,1.00000000,0.98361483,0.96895581,width2_d1_m8,1
6,123,5,124.41547625144507,10.200746327112228,1.7754507950031941,1.3097696959584382,-0.1423245888884015,0.28955782651390893,-0.07075362868868074,-0.945215511446846,-0.5624684741083871,-0.1331304405678576,0.008496285851374408,0.480590003249481,-0.4290382745435861,0.42880416252818127,global_random,7.298480892485097,13.441653923920805,9,9.89163377046,1597703.11849,1597703.11849,1.00000000,0.97168483,0.94600738,width2_d1_m8,1
6,123,6,128.56260104063693,11.013621659967894,1.8363504744133072,1.0755393020351325,-0.14473584122511451,-0.22252038492364434,-0.7670542689071753,-0.7346872591083389,-0.34721819881467014,0.478143288353545,0.5116270362578443,0.09837350020223101,0.02372252089729754,-0.18762196062628672,stratified_coverage,7.112387696856233,13.496932560997415,8,9.57545689503,6024693.21063,6024693.21063,1.00000000,0.98004193,0.96150705,width2_d1_m8,1
6,124,1,126.50598614375578,9.475718276202553,1.0855249890353367,0.1426885114723735,-1.2396814800953846,0.2093438445946607,0.4612670407379995,-0.48464563159649077,0.6848980364734256,-0.5720193693253279,-0.337959219231901,-0.2653201471415129,0.2585100149118072,0.23353152802903282,global_random,6.700039109192977,11.77996354483851,10,9.76290063086,3003292.39025,3003292.39025,1.00000000,0.98138311,0.96445857,apodized_d3_m10,1
6,124,2,125.37707535515192,8.884321255519259,1.086209593112852,-0.11298040019852706,0.2179255149422381,-1.2635161905807526,-0.5295270582388845,0.32251857808476103,-0.10291157675127727,0.07471926881429114,0.16555688079786968,-0.39181623129677506,0.39644855770217974,-0.3581646263166228,stratified_coverage,6.628514087345202,11.393306887667967,10,9.83009962456,4368690.6088,4368690.6088,1.00000000,0.98408832,0.96859491,width2_d1_m8,1
6,124,3,127.01580855384218,9.988571732826342,-0.8648033814466658,1.1014851118456588,-0.5408845469966419,0.18539571590998993,0.4719857917497208,0.20380428467411904,-0.35873991183042125,-0.5506429142033831,-0.3960196295466454,-0.32487918248395153,0.16716804301818616,0.012024072715423328,stratified_coverage,7.57519670496307,12.34196930533842,8,9.69052378453,5475958.54066,5475958.54066,1.00000000,0.98863707,0.97827302,width2_d1_m8,1
6,124,4,128.06863765005176,10.79181980463714,-0.15282012168423798,-0.3166270185063087,-1.0761261601040721,-1.094807762540487,0.8409066072871896,-0.6935361821478403,-0.05004323370184449,-0.6772375988281756,0.2232586246897582,-0.05040889297507761,-0.1770420573790238,-0.02358836895820876,stratified_coverage,7.709230686057217,12.582337173850949,8,9.61954373259,9988495.54825,9988495.54825,1.00000000,0.98709067,0.97460736,width2_d1_m8,1
6,124,5,128.24813412368482,10.020767482627285,-2.0820622031384377,-0.14798856641941915,-0.3950608343264721,-0.2578502494350683,0.2601246123582024,0.28686206449961893,0.42378326965929225,-0.2341852560449349,-0.030900804060972398,0.04229969194278216,0.14700333965942963,0.09562399507508318,global_random,7.446883805457548,12.198734434533417,8,9.61449374329,2085642.60273,2085642.60273,1.00000000,0.98039738,0.96106571,apodized_d3_m10,1
6,124,6,125.65395447031862,13.127276404802945,0.6410027479355627,0.18067581486622797,-0.30820417653528787,0.3848684528659164,0.3685529982648257,0.20916082221327426,0.10292516624024606,0.24070074470089847,0.09393405793502824,0.1810355246548468,0.11672153039134012,0.01827036423000858,stratified_coverage,11.92996407249088,14.605069956589896,5,8.29920502333,95698.9760119,95698.9760119,1.00000000,0.99866016,0.97792525,width2_d1_m8,1
6,125,1,128.9088997254625,10.062057796546352,1.2393920489251178,-1.6050078507826107,1.2657577723745128,-0.5982365929776157,-0.5429448159192655,-0.23856561582185198,0.712545511308389,0.6310725095158973,0.43324159651973304,-0.09255186712066493,-0.1879646972645444,-0.4184626436105365,global_random,7.108564284946112,13.36243243642396,5,8.42255395438,100482.150409,100482.150409,1.00000000,0.98492753,0.94523466,width2_d1_m8,1
6,125,2,129.1912183986508,10.086113272291731,-0.6179662007252515,0.4990557043905599,-0.9697758749334408,0.4132777763563864,0.07774324846585623,0.7358642300569913,0.7611131747672537,-0.0008575795051377622,0.35019639521477186,-0.25277323659239215,-0.09942359496696135,-0.41983539850348467,global_random,6.589901710672709,12.501893474274311,8,9.56673371443,5132278.05975,5132278.05975,1.00000000,0.98612790,0.97505707,apodized_d2_m10,1
6,125,3,123.64607534738757,10.443893895154863,-0.050444321613452914,-0.2665741804512125,0.5103599069391247,0.20365339205789001,-0.7592087064179481,-0.6258531508958756,0.12520881059129807,0.010857615717554281,0.4699906038203905,0.48055380346848353,-0.19140236583892406,0.28328543629139463,stratified_coverage,8.135164006601606,12.059638378538228,10,9.97556251648,5076115.24036,5076115.24036,1.00000000,0.99113280,0.98212666,width2_d1_m8,1
6,125,4,124.81762606587833,11.289738799455336,-0.9434232115238157,-0.17241804890349233,-0.9931096168897557,-1.112914251168137,0.39385796165286857,-0.5326921938338453,-0.3098810525004691,-0.5596587435492935,0.041052853925380384,0.514440482214712,0.42109717022360776,-0.41501474051998993,stratified_coverage,7.784776311729279,13.462492836759646,10,9.89262070699,1623417.88621,1623417.88621,1.00000000,0.97454775,0.95006706,width2_d1_m8,1
6,125,5,125.04006122798683,10.81060688121585,0.45955152400871224,-0.08504922026557349,-0.4541292065435185,0.9028516666148716,0.134321037067898,0.8617622078759046,0.27194889392128285,-0.610488277014799,0.5177442613173602,-0.0523774643636179,-0.044266472811881064,-0.030283950833717488,global_random,8.858752300145163,12.642655129958278,9,9.86104610898,11353528.8793,11353528.8793,1.00000000,0.99231503,0.98431328,width2_d1_m8,1
6,125,6,129.37362759688173,8.660438269789154,0.8129729424827441,0.9452909836922609,0.8994480248586372,1.5635226078996796,-1.0718699269609648,0.4620645323439585,-0.2557392443864286,0.26821483944753144,-0.07177946157109055,-0.05894864167688724,0.4317873694334546,0.03552198857870731,stratified_coverage,6.596930458590607,12.887579398805583,9,9.51835778677,6133364.43267,6133364.43267,1.00000000,0.98180760,0.96443275,width2_d1_m8,1
6,126,1,126.75835643495348,10.834065997917723,-1.0868768420032804,0.643129449134284,0.6492118332417449,1.174091779875199,-0.13357174869164423,-0.6209183074864014,0.6098891197368868,-0.6358086551019174,0.36592217151509876,-0.1869936885810144,0.10483730890470494,0.014892720052848474,global_random,7.7160222127960765,13.268275043143303,9,9.73763875211,16401494.3304,16401494.3304,1.00000000,0.98786180,0.97694211,apodized_d3_m10,1
6,126,2,124.36159579475297,10.609434474903997,0.1584069201299969,-0.40991769283606616,-0.8668491491907224,1.4160841916481972,-0.4113556642475956,0.13964894610121448,0.07890466706456478,0.2795954863343675,-0.2993416847930294,0.5356710000163789,0.2335812641552441,0.17403436190027205,stratified_coverage,7.98285339806195,12.7520942218435,10,9.91774078613,5453112.86706,5453112.86706,1.00000000,0.98660891,0.97317017,width2_d1_m8,1
6,126,3,127.78494671692661,11.41268976101561,-0.38485312128160887,-0.756203982834055,-1.2467239447811793,-1.088444743212162,0.771773738348366,-0.5829450818347346,-0.2164806164031967,-0.5896573144168674,0.13346090952325396,-0.3468468551054621,-0.014067938169764316,-0.35159946745661586,stratified_coverage,7.668326178194615,13.196990070787383,6,8.43899648884,97451.9128693,97451.9128693,1.00000000,0.99878443,0.97162425,width2_d1_m8,1
6,126,4,125.55699571893857,11.969539288274115,0.08977847195009447,-0.14150301313606306,-0.06899024098778517,-0.4768478701662291,-0.44191599550015215,0.028746771278858052,-0.34819570969330355,-0.394858058115236,-0.243617903915752,-0.23062035464744496,0.3492121426199852,-0.16653885315824124,global_random,10.451388868377032,13.092930136893612,10,9.81946664579,2154788.50637,2154788.50637,1.00000000,0.98698975,0.97478197,width2_d1_m8,1
6,126,5,125.92629432797521,9.063807098268054,0.799312120268858,0.5686930227176212,-0.77731873004862,0.8992503484566756,0.28693937979650364,0.3265581945092122,0.7673853436401437,0.45551940144992464,-0.06310518559752537,0.17926020485100447,-0.1068816617030342,0.2710978643714235,global_random,7.11598801362501,11.478818106164399,10,9.80614176756,15183474.9299,15183474.9299,1.00000000,0.98902720,0.98082119,apodized_d2_m10,1
6,126,6,124.74440048564314,9.76761349319105,-0.7344157976297068,0.45692513530256873,0.012626851471505773,-0.44041632977444656,0.6622506735489733,0.8943458192163032,0.6212209089740148,0.05263768131745683,-0.45634900077685525,0.2630536654132375,0.06947939210413295,-0.4224956126084916,stratified_coverage,7.721783770143661,12.050247636587306,8,9.90374432539,5299373.49409,5299373.49409,1.00000000,0.98838843,0.97849455,apodized_d3_m10,1
6,127,1,126.27388135634195,10.257800741804864,0.9507537119401546,-0.6930677235883791,0.33641576283587526,-0.38839433175637406,1.0387189637600112,0.23736653644882555,0.5170843981785567,0.38742415299474353,-0.19687968870316142,-0.43742286521529483,0.17081511256643617,-0.16831206810646998,stratified_coverage,7.890861337892084,13.200270373248252,8,9.76766436457,7980751.88772,7980751.88772,1.00000000,0.98975948,0.97919608,apodized_d3_m10,1
6,127,2,128.5826971474091,8.74644909832896,1.1840080779630382,-0.11100013329854519,0.6811155934811939,-0.3982155813088707,0.45270971206970567,0.4257898352534766,0.6273473434357462,0.1291792127588156,-0.06254557649626397,0.1428231890322141,0.25539619434331884,-0.0921541854149405,highQ_anchor,6.7418525576695245,11.905358429130361,8,9.5962310505,16776845.2584,16776845.2584,1.00000000,0.99139724,0.98431789,apodized_d3_m10,1
6,127,3,122.18705378317777,12.451294773185168,-0.7178896488944093,-0.16771040173677665,0.25805691995331914,-0.01693992885625306,0.1587239446809331,-0.29146131983322143,-0.21721084718807182,0.15918846122032887,-0.09818448509144358,-0.06768374402775454,0.1474833591638335,-0.08893290041952975,stratified_coverage,11.516769888282505,13.624603442722732,10,10.0847667735,1979867.99139,1979867.99139,1.00000000,0.98638488,0.97323428,width2_d1_m8,1
6,127,4,124.87913867040218,10.310111871058638,-1.5289395042444198,0.20445442343571996,-0.7002475003106605,0.17940377843555377,-0.49765981658075964,0.25929038757378975,0.7110583179549927,0.21565762455515136,-0.46993838408525357,0.2728822205014795,0.03203708210756262,0.13958048627494507,global_random,7.192945085807675,12.85034022891389,6,8.7282840177,102211.306704,102211.306704,1.00000000,0.99587777,0.97722134,width2_d1_m8,1
6,127,5,126.69049606731703,9.843179716671361,-1.2159437884470106,-0.8565864856256871,0.1532762862396282,0.8810277774772712,0.9643241787411787,0.4887398650009869,0.019079959033024396,-0.03966526293086281,0.18090195825159683,-0.26390217449307096,-0.1086243667234218,-0.24002907490972547,stratified_coverage,7.0920876311294805,12.695366132528205,8,9.72787269015,2010176.73246,2010176.73246,1.00000000,0.98196606,0.96377936,width2_d1_m8,1
6,127,6,129.86458245108116,10.414155467815858,0.8803494687656834,-0.6936349127058512,1.4937371433685198,0.0034981056464977733,-0.8061346883085327,-0.46340538836501677,0.6759749119247553,0.12364837501078085,0.33489925879698357,0.18023944748921705,-0.3687627879094815,0.3868326546529736,stratified_coverage,6.863894463369951,12.753222498444853,5,8.35107159942,99100.5086018,99100.5086018,1.00000000,0.99723529,0.96861573,width2_d1_m8,1
6,128,1,123.88620103561286,11.541467968675013,-0.25702795827111813,-0.12067964474973492,-0.5704255383635841,-0.3763188381996785,0.9465075702643064,0.29816286307556195,0.2493674864480535,-0.0374418367869227,0.06110277105424167,-0.18090397908107742,0.34462562927970125,-0.23269283427258636,stratified_coverage,10.233821759666982,13.453346355750416,5,8.68168860072,100033.482433,100033.482433,1.00000000,0.99969564,0.98491038,width2_d1_m8,1
6,128,2,125.63055313553942,12.417551191820214,0.2099681948807205,-0.25607271440755364,0.19520762714262296,-0.02551961636115807,-0.2624529877269359,-0.3509006042186637,-0.024050904379550098,-0.0855352398020123,-0.1496636978856421,0.16424752384504898,-0.07528806780619196,-0.1376304344789096,stratified_coverage,11.304495988517003,13.438611949871634,10,9.80834965463,5429979.42129,5429979.42129,1.00000000,0.99536857,0.99096174,width2_d1_m8,1
6,128,3,127.14700001126121,8.879192660850151,1.1744387788261603,-0.2452586684335536,-0.34195728268037917,-0.1664153028913451,-0.4410567013475811,0.08850875387577761,-0.1308806463468104,0.05399435424663268,0.28276454430275844,-0.17965040035985208,-0.376182665974205,0.03145703358360047,stratified_coverage,6.993946171980407,10.450616000881551,10,9.68248953602,7160487.9845,7160487.9845,1.00000000,0.99093270,0.98243583,width2_d1_m8,1
6,128,4,122.28730846327579,10.005403353526948,-1.983172169361249,-0.6589513722243647,-0.7225481699751497,1.01133656419575,-0.2978998428228846,-0.17190295185480375,0.7326158535260219,0.18901385986360175,0.07161550772872594,0.05448141770336812,-0.24435289969841475,-0.19509659223216397,global_random,7.157063761649838,12.821390732304913,10,10.0954104303,5227628.81128,5227628.81128,1.00000000,0.97958711,0.96138036,apodized_d3_m10,1
6,128,5,123.74476071721276,10.058104364286326,-1.2865449707564527,-1.3095469360977963,-0.004279328159523699,0.08974945304382298,0.25099231223494645,0.43912695942989854,-0.3319747181067831,-0.6311774554221984,-0.10754055428617748,-0.4410140789473651,0.13276804242357892,-0.3563939426029529,stratified_coverage,7.33443042713782,12.687314302778685,9,9.94678528272,3538380.38854,3538380.38854,1.00000000,0.98244689,0.96630143,width2_d1_m8,1
6,128,6,125.3578607320807,11.692947460362959,-0.5417458343433688,-0.1891026523472914,0.044662587281873556,0.4557148682390453,-0.43310181147623406,0.13827866217336005,-0.5331778535344883,0.4867464494798863,-0.2975446126070347,0.39330918418104166,0.22464835325174665,0.1618741530935856,stratified_coverage,9.313605963647493,12.83884688832818,10,9.82412473712,3699997.73267,3699997.73267,1.00000000,0.99019241,0.98179591,width2_d1_m8,1
6,129,1,126.87503322300881,12.986537997612704,-0.49448256272364044,-0.47354678607449646,-0.2233111502301236,-0.6145473476583427,-0.366439934802124,0.03526666662452255,-0.22518685381264497,0.10398516108860623,-0.1283294369444879,-0.0902480561652046,-0.10198314641964078,-0.05303377803842817,stratified_coverage,11.3250470103482,14.118448438797014,10,9.70775926913,3881502.37152,3881502.37152,1.00000000,0.99204787,0.98474944,width2_d1_m8,1
6,129,2,128.06274511654206,10.412890712739388,-0.28988164459179333,-0.8488663631054842,-1.65821584478943,-1.2201821009994238,-0.12646570592820872,-0.4239611606276068,-0.621242253462027,-0.24562062279716046,0.12041859216431405,0.3757174825187354,-0.11594371134396403,-0.3981578233047224,global_random,6.94675967685948,13.387107759413963,8,9.60684975969,3724074.33788,3724074.33788,1.00000000,0.97793502,0.95802143,width2_d1_m8,1
6,129,3,125.49219209033198,10.488443652834832,0.4662371249809434,-1.848677571742996,0.4003282379552482,0.5825016153978748,0.23062619443760335,0.9564376224690156,-0.7434890397875279,-0.0391113858933132,0.020816752415134143,-0.07587255193205289,-0.15855042185266605,-0.07423024129411165,global_random,6.60803100476299,12.563056223160515,9,9.78941815784,6641431.60121,6641431.60121,1.00000000,0.97771096,0.95823325,width2_d1_m8,1
6,129,4,125.92389499335056,10.600040358521532,-1.3888743537793573,-1.4814035296963555,-0.05213896135382923,0.760036352942765,-0.5465520857044844,0.6494907435504194,-0.08008746279829793,0.21682485399151563,0.1511440452032906,0.06356256277271444,-0.23582293348834357,-0.20234709247806448,stratified_coverage,8.287558589986347,13.167643888277803,8,9.77850191262,6899310.81308,6899310.81308,1.00000000,0.98497625,0.97071826,width2_d1_m8,1
6,129,5,126.68195999937727,11.17107046240708,-1.2413454383388873,-0.0020551469592895444,0.18967611092852277,0.7768156709604714,0.2899126938149259,0.4295360336724421,0.04949030559524403,0.23484888444399954,0.2156717343736223,0.04561827533881457,-0.07533210343529173,-0.22767575487339195,stratified_coverage,8.495751927154895,13.184157302568869,10,9.73024687579,8174589.94126,8174589.94126,1.00000000,0.99197505,0.98390255,width2_d1_m8,1
6,129,6,129.3089931759555,13.279910223092118,0.6173116430710188,0.40698991120761074,-0.1243186756123782,0.5796790430690574,-0.010039256660636986,0.29557777654795747,0.17484159062839427,-0.009887794153104146,-0.16332710419246807,-0.12083354707670249,-0.01883513180435864,-0.11483529363550993,stratified_coverage,12.342326539632069,14.963771943509688,10,9.53566728288,2538019.41393,2538019.41393,1.00000000,0.98865663,0.97698215,width2_d1_m8,1
6,130,1,123.80677398409684,8.809023101981706,-1.139792664376466,-0.6674691113785838,-0.1136987767925246,0.6553792290647895,0.5126660916964594,0.733209912365909,-0.48533993481274895,-0.12366638521221418,0.32591047821844954,-0.403310101371008,-0.41321709563722847,0.03444424506272853,stratified_coverage,6.895115810107453,11.138469283657665,10,9.93916785477,4479649.55763,4479649.55763,1.00000000,0.98542451,0.97231973,width2_d1_m8,1
6,130,2,124.81268518377853,9.804662915232324,0.7824434178886657,-1.5355921470138,-0.8330715665379398,-0.5353850504154611,0.7236430971203673,-0.8895882301669684,0.4550786453788047,0.192900043917402,0.09005866571535814,-0.001223627967051777,0.11843309331474033,-0.38490569040218103,stratified_coverage,7.081136529769339,12.210563212154838,8,9.88515550869,1193073.51416,1193073.51416,1.00000000,0.97267551,0.94616480,apodized_d3_m10,1
6,130,3,126.03859294031375,10.661014638126117,-0.06843255399429182,-0.37656785167688533,1.0791021189589196,0.04370338431382681,1.0634229668776825,0.6236801821084041,-0.08275227901766424,-0.12262959330586098,0.4522248433451408,-0.3315554984659383,-0.26377692938749364,0.15273443472920328,stratified_coverage,8.420634110762906,12.844732241050115,8,9.77677236565,5419417.06523,5419417.06523,1.00000000,0.98855812,0.97769366,width2_d1_m8,1
6,130,4,128.93676579959484,11.41975304899873,0.8848792227297309,-0.7480035852573221,0.16648330146028978,1.2194298048184884,-0.4417346942155548,0.606698932812485,0.5534778617976535,-0.10226256424502633,0.49697854816398657,-0.15886345304463562,-0.048928732656284224,-0.06053558893544203,stratified_coverage,8.200747034611318,13.478552021496231,6,8.28873888879,97234.6287919,97234.6287919,1.00000000,0.99826834,0.97996894,width2_d1_m8,1
6,130,5,123.19436126521867,13.176498482282383,0.5261400265076648,0.4401132435272088,-0.43841814606190155,0.3768669041555991,0.0505693402019437,0.08842492634304117,0.16379185428876408,0.1780478196817224,0.12145514403685131,0.18764416209288515,0.08407009398837259,0.07744055300259317,stratified_coverage,12.240561064385833,14.39288356573967,5,8.45510860454,97030.9251261,97030.9251261,1.00000000,0.99860879,0.97750337,width2_d1_m8,1
6,130,6,124.04915403974938,8.987842883020672,-2.0438551606502475,0.5329349757631126,0.4213527018501064,-0.37664530875664215,0.4836701827089669,0.7679809773994859,-0.12468132907368068,-0.7180675961050084,-0.39563432809816135,0.43288987666525625,0.24457195050467867,-0.2604993618552188,stratified_coverage,6.96775266767516,13.245090952331994,10,9.9323813564,4200787.88071,4200787.88071,1.00000000,0.98062292,0.96194082,width2_d1_m8,1
6,131,2,129.30395499231972,10.654497659754183,0.8477522156707091,1.234394976133654,-1.3515000233964607,0.5878901985027449,-0.16920319638846493,0.055078571961291845,-0.15766519651136723,0.6828857150109848,-0.23824875668826695,-0.18071754001906187,0.058918811519140635,-0.0657936407040356,stratified_coverage,8.100226267346603,13.404720572035743,8,9.52193549907,11902993.475,11902993.475,1.00000000,0.98830388,0.97730922,width2_d1_m8,1
6,131,3,122.92399203007257,11.184284077818418,-0.22103887253384502,0.771736214260426,0.5694776277170404,-0.11270995742558498,-0.7252191630836053,-0.2638490246011266,0.2341675212324532,-0.03919526398758766,-0.4763358874178386,0.007901337000961961,0.05338106432662576,-0.12177326406871442,stratified_coverage,9.729597224176063,13.48708828489085,10,10.0268870108,11072238.4678,11072238.4678,1.00000000,0.99477524,0.98941000,width2_d1_m8,1
6,131,4,124.72025016913477,12.314804544393855,0.018987639140938706,-0.22866558937299164,-0.4444104377587716,0.3520412622921154,0.2568059620694437,0.28925252721902717,0.2511921520613006,-0.012232208380616338,0.1661707534243178,0.05800558008918433,0.0800844905761681,0.0488964327694314,stratified_coverage,11.230016535690647,13.49467525317723,10,9.88247512104,11006809.8018,11006809.8018,1.00000000,0.99754072,0.99484757,width2_d1_m8,1
6,131,5,126.52328483140487,8.655454612687123,0.24056602902353186,0.3977906007427303,0.708146415774874,0.7182842699327974,0.3825238113624778,0.7708181336214852,0.07611698771468522,0.3044793950306024,0.038437159701500745,0.3516737721675395,0.1114460779256517,0.4139471120493204,stratified_coverage,6.993611773347761,11.876557755579027,10,9.73826795759,7646741.08547,7646741.08547,1.00000000,0.99187093,0.98376022,width2_d1_m8,1
6,131,6,129.8606402074392,9.999132256974875,-0.14027868190402515,-1.1170228385579108,0.27075163459225426,-0.983933635556471,0.6102184276640539,0.7121106801827188,-0.12771282517027505,-0.06850397766667748,0.47264258636882595,0.4751529375047636,-0.31912726618324727,0.33915758713457417,stratified_coverage,6.8441501216816905,12.44484332497799,8,9.49227005176,520247.748847,520247.748847,1.00000000,0.95958227,0.92004125,width2_d1_m8,1
6,132,1,122.5101903000292,10.058100911831662,0.07268554433393959,0.7360231225700278,-0.7305862649887338,-0.28979425381584445,0.3711052824611025,0.7609555488707826,-0.5798034069529949,0.660868892361755,0.2557838045568025,-0.2781120616135172,0.22010588124369884,0.19695593817564844,stratified_coverage,8.165082851482424,13.137890465350099,10,10.0472363104,5076960.83563,5076960.83563,1.00000000,0.98958578,0.98070595,width2_d1_m8,1
6,132,2,124.29408887058295,11.317876429878597,-1.3151870589456305,-0.3739577950566064,0.36117535145925284,0.42695843821990187,-0.3912670698763546,0.24654446338817215,-0.13802871341301748,0.09170815614569927,0.1929804114315089,0.4403887098402399,0.1417330428225852,-0.08145030601432363,stratified_coverage,9.206777426880612,13.39401919883163,10,9.9097865101,8311995.0331,8311995.0331,1.00000000,0.99264404,0.98589583,width2_d1_m8,1
6,132,3,127.76751389826748,13.185561154316773,0.5455345140162069,-0.700161728916238,-0.4504132606493815,0.22097126743702034,0.01997480358781978,-0.33187012305611996,0.21644259492813556,0.038419706691689204,-0.06281402750747261,0.12554019332021754,-0.08364937270294963,-0.15495430285950124,stratified_coverage,11.329369921696921,14.257800351264102,5,8.13018143142,94507.87123,94507.87123,1.00000000,0.99772456,0.97696905,width2_d1_m8,1
6,132,4,128.6324049635389,8.024753665376828,0.061481613113574696,-0.13915088445650747,0.05600579359820346,-0.8920214725800216,-0.045014455553100685,-0.7533902684425913,-0.5732073786452786,0.36669059814843163,0.0904333865631165,-0.529757421580991,0.12919061031946494,0.13883432892188036,stratified_coverage,6.566154852017507,9.928311319123468,8,9.5556390667,6554724.09128,6554724.09128,1.00000000,0.99003232,0.98175564,width2_d1_m8,1
6,132,5,128.99373822056302,10.06294290386758,0.8242591783594442,0.9687836982439824,0.25059234603025193,0.030477246158787885,-0.35641500277904414,1.0638457526060257,-0.745147047964464,0.3866206387321798,0.2988830212416974,-0.06817247123248221,-0.10392754566598938,0.16003846031576724,global_random,8.070412908111452,13.053626020502728,8,9.53326258921,6427150.90969,6427150.90969,1.00000000,0.98938166,0.98056543,width2_d1_m8,1
6,132,6,125.72593714740812,10.694400118057313,-0.7012124156967594,-1.5958295006108099,0.43900708894591634,-0.41339001423336286,-0.1397215046990009,0.12163973850398913,0.6649329055131941,0.46204385723287134,-0.2519322329195247,0.14483185877427107,0.14709902754923382,0.16396056401945308,global_random,7.670775075457966,13.15541318907143,9,9.81666512316,11694275.2082,11694275.2082,1.00000000,0.98804535,0.97741561,apodized_d3_m10,1
6,133,1,127.25398361653275,11.048902683769628,-0.46272367193069175,0.7171362519600923,-0.6286555289583873,-0.48779768311408067,0.13009486868331988,0.4243574612853922,-0.7480782960420593,0.7271885151262694,0.15317746143967914,0.4161979563927154,-0.23689604359094116,-0.11622143759861592,stratified_coverage,8.637933564870385,13.2135789807475,9,9.66862770607,4907433.42295,4907433.42295,1.00000000,0.98929199,0.98056277,width2_d1_m8,1
6,133,2,127.5708052460658,8.943980128110535,0.10629399233237588,0.00393599936755018,0.5199106432917282,0.7840869330995405,-0.0600094589390221,-0.5320470936818295,0.48447717064914697,-0.2598794674626732,0.013657243018582909,-0.01272137980832255,0.11236654724516199,0.021384625227660718,highQ_anchor,7.220726361568434,10.1930935649359,5,8.84931699551,103351.145799,103351.145799,1.00000000,0.99928294,0.99285736,width2_d1_m8,1
6,133,3,125.45386096834832,9.894098726665682,-0.49960286231030615,0.44594804763736473,-0.7585975509786369,-0.5720680295125096,-0.285930318931068,0.4505976590489744,-0.26118060253828135,-0.21135484428867446,0.001317025335690225,0.13665254222049894,-0.32499472389754935,-0.26770308689993705,global_random,7.737770318784129,11.83046645314332,8,9.81149879714,4872672.72267,4872672.72267,1.00000000,0.99073754,0.98248256,width2_d1_m8,1
6,133,4,129.8029783556961,9.65102613951101,-0.8497956438268668,0.619988746342893,0.12152039006000792,-0.28542588327702734,0.07184332853411157,-0.4770869136658802,-0.2980462965246078,-0.6615731496606925,-0.3916754229091671,0.04073124194536493,0.2301777138588978,0.2104271052273618,global_random,7.122882136807296,10.94233163292307,10,9.48051597156,6140040.42826,6140040.42826,1.00000000,0.98965506,0.98041635,width2_d1_m8,1
6,133,5,127.88635758461373,10.44170306929339,1.694508383018413,-0.6284809194671603,-1.19113785139547,-0.0635443091386585,0.10286655802546307,-0.3795831947464936,-0.10468395909839034,-0.6934732107273922,-0.1833561948641258,0.27796536525902926,0.03713936578822313,-0.0018366192007948645,stratified_coverage,7.213074282283751,12.863544073486537,8,9.62741967054,12175944.7714,12175944.7714,1.00000000,0.98327454,0.96733977,width2_d1_m8,1
6,133,6,129.1905873007375,11.069523456417073,0.9365151114484402,1.5753752424677798,-0.14933339240270582,-0.4934810144536361,0.1330455741347769,0.2497641039902192,-0.20009944568103577,0.5672220366547012,0.24398473535845533,-0.014026878299706058,0.3561653164516115,0.22719972478841893,stratified_coverage,8.836592931530095,13.477481331225775,8,9.53741388499,4295666.59814,4295666.59814,1.00000000,0.98630704,0.97333258,width2_d1_m8,1
6,134,1,126.21242508576218,10.428249119890214,-0.8053365891350359,-0.3816939763751641,-0.5656173007044103,0.9835149548724729,-0.49646852475952497,0.8856890562691135,0.4822161188726506,-0.5670673852679324,0.10522441469710397,0.025851503385770913,0.21726801554837732,-0.2627838838531643,global_random,7.709719809209921,12.633474522078167,9,9.7791651052,6806066.16793,6806066.16793,1.00000000,0.98801674,0.97625607,apodized_d3_m10,1
6,134,2,128.98347184848438,8.38238801686053,0.9857627104618902,-0.021379029360432233,0.08930428920976402,0.2938139341745853,-0.031178967829156523,-0.023230843779108827,0.2834384115515781,-0.04241276401376904,-0.08973684955943409,0.049994238019251534,-0.036578313974499926,0.25095064880194173,highQ_anchor,7.163159890415846,9.897145463209494,8,9.55588491888,20600479.226,20600479.226,1.00000000,0.99537476,0.99019767,apodized_d3_m10,1
6,134,3,127.15146443984703,9.20758912881926,0.09337322774293266,-0.23840923780959988,1.2343316655294825,-1.2867089865749184,-0.11027833329255998,0.7349822309406391,-0.13842244519737912,-0.5641303514967815,-0.24708545755648215,-0.12140647301975538,0.009605003784775967,-0.09147384667128133,stratified_coverage,6.652174706919863,11.951891362361257,10,9.67936872971,10795594.9824,10795594.9824,1.00000000,0.98586852,0.97249794,width2_d1_m8,1
6,134,4,127.96594537945998,8.467029304258118,0.16192183506603489,0.18690782322883057,-0.10013408659718809,0.4949044753396291,-0.35524454916629633,0.3176407511776959,0.2303233823721352,-0.34435177828895597,0.249505696674058,0.0443744311308176,-0.1649717744931991,-0.1943647102885648,highQ_anchor,7.071423386943518,9.652067166578984,8,9.63209372017,13914283.6489,13914283.6489,1.00000000,0.99621546,0.99188437,width2_d1_m8,1
6,134,5,123.35102131882499,11.214266576600608,0.8532699968270885,0.6814093905493781,0.4041357742830465,-0.48683166790243093,-0.30231348090042476,-0.03604215981214187,-0.2920712596711804,0.2550662916679527,0.3332648999141311,0.4664485744392173,0.011050774150482168,-0.17267119666219255,stratified_coverage,8.511851684910711,12.574065558429963,10,9.98207163903,6735790.43006,6735790.43006,1.00000000,0.99139443,0.98380678,width2_d1_m8,1
6,134,6,125.89016817632587,12.822186274506391,-0.4111708223071115,0.46391596634279963,0.5655522303992478,-0.28489754057958616,0.08715205673913717,-0.29451235598310366,0.08432363546893651,-0.1737773264511319,-0.15575418795822887,0.056265870443722804,0.01983603921691443,0.10211677892651275,stratified_coverage,11.253662452052847,13.98908311275094,10,9.78871158599,4606869.19279,4606869.19279,1.00000000,0.99351546,0.98710888,width2_d1_m8,1
6,135,1,126.63272505774779,8.91199611668648,0.6113114638050091,0.3106564348467212,-0.7765716747776694,0.4987321283676879,-0.1346078759444849,0.17377876910715084,0.4144551211693156,-0.12504925825948285,-0.11908187531936602,0.24214651270188195,0.09188175957873387,-0.07259867292715788,highQ_anchor,7.3988852014378095,10.496493854393682,10,9.73769101804,22092926.3474,22092926.3474,1.00000000,0.99451107,0.98927702,apodized_d3_m10,1
6,135,2,129.17411532654972,9.491506308301576,-1.0566074849216873,-0.6019051776511963,0.42825850236471985,0.8814304878277912,0.09480093938658474,-0.49574610308612477,0.666085495158472,-0.06221431759620233,-0.45630903828003444,0.35520925228912836,0.1482413098429149,-0.3468332016465934,stratified_coverage,7.061339078106586,12.152207199482817,10,9.56511051389,4205915.74,4205915.74,1.00000000,0.98703538,0.97646551,apodized_d3_m10,1
6,135,3,123.31485648259239,10.283915990081034,-0.5611146711176005,0.6909313711867346,1.2376072437480412,-1.4529496980182535,-0.7263151772622154,0.03149587348845673,0.03516564405134104,-0.3106941491372709,-0.37602721742158507,-0.305504307918169,-0.3178033187109603,0.19920170477834281,stratified_coverage,7.064448623419563,13.252246710311168,10,10.0023288354,4177328.00865,4177328.00865,1.00000000,0.98288391,0.96590758,width2_d1_m8,1
6,135,4,127.6887084907471,8.783452612419103,0.6624550952208785,0.44185686757512305,0.004342507929207345,0.5543217650784554,0.05385322630821757,0.14420535952577304,0.4633028475300608,0.031513847939561745,-0.029873036344157732,0.02965746922758198,-0.029067654006391098,-0.0400110752149734,highQ_anchor,7.654799388155878,10.202303669165195,10,9.65809734764,44818450.0815,44818450.0815,1.00000000,0.99660684,0.99402154,apodized_d3_m10,1
6,135,5,129.12816986514687,9.317700850784945,-1.0847223738171992,-1.1600790225971058,0.37691394352340146,-0.1597582414091856,-0.044967560517581884,-0.6860289409421121,0.10405914973929864,-0.16926214140144713,-0.24291849818212335,0.029200901430649684,-0.09496205850838324,0.23423934020597886,global_random,6.930152142275761,11.604846439784486,10,9.54301068225,10627675.4918,10627675.4918,1.00000000,0.98894899,0.97770433,width2_d1_m8,1
6,135,6,125.66883957052892,9.997950136879389,0.9915509098563544,-0.24226285760165056,0.42260455973576394,-0.44887593032663076,0.2583460560507673,0.47471709694564845,0.14060565450804163,-0.4206463265680602,-0.4746990936350376,0.38655124122255435,-0.0631296845034976,0.040069509635634104,global_random,7.61654139606596,11.68564868691738,8,9.80828111067,9974725.65717,9974725.65717,1.00000000,0.99230732,0.98447055,width2_d1_m8,1
6,136,1,123.92105962084469,9.868899985440311,-1.0095396871438045,1.2681011667694326,0.12878762244795272,0.6097023400148396,-0.8223892442957722,-0.555824128523782,0.49679184792592745,-0.723961775071477,0.05736735081529665,0.5172769171942799,0.17245866704768115,-0.10233687386769769,stratified_coverage,7.635713513304709,12.99091567624892,9,9.95108020188,5199709.2432,5199709.2432,1.00000000,0.98508614,0.96979465,width2_d1_m8,1
6,136,2,127.57702839533454,10.738207716876245,-0.8090235414393396,0.01606649987860287,0.8801319975936865,-0.8078170153904686,1.0065716682942045,-0.8256646169600649,-0.7235604626417326,0.5975297432296953,-0.48330777955792065,-0.06036897049139117,-0.3980123145843975,0.31841853581448926,global_random,7.425453510576199,13.287327777641671,9,9.65864043982,2685185.37933,2685185.37933,1.00000000,0.97950014,0.96084036,width2_d1_m8,1
6,136,3,126.63896973552438,11.128288294439768,-0.3532366355032486,1.043888161533999,1.7019351632650832,1.0838098369023361,0.44500942640700747,0.3267316870296837,0.3795325365755864,-0.4985043921614267,0.14194327773225046,-0.3568556337876527,-0.3910493965510772,0.3546994966501707,stratified_coverage,6.539348490274002,13.423583270739249,6,8.45978597906,99737.691346,99737.691346,1.00000000,0.99578162,0.96055874,width2_d1_m8,1
6,136,4,127.59153894175041,8.481907793720318,0.20974804673951147,0.5123157805657825,-0.242518125473928,0.2685448194902935,-0.35683619050796456,-0.6539288392810041,0.3493316996688458,-0.007529615248096727,-0.2388364767954311,0.1430627926220911,-0.15880707999559884,0.15960658158136934,highQ_anchor,7.217013658037074,10.599586516432465,8,9.66148922889,17592298.8829,17592298.8829,1.00000000,0.99566469,0.99087583,apodized_d3_m10,1
6,136,5,123.26811559071562,8.512529121988537,1.7046732922100882,0.5084543338893415,0.12693113554593838,-0.03957925276688656,-0.2145637338392442,0.3427353469188219,-0.23933664497603357,0.6841470612595555,-0.15465376507700052,0.15540507833428285,0.4320340597237408,-0.10397487393734528,stratified_coverage,6.536951530557079,11.111107884724827,10,9.99033905253,5073372.97928,5073372.97928,1.00000000,0.98410526,0.96905276,width2_d1_m8,1
6,136,6,127.48245207390373,10.972776711625267,1.292898693625205,-0.7104051479819338,-0.45265911160764905,-0.12293607289273578,0.7057614431577661,0.6414877668602659,-0.06276056461914514,0.7180609544646375,0.41246316402318006,-0.44046894892581756,0.17014682655714047,0.3633287379486965,global_random,7.546716317165576,13.33563661076141,6,8.50116004807,98480.9490739,98480.9490739,1.00000000,0.99688730,0.96687122,width2_d1_m8,1
6,137,1,126.76276443631147,10.791682361820387,-1.174487371163369,-0.8526246845651066,0.3353484304192016,-1.2059096376234841,-0.8222664186154454,-0.10381932565813312,-0.1646221616947413,0.22704705961149552,0.49142606250353493,0.1551830608600454,-0.046494571100749116,-0.1494574028014221,stratified_coverage,8.337786493285384,13.324323650372195,8,9.71684388987,9332006.23138,9332006.23138,1.00000000,0.98799059,0.97658110,width2_d1_m8,1
6,137,2,129.44736542012785,11.568216592107085,0.39152215804279056,0.35856010848855746,0.556477780842825,0.1890092876062741,-0.6417854766061596,0.46764861979547745,-0.21851555675236212,-0.058114259190176654,-0.3262705948924499,0.32404324259608674,0.10926167400463088,0.31354882150348135,stratified_coverage,10.257645615934463,13.393878114533528,8,9.51835899707,4835618.20567,4835618.20567,1.00000000,0.99263771,0.98592138,width2_d1_m8,1
6,137,3,122.71565909341811,13.244973456027324,-0.07681556610560347,0.4551725672810445,0.5836041886784767,-0.29384803660183556,0.036143260736977934,0.20623189891881233,-0.21904156176340467,0.18986392796439527,0.17281428034390112,-0.06661834983319359,-0.03537883495604126,0.04240464486334378,stratified_coverage,11.949734648453903,14.56428069261515,8,10.033768638,2942629.65885,2942629.65885,1.00000000,0.99076394,0.98206064,width2_d1_m8,1
6,137,4,125.14261921863286,8.914813318380066,-1.4060262122980167,-0.39914007762986925,0.27350785081912643,-0.223089411420478,0.04494347846496627,0.5572358661911867,-0.746464534904915,-0.30721617773547205,0.17322324126148625,0.3334820795897566,-0.0795025348815479,0.23250754271091228,stratified_coverage,6.933183434661409,11.879569231022582,10,9.81910347485,6118118.49981,6118118.49981,1.00000000,0.98765502,0.97746901,width2_d1_m8,1
6,137,5,127.4837298101424,9.92053107213717,-0.39397712770712157,1.1553073352220955,-0.07335359282682807,0.02584734094908292,-0.8433883652521128,0.33925773635447865,0.7341911783975739,0.49120362487132496,0.2810154482884174,-0.49256875037298,-0.35934481102918464,-0.22754219323001326,stratified_coverage,6.61374702667827,11.413871779795322,8,9.69044962326,592050.084538,592050.084538,1.00000000,0.96443083,0.93169773,apodized_d2_m10,1
6,137,6,128.2445346872076,10.065259151136843,0.47956107446097596,0.6999423865728258,-0.18852547820476073,-1.0364818206307316,0.1913013763427307,0.6426765747121408,-0.5511603814394862,0.6323577672875333,0.12566756547039493,-0.15809587535148528,0.243203872356565,0.4220379685802836,stratified_coverage,7.981764106189539,13.253002402962162,8,9.60210314197,3118889.47304,3118889.47304,1.00000000,0.98714573,0.97558898,width2_d1_m8,1
6,138,1,123.4974833996895,11.00244954642011,0.8651292096388086,-1.0196007916184453,1.4613506963933574,0.6991480667474199,-0.27827049064890785,-0.4158837782818332,-0.5094280648275851,-0.36259880608444955,-0.25445082734287156,0.10371647075060408,0.32127131066876563,0.04925593747938767,stratified_coverage,7.890812232141708,13.232246245820317,10,9.9672033039,4498883.32094,4498883.32094,1.00000000,0.98241770,0.96655373,width2_d1_m8,1
6,138,2,124.94497328223824,13.301364423250114,0.2217997514505986,-0.4602172398387201,-0.07303917432765039,0.45836879663283747,-0.20599841401660327,-0.25760812357959634,-0.08362393873235177,-0.22778700904668317,0.04093663024852792,0.12997669335062484,-0.15534875998158798,0.10016199408650103,stratified_coverage,11.781629316958288,14.069712006501298,5,8.33877794023,95597.1106143,95597.1106143,1.00000000,0.99915752,0.97367887,width2_d1_m8,1
6,138,3,127.26627398072543,11.254531690104209,1.5735054302497415,0.15624514934814204,-0.5083156262447339,-0.22708141276968496,-0.12312924498718991,0.42192946576198676,0.4294820381025759,0.39230386514142457,-0.39522168308044314,0.3488799700148444,0.3160084266869731,-0.27860258672460275,global_random,8.221413399550203,13.107848577843312,9,9.70268887849,4037786.18595,4037786.18595,1.00000000,0.98619441,0.97227035,apodized_d3_m10,1
6,138,4,128.3769206514478,9.825861779819254,-0.8303839888293578,-0.5111338176643538,0.023721029968558405,0.3823015632431297,0.15300797412840228,0.04769510379465336,-0.4237384335629679,-0.6257082637880235,0.3852615449750417,0.14973249314953874,-0.03245736710708924,-0.4135677036686557,stratified_coverage,8.29100437048228,12.484992990708548,8,9.58808400455,821145.516476,821145.516476,1.00000000,0.97685730,0.95458984,width2_d1_m8,1
6,138,5,122.6222237377378,10.131651240723015,-1.037623638237643,-1.6415642859157744,0.4042295597628962,0.789321973799723,-0.3157483557991514,0.3171211618978038,0.20392140871435194,-0.33721585873432985,-0.452265195165725,0.05265062103834983,0.1136541893771858,0.3041496654488733,stratified_coverage,7.578551758189137,13.254197092310294,10,10.0489736292,5571403.63301,5571403.63301,1.00000000,0.98485543,0.96991270,width2_d1_m8,1
6,138,6,128.06980111781942,10.459590468434053,0.9069942040585337,-0.7518861853717058,-0.762575288775768,1.6930708419128762,0.49181213678508273,0.2073333084189799,-0.5421799332915862,0.7699307785607101,0.2603319103768287,-0.02775635447369551,0.44661986971107587,0.0270530011990604,global_random,6.530083418927454,13.099779305780615,8,9.61497588998,3036193.50113,3036193.50113,1.00000000,0.97494103,0.95165358,width2_d1_m8,1
6,139,1,126.97080189275029,13.213915751561238,-0.503469931622329,-0.08552171923274665,0.03679590611947403,0.3781008758900387,0.06116163159194676,-0.19982275421578094,-0.060169982198818805,0.15701223301507705,-0.1557767253476932,0.11507127018590618,0.13237614725082694,0.02254176359734894,stratified_coverage,12.420432185289986,14.226258580056708,5,8.21539863137,94581.9402446,94581.9402446,1.00000000,0.99915013,0.97709306,width2_d1_m8,1
6,139,2,128.62961752109538,8.846219205428534,1.1367800669492363,-0.13929903928953458,-1.45286370722377,0.45470116982769837,-0.5004833461124334,1.0001582820471797,0.2607536417975751,0.2627400877762658,0.20684318743011232,-0.12053159161646626,0.07488995652531488,-0.19836653842017443,stratified_coverage,6.6204855757031895,12.247402123721805,8,9.58070550739,12218281.8561,12218281.8561,1.00000000,0.98423113,0.96829240,width2_d1_m8,1
6,139,3,123.50991933821089,9.246164279251348,1.6088412412664672,-0.5400837629483282,-1.0720307110414358,-1.1532412457640975,-0.9907812875584044,-0.8246216454430837,0.005241378874825342,-0.23022570100781636,0.015981483429804877,-0.4060701859436282,-0.3539391530125639,0.2563280104021037,stratified_coverage,6.525178649573628,13.30978677169982,10,9.98679986411,2747931.40089,2747931.40089,1.00000000,0.97644077,0.95315240,width2_d1_m8,1
6,139,4,124.10674094415486,10.278694031994254,0.3958086841666102,1.6629410314865192,-0.4368190139012149,1.5626353544843854,0.8428398825207446,0.5364308815176169,-0.09029281479238915,0.06957705304787876,0.46317673258997716,-0.132388884833883,-0.05271226778810567,0.4373493684365452,stratified_coverage,6.9509229560880526,13.077959148422114,9,9.93519749834,3489514.08583,3489514.08583,1.00000000,0.97655292,0.95365851,width2_d1_m8,1
6,139,5,127.88938849241303,11.003198800892287,0.09049454999939677,0.47912168248913467,0.5583394022748009,1.269022609863841,0.8581080746162806,0.9918821863326426,0.3065727480859475,-0.1403079112169554,-0.1133132192975162,-0.5496037537478048,-0.011889607287841386,0.17625804260037553,stratified_coverage,7.380592010606008,13.337341650731345,8,9.64794706767,9884966.25312,9884966.25312,1.00000000,0.98712289,0.97377535,apodized_d3_m10,1
6,139,6,128.78340117464558,12.524984927316263,-0.1268235784840085,0.511168417737973,0.5266261593040692,0.044674956551317035,-0.15081534309611946,0.09589518241733647,0.24939209050058914,0.01768324604740662,-0.10554905791365359,-0.0953515653207144,0.06731558135180646,-0.09272710150115589,stratified_coverage,11.65870756660572,13.771633149274228,10,9.56990983714,13018873.2905,13018873.2905,1.00000000,0.99782313,0.99544472,width2_d1_m8,1
6,140,1,123.37727741389938,8.705845356381161,0.21510897632394732,-0.6755009090552604,-0.5554046954881493,0.9615886816426233,0.7495161700024076,-0.3565050867752688,-0.45168714593443904,-0.6941016327552036,-0.27500536331526765,0.4046685595531151,-0.17261602252640967,-0.36160349840093137,stratified_coverage,6.593742164868829,12.296187797143755,10,9.97835217001,4253848.1802,4253848.1802,1.00000000,0.98657625,0.97448557,width2_d1_m8,1
6,140,2,124.19460636176166,9.854926239911576,0.8225700939869216,-0.05283169444922997,0.9984818512018034,-0.1139268506607356,0.8337830007320717,0.4426323424363172,0.3301889261033535,0.2532435026711517,0.18856170928494909,-0.5285843069895081,-0.12748566007321555,0.2358688439959758,stratified_coverage,8.275365976723542,12.92006434298909,8,9.92773691701,6516725.99361,6516725.99361,1.00000000,0.99052762,0.98074621,width2_d1_m8,1
6,140,3,126.35299210485238,10.050947571343322,1.7108286962871255,-0.03548005497508511,1.0535742030028687,-0.9554593165542612,0.14622084921560896,0.28733811528817377,-0.45785083869103715,0.452489028567834,0.030649640704340952,-0.24327512164847936,-0.326808122363039,-0.021122012962767223,stratified_coverage,7.294956011483423,12.901576412299926,8,9.73809066663,3187240.73461,3187240.73461,1.00000000,0.98145450,0.96443613,width2_d1_m8,1
6,140,4,128.46945307832897,10.627279179826782,1.2899053734129917,-0.809415037080931,-1.6662284341871927,-0.7781649579709822,0.6032813095318317,-0.3266779504383883,0.6705677357170798,-0.7498101539668813,0.47065930562823555,-0.35784937117827076,0.38413080773144387,-0.008877228152990801,global_random,7.464043906599304,13.429660807525332,5,8.38566964713,98963.8653299,98963.8653299,1.00000000,0.99510638,0.96903449,width2_d1_m8,1
6,140,5,122.31284873590928,11.566469765784065,-0.23410976786904847,-0.5995185071616846,0.26074271184772635,-0.8424626869586179,0.24746913611513688,0.5142421393865071,0.24957332860977877,-0.12398111932528,0.21097441435298825,-0.16434239036694054,0.051149272207457186,0.13408102835243524,global_random,9.903691385339425,12.973359017251406,10,10.078999413,9480656.09515,9480656.09515,1.00000000,0.99481438,0.98936577,width2_d1_m8,1
6,140,6,127.22379812150224,9.186818075758495,-0.07677625307644713,-1.0607657006770026,0.3154659757344413,-0.1932209263034271,0.24505852487390165,-0.02700197129567483,0.3119911705403258,0.009370876912792536,-0.0869415393594458,0.0590881270274814,-0.1009437467258198,0.27528725051589914,highQ_anchor,7.200378362000292,10.536479838637456,10,9.69058114718,12736632.3064,12736632.3064,1.00000000,0.99395854,0.98736152,apodized_d3_m10,1
6,141,1,127.79602286303181,9.523899682642172,-0.943918968081612,-0.7934433318224265,0.4243076674510282,1.0550081135093776,-0.9734780338659511,-0.2593914896418714,0.18764599360113188,0.4102469001324025,0.05642058968164054,-0.2769412401900051,-0.28304599318070456,-0.15318320540151875,stratified_coverage,7.340620340177268,13.138961716031142,10,9.64668005888,3198912.05967,3198912.05967,1.00000000,0.98548626,0.97075699,width2_d1_m8,1
6,141,2,129.80410216426873,10.173172797739658,-1.3297304238292473,-1.3354058513246883,-0.7410126916139561,-0.6649693219909858,-0.19514198265486693,0.09047480358514925,-0.4715477408146484,-0.13272408623781207,0.4279630516733548,0.029402253364864017,0.23414380823369835,0.3016425975708135,stratified_coverage,7.024954003334415,12.414689541734933,8,9.47947697897,1121638.10028,1121638.10028,1.00000000,0.97230244,0.94620640,width2_d1_m8,1
6,141,3,124.69928203181108,8.348368648826124,0.3559901118816491,0.7049986250447886,0.25454891821167824,0.2527547539395234,-0.4146788520449727,0.6957937165621191,0.04071788831714773,0.332739697718057,-0.449201690026879,-0.5434209997292929,0.2991380020134698,-0.3790008414525987,global_random,6.702061106587926,11.176751605214271,10,9.8928217892,4558227.9965,4558227.9965,1.00000000,0.98967376,0.97917706,width2_d1_m8,1
6,141,4,124.23970106415986,12.396163683849041,0.16022499321543915,0.9372666007690307,0.08744194402148797,-0.6722527590688054,-0.6277467319770154,-0.16822790483066985,-0.31153149845543776,0.4175978337640358,0.11231912493834129,-0.10580282859782575,-0.28673692534231143,-0.06345785473561183,stratified_coverage,9.465465973506912,13.474561822028306,5,8.55254080461,98099.3388322,98099.3388322,1.00000000,0.99640412,0.96402129,width2_d1_m8,1
6,141,5,126.894898718,8.767987457927553,-0.09714863021357045,-0.16798388373981243,0.2006897689633773,0.1317721372787115,0.9336908041462277,0.5509144452128396,0.16465328263030587,-0.3521794292851144,-0.30279109929973835,0.3820664916321923,-0.22391565210803457,-0.13571115413218449,stratified_coverage,7.09145356040501,10.509958623468158,10,9.71378377502,8324363.76776,8324363.76776,1.00000000,0.99237469,0.98446813,width2_d1_m8,1
6,142,1,122.6694887608892,10.335013748214687,-0.8772800649059991,1.5582122378411856,0.10416910116124045,-0.5367014833667811,-0.6677124670040272,-0.5830452892265362,-0.5176815554278746,0.0034121624134684225,-0.03563124513430771,0.04409532870645605,0.3063034999544067,0.24814763184000338,stratified_coverage,7.216153968369903,12.549877630602488,10,10.0276634011,3929816.39955,3929816.39955,1.00000000,0.98199966,0.96600594,width2_d1_m8,1
6,142,2,124.26672169825414,11.067689066848546,0.04456741314016277,0.29642959554748494,-0.08076590044689569,-0.11607875176029103,-0.1383932757264259,0.7807512523862643,-0.37702483806253473,-0.07579683787881142,-0.3205540814341278,0.4457772460577776,0.39981014099101125,-0.27992615306377067,stratified_coverage,8.996034067422674,12.438684297386468,10,9.92216787762,2417436.58834,2417436.58834,1.00000000,0.98747376,0.97589499,width2_d1_m8,1
6,142,3,127.70222671901477,13.260232835762144,-0.5561624303930708,-0.04798522814760375,0.009211861031569901,0.15739276564877858,-0.04018423928522913,0.3498727111786957,-0.1749599264326832,-0.016476361253106475,-0.18391016581509712,-0.1776842872009826,0.06717456973491484,-0.01277949954613386,stratified_coverage,12.374101067340748,13.942149672021053,10,9.64625578776,2942984.71269,2942984.71269,1.00000000,0.99094460,0.98233431,width2_d1_m8,1
6,142,4,129.58964393855848,8.949042828578435,-0.2735006983618786,-0.5447632878982374,-0.4641337016194955,0.39659784089927785,-0.42937334610283506,-0.056323682548193865,-0.4710190021369689,0.3266892064077447,0.2700622624801653,-0.3252007390013226,-0.36772651694671354,0.06806133958270516,stratified_coverage,7.213351825890708,10.908641981623475,8,9.48862688413,6301434.98541,6301434.98541,1.00000000,0.99222771,0.98598264,width2_d1_m8,1
6,142,5,122.87557608607446,9.48443531128747,-0.6095789186226537,-0.6487149086462529,0.5037036941774431,-0.5478540141088957,0.9532971892711708,-0.40965951015520286,-0.18878796745300797,0.05483088173039441,0.06586430699561008,0.39692973989823044,0.10668973889109262,-0.2526101507755435,stratified_coverage,6.781017432486875,11.61209499031841,8,10.0223457866,1302762.08847,1302762.08847,1.00000000,0.98029765,0.96097561,width2_d1_m8,1
6,142,6,125.74449898925482,10.22829434924068,-2.1617567593116425,-1.1719914106789047,-1.1285798089027486,0.2425491130333064,0.28446026090702214,-0.9994141617834301,0.5686756282155672,0.7405067845613866,-0.5092225725091001,0.014848076670156307,0.05701050687704662,-0.2300988848114823,stratified_coverage,7.052562266404857,13.19676325170536,5,8.61776364718,101712.795878,101712.795878,1.00000000,0.98390791,0.95451383,width2_d1_m8,1
6,143,1,126.99832823314188,11.61942687475409,0.14893382002086986,0.9702254676278765,-0.020906997257358118,-0.9118837926882569,-0.25805175201752195,-0.5224967512916466,-0.2730542651597636,-0.20724797855111798,0.22205667984138766,0.4227053374074168,0.14195537072962133,-0.39927351462712213,stratified_coverage,8.829792414252104,13.244713666122182,10,9.70373147679,2824979.68218,2824979.68218,1.00000000,0.98591992,0.97281473,width2_d1_m8,1
6,143,2,128.73925932984218,13.150425124337612,-0.7225004444097288,-0.13884655745887609,-0.3258213888048276,-0.5067929799139134,0.310478665060281,0.29226879794153326,-0.017549905742403338,-0.20236143479337135,-0.13510375219039467,-0.05121941626615936,-0.1252472195708313,-0.1429832506432318,stratified_coverage,11.885310210460066,14.443945287833204,5,8.09984226332,93720.5549368,93720.5549368,1.00000000,0.99873733,0.97873799,width2_d1_m8,1
6,143,3,123.10429675873148,8.930254649745798,-1.7331588164751301,0.7011845433524471,1.1431675517063307,0.07884693940868903,-0.9688620359004005,-0.1275972924484906,0.5445205795074444,0.738405510204214,-0.2416993273052771,0.17828309627215733,-0.2889048187157599,-0.02708216964510235,stratified_coverage,6.579000252237926,13.348271203191517,10,10.0205075974,4066180.21037,4066180.21037,1.00000000,0.97983835,0.95946887,apodized_d3_m10,1
6,143,4,124.4343964103035,9.509979889245699,-0.9966958327773052,-0.19368839274867966,0.38903427300544924,0.028044547767006822,-0.600723865255266,-0.26187305874538147,0.3951325898641673,-0.6038880223739446,0.2660280198291628,-0.3091153092517595,0.2643386039409788,0.10813483790755724,stratified_coverage,7.110083516664207,11.908375801420895,8,9.9116068041,1063567.79258,1063567.79258,1.00000000,0.97967599,0.95889880,apodized_d3_m10,1
6,143,5,127.13626230042479,10.85666418037184,0.6847454581624022,0.026721113650946204,-1.250845165925918,-1.1295551134943627,0.7710368112862029,-0.5144949313858338,-0.28924171099453877,-0.5194542868014311,0.11304633271358688,-0.05804882809976425,0.34212400629639,-0.28239414126764273,stratified_coverage,7.500751161776481,13.058773141033356,6,8.59024006662,99280.9533738,99280.9533738,1.00000000,0.99696415,0.97157048,width2_d1_m8,1
6,143,6,128.98055200368438,11.030051752955492,0.9641663807844569,0.5396373567383828,0.17570919314262556,0.7314478424204973,0.8581394186275446,0.3964692160885186,-0.5197968428004209,-0.5639543604783919,-0.08631884211659646,0.5233960772068931,-0.08643260551261323,-0.17889064426373924,stratified_coverage,8.131623773122048,13.448365088720537,8,9.54186261309,5828502.81385,5828502.81385,1.00000000,0.98804091,0.97766132,width2_d1_m8,1
6,144,1,122.90468733261568,13.240247581745868,0.5230822939606758,0.39832915654911294,-0.41973470571604143,-0.20914073555980434,-0.16517150572569417,-0.028050114949568883,0.16979176226449078,0.0913202420866373,-0.13150788590032458,-0.01634352117616031,0.051854489146234806,0.03985748002008377,stratified_coverage,11.928428683422814,14.193502478703019,8,10.0238454161,2384159.93968,2384159.93968,1.00000000,0.98898892,0.97762346,width2_d1_m8,1
6,144,2,124.51493548766217,8.409117993634196,1.4995788406944315,-0.3773234430601844,0.014099544932868469,-0.2414586896595925,-0.060948667950033064,0.10802411369017939,-0.30073865436076413,0.4924422595903024,-0.03602943781079915,0.2143445325712724,0.33652221821801237,-0.36199836450755435,stratified_coverage,6.625937497216804,10.831830700381921,10,9.8849968386,4775459.79435,4775459.79435,1.00000000,0.98655364,0.97417858,width2_d1_m8,1
6,144,3,127.48892471996218,9.663198611160158,-1.0211884975614272,-1.9706772816970055,-1.316315989849492,0.42495920996425984,0.2574403750630547,0.2483183279272776,-0.4532255029496115,0.002835098855195617,0.4184341530522122,-0.0012507358948927738,-0.43096301644028484,-0.4402517174232873,stratified_coverage,6.887016340707202,13.398681484550734,10,9.66247149331,673596.968242,673596.968242,1.00000000,0.96074380,0.92411171,width2_d1_m8,1
6,144,4,129.9363986793451,10.147055152919078,0.010899163174134863,0.8215425698151657,1.6237857274662557,1.77249225747027,0.21680728767421287,-0.5170405240439899,-0.3749950728969804,0.48208838769816587,0.02171113596778118,-0.1435320015001525,0.08314346155199887,-0.08853096609486977,stratified_coverage,6.789035097831835,13.217377895583615,8,9.46688267359,4744268.42546,4744268.42546,1.00000000,0.97747065,0.95657068,width2_d1_m8,1
6,144,5,122.91442365130675,11.65362451165168,-0.478967037929533,0.032938488756842244,-0.5158101838429323,-0.5136412672855726,-0.7938243477737179,-0.2936892164042004,-0.3163412092907736,-0.603177303624153,0.30557360001026146,0.06116959711147807,-0.41793884628216066,-0.05720439778050407,stratified_coverage,9.04767977129526,13.392139507028668,10,10.0328807232,1917409.44693,1917409.44693,1.00000000,0.98268312,0.96635078,width2_d1_m8,1
6,144,6,125.0988627786759,13.484149498666532,-0.041284276216518645,-0.6725776289841129,-0.3154495883912218,-0.023655778088457313,-0.2353691673431649,-0.00763124815830063,-0.22725942348285721,-0.2799196349138591,-0.12791777167770246,-0.020383353139378946,0.15241928810335828,-0.047771763725009436,stratified_coverage,12.356738209460886,14.582816768196224,5,8.30634611134,95151.8788965,95151.8788965,1.00000000,0.99813864,0.96814863,width2_d1_m8,1
6,145,1,122.20439373896971,10.298199556795733,0.4648714246939485,0.4105840069974649,-0.29861523789203437,-1.7262459105254484,-0.7606474019704761,0.6424265251710901,-0.03133222652010592,-0.6824046671253792,0.33509669456390334,-0.05821314990533211,-0.4177744971154958,0.19648883089333674,global_random,6.975701732994445,13.403083318124494,10,10.0999063637,3592492.6904,3592492.6904,1.00000000,0.98093333,0.96193668,width2_d1_m8,1
6,145,2,129.83859620592654,9.327425307007301,1.6352848521956158,-0.8272116464271257,-0.5723588562777029,1.2227076109563362,-0.6611737522749139,0.8382329939695194,-0.1811591465527107,-0.535671064404967,-0.12482567020596602,-0.47205852630499445,0.32219776064587696,-0.3080138103594392,stratified_coverage,6.596335072462331,13.308554223656252,8,9.49337332248,4000742.59044,4000742.59044,1.00000000,0.97587970,0.95256900,width2_d1_m8,1
6,145,3,122.89800196491439,10.601799254030274,-1.2941088420902862,0.07855937710925831,-0.568559715197098,-1.0885755606663121,-0.9740889393270926,-0.6764530415727523,0.35795558611354084,0.219030144170816,0.15475433637633973,-0.3298284446009967,-0.08183061825492566,-0.12891725531365283,stratified_coverage,7.059908925369954,12.555324008288917,10,10.0315114149,10494250.401,10494250.401,1.00000000,0.98329377,0.96645213,width2_d1_m8,1
6,145,4,124.40080812319975,11.004557232404599,1.2778159115073455,0.46732910727869426,0.47117712492110564,0.0508620959947923,-0.49431410192152825,0.003630073752443952,-0.6748787293905363,0.7999422585071645,0.5374442229584435,0.054359431330700314,-0.2641639769918203,0.006246150500294367,stratified_coverage,7.822255423704187,13.488431110877677,10,9.89531539245,4301889.99023,4301889.99023,1.00000000,0.98571276,0.97328589,width2_d1_m8,1
6,145,5,126.35666233715583,13.363222838255231,0.5104816461782593,-0.37117588901498516,-0.614360910731961,-0.4999088494344658,-0.2839525981205755,-0.37048926206739635,0.06155021776545838,-0.020916492353311777,0.011358581263481993,0.150962593196031,-0.0007884427860050114,-0.10078828627491294,stratified_coverage,12.410070642396862,15.057909349684504,5,8.20844768723,94739.134049,94739.134049,1.00000000,0.99842529,0.97525089,width2_d1_m8,1
6,145,6,128.0490406681059,8.420172581183053,-0.08075515396795607,0.5653056727829573,0.3886471466954837,-0.4875168007198507,0.032528367417603565,-0.7449624104535784,-0.3482192220076334,-0.38692534763700626,-0.5221342348727108,-0.26065751807048515,-0.34366863082589466,-0.31359386995156585,stratified_coverage,6.559837621921564,10.908170503245907,8,9.60997528692,4968434.8798,4968434.8798,1.00000000,0.98898864,0.97922808,width2_d1_m8,1
6,146,1,123.07053328795297,9.436008781678515,0.7463066406167207,1.5284794511406252,-1.2703820204239133,0.20971085036761195,-0.16473672883220436,-0.3201913830646843,0.6210944465932011,0.617551374771492,-0.3003573280328609,-0.08492757029834719,-0.24845655472771236,0.14019344526389238,stratified_coverage,7.006936515758192,13.379912333684011,10,10.0292335318,1114938.47701,1114938.47701,1.00000000,0.97450603,0.95015892,apodized_d3_m10,1
6,146,2,125.53785750158504,10.361553237436166,-0.8585682779475816,0.5199846639994226,0.3725768429142493,-0.31077034459417385,-0.4654885980695981,-0.7696824120893602,0.01726598148850389,0.6265416937892423,-0.1632227312495797,-0.3046337164372066,-0.10373026796084,0.23012101706409743,stratified_coverage,8.490400081079402,13.217025881573939,9,9.81304358324,8920037.72845,8920037.72845,1.00000000,0.99228974,0.98489220,width2_d1_m8,1
6,146,3,126.02115147188246,11.394950006056492,-1.214660159897904,-0.9534715860921978,-1.3026849114562342,-0.07570160357565947,-0.953054072979405,-0.52488641542248,-0.2089449169711728,-0.6208196867096168,0.1053156398738454,-0.2861419040300034,0.2749045643411501,0.23235724838506638,stratified_coverage,7.0567675955973845,13.333433008506038,7,8.54467058341,99070.3699378,99070.3699378,1.00000000,0.99454744,0.96107909,width2_d1_m8,1
6,146,4,129.4357525679482,13.300217983284146,0.7184934283302513,0.2932671270754761,-0.11431939681339309,-0.4508215043096272,-0.20915930243321024,-0.3515329948690108,-0.15650891036095974,-0.07777099612636762,-0.03880489784880095,-0.05191749562131076,0.07877345531338123,0.056704293848463316,stratified_coverage,12.269357135576184,14.697638024682595,10,9.51762256166,3646916.87863,3646916.87863,1.00000000,0.99212136,0.98467091,width2_d1_m8,1
6,146,5,125.92465161605325,9.841915734350513,0.1260093477185329,1.2521943741905854,1.2289443636155182,-0.39052203200496916,-1.0805017849849052,1.0399162653133942,-0.14380566220840918,0.08354811739960355,0.09724587387795225,-0.12127385845685368,0.34133588902893536,0.11546102799299257,global_random,6.8088180066117925,12.432217730617802,8,9.78312815811,2264894.82749,2264894.82749,1.00000000,0.97760128,0.95593989,width2_d1_m8,1
6,146,6,125.88015202237229,9.400062956514924,-0.8355448605994009,1.1319887073778094,-0.7687061533463573,0.6039450796717076,-0.40039639487995404,-0.07622062089721804,0.44148702465026957,0.2134828016848067,-0.2533282153714087,-0.4455469770888767,0.3028242623611475,-0.05619158471705871,stratified_coverage,6.935674044709048,11.462434588807179,10,9.80341381207,4087038.17757,4087038.17757,1.00000000,0.98520366,0.97064867,apodized_d3_m10,1
6,147,1,127.62797759258227,10.520550342289068,-1.3316499760023026,0.087260424233631,0.7020154697321404,0.018649515433676322,0.6834773929432834,-1.0379419487784143,0.2414268209201602,-0.3004463047215465,0.028828930236179495,0.18139370933588828,-0.2652341701177049,-0.13867715027949107,stratified_coverage,8.098572042702019,12.932610407284404,8,9.66251810681,7659202.25451,7659202.25451,1.00000000,0.98798264,0.97556696,width2_d1_m8,1
6,147,3,123.04033453963007,12.60528430570773,-0.11438058192943756,-0.30617459171804134,0.21265716266278922,0.032053014168775484,0.0029341146339232904,-0.11395646710833635,-0.12692744824969093,0.24112446707829088,-0.049528289954040766,-0.013649040717232969,-0.08185141179078613,-0.07206119725798323,stratified_coverage,11.77825286145509,13.423804745889456,10,10.0130905201,2947317.59309,2947317.59309,1.00000000,0.99151745,0.98336733,width2_d1_m8,1
6,147,4,125.45067304787766,8.802045787759923,0.5468624646734539,0.7507146447954587,-0.6576779548188851,1.6435265673526824,0.3807320931498288,-0.0018094386249110084,0.013781556616630275,0.29193037720362414,0.18875666810661507,0.19281822606946197,-0.04515958326777586,0.11189128269576415,stratified_coverage,6.582925583044485,10.984742240681143,10,9.81725737582,16093430.235,16093430.235,1.00000000,0.98505707,0.97029710,width2_d1_m8,1
6,147,5,128.2051651163085,8.265325351617877,0.09103002902437413,0.19698867242815796,-0.3567246174541992,0.37159202263897395,-0.13919711208070515,0.15361920570170626,0.45902406810898644,-0.046788782365213596,0.27378060042605606,0.06866573964941182,-0.06464888149848837,-0.17288919663373575,highQ_anchor,6.950580295506564,9.393676492710446,8,9.62081766405,22300565.156,22300565.156,1.00000000,0.99719263,0.99528067,apodized_d3_m10,1
6,147,6,123.02391635945963,11.055417675389538,-0.9751459617996605,-0.6248017832697239,-0.36479464238119874,1.2999757442051305,-0.9776744841648117,-0.6888633858048883,0.12144348085870083,-0.4263458416808435,-0.43686914227756096,0.39833995213319406,-0.0010036735601978153,-0.23832959385843314,global_random,7.793907090439826,13.470574196235146,10,10.0280360424,4468609.9293,4468609.9293,1.00000000,0.98247635,0.96504877,width2_d1_m8,1
6,148,1,127.05879742371751,10.604247320677619,2.066390040244676,-0.48047230286488496,0.48540460833428045,0.2946461933946718,-0.09560352628551883,0.271419192722127,-0.4337402659344452,0.18750494392015737,0.373375119400171,-0.3239159705961968,0.003029991834008483,0.06828234479043022,global_random,8.059501440360632,13.022808876476326,8,9.67998356235,9266152.73388,9266152.73388,1.00000000,0.98570788,0.97298943,width2_d1_m8,1
6,148,2,125.68177076820591,12.531619808232456,-0.6786696838386644,-0.06361681159544452,0.07063742088981861,-0.40229373320375694,0.08155109727152915,0.1109295826732355,-0.22161134154228895,-0.20824705879459032,-0.12753862570879407,0.12760590270614414,0.11150687372864529,-0.14694525387913204,stratified_coverage,11.506836562234183,13.857900691898493,10,9.8018667825,3555612.8038,3555612.8038,1.00000000,0.99218630,0.98495657,width2_d1_m8,1
6,148,3,126.7977469448312,8.795511092612037,-0.554085275283382,-1.7799072492871102,-0.6396080441088241,1.3921143885927807,0.6920784067135244,0.023586487519589694,-0.18174188534746794,-0.12822056873558785,0.14378184583102704,-0.11007797994810103,0.2584078656248547,0.35301613523710157,stratified_coverage,6.573352426915951,13.177949104162414,10,9.71076367559,5713392.89593,5713392.89593,1.00000000,0.98231674,0.96535522,width2_d1_m8,1
6,148,4,125.44327472946992,11.032196433846797,-0.33341072553223494,1.3965131334161947,-0.454329617770139,-0.5102108640199547,-0.2550220156273342,0.830134938977364,0.06739980205800422,0.5081134049135945,0.47119835185092684,0.3702377338333751,0.16153663406443558,0.15727931738097295,global_random,8.066603532015598,13.347084319982635,10,9.83103801575,6108116.20927,6108116.20927,1.00000000,0.98765366,0.97532170,width2_d1_m8,1
6,148,5,124.80469007437632,10.57748187065896,1.6685730119660294,-0.10594738277136351,0.024270613416932374,-0.17062431899707775,-0.5393704826040061,0.8694967126464022,0.15760074982877048,-0.12948261073165168,-0.3663556365891245,0.2525603390048813,-0.4169751789602201,0.04256628110494021,global_random,7.882470739148257,13.372994851717092,9,9.88785996621,4303608.63763,4303608.63763,1.00000000,0.98559051,0.97088782,width2_d1_m8,1
6,148,6,125.78411385231374,11.602341164555291,-0.9672676839581422,0.09449102615470517,-0.2649375912322174,-0.3710994550492517,-0.20263849882848284,-0.2078683582489388,-0.04012631302668246,-0.4914456557430949,0.02400622337513847,0.28103828394301056,-0.21817423549389214,-0.026939480566189056,stratified_coverage,9.762536598418622,13.428659559954928,10,9.79418201434,7543914.96138,7543914.96138,1.00000000,0.99417687,0.98874255,width2_d1_m8,1
6,149,1,127.03827914946851,10.801814860829928,1.174622231797727,-1.3919284194947563,0.565096418436388,0.8311310208809879,0.34390835499030037,-0.23712992280387457,-0.6609791737428227,-0.03394320487821967,-0.114175408863467,-0.39231802905170327,-0.19025224555394993,-0.13395634629439346,global_random,8.207966944806575,13.26605538100226,9,9.68209784413,6055644.67174,6055644.67174,1.00000000,0.98438451,0.97069459,width2_d1_m8,1
6,149,2,128.5190946115897,8.761265858815019,-0.9744059577326338,-0.019580343022080005,1.0739258629320754,0.5725367091640832,0.13580705136863602,-0.8650054834642178,0.607491298723444,0.07559062638631642,0.45574177303772223,0.43282122085512753,-0.3754626171939315,0.08865652070953983,stratified_coverage,6.516336738360289,11.851178105859836,8,9.61255776329,6655557.85108,6655557.85108,1.00000000,0.98553931,0.97318738,apodized_d3_m10,1
6,149,3,122.47739945590101,9.214105356162063,-0.5840651794200493,0.5492040564608178,-1.7860004387033819,-0.8547269991885563,0.8734160012386964,-0.1365713654656272,0.2983207664816523,0.4364449128776198,-0.004041401446308823,-0.33859045846634284,-0.34749634366408405,-0.3570402593913252,stratified_coverage,7.087344691486158,13.401336586545966,10,10.0672975228,5137400.54874,5137400.54874,1.00000000,0.98315652,0.96635547,width2_d1_m8,1
6,149,4,125.95239430697579,10.902162663228665,-0.6829563786248967,-1.2390199757132954,-1.0026187052587647,-1.2140648281679773,0.9263746270576698,-0.5382786071433786,-0.4565887735978102,0.02747562117833824,0.331075217183448,-0.00015564921256838726,0.18678749698292912,0.09632480759560086,stratified_coverage,7.201869332390704,13.073800059087116,9,9.78000271338,6547199.76238,6547199.76238,1.00000000,0.98198554,0.96500556,width2_d1_m8,1
6,149,5,127.91722413495074,11.02468544108352,-0.18775920665957813,0.5763701844163225,-0.5864513084725753,-0.6119861341196926,0.585093735440841,-0.05708372413529661,-0.49369694213712967,-0.5077167469327716,0.06345812996723277,0.4058718141367248,0.32651455702249327,0.06128464423140628,stratified_coverage,8.80934034417562,12.917110077335124,9,9.62501380845,4826078.21232,4826078.21232,1.00000000,0.99084382,0.98299480,width2_d1_m8,1
6,149,6,128.83491469078763,12.491947514813791,-0.37783662491685627,-0.02872588467963222,-0.33134542264276723,-0.007881436570307265,-0.018402421216061338,-0.2423539382946035,0.02623412335067432,0.12488477092717587,0.17867313009351937,0.013735811530164177,-0.016979423741049743,-0.14247356095685126,stratified_coverage,11.641156302055471,13.264531938992524,10,9.562792244,8945359.09887,8945359.09887,1.00000000,0.99732814,0.99486125,width2_d1_m8,1
6,150,1,122.35034990096428,8.891479589121037,0.6180389278429073,1.3387786168930886,-0.7822838159844585,0.41681554962739953,-0.4707786258461317,0.7783781599109221,-0.4761944623495998,-0.09641159481524375,0.20333669198412896,-0.06687183742718744,0.40326585489255257,0.3483531418048336,stratified_coverage,6.752474246052411,12.467247766221838,10,10.0654643279,2804691.56887,2804691.56887,1.00000000,0.98264389,0.96647440,width2_d1_m8,1
6,150,2,125.14746936107188,9.235273266742288,1.1687600283334598,-0.5262980426368173,0.4968688240791239,1.1580949373136724,-0.516766490666602,0.5281908996134976,-0.729586406612476,-0.41929498263385556,-0.5469289904914153,0.06625661844530284,0.22006463714565877,-0.08917816735682776,global_random,6.535557933494229,12.77236434971525,10,9.82853533506,4981919.52065,4981919.52065,1.00000000,0.98244806,0.96684075,width2_d1_m8,1
6,150,3,127.04364823757035,10.069190000955473,-1.7547360163693115,0.5139563608583595,0.07420225266188663,0.9336446332693822,-0.5711722474103714,-1.0873584112983377,0.5477122300075778,-0.6911305501203624,0.1392360595372314,0.1084178397676443,-0.04415176367797713,0.39852061391561305,stratified_coverage,7.480021500716134,13.283609353676216,8,9.71270344017,5039900.22887,5039900.22887,1.00000000,0.98132223,0.96290951,apodized_d3_m10,1
6,150,4,129.3369369374878,11.264257767303597,-0.06329106589118894,-1.7317903010820421,1.5992791049777233,0.03703157767968812,0.5180856048732005,0.3988316906353384,-0.3963014477680055,-0.09452412999797344,-0.07401094117879131,0.4454021752477335,-0.034690068855814216,0.28350533576020537,stratified_coverage,7.616147990662576,13.249667712803666,8,9.51519031131,5663868.84906,5663868.84906,1.00000000,0.97824107,0.95821591,width2_d1_m8,1
6,150,5,123.7492472471897,13.269764746365137,-0.7616726932369517,0.49936663439940476,0.48020169542736635,-0.3471930627650863,-0.18286916880261855,0.11305203538320896,0.19456923732194087,-0.07224409617003444,-0.13663188399927095,-0.13865195874608555,0.027728849307848497,-0.07287540967239517,stratified_coverage,12.37159896106801,15.155405023392586,5,8.3856112505,96659.4038878,96659.4038878,1.00000000,0.99684837,0.97356750,width2_d1_m8,1
6,150,6,122.05118076454151,9.17688002194486,-0.3401807091628781,-1.5588820245277133,-1.5767204387715907,0.38517303780862977,-0.2347466482020013,0.8194847844462507,-0.003570512437555906,-0.6010410560825307,-0.1679203928600716,0.49626960738339343,-0.019332192123641956,-0.3631250854928465,global_random,6.827904641457685,12.945460856447445,10,10.0953418001,1914441.24987,1914441.24987,1.00000000,0.97579603,0.95253357,width2_d1_m8,1
6,151,1,129.2674987208608,8.049608867816644,-0.4344143409627996,-0.9513870352064102,0.06856579368845844,0.10282737086827345,-0.13306764309283525,-0.006965550602493802,0.18246822876620908,0.3518694370126103,0.031000933362159585,0.18185590358441375,0.24126040833924198,-0.25641357464873393,highQ_anchor,6.709425150294752,9.573047199752759,8,9.53338449499,11940109.3218,11940109.3218,1.00000000,0.99369627,0.98700319,width2_d1_m8,1
6,151,2,128.19217492709618,8.0,-0.0040842876568250586,-0.7089186202256188,0.19253709612251071,-0.07569004666792162,0.10456660885407368,-0.26734266276714347,0.2655025968579847,-0.3267434713785939,-0.15583482365903484,-0.12545823860385982,-0.11226641073881775,0.20018606668422778,highQ_anchor,6.890376762497773,9.248138256169605,8,9.61488634071,19146530.7295,19146530.7295,1.00000000,0.99621480,0.99187494,apodized_d3_m10,1
6,151,3,129.18290540170227,10.758670066665765,-0.6269216945395959,-0.6332906429139125,-1.329932963362585,0.403717050756889,0.3635559190621138,0.619493783780422,-0.14674513322657923,-0.10764794921035126,0.3770179086449762,-0.10508460033551686,-0.06948090465508638,0.11345476133121662,global_random,8.791039046412727,13.478724610878253,8,9.5285830364,12052756.5983,12052756.5983,1.00000000,0.99176034,0.98428835,width2_d1_m8,1
6,151,4,124.73382360090262,12.75953500883082,0.36411350877185455,0.09068711303960963,0.1389608323887671,-0.24403801953257043,-0.3088625523514408,0.18276700834746518,0.1472674722571372,0.12194800579284654,0.004151635540069087,-0.11673567442814678,-0.04664701418883527,0.06709374993989128,stratified_coverage,11.454402019725018,13.262945138812103,10,9.88089972171,5166038.33222,5166038.33222,1.00000000,0.99516193,0.99020382,width2_d1_m8,1
6,151,5,126.96067282139268,8.987418826239118,1.7915499288976924,0.5216133764455013,0.23408239035523004,1.4422827615457885,0.4641382508377354,0.907416541584896,-0.5604155722127898,-0.4628642042391013,-0.25465517756892736,-0.18997620441092194,0.22839654460031894,0.3198614271073171,stratified_coverage,6.814756899594086,12.991284569099838,10,9.68781825642,4728336.44359,4728336.44359,1.00000000,0.97824928,0.95840357,width2_d1_m8,1
6,151,6,126.56297533308829,10.651731456167138,-0.43361475075069267,0.9919167946982212,1.6239800207322166,-0.6490083835390481,0.9145804598325986,-0.6845399994164458,-0.2898042830695303,0.2875463638200244,0.14255043165812664,-0.0692122710609398,-0.25765346128931277,0.3682651364615435,global_random,7.1718171370716135,13.279214294422104,8,9.73191841566,3417687.0934,3417687.0934,1.00000000,0.97768205,0.95676262,width2_d1_m8,1
6,152,1,127.47159747430685,9.8356410550723,0.40515714524270763,-0.3688269313719432,1.290891364661827,0.30869709898854425,0.8233984882299983,-0.37209140472257674,-0.3125597262579854,-0.31587379145218347,0.26542173176976824,0.2299498518791887,0.39392391466822635,0.2693562353741901,global_random,7.348042319347499,12.708516162430934,8,9.65491588887,3611792.60347,3611792.60347,1.00000000,0.98583920,0.97308740,width2_d1_m8,1
6,152,2,125.51615336428941,11.18410486939799,-0.17702345250522233,1.3806330520762535,-0.6599004605360823,-0.9843952896189906,-0.9793640289392695,-0.3657900079686175,-0.48379225023345235,-0.10368493206188134,0.5334041160775356,-0.5458576291102273,-0.36869927087704435,-0.41685848364788425,stratified_coverage,7.535890621145018,13.482735074111998,10,9.82787767172,1867294.18966,1867294.18966,1.00000000,0.97386840,0.94944412,width2_d1_m8,1
6,152,3,126.56365419331247,12.468661569035373,0.4889673267164467,-0.7664516891405386,0.09714805362179102,-0.17215203288979747,0.08347273320072379,0.3188224191568465,0.12854179081052297,0.14178845538477775,-0.14982340400597055,0.10291004513342461,0.07391776707788095,0.055316882528240796,stratified_coverage,11.278917973306541,13.54109555908357,10,9.73561537006,11473127.6991,11473127.6991,1.00000000,0.99689437,0.99383991,width2_d1_m8,1
6,152,4,125.61185518208183,10.40563054468343,0.9562128326231449,0.6711018234819615,0.43281739617865633,-0.6232949823104548,0.39356332679565775,0.4052280024030046,-0.1963231646082807,0.361076759985524,-0.2696643495662933,0.2831743181207558,0.10668822918095372,0.022578509216248988,global_random,8.442418099127257,12.625745974168002,8,9.8005129636,11864322.7653,11864322.7653,1.00000000,0.99277779,0.98624785,width2_d1_m8,1
6,152,5,123.86895153025421,9.986863393938409,-0.25886716157307643,-0.3385219685423413,0.8686201539170166,1.7113989492193726,-0.1093778322948672,0.44382333490562487,0.16218670314090766,-0.5107648345520333,-0.23155652964716805,-0.11788915331731037,-0.31000301790484175,-0.07524796580905008,stratified_coverage,7.1670230371023695,12.027935695896945,6,8.917904942,103184.403125,103184.403125,1.00000000,0.99878450,0.98039052,width2_d1_m8,1
6,152,6,128.7617373756194,10.15193661668552,0.059300792069314046,-2.0411855867857764,-0.6031885517501647,0.29534005087006476,1.0183017462454145,-0.6433424896277047,-0.1500140054478608,0.13052315945056758,0.24754918649075597,-0.2426566992947281,-0.12555664418048246,0.059969429027550925,global_random,7.1626247700255306,13.126097537071638,8,9.56254080074,6350430.16086,6350430.16086,1.00000000,0.98234739,0.96538322,width2_d1_m8,1
6,153,1,127.01760691581347,11.254054579943244,0.23465642581071977,0.32129428374841584,0.6394159967475865,-1.3764961903802009,0.129666463479859,0.46325883880778496,0.18548245619465664,0.7829616536498083,-0.2392091490086234,-0.25232534517813776,-0.28836445394207566,0.31722908826101565,stratified_coverage,8.040872375144861,13.317152907421614,7,8.48508008114,98994.6112082,98994.6112082,1.00000000,0.99835980,0.97038476,width2_d1_m8,1
6,153,2,129.95870889762378,12.725076267509351,-0.0900045074389133,-0.393352243491376,0.1208741247419185,0.6203505134807173,0.11071002302847216,-0.21609583997929432,-0.18195548014719512,-0.15270818040440176,0.1579655759035633,0.014161504085786786,0.03280879234074546,-0.10859421488485317,stratified_coverage,11.839683634271909,14.330560179687845,10,9.47696698232,8315486.81545,8315486.81545,1.00000000,0.99682095,0.99424017,width2_d1_m8,1
6,153,3,123.5478502687019,8.581160852895268,-0.3310976393971192,1.087203362700659,0.15408060111684496,0.9986378697213742,0.13117433191164674,-0.40429193048716705,0.1931629327640867,-0.11890198082544834,0.42264592700938197,0.009318393218831766,0.22137190728925898,0.2372744646061979,stratified_coverage,6.512211680217253,10.996171422898442,10,9.97632606216,9567262.48484,9567262.48484,1.00000000,0.98781588,0.97535897,width2_d1_m8,1
6,153,4,125.61864999244209,9.833914667551284,-0.584311566302097,0.2643851349563313,-1.6676908340463577,-0.5507825330346967,-0.1294444276341722,-0.13979985641300519,0.4422756121030904,0.40341714318623945,0.0681025758481737,-0.37031110595967853,0.13004105210048672,0.22605125844613866,stratified_coverage,7.730356699388168,12.21907628851821,8,9.8180747879,7150854.24235,7150854.24235,1.00000000,0.98738190,0.97424608,apodized_d3_m10,1
6,153,5,126.55909846243526,10.300801000600021,2.1713749398042532,1.0786378247463033,-0.019137385518694927,-0.16076333942768595,-0.08717443571305528,-0.9126198915932102,0.26031307050423447,0.30637831318801156,0.43152073533989455,0.24747553815679146,-0.26890112342187034,0.14131316397860832,stratified_coverage,7.241643370389988,13.32957075734471,8,9.73514345872,4230389.99619,4230389.99619,1.00000000,0.97794556,0.95637161,width2_d1_m8,1
6,153,6,128.58513855615467,11.111103411438709,0.39628179258096274,0.1446416656869558,-1.7195191063770963,0.4461089433874317,1.007305205531249,-0.5286017921764734,-0.2971342450980651,0.22878094066657573,0.5461138621335644,-0.15841861645351252,-0.02424021863606346,0.19539013796870247,stratified_coverage,6.772471804079049,13.176438177360392,8,9.57169843122,4835193.90043,4835193.90043,1.00000000,0.97817511,0.95819550,width2_d1_m8,1
6,154,1,122.3247316436345,12.789931668590322,0.28477589673530757,0.129587660106542,0.034913509773417006,0.3600883985446913,0.2986253567629409,-0.04046449722357215,0.03976150336136641,0.05305352574783456,0.08133313239709605,0.019076261270578987,0.14867020533342482,0.019149187323488,stratified_coverage,12.071384107998613,13.736625435694346,5,8.61094851386,98316.6935383,98316.6935383,1.00000000,0.99945728,0.97822724,width2_d1_m8,1
6,154,3,127.50300188551888,9.366552823246776,1.760351984682882,-1.5664590061160508,0.8456296612933614,-0.43819961708481636,0.9620058194294638,-0.6117992615837535,-0.27134506008410875,-0.04967167659203986,-0.3138956193343567,0.5496208182030264,0.10810438504539327,0.18783912377890793,stratified_coverage,6.745347023219411,13.259660507441001,10,9.65747847799,6127327.67738,6127327.67738,1.00000000,0.97823892,0.95767833,width2_d1_m8,1
6,154,4,128.9379255053583,10.81998458715834,0.39891674849104275,1.7197334786907645,0.6759955263113337,-1.2485586888801339,-0.28705276453455564,-0.2448808321596877,-0.6103878190637673,0.5105257716834748,-0.07264114986541848,0.19601079113080933,-0.10554463527185293,-0.14911337419586462,stratified_coverage,6.592758923027155,13.075626857294871,8,9.53786618578,6830938.90486,6830938.90486,1.00000000,0.97725481,0.95659050,width2_d1_m8,1
6,154,5,122.74045418460898,11.640060339091454,1.0688939976837681,-0.4423251467289604,-0.39795022663368407,0.865708253112434,0.6439466809961354,-0.15433338366377847,0.2888457597863314,0.09303307906619696,-0.4656685511211558,-0.2321297871337571,-0.2615741026222098,-0.12460805779503353,stratified_coverage,8.90620344472823,13.438685783297002,10,10.0544747059,3557137.50436,3557137.50436,1.00000000,0.98687484,0.97340228,width2_d1_m8,1
6,154,6,127.02900164028816,10.213014594848488,-0.16997143361491052,-1.2172815531754635,1.0799060288597409,0.21420310794953568,-0.339255928969145,0.6023356441411907,-0.718186881366322,0.12221047465875734,-0.2364181749433124,0.5448549433506102,0.010480466401445954,-0.3127574493556926,global_random,6.94478183902326,12.034426689154264,8,9.68038977072,4198846.66744,4198846.66744,1.00000000,0.98189522,0.96610862,width2_d1_m8,1
6,155,1,126.58077169911094,8.96749897025489,-1.6733738414371058,0.7700640556528922,0.44322677876088634,-1.118903080904968,-0.7325606649740596,0.15476006086094052,-0.3866871483988414,-0.03947663066113716,0.013298085908994728,0.3019443961982955,-0.013540936516501345,0.030937821764141393,stratified_coverage,6.607299780629193,12.651649008149437,10,9.71048042809,11125187.4113,11125187.4113,1.00000000,0.98356573,0.96875202,width2_d1_m8,1
6,155,2,128.7728590910759,9.746752306196752,-1.6118357615774395,-0.23882171414904252,0.1600528946839519,0.23673962995136333,0.2827416968374472,0.6264936748602732,-0.01501377835079476,-0.30480607562945256,0.2377489382892376,-0.26859512807173613,-0.33210208707496974,-0.16826083525625374,stratified_coverage,7.33220045374444,12.204701642466576,10,9.57188379859,1254745.61224,1254745.61224,1.00000000,0.97911199,0.95817607,width2_d1_m8,1
6,155,3,123.071824603051,10.144113418371749,-0.6639450133331937,1.3181241659162022,1.2051559966089525,1.5510386121209978,-0.8234498052151934,-0.6853308726875639,-0.18455913298831916,-0.1308790728009035,0.4251438537208485,0.24810916296753704,-0.1770375295301071,-0.1761390791337457,stratified_coverage,6.62659139967551,13.094128046664656,10,10.0054622749,4196082.80143,4196082.80143,1.00000000,0.97413410,0.94973636,width2_d1_m8,1
6,155,4,124.83214891064759,11.172352716696247,-1.0580507844282119,-1.5037369369348472,-0.8934327072700686,-0.19980943844091192,-0.12096858904313901,-0.3692180588378041,0.007941873425175161,0.49500581478779804,-0.41166466123272377,0.4274304826380193,0.025122331296796918,0.1105026810377458,stratified_coverage,8.633869894628894,13.36169327363251,10,9.87314250824,8466074.79677,8466074.79677,1.00000000,0.98694901,0.97425338,width2_d1_m8,1
6,155,5,126.55096487021592,12.73680105217297,0.32070555007370993,0.5377872449288164,0.4074732417990673,0.4846509818352768,-0.2802182464479205,-0.18798362843987956,0.09471341879318013,0.27887822655596856,0.04160246045604543,0.039784884863328096,0.12631327449964666,0.1496596733701708,stratified_coverage,11.507300362554837,13.944551600302548,10,9.74075580799,3178338.77139,3178338.77139,1.00000000,0.99096456,0.98186465,width2_d1_m8,1
6,155,6,128.23172736562228,8.720570862718446,-0.3248859301686673,-0.46911181869031204,0.41933172568297095,-0.3397002726429659,-0.9264629379987737,0.3823882225719395,-0.4690319193685724,-0.6310246829190747,-0.23129348795923277,-0.3408988237793515,-0.3107203346540182,-0.14497395174843747,stratified_coverage,6.508068166560263,10.645324953403902,8,9.58902303402,5531994.01443,5531994.01443,1.00000000,0.98699925,0.97571252,width2_d1_m8,1
6,156,1,122.65645874393788,9.515602137517451,0.7127241918175549,-1.3724598682310372,-1.4528161977231149,-0.9334351783589361,0.2590471087242816,0.5711086851677905,-0.5665649022057855,0.607347774963723,-0.4414705881224516,-0.31091698618089325,0.10160062071771508,-0.0686534729725164,stratified_coverage,6.922088648441193,12.94902403988746,9,10.0204132495,752040.382941,752040.382941,1.00000000,0.96480974,0.93229454,width2_d1_m8,1
6,156,2,124.52647503138819,10.537983621730522,-0.18762796877039767,-1.2015002630610723,0.5194511309509979,0.07771806852696517,-0.6164346326260193,-1.0648937621990417,-0.09390728763380984,-0.3943804670382367,0.48264528236755555,0.26370855605218235,-0.2931961342672839,0.029293683667200532,stratified_coverage,7.572941848252889,13.024850980785539,9,9.90164891867,5253304.46112,5253304.46112,1.00000000,0.98725198,0.97468954,width2_d1_m8,1
6,156,3,127.92645913825521,11.519704938100396,-1.0017776305564945,-0.0019313326890060267,-0.22412598557714736,-0.22455801188842006,0.2212441319986953,-0.6790403649946724,0.39847343265823487,-0.2900846338058767,-0.5280670383941445,0.0048360538408877,0.30761084363538443,-0.26678987399684795,stratified_coverage,9.24155524621301,13.454145773237284,7,8.36761660903,97547.0444094,97547.0444094,1.00000000,0.99807893,0.97930208,width2_d1_m8,1
6,156,4,128.0837318695264,12.341334574923662,-0.411373746546672,-0.04238179104173834,-0.5342176659629688,0.5426396890431991,-0.2045880171037615,-0.0888005141920058,-0.27202014206174824,0.09426690154681389,0.1747734386498408,0.0010772510820980519,-0.03110253682404332,-0.03355229648777028,stratified_coverage,10.979247511676283,13.597013640048507,10,9.6112108829,14300235.4657,14300235.4657,1.00000000,0.99749455,0.99586977,width2_d1_m8,1
6,156,5,122.44530065373547,8.654468740768227,0.10079693877368046,-1.037186308580485,-0.8523198384791172,0.7369823842383914,0.6099857049711725,1.0402557271231165,0.5645066722413861,-0.6150521111153101,-0.4129939808747151,0.4535574320297888,-0.058816456121345395,0.18100426541454057,stratified_coverage,6.660098356838812,13.188510430974807,10,10.0814605043,8727984.85873,8727984.85873,1.00000000,0.98718900,0.97543819,apodized_d3_m10,1
6,156,6,129.2182873995557,9.915141068147971,-1.4765308323232975,-0.5294701829816928,0.0994284354362398,-0.878634878556798,0.22019581935899946,-0.10776975767900132,-0.23689381613676364,-0.5441001662051465,-0.11368031744966628,0.06661878635206042,0.1775712128720704,0.1980026027855631,global_random,7.136477341088728,12.002489853218393,5,8.58030553649,101888.454589,101888.454589,1.00000000,0.98204780,0.92489810,width2_d1_m8,1
6,157,1,128.18792478293753,10.820719033154695,0.8451446378464134,-0.3937281844314424,-1.631117040196524,0.5414370937761184,-0.3572495031795587,0.7991994685157777,-0.7815181371138119,-0.21412942075238117,-0.42365424775436383,0.18983161468957577,0.3914808783687825,0.14237911514745633,global_random,8.0666879867698,13.439298790324337,8,9.60117068438,3513947.59923,3513947.59923,1.00000000,0.98174323,0.96562614,width2_d1_m8,1
6,157,2,129.6453420962391,11.0414562409757,-1.1620866772373375,-0.9129470248425227,0.5381539846427772,-0.7746133468591581,-0.18686038159523688,0.076527166656424,0.13150137670646322,0.674458752998375,0.003006611296822004,0.48214836327046995,-0.44684071780810125,0.4300858875068994,stratified_coverage,7.293086195178133,13.203827459727687,8,9.52724439098,2229127.59531,2229127.59531,1.00000000,0.97945841,0.95885608,width2_d1_m8,1
6,157,3,122.20436830171012,12.55469886985241,-0.6871135288300061,-0.24353494510130913,0.2338536244493794,0.16252170687264478,-0.11578768708141501,0.3457880361181712,0.12719322882922524,-0.17507431750087182,-0.09689913949994772,-0.043843519504170536,-0.072950057806491,-0.06124218054347165,stratified_coverage,11.74807550808697,13.883153119854457,10,10.0852534943,3480664.98624,3480664.98624,1.00000000,0.99219126,0.98428255,width2_d1_m8,1
6,157,4,124.7402735245118,8.834486701256633,0.0494804296750595,0.05613038596180209,-1.6549459996779758,-0.1377964161237173,-0.0985814658555435,0.25046192148973634,0.405627549657092,-0.21878566542941125,-0.23657859016082733,-0.10011624750909265,-0.06324729605423318,-0.27361222415780584,stratified_coverage,6.940335676913465,11.253248244164272,10,9.8810111456,11454092.3349,11454092.3349,1.00000000,0.98897810,0.97754967,width2_d1_m8,1
6,157,5,126.00801674707296,9.761007387438896,0.3646567374484735,-1.765203085250849,-0.05518504244030553,-0.2254222438607416,-0.5169213425080752,0.14833911670577637,0.5590491715668358,-0.6785168494774944,-0.15117398009342486,-0.40057809844054937,-0.2606896047117311,-0.06686972090978549,global_random,7.043787044151308,12.957463526454653,8,9.79186597011,1804169.5607,1804169.5607,1.00000000,0.97982221,0.96026301,apodized_d3_m10,1
6,157,6,129.37756708036719,10.033384642406187,0.8869223387179495,0.6206974369457754,1.6858212565922182,0.3730285654753953,0.019731344524413164,-0.9372130750034889,0.2934235842388715,0.6390914722237837,-0.5203836776826337,-0.40754622440452976,0.21876212815747603,-0.11097543748378069,stratified_coverage,7.2436336950947595,12.744560625369758,8,9.52653837025,724960.594667,724960.594667,1.00000000,0.96418894,0.92896124,width2_d1_m8,1
6,158,1,127.97502356677171,9.944296731712685,0.14717971602128177,-0.6684146226480616,0.9905913506153039,-1.2280297679810728,-0.312876188917105,-0.7952507460103152,-0.26417482152209826,0.3827981612976088,0.11903025617642549,0.4928000900658056,-0.41229579313063935,-0.15580257262170993,global_random,7.208938566931775,12.95937344657467,8,9.62846780508,1454198.99791,1454198.99791,1.00000000,0.97780229,0.95623983,width2_d1_m8,1
6,158,2,124.30284640401604,12.40015352910502,0.24897748275018317,-0.4402861947408319,0.37659115684079836,0.020791622798328357,0.1291443802404939,-0.029606146535142763,-0.21090864188962408,0.1295113103885812,0.17259584025255037,0.08835577408554585,-0.05132111315515178,-0.12731994244130812,stratified_coverage,11.483517498327418,13.239332331751392,10,9.90873624266,4842861.00134,4842861.00134,1.00000000,0.99457410,0.98979759,width2_d1_m8,1
6,158,5,122.32535609621408,10.789275963743219,1.0070679878075808,0.44392762123113627,-1.7563368477018024,0.32123848390902965,0.2575049149840152,0.8629964853644156,0.010196116491090423,0.28704496521475065,0.3295123860233006,-0.31435176495539263,0.33281099608555015,-0.1351505173560174,stratified_coverage,7.763715937525281,13.28357974736269,10,10.0782228974,3647693.80559,3647693.80559,1.00000000,0.97985810,0.96034561,width2_d1_m8,1
6,158,6,124.98546231929498,11.361539614230141,-0.26773752185583377,-1.7712331324655475,0.7583522815410453,-0.6554316128118265,0.37066018548932655,0.21893360073634827,0.32282204694567085,0.00017972207340921642,-0.4135490035875654,0.2993653311600223,-0.3269717680223664,0.19758594157575365,stratified_coverage,7.414636843505282,13.300784762622726,10,9.87772203757,3237947.2697,3237947.2697,1.00000000,0.98000100,0.95967087,width2_d1_m8,1
6,159,1,122.23439089752313,8.720137170176166,-0.745764051040301,0.9032769295786784,-1.6850235143439212,0.2709950388014659,0.5546128574540674,-0.6586427443694622,0.12736972580145522,0.36847599184669777,-0.49858536990410496,0.24819681809619054,0.3676072076783295,-0.2459816717602177,global_random,6.623736484239699,13.141941190808817,10,10.08410688,3909617.5383,3909617.5383,1.00000000,0.98152494,0.96336265,width2_d1_m8,1
6,159,2,129.17885983574183,8.525746817619535,-0.9765233680092147,1.646738465418788,-0.41751181224411016,-0.4159727300845817,-0.03680470512782552,-0.6396906170562139,0.13019285773463163,-0.2639097751637417,0.2874063166962103,0.39366798961842886,-0.31193421483579675,0.24634120401598786,stratified_coverage,6.571213804508639,12.140555989963909,8,9.53395772741,8117337.29413,8117337.29413,1.00000000,0.98413241,0.96864792,width2_d1_m8,1
6,159,3,122.46457797064626,9.867091476684967,0.9878301175332203,-0.061506777620131015,0.5797208487732404,1.0009283519583796,-1.0718145545141693,0.11330611512978273,-0.05458213504702625,0.663510524496328,-0.43383897505985447,0.4025027295319803,0.20386938517481484,-0.032269218076216466,stratified_coverage,6.859691595646588,12.960742719134643,9,10.0688708222,6308874.48647,6308874.48647,1.00000000,0.98632095,0.97268982,width2_d1_m8,1
6,159,4,125.67192433845537,10.089629534925793,0.3082513512097349,0.6108909094579333,0.14213241618461336,0.9461793932189855,-0.6622239404803105,0.3254586486106914,-0.29678687790282143,0.6581728219291214,0.27011905898581146,-0.20796785746377544,-0.28605151455507616,0.41787874559173316,stratified_coverage,8.28157311417321,12.550022643681935,8,9.80523574013,3824411.44652,3824411.44652,1.00000000,0.98863601,0.97806739,width2_d1_m8,1
6,159,5,127.98159664487707,8.023727334346596,0.3192482448601085,0.39062629517130265,-0.5102196063502057,0.5280041979790564,-0.13987456051997504,0.11431120988379737,0.38849683893099435,-0.11322950355832306,0.26233647516813596,-0.14069956359733682,0.00745209330703155,-0.038648358765644056,highQ_anchor,6.717035574874724,9.726219944909722,8,9.63446263907,30622696.5025,30622696.5025,1.00000000,0.99613745,0.99272562,apodized_d3_m10,1
6,159,6,122.22791485501715,8.682368213524956,0.9249711601638237,0.6284629547927669,0.23721833954284555,0.5769251289195811,-0.16402065145497247,-0.740107770597517,0.4887412447474466,-0.23595209681472973,0.5091503860122077,-0.029122666991400648,-0.05666195988510797,0.4361087263827868,global_random,7.247130431709088,11.62024162444209,10,10.0964284862,5675230.31409,5675230.31409,1.00000000,0.98890093,0.97807569,apodized_d3_m10,1
6,160,1,123.96642331141355,8.912608970748542,-0.5292520282764184,-0.9590735483193817,-0.8358080711717768,-0.03522635093338966,0.5694701419124581,-0.33151933447123816,-0.6588159030749536,-0.19644419371357225,0.5307460302597415,0.38648470957437087,-0.23002233116804383,-0.11344675812673322,stratified_coverage,6.588961138829598,12.013236355058492,10,9.92157389701,4350503.8693,4350503.8693,1.00000000,0.98614203,0.97424200,width2_d1_m8,1
6,160,2,124.27542730100836,9.431695276313103,-0.430641884796225,-1.7857360866412622,-0.746882401815399,1.4369834366715468,0.05944928263433824,-0.08524014292360649,0.26954149372172065,0.0971952769274782,0.3455774601804642,-0.4135025157281432,0.2618776334925709,-0.29614878603649997,stratified_coverage,6.751879264325218,12.547618971666802,10,9.93340354024,1170898.5187,1170898.5187,1.00000000,0.97121964,0.94243303,apodized_d3_m10,1
6,160,3,126.27234806491266,10.58077542812655,-0.7660318516740319,0.6103774245001738,-0.014373565413681622,-0.5050103807895199,-1.0693761106544935,-0.06570928783301766,-0.5676648509997616,-0.11890453855608263,-0.5158727985572444,-0.1964113341876929,0.44991633452280116,0.442994092506046,stratified_coverage,8.08660789180652,12.847156264741264,9,9.7592804164,2312745.27666,2312745.27666,1.00000000,0.98231181,0.96637140,width2_d1_m8,1
6,160,4,129.3824252184371,11.010783259334366,-1.0739860501580354,1.4504167426379553,-0.28260217702003954,0.17629625989735676,-0.3963596789847409,0.2620521326081926,-0.5399786295104583,0.535257506127732,-0.06798487813021947,0.42372144922396393,-0.3981328514196858,0.4483725993526359,stratified_coverage,7.144646053228387,13.277558907275617,8,9.52166387124,2152291.61029,2152291.61029,1.00000000,0.97665639,0.95525566,width2_d1_m8,1
6,160,6,125.88435066302364,8.752179840654508,-0.6596203885193279,-0.483080134706122,0.7052569386162506,0.373099772534488,-0.5369309104861182,-0.866356855260696,-0.11114671853417624,0.322853852540963,-0.4663408627195905,-0.14591881500615073,0.3113401042061817,-0.2947041197065692,stratified_coverage,6.858621536189131,11.614372292974117,10,9.7831814046,4905865.88002,4905865.88002,1.00000000,0.98846763,0.97758996,width2_d1_m8,1
6,161,1,125.64491885801624,10.895579727685226,0.18241800444373757,0.4454415032215362,-0.03702107756500905,-1.0295645888081877,0.268428894559835,-0.37186994208505464,-0.24343282936318456,-0.7577110716141503,0.2709252864661962,-0.036401044745948186,0.4306217982865698,0.009202510236166028,global_random,8.776338412307766,12.522533439969648,9,9.81021586652,3402211.04507,3402211.04507,1.00000000,0.98832654,0.97735506,width2_d1_m8,1
6,161,2,129.73956946094998,10.156404747325148,0.17780602159186953,1.0829487778480344,-0.4893116382971425,-0.8352089842658604,-0.46561146886272065,0.9547635069530127,-0.1902347161126613,-0.6946258330098612,0.5070331214457477,0.3731233956887824,0.16769206303513956,-0.26512972374052624,stratified_coverage,6.78357603870081,13.159481917878953,8,9.4975770171,4767404.13595,4767404.13595,1.00000000,0.98410444,0.96883650,width2_d1_m8,1
6,161,3,123.71924913535702,11.894186468250528,-1.3063981197397068,-0.4170016787249744,-1.2864393697590937,0.6217320867620113,-1.071689829629746,-0.15375068497615496,0.05493541878726238,0.19200877268739913,-0.3147184283245318,0.34814572970083446,0.02601861724830057,0.10611664065903109,stratified_coverage,7.752575210757961,13.48656186783438,10,9.95577605167,7356462.0268,7356462.0268,1.00000000,0.98202308,0.96497124,width2_d1_m8,1
6,161,4,125.10656498582117,12.477687037099498,0.3976010782736925,-0.5745609378581469,0.12973015555583922,0.45572823718718813,0.3664916762575574,0.12538361256587083,-0.2297435000033809,0.2538035718873411,-0.14669730849759713,0.02890554335375689,0.14743438747824086,-0.03567377437509872,stratified_coverage,11.174710071692473,13.631179509767723,10,9.84527095529,4691147.82975,4691147.82975,1.00000000,0.99349771,0.98769433,width2_d1_m8,1
6,161,5,126.55091591684622,8.578858957152478,1.4780548514912661,0.5769077573020787,-0.035832152557006,-0.3318447551706669,-0.2794436438420791,-0.568078454029018,-0.21455576767706075,-0.7626525171993571,0.16937420041545437,-0.43939452232235326,-0.08367956477844207,-0.1825671589933041,stratified_coverage,6.77025322179304,11.644555707936787,8,9.72529978679,9174284.66148,9174284.66148,1.00000000,0.98715082,0.97514966,width2_d1_m8,1
6,161,6,128.39098467108502,9.86449344126539,0.1545276836822791,1.23230451479614,-0.7844187833802891,-1.6803624393514924,-0.8850007705821874,-0.7217885659658649,-0.6054922735785176,0.25049806527552376,-0.19414553693288272,0.3770096474867073,0.41847692207427284,-0.0627443298552568,stratified_coverage,6.736843361591226,13.201446137107434,6,8.63366952803,101886.362314,101886.362314,1.00000000,0.97408471,0.91483582,width2_d1_m8,1
6,162,1,125.86757471597068,10.51809273441981,0.7834154281813044,-0.9897656624603397,-0.3766100907730279,0.6168519549553333,-1.0059131762128128,-0.518613297359666,0.045939206079461004,0.018357268973987706,-0.06971013990937791,-0.11271210958318989,0.15026791124729094,-0.05173217844276656,global_random,7.458285470029032,12.437700963543834,8,9.7922454792,12915026.9571,12915026.9571,1.00000000,0.98948935,0.97882790,width2_d1_m8,1
6,162,2,125.18101824193367,11.354854288804038,1.3858079619705137,0.6472338534902744,-0.0861016322568573,-0.6982860810973024,-0.19693626411613097,0.25488294824508695,-0.5566645631547245,0.7275603685025522,0.43541730454541483,0.00584620400263558,-0.18568989655084112,-0.29711939570221224,stratified_coverage,8.237485860399618,13.361331207643714,10,9.83786070037,3371436.16329,3371436.16329,1.00000000,0.98360580,0.96880013,width2_d1_m8,1
6,162,3,126.0092848819588,12.273491494220673,-0.601258226416584,0.49290188414548086,-0.5213781407992917,-0.3555799367777665,-0.34038797754408745,-0.16914697061339531,-0.054345102593343575,0.17931335610682475,-0.07353821790400832,0.06658138689635984,-0.037021082751397136,-0.10998581116729686,stratified_coverage,10.639886190034979,13.748649260005738,10,9.77346583434,10645272.993,10645272.993,1.00000000,0.99627716,0.99303434,width2_d1_m8,1
6,162,4,126.96716077230398,8.908289964145848,-0.07009713709684728,0.5575618495451944,0.5144994890558408,-0.6135998800529807,0.38222076486577405,-0.809802580133042,0.5910283930515774,-0.7974923143097377,-0.41221492408064125,-0.4257354243610644,0.09780334828328024,-0.12039359830578805,global_random,6.586697601736696,11.77805149565997,10,9.72373471656,8260751.72226,8260751.72226,1.00000000,0.98817246,0.97778048,apodized_d3_m10,1
6,162,5,123.20489167996033,9.081203899818004,-0.9218548124975632,1.4609185540984053,-0.5793750233636967,0.2896824871291701,0.16038895088133565,0.015208470962049248,-0.27632025707560615,-0.3350159906997496,0.075704406045217,0.3161908752633027,0.3808873117308817,-0.07336684750881894,stratified_coverage,6.814480787705502,11.050749813530418,10,9.991810362,3111147.18081,3111147.18081,1.00000000,0.98298382,0.96694757,width2_d1_m8,1
6,162,6,124.52519479819193,10.030334029384587,0.0777622063562764,0.5236987535595503,-0.35095456575072337,-0.09961435066360003,-0.6543224976798252,0.9939810719713718,0.7332362447197702,-0.33617295069929054,0.18562996902743556,-0.3230285581168083,-0.17685192485770612,0.12465948559818035,stratified_coverage,7.382337324554712,12.100386493404857,9,9.91862182832,8532265.03038,8532265.03038,1.00000000,0.99124982,0.98496856,apodized_d3_m10,1
6,163,1,126.19701786667326,11.128731413795734,0.8913013343286758,0.8458052063364532,-0.07166702511744072,-0.43526654475398563,0.24905672341398244,-0.5080268692077853,0.785510503315848,-0.30056240665871636,-0.4418883954866683,-0.4453818079216153,0.3619136599662383,0.21514740130658255,stratified_coverage,8.249890112460259,13.260315230458984,10,9.79678973465,3636719.42322,3636719.42322,1.00000000,0.98684808,0.97573716,apodized_d3_m10,1
6,163,2,129.5827354060785,8.009048447037609,-0.18086128336390966,-0.009841541835276458,0.4104592399892385,0.20913658590775117,-0.21161370724483916,0.3660579549320521,0.07995621304277539,0.06817395944426899,-0.11881206361004042,-0.11434673877457863,0.036564930852230726,0.20894681440939455,highQ_anchor,7.064752665432004,9.137497910703734,8,9.50192099868,18061099.346,18061099.346,1.00000000,0.99755971,0.99508103,width2_d1_m8,1
6,163,3,128.603902477029,9.065603205455176,-0.8384541908283039,0.4824986359037701,-0.40828862584372416,1.2001619348364838,0.2739559720370173,0.12070451277748923,0.054987344085242584,-0.20298533787489695,0.017615060608954246,0.13930695678998462,0.06895430634901523,-0.08454034839672898,highQ_anchor,6.559983045546739,10.979669462493343,10,9.57996370742,21421288.7515,21421288.7515,1.00000000,0.98978270,0.97937877,width2_d1_m8,1
6,163,4,125.17650266145924,9.307138601896233,-0.328525353131522,-0.06292848840646759,-0.5484152199459555,0.8660567251830582,0.3788070292180439,0.17052409239601407,0.46375017388743145,0.3417578902824583,-0.3120420168573175,-0.20855915060872887,0.4028985962652552,-0.08787918516674931,stratified_coverage,7.164093041668135,11.009146572007992,10,9.86275989116,4397861.64146,4397861.64146,1.00000000,0.98973435,0.98031261,apodized_d3_m10,1
6,163,5,126.71000514550857,10.333089906556138,-0.5414195963795421,0.2613589754393293,-1.4192469555264515,1.208851966978486,0.12859674557951029,0.4183635347974102,0.41353921661915094,-0.387587666747886,0.015690613451824875,0.22120825713005532,-0.18214070825241663,0.17369368894666198,stratified_coverage,7.7133861698858395,13.084770633905489,5,8.63847288876,101101.359996,101101.359996,1.00000000,0.99724420,0.97922366,width2_d1_m8,1
6,163,6,129.82035262253734,11.028793225802602,-0.05835240865257685,1.5286324770115884,0.6378262877483605,-0.09971050095091294,-0.5414528371764954,-0.13989009693781795,-0.6487796286503683,0.39223008504015144,0.019364094792282294,0.18081889670721396,-0.4228744830020897,-0.03185075283112754,stratified_coverage,7.721913685772499,13.114977450960334,8,9.47887514331,3820380.21565,3820380.21565,1.00000000,0.98394697,0.96973389,width2_d1_m8,1
6,164,1,123.57110841402974,12.933409318728964,-0.5108614608983157,-0.393919022113085,-0.39590357394440645,-0.4278526223870861,-0.3658356918933695,0.17491200874333568,-0.03380932469506945,-0.14802225681977996,0.14687111888939086,-0.17145929857204886,-0.029088802331848074,0.0965837240003096,stratified_coverage,11.458680335233712,14.126521468080837,5,8.48935516584,97312.8136608,97312.8136608,1.00000000,0.99845686,0.97324081,width2_d1_m8,1
6,164,2,124.22012467106835,8.831356444660067,0.5975008153744588,-1.4474465299705934,-1.6092876029480863,-0.3325102108552602,0.296302592508493,-0.00563153694908225,0.3931253352671269,0.2797601152721678,-0.21965119316230952,0.4960092525726718,-0.2137179609980155,0.15965880217670497,stratified_coverage,6.657995822114256,12.008759345269965,10,9.92794951897,8675547.36594,8675547.36594,1.00000000,0.98180774,0.96332349,apodized_d3_m10,1
6,164,3,123.00443069453807,10.462792726555772,-0.025103024903472715,1.9235643166979317,0.04090838045877998,-0.3809017465579807,0.4371884070241958,0.5081019995525871,0.5535368915037859,0.6995002076607046,-0.1951219472098482,-0.449309101055309,-0.2754165674904577,0.35673872390307676,global_random,7.032798767193331,13.428264423437625,10,10.0498994216,3349837.13035,3349837.13035,1.00000000,0.98112741,0.96421360,apodized_d3_m10,1
6,164,4,129.82039228734973,10.261103865917667,1.7541055570409263,1.064632575853809,0.3558932767275149,0.4392541978643185,-0.0037855969257971633,0.1825600254740234,-0.4831820981728379,-0.21420953879406568,0.2196624160395736,-0.17996919378346515,-0.041115478962268526,0.3266234245682457,stratified_coverage,8.074693743851565,12.994409346911713,8,9.47415799164,3195564.67531,3195564.67531,1.00000000,0.98430639,0.97017396,width2_d1_m8,1
6,164,5,123.65785170551348,11.073611600495443,-0.24153876865954738,1.4277593722475488,0.4081766645932634,-0.07972351218763585,1.0944770560640338,-0.2080596287308758,-0.3986442108517393,-0.24293716265123633,-0.1764484727787506,-0.3913151257801479,-0.3306470878587259,-0.26025340679234404,stratified_coverage,7.659469938615993,13.477391983771268,10,9.96773818792,2927747.79449,2927747.79449,1.00000000,0.98247352,0.96603572,width2_d1_m8,1
6,164,6,124.14608994081674,13.467197132722621,-0.5056077418241718,-0.7260724062712182,0.327833142270872,-0.529229165846301,-0.08392059102835697,-0.24466991948971656,0.0750820898486399,0.10886236624034412,0.13489106107497084,-0.14199637672776463,0.07383499453319989,-0.14376290447676793,stratified_coverage,11.90686730483684,14.485445207123778,5,8.33743428223,95786.7682591,95786.7682591,1.00000000,0.99811798,0.97319651,width2_d1_m8,1
6,165,1,126.74128928754406,8.746552892755028,0.027829728062511272,-0.10317180199661147,-0.014803543776059191,-0.8739860819150186,-0.01754052382032434,-0.6849204517025314,0.5243207174910256,0.48983389789192344,0.278285978784347,-0.23603421115243878,0.17809687383968725,-0.0829579440006159,stratified_coverage,6.710762124596642,10.077278363160735,10,9.73786343903,13359761.4046,13359761.4046,1.00000000,0.99205667,0.98562376,apodized_d3_m10,1
6,165,2,129.18187162247426,9.647302131486141,0.9898719609091415,0.8500921723301342,-0.5655042050363357,0.08239828219427747,-0.6612205334625592,-0.7942087068865863,-0.18898234209241882,0.054685809595107826,-0.06635626841733655,-0.16852663146599056,0.07451167120624752,0.13788168115240523,stratified_coverage,7.7326970940037665,12.283784787705878,10,9.52776085596,4991273.5579,4991273.5579,1.00000000,0.98944042,0.97945881,width2_d1_m8,1
6,165,3,125.1767598488918,8.483459817035529,1.3969287325975146,0.6155380888915212,0.5848594600726076,1.0481971638231025,-0.07596095414869364,0.46128405613527157,-0.4238188813049698,0.15753392915353426,-0.2642904512398049,-0.13678881460694448,0.002129556864309934,-0.41519309105658386,global_random,7.021980799263888,12.626304782994021,10,9.83238757382,5769622.26567,5769622.26567,1.00000000,0.98760224,0.97632585,width2_d1_m8,1
6,165,4,124.4517503973623,11.005187110151883,-0.12412151508675784,-0.3790713525434446,0.9796185228748271,-0.586571803034557,-0.13004373264936953,0.7850343489287015,-0.4022351200503522,-0.07419518715874052,-0.5221023508155637,0.16799791698100697,-0.15838829990648373,0.031274770669768526,stratified_coverage,8.412942172720225,12.9946406453527,10,9.89096940031,6988398.18359,6988398.18359,1.00000000,0.99093447,0.98313959,width2_d1_m8,1
6,165,5,127.02912090360829,12.342400931708463,0.2113136036987634,-0.49591613321688394,0.17739930535348836,-0.5451351878209502,0.1195752899785979,0.009492980857282118,-0.2236579496463767,0.04448560735713697,-0.07250489790963709,-0.16750238559108965,0.08917073207952686,-0.07975936771064812,stratified_coverage,10.991988154401337,13.455489055653773,10,9.69296405788,9948489.16041,9948489.16041,1.00000000,0.99699224,0.99473545,width2_d1_m8,1
6,165,6,122.47567187218684,9.82210319362207,0.5024928836135145,0.9289532100512905,-0.5458421823810478,1.254989740200467,-0.09348865668535877,-0.41522264010371013,0.3610275388536399,-0.5919917240942127,-0.21115215381680785,0.2359726049626698,-0.21327126128100984,0.08970812236724451,global_random,7.652006992546695,13.007258924277062,10,10.0699658116,10693703.4221,10693703.4221,1.00000000,0.98973228,0.97906624,apodized_d3_m10,1
6,166,1,122.5567313799153,9.04887616923322,0.6016999605551572,-0.8021151002502438,0.3288071413095899,-1.2612481780195455,-0.46002269307435295,0.02320854250043758,-0.5876867435295005,-0.3001893440711756,0.23524913965692762,0.03964152340682159,-0.26499207511886763,-0.39042152772891814,stratified_coverage,7.551524387499759,11.837770317265432,10,10.0384954093,3194338.06322,3194338.06322,1.00000000,0.98571382,0.97304714,width2_d1_m8,1
6,166,2,124.94602317528803,10.287657140057235,-1.5393529225173754,1.25900409978019,-1.4313488002841563,0.5250592113122596,0.5262528922777729,-0.7342054220110183,-0.7264848824760075,-0.7043209015159242,0.49155634115212754,-0.11072706564598755,-0.39095885823717436,-0.3209964906879088,stratified_coverage,6.654987550603414,13.325158975524722,9,9.85090906417,1740732.8608,1740732.8608,1.00000000,0.96873843,0.94033909,width2_d1_m8,1
6,166,3,127.83328359222,8.993293640758885,-0.11306054722962194,0.029733336253629783,-0.10652493068312219,0.3475152524987507,-0.5577250945509624,-0.01642033328978698,0.5719316800575764,0.041837716529021324,0.031076069790458804,0.01949376165266276,-0.1036779074568068,0.34873834943167625,highQ_anchor,7.8793884739483895,10.330613261696833,10,9.65350392915,12147510.7347,12147510.7347,1.00000000,0.99621243,0.99368494,apodized_d3_m10,1
6,166,4,129.59092459238076,13.366710113388168,0.4623207458817611,-0.6171135183036643,-0.273166045639342,0.35927752764275256,0.007262319162124331,-0.11230404722365511,0.08183892773620721,0.13598308456348307,-0.12168689324280452,-0.18106494923821578,-0.003130662522588229,0.04460048860226126,stratified_coverage,11.731833593367716,14.436921231649588,10,9.50776780616,11920042.0626,11920042.0626,1.00000000,0.99732431,0.99480323,width2_d1_m8,1
6,166,5,122.20380879413624,8.933588690703935,-0.4653044097122825,-0.7169145308410299,0.5258315829381444,-0.9604208176752644,-0.1502683452184731,-0.4164878431386215,-0.019978469691772638,-0.3350657367528916,0.17003366094076056,0.02818841422428331,-0.031061347149386798,0.14269092144037004,stratified_coverage,6.601080691348834,10.650393413947217,10,10.0798202847,11590528.1759,11590528.1759,1.00000000,0.99104457,0.98211685,width2_d1_m8,1
6,166,6,128.77016587076847,11.244576817031227,-0.3265959120407256,-0.7618377356135668,0.3891766007817272,0.8204214048477037,-0.13256337602093105,0.6278598818525145,0.3842980665097011,0.19123756808804604,-0.4737909141768437,-0.04158584005812105,-0.02788828896865697,0.28663407980910266,global_random,9.813372472706778,13.293774515449357,8,9.5770793836,8372954.51338,8372954.51338,1.00000000,0.99315687,0.98581204,width2_d1_m8,1
6,167,1,128.63795170710222,10.7018094001627,-0.28188003182872134,1.1844183083613866,-0.28967943320097356,0.42644963723212137,-0.08181005625215998,0.5603416206293581,-0.5805922869074694,0.30730966747132804,0.1816947332003146,-0.07339795218923917,0.2709876626453414,-0.15474106024709616,global_random,8.420284576689387,12.966035050792016,8,9.56658921748,6010413.67681,6010413.67681,1.00000000,0.99127855,0.98392834,width2_d1_m8,1
6,167,2,126.83425376153792,9.744279644798851,-0.492500178623023,-1.3605680226976054,-0.9003131685068182,0.8838248728838674,0.8398457040759881,-0.6152517415821135,0.35318744278721614,0.3427415484247398,0.4121270722816379,-0.06981691790288974,-0.03563022622263351,0.33051935545260197,global_random,6.962995774385475,12.543440186606395,10,9.72950823008,1572213.8915,1572213.8915,1.00000000,0.97723308,0.95454099,apodized_d3_m10,1
6,167,3,122.49389483178557,11.341060732849005,0.296705588050064,0.7499735929509805,0.29671583529165146,0.9160297833164626,0.3025603813536082,0.23348346032170952,-0.3612194887730709,-0.615464119127943,0.2718092325077738,0.07563846036400212,-0.22921300075769704,0.07716391131022365,global_random,9.148043877046486,13.040078786596473,10,10.0551041019,4633573.51309,4633573.51309,1.00000000,0.99059444,0.98216669,width2_d1_m8,1
6,167,4,127.8487081793667,9.178790905585348,-2.0182051018462284,-1.678160858213123,0.030466129404826292,0.9981329664226564,0.13227532432119293,-0.17511048438489585,-0.3461078177367547,0.27233784749458634,-0.2413829460273027,-0.16796678032880297,-0.18576057139559377,0.14511464949284797,global_random,6.528822406621753,13.291554674225173,10,9.61901421943,8194298.85886,8194298.85886,1.00000000,0.97858893,0.95867231,width2_d1_m8,1
6,167,5,126.25201284247365,9.797979465078138,-0.9789546740245172,-0.922510354777593,1.0981393608405938,0.7945915416253471,-0.5918870534850236,0.4133972762054463,-0.6493597058675022,-0.12886650332088734,-0.4757836267774545,0.14044292682965642,0.3276971085992308,-0.02618089672435092,stratified_coverage,6.525129077219104,12.621081582937457,8,9.73301159484,1530983.946,1530983.946,1.00000000,0.97439275,0.95143876,width2_d1_m8,1
6,167,6,128.8673983995139,10.358759198160755,-1.0532038483104686,-0.9449112743534556,0.6666419355923965,-0.19471979907608716,0.9782276403416534,-0.4368173704600553,-0.6456045996960995,0.641370250958162,0.08745790691242294,-0.4699590733056435,0.18771056592176222,0.05145061446556948,stratified_coverage,7.228783754858209,13.358047799276537,8,9.54663206002,5863423.9789,5863423.9789,1.00000000,0.98491384,0.97159799,width2_d1_m8,1
6,168,1,123.26822744267966,11.246913391531384,-0.28369594171662627,0.5990019108667437,0.5768700282913779,-0.26592320223107735,-0.3913147887778481,1.070229242013324,0.09964294518169081,0.24189848271516556,0.14065958705612747,-0.29633529957321,0.42630080636861395,-0.1600041328450621,stratified_coverage,9.390348117099936,13.095615652619372,10,10.012676881,2600127.78646,2600127.78646,1.00000000,0.98629253,0.97255762,width2_d1_m8,1
6,168,2,124.1875586736142,13.275117914531776,0.7010439470515999,0.5534309080325255,0.07364078374272542,-0.30192754466198923,-0.0215428211475448,-0.3387441877814662,-0.01535811523255548,0.27226400082718455,-0.020482121572129808,-0.04184895978662856,0.11862785363502357,-0.0983473752192361,stratified_coverage,11.775357892218869,14.289266324386661,5,8.38073558456,96314.0166524,96314.0166524,1.00000000,0.99735879,0.97044710,width2_d1_m8,1
6,168,3,126.6755543081887,8.500761330218985,0.3277972912590541,-0.26760247666995607,-0.3351505993071424,-0.9193012148678916,0.2712996418139677,-0.8491447165989505,-0.12154430115081039,0.7123429390533704,0.18255873756459984,0.12797988273306038,0.2766049700643812,0.0881606443505108,stratified_coverage,6.639715369391155,10.823555235101331,8,9.72221707373,7975036.8356,7975036.8356,1.00000000,0.98947162,0.97930505,width2_d1_m8,1
6,168,4,128.94275275154465,9.659451687298432,0.3537354290800869,0.21697698931952525,-0.7242679956081952,0.8316689173527616,0.13084055751186185,0.8802326927134894,0.2417581978129575,-0.19505662907593524,0.5206848292378299,-0.3460736242507714,0.2231662703423109,0.17060076843543232,stratified_coverage,7.241418738663933,11.833647574349705,10,9.56421223086,5441001.22793,5441001.22793,1.00000000,0.98921396,0.97799135,width2_d1_m8,1
6,168,5,123.80500480999808,10.021162484179301,1.029089732487845,0.9390025057143192,0.6077813240804935,-0.4801407064987704,0.9624188415298431,0.41382462302583956,0.46316222758153147,0.630476741857531,-0.3878044196453762,-0.15659589680458724,0.1854328198787995,0.08297096863085246,stratified_coverage,7.572692972916457,13.200376987237055,9,9.96636554582,11409393.712,11409393.712,1.00000000,0.98893022,0.97806395,apodized_d3_m10,1
6,168,6,125.48835060256066,11.137175645290908,-0.00020384385349192513,-0.07171017404019153,-0.8159149756906302,-0.5788891788879227,-0.7436868756916002,-0.07184055386977861,0.6970554802823394,-0.030117997612912006,0.50509594463928,-0.13245510066928834,0.3431588449378376,0.20682739091618524,stratified_coverage,8.87583329542433,13.370511598412843,10,9.8480039288,3900996.4524,3900996.4524,1.00000000,0.98926751,0.97979622,apodized_d3_m10,1
6,169,1,127.96211992892724,13.031004200623798,0.3554314974473256,-0.6873764794121783,-0.12913508354054037,0.3963978805477678,0.06690041156512211,-0.32953821891074625,0.10987258063720856,-0.1084765621074516,0.15759426032462415,0.06641589048234736,0.026828897030499343,-0.09223429797349048,stratified_coverage,11.571513764409273,14.108940709222574,10,9.63182932556,4751376.32128,4751376.32128,1.00000000,0.99397161,0.98789027,width2_d1_m8,1
6,169,2,128.21615624888085,8.875404296490837,0.6241786078108,-0.5373080642635506,-0.38963246209314883,-0.02225607328565382,0.5428784144600081,-0.9053037628962117,0.28526041852996653,-0.34803365538255004,0.21159606156419786,0.50904543838333,0.03902112137349578,0.0359680736327575,stratified_coverage,7.029943034446041,10.438177972855692,9,9.61678292488,11422635.9888,11422635.9888,1.00000000,0.99082046,0.98103874,width2_d1_m8,1
6,169,3,122.17254655678958,9.74206465998866,-0.5381095634421491,-0.17428349563419498,-0.9613447014633433,-0.4306778655787096,0.04074659700983174,0.48963741868757626,-0.7469579320234072,0.32104466105048046,0.132702577125269,-0.1651349560308284,-0.18732635854641466,-0.4419409404844474,global_random,7.410545855706073,11.657349928577347,9,10.0662047239,3227492.60876,3227492.60876,1.00000000,0.98653917,0.97536786,width2_d1_m8,1
6,169,4,124.69166444040576,10.61013072670697,-0.8767424137865163,0.27526187780975864,0.18665608123104338,-0.31311609941474305,1.090079013939231,1.058728710666354,0.16643464413484477,0.39766660221490224,0.008023707020838877,0.27976490533945086,0.44998555040733884,0.13389147961147801,stratified_coverage,7.98483184741713,13.21981031208608,7,8.76509755174,101437.987934,101437.987934,1.00000000,0.99750948,0.97509717,width2_d1_m8,1
6,169,5,126.28587373669858,11.254495527913313,-1.002305189402562,-0.3139186638410265,0.09499565519647701,1.381903642997243,-0.36818086765096014,0.25559055841409517,0.16721990776087736,0.15454895888678855,-0.19395732336952093,0.43592988423355883,-0.09998628769718404,0.010411925533269195,stratified_coverage,8.72125102510112,13.120549399928233,10,9.76048260334,13529708.6916,13529708.6916,1.00000000,0.99131383,0.98251135,width2_d1_m8,1
6,169,6,129.98736305174546,13.04869465945277,-0.04216634906799299,-0.3163022621997207,0.6289904720995759,0.5180118546778035,0.27210575929887293,0.18080370060976592,0.06820410470209431,0.1026779547591472,-0.11622379834843823,0.01139037412651639,-0.020728887505813837,0.15305776097869575,stratified_coverage,12.02077640863226,14.314762171245189,10,9.4803051419,5024065.57707,5024065.57707,1.00000000,0.99425232,0.98856579,width2_d1_m8,1
6,170,1,127.53283379668494,10.27136463204315,0.32796634799442925,0.5572731706310567,-0.16553011190318445,-1.7327075035904889,0.412919326591924,-0.28419129264049237,0.28928927242535507,0.25041116827574017,0.1528420253369468,0.24057182848324343,-0.2947993723344448,0.012503664170066209,global_random,7.932023465260951,12.524931572051331,5,8.59993865294,100201.092479,100201.092479,1.00000000,0.99780786,0.98196287,width2_d1_m8,1
6,170,2,122.31240573080972,9.358644272366961,-0.01163185774758313,-0.11321793011764747,1.017465640194158,-0.5112234353175726,0.40832422053687534,-0.07940938741466841,0.6079960563620734,-0.5507223359096374,-0.11125182899205616,0.32502373986481836,-0.08675366372447568,-0.028288637574970077,global_random,7.49628790510601,11.371504138399171,6,9.11612737003,106748.611075,106748.611075,1.00000000,0.99691646,0.97042463,width2_d1_m8,1
6,170,3,128.0812928488207,8.0,-0.24797007029114138,0.1469744532328713,0.06823920676027051,0.1282279516421021,-0.21036605426301572,-0.6387866022046635,0.16302658651943905,-0.0735262123916301,0.038148520740789796,-0.0730909404134451,-0.278990734666565,0.11501914474771902,highQ_anchor,7.235870673902901,9.269707217437029,8,9.61846052484,14449912.8989,14449912.8989,1.00000000,0.99686922,0.99343809,width2_d1_m8,1
6,170,4,125.24725783648623,11.226896638109778,-0.32826845966328344,-0.058626552581696245,1.5502850521441653,0.6838115184728328,0.17539233987126335,0.2948770451106939,-0.7448288905504811,-0.1827053728764284,-0.15525566923991307,0.19204025371416367,0.2452005298466276,-0.10512590199896504,global_random,8.525118821590278,13.007681633112623,10,9.81917263863,4767227.65312,4767227.65312,1.00000000,0.98621173,0.97472971,width2_d1_m8,1
6,170,5,124.56422974990902,9.836415994438882,-1.1514449266902969,-0.4131023886386065,-0.3877641722465406,-0.2257128701275899,0.30470899586262834,-1.0300448717779367,0.01962808930196458,0.2885036121475393,0.14752642953746375,0.03486200449182386,0.31300491725463114,-0.22802484791799335,global_random,7.029986066988856,12.022061683172451,8,9.89510151331,2756629.20141,2756629.20141,1.00000000,0.98575723,0.97141625,width2_d1_m8,1
6,170,6,124.64700704584986,8.492500661118411,-1.4609449809287192,0.4875366679525315,0.3808885895438039,-0.18453352925684374,0.528860730179785,0.13967211517898592,-0.47424954725752894,-0.03407543179477357,0.15524681784785332,0.03241535150753172,-0.3105729157586099,-0.23455631681928737,stratified_coverage,6.750666073496851,11.251364393536477,10,9.86967896756,6261710.35926,6261710.35926,1.00000000,0.98834394,0.97789044,width2_d1_m8,1
6,171,1,126.93310111360431,9.451165966660424,0.5312331203739666,-0.44037831708217445,-0.9377029831803955,0.16382743083365048,-0.19241442131407582,0.8304224893329892,-0.6420607367525376,-0.2013230524763474,0.20808529782156326,-0.11716697207888888,0.11081005949237016,0.319791618761534,stratified_coverage,7.435308309338407,11.127765332435752,10,9.68357583017,5175567.21795,5175567.21795,1.00000000,0.98838347,0.97881053,width2_d1_m8,1
6,171,2,128.3796072510107,10.72578164567885,1.0085812753496999,0.8729819394479672,-0.8183340363662038,0.07117993436123315,-0.42249530904464505,-0.26450756778837725,0.26394538088839825,0.4845338816972009,0.3040395528191101,-0.10819810988811024,0.10416122887748308,-0.2148450438975802,stratified_coverage,8.760992579467787,12.823681661469772,8,9.6021178698,9894106.77421,9894106.77421,1.00000000,0.99164653,0.98298942,width2_d1_m8,1
6,171,3,123.8436507823311,11.016388023755304,-0.37097846786322974,-0.2632305883121422,-1.3590259551745258,-0.17941483968789074,-0.0527652783435848,0.10835325878238922,0.2712061035082436,-0.12241086944192525,-0.05216568598503385,0.2736837611280799,-0.35304893238974117,-0.12892367560667528,stratified_coverage,9.098691648715425,13.097938645028172,10,9.95494611475,5257790.49991,5257790.49991,1.00000000,0.99130088,0.98251966,width2_d1_m8,1
6,171,4,124.07842582795757,13.334609082127125,0.47957146387986116,0.1691641331092334,0.5741833227466587,0.10225966577431156,-0.31238306910791924,0.0015236844916158288,-0.20951732011022678,0.24982194782359518,-0.02840448209412008,0.022894712413306484,-0.008672326714792705,0.12323506343575732,stratified_coverage,12.204783844211702,14.597359490397135,5,8.40602922824,96018.3176492,96018.3176492,1.00000000,0.99892976,0.97005054,width2_d1_m8,1
6,171,5,126.99789024649655,8.106323568847223,0.5948721454204935,0.15634953304308796,-0.3324861749969412,-0.46135593355602844,-0.3789641025524194,0.09997681846379503,0.05625299806563944,-0.0340326540832564,0.026062770643738187,0.5351129008914028,-0.43713547427726934,0.32425081560892294,stratified_coverage,6.786075995753568,9.705953100924614,8,9.70635981182,5185048.95906,5185048.95906,1.00000000,0.99176670,0.98350936,width2_d1_m8,1
6,171,6,128.75236410051178,9.073363358511608,-0.7248206521117873,0.39216426086948175,0.7100499431631226,-0.7741218406328547,-0.7294775526340491,-0.06858517365592931,-0.5620781316020973,-0.05633711739586911,-0.30853947617614547,-0.37170911861605227,-0.3168602932591491,-0.29115187681610066,stratified_coverage,6.774837923706089,11.186474060290287,10,9.5513746137,4383285.49218,4383285.49218,1.00000000,0.98594847,0.97373152,width2_d1_m8,1
6,172,1,122.19077957855552,10.081694723077568,-0.5218616115787773,0.1902095391778733,-0.6204252074701913,1.760283372202805,-0.35730678450898457,0.48305666063888864,0.11494408785028765,0.24493461513626147,-0.13525759048344976,-0.4720148940159208,0.0974095531860854,-0.030915597121239147,stratified_coverage,7.134165427357232,12.658148793470994,10,10.0908149074,11787682.0667,11787682.0667,1.00000000,0.98627577,0.97234940,width2_d1_m8,1
6,172,2,125.57541626222478,11.290462115696496,-0.6154082710255246,-1.310256040698286,0.7346569051095442,-1.3294260034270777,0.8661222698375945,0.06467591407802264,0.09892826743998673,0.741779146663226,0.3478915278504985,-0.01984532206581957,-0.32788991894944264,-0.4447063349710642,stratified_coverage,6.5376482590716405,13.337421411760868,7,8.55395013956,100085.695,100085.695,1.00000000,0.99293521,0.95266857,width2_d1_m8,1
6,172,3,126.42285901284457,12.977264615059967,0.5598024394858092,0.5903889495431487,-0.19840359841810845,-0.22973514631480646,-0.3606682419955958,-0.284649918368449,-0.06354660801911616,-0.11229461862892462,-0.09335765736559291,-0.13129753208212314,0.05173699318361419,-0.13552837167748508,stratified_coverage,11.833963902213993,14.281867249714564,10,9.74967232087,1960062.41519,1960062.41519,1.00000000,0.98573273,0.97155015,width2_d1_m8,1
6,172,4,128.3957288533561,8.980361027358033,0.25910735363986026,0.382848196488752,-1.3284154823529433,-0.25095272942668756,-0.09711281960250662,-0.18662937010052827,-0.028837338919264655,0.7899753362712238,0.27064669650424444,0.026184706457101248,0.27852487226187145,0.2866071447905216,stratified_coverage,6.710987438507019,10.957156647285018,10,9.5935252999,5697324.63044,5697324.63044,1.00000000,0.98759073,0.97566078,width2_d1_m8,1
6,172,5,122.75235891595993,9.649699836339286,0.2839366911229595,1.389539349263866,0.8782396843661651,-0.07682454481279888,-0.8248412273161194,-0.08000190244728,-0.7562689840723774,-0.6475307338387069,0.29823519148186384,-0.18046829866339847,-0.20072223852303345,0.3817707892798176,stratified_coverage,6.911603873737229,12.380633688839737,9,10.0192843773,1465027.39064,1465027.39064,1.00000000,0.97531700,0.95294157,width2_d1_m8,1
6,172,6,124.76574359604805,8.799508693796858,-1.6124381692697694,-0.7770312626765057,-0.5292632145817309,-0.02660177165639488,0.5805039657699955,-0.02500705356687649,-0.5403103108651859,0.3136799587998751,0.47503131027052037,0.2748394236464414,-0.08866252768836752,-0.12767402351317048,global_random,6.764229766295366,12.098807353194289,10,9.86129837833,8051684.45066,8051684.45066,1.00000000,0.98479731,0.97095711,width2_d1_m8,1
6,173,1,122.68675459023953,10.271060712751831,0.944641284891345,0.18639503065442753,-0.17200188985243314,-0.8506971207430799,0.2941174018097974,-0.49109579381426804,-0.6200787288323246,0.6802273092200064,0.5187187871861791,0.4823346847103662,0.042434477392269854,-0.06930174219969815,global_random,7.758768770204301,12.806601613678197,10,10.0276595645,5418393.3744,5418393.3744,1.00000000,0.98661374,0.97522899,width2_d1_m8,1
6,173,2,128.44601595243932,12.376136668166344,0.6057606897525962,-0.21643473895302945,0.2535109025222285,-0.30230406009430205,0.34354317192453865,-0.3846993530105988,-0.2390378696705664,0.2527160282233058,0.025864090507615595,-0.16366715642164545,0.07271315404917106,0.10687493527285266,stratified_coverage,10.98071620195486,13.670762830169792,10,9.58624234063,8928199.53113,8928199.53113,1.00000000,0.99625021,0.99329109,width2_d1_m8,1
6,173,3,128.85391541821505,8.651860339528884,-0.5615986152660428,-0.31608788376512753,-0.9617420584417079,-0.1729662434261845,0.7508280476441973,0.029165209334609532,-0.37932241824014173,0.3532847573676512,-0.016384941336237024,0.22029641027866786,-0.3880859881663494,0.4256936672608896,global_random,6.630716521954485,10.289367276185269,8,9.55068460377,3864961.62544,3864961.62544,1.00000000,0.98599226,0.97340153,width2_d1_m8,1
6,173,4,124.56113976868338,9.57757083933096,0.4289119918611304,-1.1775060556962382,-0.19755551166292018,1.0122036573152509,-1.011843882212996,-0.3436642933890227,-0.7130236782445736,0.3499807053210058,0.17333766150420304,-0.372138936683279,0.2747748824125125,0.09851553051352785,stratified_coverage,6.999014070372516,11.74457051063465,5,9.02383257509,103104.441982,103104.441982,1.00000000,0.99770640,0.95273482,width2_d1_m8,1
6,173,5,127.64324873877325,10.23059381409703,0.4441288433099184,-0.10777689006469604,-1.3081574271540135,1.1721831333500867,-0.236733136783994,-0.5272166025808646,0.46081512154075766,0.18765681874203588,0.07779622788426133,-0.13608564951890728,0.060209715214852355,0.11305691070934826,stratified_coverage,7.128078424086134,12.72382207061355,5,8.59739376304,100993.309117,100993.309117,1.00000000,0.99576544,0.97828843,width2_d1_m8,1
6,173,6,129.4940913682155,11.036951422818772,1.3805715800692862,-0.21153697031850816,-0.926182489720425,0.7636483135716061,0.7481691555932075,-0.6581659819583179,-0.6789061213124941,0.05508945193849579,-0.22798665054804457,0.3980470070400849,-0.28527009615922994,-0.12266062023583901,stratified_coverage,7.218663771235081,13.096152928277524,8,9.49839737113,4592433.77871,4592433.77871,1.00000000,0.97981282,0.96194399,width2_d1_m8,1
6,174,1,123.04450764389989,12.87236793719974,0.3445970878428928,-0.09748376596885511,-0.19201917364776006,0.23521148267771785,0.36054094021142946,-0.021857712736490287,0.014571995232713686,0.14843640364074145,0.1090570694166163,-0.0633809395030798,0.13370048574406482,-0.14358809837600114,stratified_coverage,11.886503287069427,13.646018969555774,5,8.54507298492,97691.3966666,97691.3966666,1.00000000,0.99948772,0.97778476,width2_d1_m8,1
6,174,2,124.9321912545266,8.759218686129945,-0.9611480804562955,-0.3670672182590007,0.6162960471260648,-0.3373921568782585,-0.7744145772862957,0.852155578821916,0.13740084622396354,0.6801728190541565,0.18784869822669414,0.2184408685461685,0.01054959189918142,-0.35601345427532943,stratified_coverage,6.760124845411873,11.47426116396446,10,9.86229925654,6726513.96102,6726513.96102,1.00000000,0.98663809,0.97344349,width2_d1_m8,1
6,174,3,127.9196062972176,9.520797646542766,0.17748514230160284,-0.7272772448358966,1.7314964731704998,-0.08035885260822573,0.11262103975237703,-0.9285588018801005,0.6679340818968673,0.1665188762367682,-0.5433292413763271,-0.005792688010873626,-0.015825620003290686,0.36502341068587957,stratified_coverage,7.139788424920698,12.71922906222422,10,9.65496515334,3729254.84554,3729254.84554,1.00000000,0.98267197,0.96695394,apodized_d3_m10,1
6,174,4,129.110399986403,10.66528239618238,0.4937916003679863,-1.1363393064623717,1.3131118422451091,-0.2675545701823856,0.5767486463586444,-0.5479037642813991,-0.19921771715875436,-0.37949033576534624,-0.4707809354161595,0.48099909080501524,0.44748404931246827,-0.21134703941110167,stratified_coverage,8.086758238709079,13.368995312895509,8,9.54667882361,3516007.02108,3516007.02108,1.00000000,0.98375225,0.96847025,width2_d1_m8,1
6,174,5,127.24141044913713,11.049902011223768,0.1584362645779911,0.49500094595869104,0.23238281263694094,-0.7733938896266865,0.21594247670133382,-0.1380161614990829,0.5143503990190934,0.15094680468377342,-0.022973216276616193,-0.22588523450818276,-0.0743306741318085,0.3692869251880602,global_random,8.910835711665953,12.240079555207219,9,9.70212773198,5470676.62906,5470676.62906,1.00000000,0.99288214,0.98606743,apodized_d3_m10,1
6,174,6,124.6684586332754,12.855714286428816,-0.5133449307568685,0.03683775619487806,0.5116193907485419,-0.06259420205668254,-0.3826267329218731,-0.21839173046442203,-0.23094650068388375,0.11107213761232115,0.10083090218266294,-0.05899280362859169,0.1341600146568185,-0.007391981872860415,stratified_coverage,11.656887692910672,14.19314024102611,10,9.88172634884,2009271.61607,2009271.61607,1.00000000,0.98632470,0.97317884,width2_d1_m8,1
6,175,1,126.48533460568927,8.988287243700688,-1.0974531731087482,-0.3557776316795198,0.5902781349105168,1.1555478877769316,-0.17446062231360782,-0.9752401452823404,0.7116300353802416,-0.12924373173228376,-0.08557629137489792,-0.1355042590087137,-0.30866897342727545,-0.009649857450966193,stratified_coverage,6.683824876366769,12.528859182861252,10,9.7677145418,7132552.42945,7132552.42945,1.00000000,0.98556451,0.97448757,apodized_d2_m10,1
6,175,2,129.1359290603467,9.26216455553178,-0.9610377933935712,2.1172076196757583,-0.06357636324466842,0.7136108001191805,-0.6903253234360982,0.13602753164622472,-0.0246625203580475,0.32404447064543795,-0.32124061628308753,-0.08032030479908353,0.06919439661002175,-0.13176862564566472,stratified_coverage,6.539478292731645,11.892363689459353,10,9.53446688345,11214839.8789,11214839.8789,1.00000000,0.97794285,0.95655953,width2_d1_m8,1
6,175,3,128.35733767680534,8.0,0.030990799311828108,-0.943338636560145,-0.33185656661576707,-0.17607609152375459,0.021679447256213093,0.4086781663443491,0.03227740607090715,0.1383160584503496,0.12344508724200028,0.13325708426824592,0.1419260559124531,0.09276774940571313,highQ_anchor,6.997970181915306,9.727161341793133,8,9.59061612928,18638667.7435,18638667.7435,1.00000000,0.99515734,0.99043605,width2_d1_m8,1
6,175,4,124.80949815352248,11.293242567045432,-0.2708813962249117,0.5194909035937099,0.5923994177673786,1.0024869646587125,0.8042442351434336,0.3580921403560178,0.14048133919044647,0.05308181998005301,-0.07554867871634707,-0.29026750972157184,-0.3001336055021626,-0.01708727719905062,stratified_coverage,8.05427018157686,13.061864301877836,10,9.88340678765,4891922.60569,4891922.60569,1.00000000,0.98887126,0.97746373,width2_d1_m8,1
6,175,5,127.52963879360469,13.441206152885846,0.3843311893807573,0.0652772009985979,-0.5017109079963211,0.008993129693510293,0.18166407648760297,0.2837678465574094,-0.18402985248754516,0.14462773966196185,-0.17196428034366734,-0.07952824754639456,-0.15592527823522917,0.07948323187981077,stratified_coverage,12.188443235100982,14.35502929555946,5,8.14717521777,93844.8270474,93844.8270474,1.00000000,0.99912623,0.97258265,width2_d1_m8,1
6,175,6,122.2804777072572,10.45546881191915,1.574748399055116,-1.6431956126020864,0.30984151419451345,0.1339631163069963,-1.0545422768759298,0.3517817588406422,0.4076675423282343,-0.26440469952357226,-0.3081117106889685,-0.5369147568236389,-0.0710623393732348,-0.2409265696782579,global_random,6.930451911012082,13.364542799650884,10,10.0952843156,6551447.27336,6551447.27336,1.00000000,0.97779128,0.95612058,apodized_d3_m10,1
6,176,1,123.21861276530637,9.307097116999055,-1.2491029531074163,0.6272724806073215,0.4814296811134209,-0.32634347628691396,-0.46732516402808044,0.1104537536071779,0.4728115677652014,0.08654218992235485,-0.4473710908310497,0.07895354588229964,-0.1721014833856056,-0.05580135176873119,stratified_coverage,7.906420986787095,12.34948249233202,5,9.03431756419,105153.88787,105153.88787,1.00000000,0.99195027,0.97219663,width2_d1_m8,1
6,176,2,125.75339212312167,10.436374569134657,0.7839363110571536,-1.1491803572000474,-1.294125511295638,1.2639185257239471,0.2763732267152412,-0.8678687135133532,-0.011527292504747377,-0.6622527987069011,0.045117716593280566,-0.3468703476435583,-0.15248026520841906,-0.31374944740741717,stratified_coverage,7.159787130160996,13.168058304126566,6,8.69574151623,100605.263799,100605.263799,1.00000000,0.99555974,0.97186357,width2_d1_m8,1
6,176,3,126.46052229598914,11.661570035238896,-0.4373656475893195,-0.49582426284871595,0.3377793538173004,-0.40499431444038425,-0.6158886154367653,-0.07406088446982384,-0.059693985532120686,0.029098578691750143,-0.10835442061146316,0.05908495284661408,-0.23114936374802222,-0.1681264547629468,stratified_coverage,10.417094210821181,13.046573244647751,10,9.74303330754,5145295.07416,5145295.07416,1.00000000,0.99384889,0.98805217,width2_d1_m8,1
6,176,4,128.88146588247082,12.543204234160331,0.7032178042283783,0.7527100031324088,0.08600987773680735,0.5139719177630867,-0.12920164877018486,0.3530771439771916,0.21992281142214748,0.04601378819985952,0.03013708609875068,-0.15282200817152658,-0.07638780602045402,0.12034661863071869,stratified_coverage,11.219251282438949,14.273857202433554,10,9.56402120605,10836019.5798,10836019.5798,1.00000000,0.99633542,0.99243099,width2_d1_m8,1
6,176,5,123.33027538121941,8.511978085471217,-0.17524257733795068,0.584553592379335,0.4335703758643754,-0.6263105103917848,-0.36835130125697335,0.4967089735509218,0.28571257296167407,-0.7231724805280927,0.3008423669124438,-0.11694061061917521,0.293703498877481,-0.18908717516265022,stratified_coverage,6.76695000437307,10.946247870400684,10,10.0006940438,8376971.32135,8376971.32135,1.00000000,0.99170238,0.98294835,apodized_d3_m10,1
6,176,6,126.52264040869152,8.767327000694372,-0.152455055900524,0.562171849122175,-0.9154769806622669,0.6633465906428164,-0.022929577216411978,-0.15553740222004653,0.44114919366275074,-0.27780549963120915,-0.004152221543204826,0.14597318353951327,-0.2983747801869008,0.18430321024505042,global_random,7.433782002191583,11.4910988836453,10,9.7460449075,13560100.6319,13560100.6319,1.00000000,0.99354950,0.98707566,apodized_d3_m10,1
6,177,1,127.52870287235442,10.002688865343186,0.28819832929492906,-0.6209253009143456,0.2297598072395901,-0.6041774943706024,-0.4597936867439567,-0.9728078229936266,0.2351774075905162,-0.3274365356785019,-0.10466378706710544,-0.13190004805601246,-0.15480775853294815,-0.33103819517868655,stratified_coverage,8.157557715227338,12.712624204015352,8,9.66996931377,6909834.58781,6909834.58781,1.00000000,0.99228580,0.98406358,width2_d1_m8,1
6,177,2,129.85638535906372,11.891755092594739,-0.9703232809557756,-0.11911311182946838,-1.4602770435042616,0.4187284314658377,-0.8558970266508006,0.15276429741519948,-0.42244535817417006,0.05075420609265535,-0.5103388248593215,0.06248799027538088,-0.10351769814148803,-0.2121874235801874,stratified_coverage,7.567367650441994,13.287786872510853,6,8.2334586659,95109.8290798,95109.8290798,1.00000000,0.99903012,0.96484558,width2_d1_m8,1
6,177,3,129.07402145102182,9.406575265833375,0.8781427868559026,-0.6554166127929961,0.7006213255068257,-0.8569959821108567,-0.31881398823519713,-0.9517783396918748,0.28663655509899155,-0.4513385186768627,-0.30744194479979753,0.07804887684526807,-0.04688010920157004,-0.05872615404900361,global_random,7.62774944036746,13.064047334747961,10,9.55454627649,15443198.2635,15443198.2635,1.00000000,0.99166965,0.98318743,apodized_d3_m10,1
6,177,4,122.47569208871275,10.454324687695088,0.9203479509725732,1.8134235724068706,0.626733901806271,-0.33242995482295057,0.1984201483965753,0.2816022184830751,0.22037097950643902,-0.11183060927757749,-0.34881918815909624,0.06121886008813293,-0.03252126895591734,-0.25739795116717684,global_random,7.897463004534195,12.644860606906661,10,10.0662905534,7919832.98712,7919832.98712,1.00000000,0.98535675,0.97049814,width2_d1_m8,1
6,177,5,128.11063845154945,8.0,0.12754936269593176,-1.1769945569354212,-0.39862824656324514,0.2566538424324807,0.1418036184743183,0.2001164543838265,0.06104295382834449,0.10561169466648355,0.1034533909778067,-0.004832568385468475,-0.11851240425501802,0.022339443399829337,highQ_anchor,6.920693354570815,9.960127184351323,8,9.60879639117,24102971.5489,24102971.5489,1.00000000,0.99378215,0.98766244,width2_d1_m8,1
6,177,6,126.83217211737326,9.08653210699924,0.6273976083812616,1.1753015080319287,-0.4290787632595543,-0.6786222605740801,0.7011617241090113,-0.10571370769914168,0.0836465918098146,0.23362039871731932,-0.01354097717861058,-0.003707391977592178,-0.08117019658259261,0.2780047886062608,global_random,7.324048052182367,11.406574362692526,10,9.71196702794,8037162.97534,8037162.97534,1.00000000,0.98919397,0.97847176,width2_d1_m8,1
6,178,1,122.5617100276763,11.235105577895515,0.0848051111137047,-0.4749351168040583,-0.17423170443481806,0.5092696363479206,0.6752513856819937,-0.9576472821566824,-0.6288537817038136,0.5104234214668273,-0.46133235270406525,-0.34533905651110075,0.14025891430680953,-0.11825269661585491,stratified_coverage,8.326848538630301,13.367962443382188,10,10.0470326078,4870109.5873,4870109.5873,1.00000000,0.98894556,0.97947741,width2_d1_m8,1
6,178,2,125.85906017101084,12.798163572417957,0.035245427566020116,0.5977231886610139,0.5619520624737865,0.3661155768155956,-0.3319402267200715,0.25663201699519356,-0.14217730822925104,-0.1348542469302371,0.15652988917018312,0.1334119067025007,-0.09574614003166151,0.004511044447522067,stratified_coverage,11.677009842839043,14.001086087599074,10,9.78801929327,4484720.87091,4484720.87091,1.00000000,0.99338001,0.98721755,width2_d1_m8,1
6,178,3,126.12063186583259,8.961326495283526,0.5623780526118365,1.5690118209236248,-1.3287249308216311,0.40395312601582734,0.17337436685740393,-0.0931545911932532,-0.15901967980508636,0.04149519397976964,-0.4367197711857631,-0.04583785369640736,-0.0965431453611642,0.4491721212098408,stratified_coverage,6.748682506465469,11.923369652478213,10,9.7614545257,4140405.82064,4140405.82064,1.00000000,0.98194113,0.96492217,width2_d1_m8,1
6,178,4,129.7947771366207,9.864224152359043,0.1114665199636975,1.331929253202338,1.1586290664503516,-0.6078478805626348,-0.9992238181644286,0.20926213942186433,0.776038866256864,-0.18668023410949774,0.4695332378979691,0.43151659230894013,0.06383995143709725,0.24046319724178894,stratified_coverage,6.5264843210439265,12.870409930526698,10,9.51608304719,8907381.09548,8907381.09548,1.00000000,0.98036112,0.96318385,apodized_d3_m10,1
6,178,5,123.64971699664054,10.296809416047692,0.5621690798543808,0.5299783808393923,-0.7716316417686617,-0.3786145468975184,0.5512711693350629,-1.046057367667872,-0.19416795273140264,0.34418585968667514,0.10959655766776977,-0.4211171103462148,0.2697328719106549,-0.3388723691165878,global_random,7.780756439935917,13.140820225475107,10,9.96441878178,3976248.06713,3976248.06713,1.00000000,0.98672014,0.97430332,width2_d1_m8,1
6,178,6,125.25614627291777,11.024633000776914,-1.1037383030529189,0.7776918027077242,1.1121283696256514,0.4837434521618029,-0.014718502236365172,0.6541861222575631,-0.3878163611787129,0.2773331085898998,0.2064171457562104,-0.45799504395781704,0.4133251743441843,-0.04793787309607156,stratified_coverage,8.501135726160305,13.157260909959696,10,9.83792289443,3331970.85602,3331970.85602,1.00000000,0.98406600,0.96935640,width2_d1_m8,1
6,179,1,126.8167677693144,13.044027570075476,0.7521293667756985,0.6081107218657966,-0.5563635313744915,-0.2065680911231828,0.37869655611963315,0.06353023439429256,0.03692270006287862,0.06311858577940155,-0.184289553619989,0.03198719166741712,0.02065326238615242,0.08733136377434877,stratified_coverage,11.379745900093683,14.41679847658392,10,9.71653617676,4243034.9088,4243034.9088,1.00000000,0.99225231,0.98465894,width2_d1_m8,1
6,179,2,128.6192099393443,8.77107722513586,-1.3506773273120807,-0.5081858193874418,0.7641170088710971,0.6617520113878836,-0.25134094320888223,-0.34978218062416155,0.10479033548946859,0.007976035049977903,0.08305395971722862,-0.39384819180583275,0.25192093624209516,0.08054483006639374,stratified_coverage,7.238644446271175,12.124093711174991,8,9.57571883841,12058464.6362,12058464.6362,1.00000000,0.99036803,0.98082620,width2_d1_m8,1
6,179,4,124.02187019800344,10.065205172895226,-1.2640752870396312,-0.169622479689016,1.1596737555654941,1.2295825166761614,0.029053191343326512,0.06941113511043118,-0.48255668260508067,-0.1363004350886028,0.3074438972675331,-0.3005692302014734,0.13361114632579535,0.4498283302323179,stratified_coverage,7.219441643338212,13.39458619774785,9,9.92607294671,3117508.3624,3117508.3624,1.00000000,0.98128608,0.96420880,width2_d1_m8,1
6,179,5,127.00391007030964,11.067079979770753,1.0477537259191423,-1.0686417142293543,0.5546419718098778,-0.44744406364360767,-0.3030451135217048,0.7366202229690528,-0.4786157039288659,-0.2920955251168039,0.321131568054146,0.2914585203376633,-0.3643654595631728,0.009606355053320526,stratified_coverage,7.994548084358727,13.171811857929454,9,9.69420655385,4310144.92453,4310144.92453,1.00000000,0.98555081,0.97255907,width2_d1_m8,1
6,179,6,128.0556488816974,12.363816210295145,-0.6034635767851075,-0.193511814849617,0.12733733985299855,0.24817293189846568,0.08426011398037153,0.16017206608629453,-0.1752599033374812,-0.02123939725806151,-0.11034753891933967,0.09498028988555651,0.014144756185368479,0.04236065127986349,stratified_coverage,11.527316834987444,13.342431809457084,10,9.61460036992,16738363.5799,16738363.5799,1.00000000,0.99845180,0.99758111,width2_d1_m8,1
6,180,1,122.29075587211685,8.740365696389334,0.2780251059225236,1.2568650611325474,-0.7516265261893693,-0.2327788432959046,0.7936401360932326,-0.8978370326540562,0.3716453995050153,0.6846715123731573,0.3501653983029891,0.24142061645139368,0.03602184626573668,0.250812454739428,stratified_coverage,6.514421459120035,12.319448657252725,10,10.0815087643,4703120.31816,4703120.31816,1.00000000,0.98414258,0.96806998,width2_d1_m8,1
6,180,2,125.27558694959733,9.53922560486734,1.7772913389295097,-0.16744318493669086,-0.042722860371392724,-0.08020654354714152,0.32182038634759946,-0.9371305574984323,-0.2513772970991658,0.7538520313968593,0.46389026155444046,0.3696984562015433,0.30015864338245196,-0.34884225715335915,stratified_coverage,6.6677584476588265,12.111226789455213,10,9.83454520917,710061.321304,710061.321304,1.00000000,0.96082979,0.92372075,width2_d1_m8,1
6,180,3,127.24268078628852,10.642253453168019,-1.9647291052667637,-0.3844362430763226,-0.7318699085525284,-0.06793004221254595,-0.05144251849914272,-1.0112588511334946,0.7610084395850985,0.2620386240217907,-0.20438067558797718,0.3084604425749766,0.013952611813738525,0.23476532881453244,stratified_coverage,7.093446032464441,13.350361280192823,5,8.47591044369,100596.259462,100596.259462,1.00000000,0.99125736,0.96719488,width2_d1_m8,1
6,180,4,127.37119149888257,8.26324826408472,0.2540714828532046,0.10326561277497567,-0.01046918967021565,0.0988785105115767,-0.2656650635600623,-0.04134691259248429,0.33994833297963306,-0.3689572690879321,0.1547172562848898,-0.12606467920183217,-0.07958088925074698,-0.1435933598324529,highQ_anchor,7.315911526313669,9.202002760521403,8,9.67874907648,22998545.4742,22998545.4742,1.00000000,0.99807011,0.99602322,apodized_d3_m10,1
6,180,5,123.86898384016285,12.85439414599608,0.19743668708820195,-0.20831492934856188,0.17444550086651534,-0.5815757689198072,0.20900049311890845,0.017035772431324592,-0.2786704761418691,-0.15165574129704434,-0.18004393887114578,-0.18731079282498456,-0.11204478602485972,0.10754941119114861,stratified_coverage,11.972705610046093,14.348899985465035,5,8.51186361981,97099.9248051,97099.9248051,1.00000000,0.99911096,0.97022135,width2_d1_m8,1
6,180,6,125.22653885288467,8.66713098531761,0.6509244412182316,-1.0561625527223897,-0.09515962199739714,-0.6605283739795333,-0.48168414529219616,1.0613965116872,0.004429159897511248,-0.7007371575609732,-0.3903192947919634,-0.4430250532555687,-0.38185638623341905,-0.2649194922527439,stratified_coverage,6.58799203578078,11.709160271111097,10,9.83963225502,4719032.46662,4719032.46662,1.00000000,0.98193051,0.96445729,width2_d1_m8,1
6,181,1,127.69101212321726,9.628421054808165,0.8297167274848798,0.44062876949489604,0.18949405457624469,-0.7310219922664476,0.5211740093101613,0.5899830948183891,0.24801675723210392,-0.599058056177989,-0.10907881938515124,0.09584362077649766,-0.3398536913523534,0.22381365077067933,stratified_coverage,7.110894649326336,11.172748367432352,10,9.66309806468,709468.760573,709468.760573,1.00000000,0.97026115,0.94008338,width2_d1_m8,1
6,181,2,129.02071198935565,10.043275257081484,-1.56691577783024,0.47993838459007554,-0.3370873095054001,-1.04925452937404,-0.27752412219937195,0.7859675764407716,-0.3062547922562299,0.09853803873860068,-0.5297657212103594,-0.4569562834920769,-0.17092526233903715,-0.031562082379814616,stratified_coverage,6.826180955964116,13.133109243886032,8,9.53786744037,3156175.65913,3156175.65913,1.00000000,0.98079550,0.96300978,width2_d1_m8,1
6,181,3,126.45496885224355,10.265191272717587,-0.5733977740798861,0.5919933832129547,1.3450778686196705,1.3535812567401602,-0.260558464062007,0.21918802332203557,-0.501337795145378,-0.25095033957324486,-0.2713148009878044,0.3724771240095297,-0.4037164111619501,0.09852545842727162,global_random,7.096280990816799,13.011747887328555,8,9.73522907083,3768742.46467,3768742.46467,1.00000000,0.98136443,0.96428056,width2_d1_m8,1
6,181,4,124.43196885825925,12.520543260042661,-0.0336292101570983,-0.23491324669617808,-0.5926916681091303,-0.4897919946842889,0.29699924241937037,-0.3315842640037707,-0.12786434598317906,0.24428521127741193,-0.033980455958126876,0.1133642311942254,0.045450088643896464,0.09049474981735683,stratified_coverage,11.37706877867006,13.684101480136247,10,9.90028189996,5205327.10467,5205327.10467,1.00000000,0.99435185,0.98917591,width2_d1_m8,1
6,181,5,126.66508396896924,8.01779441292254,-0.5608553554863354,0.751816720524531,-0.04719121696011164,0.1162846207850341,-0.6665976033716796,0.011672576372874222,0.22855582139166053,-0.2561202773825999,-0.39783109750284873,0.07420828280392056,0.2844160898790538,0.20032780070259376,stratified_coverage,6.653746934843901,10.11732766227822,8,9.72845495168,9637231.19771,9637231.19771,1.00000000,0.99205846,0.98383215,width2_d1_m8,1
6,181,6,128.11891862346044,9.297849043503916,0.17257335816111352,-0.28639546295991924,0.8489882258770234,1.0834227629929625,1.0130007553394451,-0.29233689672936813,0.3615860036479206,-0.2797267113304541,0.29149049835166885,0.3701391598058428,0.3456845295969185,-0.058568226377161525,stratified_coverage,7.602051157994085,12.356138213740751,10,9.62809889506,9007824.13495,9007824.13495,1.00000000,0.98948192,0.97864906,apodized_d3_m10,1
6,182,1,123.48593002165697,10.739599602694977,-1.3400628089153432,0.04762233010561978,-0.7585013483875311,-0.17668545782011535,0.13737333515018624,0.705481531805314,0.08476185616516729,0.7862199037220337,0.10947251905555133,-0.33964400379336523,0.0802219556604053,0.04884673063598749,stratified_coverage,7.838318412225131,13.151252846598254,10,9.98015677467,11046287.0179,11046287.0179,1.00000000,0.98941098,0.97892885,width2_d1_m8,1
6,182,2,126.97857516438069,10.626549586354924,0.24409763981520038,-1.0788784503774769,0.19091659023510776,-0.6174618322709413,-0.4235067957243779,-0.2889946589641016,0.29262001204051113,0.787408694162339,-0.5044498401626001,0.40136721516904084,0.2317645333530795,-0.3831693452080497,global_random,8.138160213109288,13.408460429245201,9,9.72364122467,4160267.65867,4160267.65867,1.00000000,0.98778508,0.97501666,width2_d1_m8,1
6,182,3,126.36006245465421,13.245780637856658,0.19442977041164844,0.41131465033419423,-0.200163207562292,0.2131956750123617,-0.18505488215433274,-0.2226992288767566,0.18721999454097887,-0.019390952978166343,0.03238762396772865,-0.025941007227431256,-0.034612541407320715,-0.11815561164367228,stratified_coverage,12.614183140012509,14.316140714381673,5,8.23079160804,95112.9067737,95112.9067737,1.00000000,0.99908419,0.98078180,width2_d1_m8,1
6,182,4,128.08362820159425,8.304659027907439,0.18452556220848315,-0.549808485930487,-0.04870316415470666,0.22246647093477967,0.8329696480265052,-0.38413198814379446,-0.09513410351647278,-0.508715865897051,0.0369912523414857,0.05824504515196083,0.37128415656256203,-0.1291564678837236,stratified_coverage,7.185435073016827,10.654548806176878,8,9.61302824569,8327576.14618,8327576.14618,1.00000000,0.99349118,0.98736804,width2_d1_m8,1
6,182,5,122.2065464765947,9.885377833866942,-0.0823024040830389,-0.2890460138967881,-0.497457631806949,0.5527553182621652,1.0724733720885542,0.5565311687076748,-0.341010492072876,0.38937794993873664,-0.06446368146600578,-0.3298241611175431,0.4248550271887506,-0.4014450594756168,stratified_coverage,7.890114106604943,12.017157056999924,10,10.0880960689,2633387.89168,2633387.89168,1.00000000,0.98482516,0.97070692,width2_d1_m8,1
6,182,6,124.4183698536291,10.475598633738047,-1.2266250373115288,-0.05901572903495733,-0.6419007209176046,0.44962764871623073,-0.016879461860766387,-0.21256354449618342,-0.15995584894968462,0.03220901992371472,-0.5340234091812599,-0.3446073890932757,0.19760754494720317,-0.26036624033832273,stratified_coverage,7.845509751417971,12.072829009294615,9,9.90075765657,4908792.99893,4908792.99893,1.00000000,0.98847660,0.97773098,width2_d1_m8,1
6,183,1,127.14949392607798,11.041123182684187,-0.9206747503048021,-0.15388172024669045,-0.18519898656733802,0.5965441670329674,-0.7295431628508608,0.4520037453552015,0.2237992943099556,0.7803987163530659,0.33092001517290137,-0.30695913201688463,0.22405636493801367,0.06473021906272208,stratified_coverage,8.07722371055559,13.367715612618841,9,9.6984292391,7569135.96265,7569135.96265,1.00000000,0.99024316,0.98030373,width2_d1_m8,1
6,183,2,123.15240012175825,11.457660208338506,-0.8920668810757229,0.48471742947192453,-1.2188053356383395,-0.22410372062007888,-0.954513106978707,0.5038158045354606,-0.33121568696421416,0.2783575131469902,0.45735790243740393,-0.19339265866658056,-0.18170906257087016,0.04105807580776305,global_random,8.213052999636401,13.485620070441334,10,9.99772590253,5756497.36217,5756497.36217,1.00000000,0.98567054,0.97269622,width2_d1_m8,1
6,183,3,123.58916886791187,8.007740067886356,-0.4139673733946263,-0.7376923303088327,-0.6701687091808819,-0.23548381035722166,0.11325792981129035,0.2895542092195067,-0.5833969930454397,-0.2344899392856009,0.45265799138434337,0.2580233701432584,0.11258855384083882,0.07072690134043652,stratified_coverage,6.578171868994436,9.76921571289851,10,9.94258332171,7412837.26029,7412837.26029,1.00000000,0.99073953,0.98331662,width2_d1_m8,1
6,183,4,125.64184418110662,9.750599805862578,-0.5291880751179974,0.8921961957470268,0.1795912183633137,-0.0757177028674354,0.28929972114855684,1.0738391064750314,0.7142252421910316,0.6114262177525631,-0.42565874558282835,-0.38151526663354607,0.3882228053204246,-0.11519499777222253,stratified_coverage,6.890989735186881,12.195617559330408,8,9.84109036148,4905446.84681,4905446.84681,1.00000000,0.98539699,0.97381990,apodized_d2_m10,1
6,183,5,126.22981024617138,10.038976536536909,0.7081790921688462,0.6331126072124085,-0.48150589296314283,1.1876796068106306,0.882628236871529,-1.0915205646154602,-0.7091396356359847,-0.20952096393620323,-0.21417116411317966,0.3660134541850818,-0.2959821403812427,0.18053029903919499,global_random,6.9603843724547465,12.369725344490073,8,9.74118079505,3481479.1373,3481479.1373,1.00000000,0.97757489,0.95774100,width2_d1_m8,1
6,183,6,128.33856917688342,11.029111852261494,-0.5342726967491513,0.06581685274193161,1.3762770577041807,-0.661181519796213,-0.03774399032396669,-0.2730762480567184,-0.29026739670130297,0.11940303908006755,-0.04149432792699792,0.31097857957754904,-0.3174656454130528,-0.3082294641909755,stratified_coverage,8.704543840745625,13.372066987950829,8,9.59841451693,3847062.11417,3847062.11417,1.00000000,0.98749977,0.97595456,width2_d1_m8,1
6,184,1,123.74264612891463,12.450404649877159,-0.6507869144416837,0.6082139653584802,-0.3405359028810078,-0.15679595842199395,0.35402807607130404,0.2178327067042405,-0.27459486707728603,0.14206101192877624,0.005516453421452294,0.12192069955081541,-0.13986082120710158,-0.11378830469384665,stratified_coverage,11.270937867049929,13.989169600097835,10,9.95579070464,2880117.59839,2880117.59839,1.00000000,0.98986531,0.98039430,width2_d1_m8,1
6,184,2,125.10486970522936,8.943504206429,-0.24067724707179994,-0.3373081320057234,-0.4441649918259907,0.9855235411270635,-0.21237286917389608,0.8792959812471552,-0.31567800461930295,-0.17057960678115092,-0.09845350995366509,0.5015659732507662,0.3747121576017069,-0.2974330530685337,stratified_coverage,6.615792823066014,11.396592002230793,10,9.84529313053,4451520.48544,4451520.48544,1.00000000,0.98725356,0.97540639,width2_d1_m8,1
6,184,3,127.41387066958755,8.686789208077052,0.8495664952040478,0.3669345156359159,-0.3792492078800339,-0.06463408837995921,0.000784841349612736,0.14392584935077757,0.15098807362655992,0.10659704976897758,-0.10650150276216086,-0.31307671808844023,0.15989921101294374,-0.0017064607208414583,highQ_anchor,7.154591927415722,9.841093846407507,9,9.66959626009,17723671.1204,17723671.1204,1.00000000,0.99520966,0.99011432,width2_d1_m8,1
6,184,4,129.06243795162214,10.655881334714136,-0.47131187101066097,-2.046622280454508,0.8983482328778807,-0.3819889700299697,-0.4979550292875713,0.0045806779500767725,0.35076129588411953,0.1949736175042439,0.13799907872482386,0.5465371129694157,-0.26899716910784977,0.31921615124689545,stratified_coverage,7.205999121713097,12.941537764427991,8,9.56391727798,3144657.1269,3144657.1269,1.00000000,0.97771704,0.95548138,apodized_d3_m10,1
6,184,5,123.2015642178437,11.237016494335638,-0.4821596489505626,0.7390802518806767,0.3122359127031602,0.724580668128971,0.20132171935755694,0.14613999584630788,-0.36591223604439294,0.7365024810155352,-0.25520907821243033,-0.45198909086738537,0.046715389672435104,0.09707125203420758,stratified_coverage,9.705246252498588,13.038321883239057,10,9.99616928042,7970285.44524,7970285.44524,1.00000000,0.99295878,0.98690691,width2_d1_m8,1
6,184,6,125.11188554537915,13.4306786156016,0.3922150902680741,-0.2902938130207677,0.23877344927780841,-0.48113509927223874,-0.2958911117358989,0.22770804385008148,-0.2573375776229895,0.13630356194934523,0.08580034350856969,0.12261259862109758,0.06067947305739704,-0.060545949394409146,stratified_coverage,12.476673913204786,14.940112627858534,5,8.31946732035,95189.8786459,95189.8786459,1.00000000,0.99882750,0.96938491,width2_d1_m8,1
6,185,2,128.08090345428093,10.363135367847494,-0.055136025223052165,0.6351015075184292,1.4943048426975458,-0.4734128702884153,0.4307644501224668,0.9915798784080825,-0.43744640457278233,0.776218647000023,-0.39508310417043024,-0.320385237000693,-0.060167202588366386,0.27033977278927485,global_random,7.2571508542480165,13.24066783795382,8,9.61202235209,5567370.56235,5567370.56235,1.00000000,0.98378180,0.96902861,width2_d1_m8,1
6,185,3,123.54438675254364,10.595047131162048,-0.28550375439385234,1.1955022747448192,-1.107731110720212,-0.5016322701832872,0.02652336422463608,0.4386922534171309,-0.574870215262193,-0.07293448418740067,-0.2070241426421579,-0.269402928591514,-0.37089708670551413,0.10974670239552448,stratified_coverage,8.071225031352023,13.235269754521092,10,9.96205882588,4078001.51582,4078001.51582,1.00000000,0.98665359,0.97502680,width2_d1_m8,1
6,185,4,125.85272372119323,11.034107889776854,-1.3170589426009713,0.706703103626642,-0.6472744372967429,-0.8488646656663388,-0.6049230398906256,-0.8897763649906445,0.07875861205301171,-0.32336475555424543,0.08811852369973439,-0.4799750956143489,0.2607208206962564,0.23212497544906957,stratified_coverage,7.153566595618664,13.118002676242648,9,9.7993786381,3968997.79326,3968997.79326,1.00000000,0.98052404,0.96141177,width2_d1_m8,1
6,185,5,127.7138897624377,13.05262338819596,0.5013388291062397,0.33438430043612843,0.28124674404395245,-0.19205974340295628,-0.13180532987543314,0.16749662614879002,-0.20728862354196653,-0.06842902647341578,-0.03052512024086393,0.02114222868891938,-0.09891448335981058,0.035053207701549655,stratified_coverage,12.165875771197044,13.986240388746422,10,9.64486768299,3692016.25263,3692016.25263,1.00000000,0.99281525,0.98615669,width2_d1_m8,1
6,185,6,128.58403022027989,8.322565412900863,0.12379119789689708,0.09506518314380721,0.04597790891688386,0.9154247731979589,0.24616150181907026,-0.006465260049160149,0.4673062576272309,0.292178877061813,-0.11867805148240212,-0.012818034693968423,-0.06281005994563353,-0.21765942850267053,highQ_anchor,6.642741100333393,9.476567524033456,8,9.5963164867,18540352.4707,18540352.4707,1.00000000,0.99423624,0.98996335,apodized_d3_m10,1
6,186,2,124.7286207664218,10.63141599411267,1.4612911149331542,-1.4633224949113743,0.31551454750467633,1.471287023917857,-0.1196602301267854,0.6357292651575825,-0.14345061297174677,0.24114511648077253,0.2276859723064102,-0.0024232631862886045,0.34398900669318416,-0.10346459982013173,stratified_coverage,7.301864890525857,13.129418718341622,9,9.87589794368,4079725.75749,4079725.75749,1.00000000,0.97601651,0.95309778,width2_d1_m8,1
6,186,3,126.30330411089834,11.491181381661956,-0.11623262790245903,0.42743469380519716,0.21766623951550312,1.3766515538910802,0.37404531068610414,-0.2292346354273127,-0.3718799991244193,-0.4400821918292728,0.01788832358729653,0.2822555529492681,-0.1414184100533239,0.34067799860784004,stratified_coverage,8.742851379869313,13.41271286285256,10,9.75411923803,3565595.33563,3565595.33563,1.00000000,0.98775902,0.97648082,width2_d1_m8,1
6,186,4,124.9883266548365,10.386878309087077,1.9272399993747413,-0.5040623431663227,0.42575208396636666,-0.8130893170052974,0.17003957494367894,0.5030434297614346,0.26754104610743434,0.5179041214559212,-0.34079453862414477,0.22513443042306946,-0.021636425111617674,0.05998682161181118,global_random,7.7817588181012844,13.327631796705498,9,9.86534710718,14385801.7054,14385801.7054,1.00000000,0.98694689,0.97354082,width2_d1_m8,1
6,186,5,122.70976710251007,8.907459483704903,0.44064029696730866,1.7368851482966012,-0.8316259175008942,0.8628899646316686,-0.7304384594694178,-0.5650559623395955,-0.2748110623431653,-0.19730449869583266,0.005550047998287844,-0.34283207763430673,0.3290781196091234,0.044940762553993874,stratified_coverage,7.175613945497198,13.49760359430712,10,10.0312795564,4653952.20983,4653952.20983,1.00000000,0.98490098,0.97074097,width2_d1_m8,1
6,186,6,124.03332378894825,9.003087706135881,0.769911434401584,-1.3487424482948611,1.488585725413526,-0.35306525678632106,-0.04085715739442919,-0.7603542125248645,0.6237857291858873,0.04372125194257692,0.2971954834907836,-0.1078618637379734,0.2770711333711688,0.1946336662440738,stratified_coverage,6.734224192933471,12.608467130137518,10,9.95177512004,8332976.38224,8332976.38224,1.00000000,0.98210721,0.96593602,apodized_d3_m10,1
6,187,1,122.51603667542037,11.255888943156252,1.0938739959283565,0.06695726402666935,-0.9688407901260987,-0.5676726923945161,0.3449264220410748,0.9397674672568721,-0.055902199043740275,-0.5887795166589318,-0.3352795991877111,0.06348333437566245,0.35026453354344317,0.24540508101096553,global_random,7.158016312775832,13.406494448676487,10,10.0737221736,2203401.91636,2203401.91636,1.00000000,0.97729799,0.95507155,width2_d1_m8,1
6,187,2,129.1989283502201,11.191636671195115,-0.07039938420889458,-0.3062294413384161,-0.22576726250703993,-0.1647872017549643,-0.5162250159743944,-0.017096983668936527,-0.38045568727042184,-0.04391765504806566,-0.04971503560047752,0.2626654523916203,0.12800915683831954,0.2152328465047823,stratified_coverage,9.947712081828016,12.910882188525191,8,9.52693164087,7648623.56749,7648623.56749,1.00000000,0.99616700,0.99337434,width2_d1_m8,1
6,187,3,122.12291093250202,12.766921976481905,-0.19323492498238848,-0.45073637814710865,-0.38406785880658456,0.22831866807581858,-0.2913063523428398,-0.203757784267235,-0.24393835574300754,0.15048078062753023,0.030525922979707104,0.14948240913882238,0.023382087944794266,-0.12383163472105621,stratified_coverage,11.708282495531586,13.884326676447515,5,8.6523824583,98477.0336236,98477.0336236,1.00000000,0.99841003,0.96813430,width2_d1_m8,1
6,187,4,125.23101520576877,8.930533883331918,0.19635954688157087,-0.035702830742493585,-0.7701195416603122,1.0069027326056401,-0.26425134327762434,0.10029702469671009,0.07706772457241817,0.5097728314977086,0.16617447093934046,0.48634883159640196,0.16994049577076648,-0.04077976467680994,stratified_coverage,6.550978801857381,10.152582463595117,10,9.84083639635,8858701.91756,8858701.91756,1.00000000,0.98971186,0.97933542,width2_d1_m8,1
6,187,5,126.72714459276722,9.968617651909835,1.5996783725203376,-0.581173658282945,-0.7353637708758798,-0.36654207881486034,-0.13579828951673367,0.7088222922325822,0.40251878742848857,-0.15781722933574893,0.06929680164198215,-0.29614761842388493,0.2621191542616857,0.29819297420881014,stratified_coverage,6.984777806307439,12.447169904884884,8,9.73334329209,2038345.86151,2038345.86151,1.00000000,0.98016047,0.95999364,apodized_d3_m10,1
6,187,6,124.34227926822243,9.87027669109881,-0.9249627722999398,1.1980085532392577,0.8000896298226088,0.09429594133009123,0.48123797880575236,0.08539026536288241,-0.1647356672805358,0.5178648514349897,0.43937886111942703,-0.46399608558713684,-0.059246100155053716,0.25078962019716605,global_random,7.59830715700842,12.755417429605876,8,9.90982709307,4305003.62292,4305003.62292,1.00000000,0.98648170,0.97335578,width2_d1_m8,1
6,188,1,122.35211087815514,11.017931809235032,-0.09139617855812698,-0.37438920327487923,1.363909300410816,0.2627222245856118,-0.12126604217791925,0.4147218315086765,0.5632815710421728,0.3913442168024661,-0.39477586478862803,-0.04039718121220748,-0.4179083768789057,0.190253673550774,stratified_coverage,8.90897572048439,13.366602256115213,7,8.82154763898,102561.413736,102561.413736,1.00000000,0.99861662,0.98076969,width2_d1_m8,1
6,188,2,125.86424268540108,13.026147000105665,0.4467876255136538,-0.7568363292697995,-0.011206289716509832,0.2015782541603116,-0.1931437117213069,-0.3063030050496065,-0.06276676912701892,0.0821722883253444,0.10737597906635726,-0.07286210993829584,-0.0350500093606735,0.04406169719444189,stratified_coverage,11.825871595180093,14.019482659283073,10,9.78727234908,7093036.4225,7093036.4225,1.00000000,0.99580761,0.99198096,width2_d1_m8,1
6,188,3,127.46155233018551,8.773734030680526,-0.4402296280209004,-1.314350562668438,-1.7699344408071898,0.39803743024412275,0.6254867910750885,0.4178176460569629,0.5951404629611958,0.21568848480314262,0.20801925782164132,0.007812737183992557,0.14485681298135394,-0.07720772644684376,stratified_coverage,6.585386465463924,12.735968937446584,9,9.679200055,11883216.3903,11883216.3903,1.00000000,0.98388576,0.96882013,apodized_d3_m10,1
6,188,4,129.18101455096982,9.13276141739328,-0.14402758869050558,-0.592959715873679,1.10822252719505,0.2720953533856425,0.28139233504887096,-0.021483608700982648,-0.4420311211991317,0.18673756108175932,0.17089857846535172,0.03914702943109938,-0.07883804807196299,-0.11742197178092811,stratified_coverage,7.068384222683966,11.077511029518337,10,9.51532115756,11677384.9528,11677384.9528,1.00000000,0.99188407,0.98522007,width2_d1_m8,1
6,188,5,123.99065851461692,10.842946706248759,0.9683896671671954,-0.3978889886615893,-0.41941763902189777,-1.3763364379876237,-0.13450268959788947,0.7383349937416672,0.027867756076099814,-0.5508709896232777,-0.5275680239777837,0.5393618780728444,0.030251460778017103,-0.2802721456554704,stratified_coverage,6.6730506546380335,13.208803362862657,10,9.95069471929,4466150.6009,4466150.6009,1.00000000,0.98070238,0.96162718,width2_d1_m8,1
6,188,6,125.4678453915334,11.344942610754188,-1.165263312713676,0.5165460407917841,0.23483198987917686,-0.5669310167194805,-0.44431646191035135,-0.23223571125871179,-0.32229286453800565,-0.7625378655240316,-0.23086788950795673,-0.3160528178235965,0.24304714331923088,0.1425170421252075,stratified_coverage,8.723609595965765,13.427574474301226,10,9.8169617803,4530143.35938,4530143.35938,1.00000000,0.98838027,0.97784556,width2_d1_m8,1
6,189,1,127.74089458142662,12.533693022430976,0.4801625164446519,-0.061749318453480195,0.16402642513186627,0.06711409627239762,0.1771823600170378,-0.08977594855935439,-0.2238079518647594,-0.23330485370936357,-0.067802290660901,-0.11621435954910282,0.06582963143300768,0.021495376628375723,stratified_coverage,11.929549119736253,13.52519866454413,10,9.6384005135,13341985.4958,13341985.4958,1.00000000,0.99819106,0.99716362,width2_d1_m8,1
6,189,2,128.6856078490542,8.53934630048125,0.09434415834444065,-1.3767191279006044,-0.4658630565670838,0.3362222003290174,0.6996126796158479,-0.02598411954239932,-0.2806681047830685,-0.4532194329139616,-0.2906985123932546,-0.38890297433143584,-0.28805629215568374,0.03324208973529447,stratified_coverage,6.821534288468663,11.55948073833251,8,9.55799383676,7454880.68235,7454880.68235,1.00000000,0.98840902,0.97802119,width2_d1_m8,1
6,189,3,122.5919376401494,9.953667085469903,0.35192957627872845,0.038403299755846554,0.8109562872033707,0.483983575979108,-0.09079869868608514,-0.763735626457617,0.0694307080315737,0.13938451239073701,0.3765291680688294,-0.42851047269531406,0.04327201085023363,-0.3338437113528342,stratified_coverage,8.088290833001237,12.044900065171358,10,10.0554537643,5710128.29544,5710128.29544,1.00000000,0.99169121,0.98348989,width2_d1_m8,1
6,189,4,125.03841951978217,10.252217106886516,0.20121747158407421,-0.9907501753638881,-0.34814802532563904,-0.6073542909270286,-0.5013733625094485,-0.6180639675276984,-0.20037940988103498,0.04958866789769911,-0.40743768880876874,-0.054089922538784196,-0.34997868454546355,-0.2403242735230457,stratified_coverage,8.190405536891582,12.897820171798514,8,9.85384664543,4386890.1395,4386890.1395,1.00000000,0.99015018,0.98090421,width2_d1_m8,1
6,189,5,126.46619083843827,11.066399772159706,0.5427667492705868,-0.022979679855235524,-0.26971515944833535,0.3201143730647995,0.7808987851369338,-0.323572665204103,0.1927577509622067,0.14911067185700433,-0.3001352176672589,-0.3438535765489301,0.006651252589585266,-0.2404106332936035,stratified_coverage,9.111833273526576,12.461030681294549,10,9.74810015021,8192220.09084,8192220.09084,1.00000000,0.99428653,0.98840315,width2_d1_m8,1
6,189,6,129.3015652570603,12.631702404721159,-0.4847605147218888,-0.3962644924868185,0.4505134397071714,-0.13245289706696184,-0.36311154295908604,-0.34395411530847064,-0.06815681871430965,-0.11693101651383953,0.18421144083975183,-0.028016208111439928,0.09117812062066652,-0.007790072113470603,stratified_coverage,11.445852807074896,13.863572992860083,10,9.52532364276,13211143.2742,13211143.2742,1.00000000,0.99742428,0.99530619,width2_d1_m8,1
6,190,1,123.09923771997352,8.620658662362585,0.8614354465282088,0.23470453807839275,0.7863316809608609,1.1026023578752622,0.46141120386842926,0.48268679674054726,-0.2875741892616528,0.5219151021059185,-0.04462078174097095,-0.1154451449174908,0.3093185012158182,0.16688867148814596,stratified_coverage,6.871431263030551,11.818533414759797,10,9.99460872395,6505204.54125,6505204.54125,1.00000000,0.98804203,0.97723170,width2_d1_m8,1
6,190,2,124.64694072731879,9.508461784854797,-0.6624182330793598,0.543405278748327,1.6924174869130566,1.0825284509799247,0.3436055632640267,-0.04810071667958482,0.034095356229617124,0.17074181336838445,0.2941192006176585,0.44529918622969245,0.23737959440630668,-0.10405957163784363,stratified_coverage,6.55421578626135,11.879204047585771,10,9.88119184829,2591012.78723,2591012.78723,1.00000000,0.97839814,0.95748771,width2_d1_m8,1
6,190,3,127.61134930801391,10.06541932114612,-0.5966943455966829,0.6690854848645591,1.3339047366720254,-1.543352682331251,-0.6857865824775604,0.6061200409490661,-0.05319750373624821,-0.009341630001465817,-0.0464234801668677,-0.5083524255467713,0.008095126024103227,-0.10790285936922561,global_random,6.705562553390557,13.32227222745328,8,9.65422931242,6975838.69565,6975838.69565,1.00000000,0.98234911,0.96513700,width2_d1_m8,1
6,190,4,128.4120865517608,11.008373106510712,0.9504853421653854,-1.602927681897379,0.919387242399303,1.1505057031836146,-0.2787506427619846,0.10142571524505217,0.30004144582146397,-0.6783153627860155,0.1318305266550911,-0.03643118522625788,0.3499426939342917,0.24101475722591276,stratified_coverage,6.667924715397919,13.38565117608369,5,8.39731330418,98937.2203557,98937.2203557,1.00000000,0.99152718,0.96555127,width2_d1_m8,1
6,190,5,123.84801944118371,12.83941437351783,-0.22412930670897335,0.4553585721414075,-0.3528031592027293,0.541849707593303,0.38162482845633805,0.287544869692412,-0.14318077627769674,-0.2468071129644522,-0.18045347027699588,-0.06450301279246615,-0.03461649138895197,-0.14521719359261318,stratified_coverage,11.27407232710119,13.94017054376312,5,8.5012576286,97199.8664108,97199.8664108,1.00000000,0.99909384,0.97325143,width2_d1_m8,1
6,190,6,124.0685519532619,8.577256944570735,1.3278210190362048,-0.40751752933763874,0.6838158347406191,-0.7888988399967369,0.2808910766517234,-0.6089283262669198,0.3583799730032393,0.0018283980718523107,0.549338880145241,0.10113280487065268,-0.4019309387607511,0.25289978339838676,stratified_coverage,6.633882717968595,11.5534256454484,10,9.94720503474,4031462.06401,4031462.06401,1.00000000,0.98431824,0.96848288,apodized_d3_m10,1
6,191,2,124.07879756585027,9.796815463230734,0.8574549308637103,0.16721276930865248,0.3853767746175205,0.5519668067642691,-0.9874042409095298,-0.18495018116487838,-0.546078201556219,0.3668638373025268,-0.07809833817267886,-0.49575864133281805,0.028407430035097492,-0.037436895471829934,global_random,7.9588350761403,12.664245691054072,9,9.91610381697,8439142.5829,8439142.5829,1.00000000,0.99121688,0.98380132,width2_d1_m8,1
6,191,3,123.26206347408811,11.098751724990262,1.5442233383727313,-0.6935481067405707,0.020917651043458774,0.9198969279614129,0.08347118075845406,-0.615875205944955,0.03514641399297358,0.6337009968060563,0.2821722455389809,-0.13830426108829968,0.1779554205024077,0.04941175198146863,stratified_coverage,7.337932548166204,13.304087273138855,7,8.7881699627,101375.23938,101375.23938,1.00000000,0.99297939,0.96968000,width2_d1_m8,1
6,191,4,125.61263818010958,12.447172205945513,0.012503248901831188,0.3481452777736811,0.604282165014877,-0.5250598489058909,-0.2844483496677608,-0.19827787633741054,-0.13175627402767198,-0.26845124522474423,-0.04015254112550509,-0.13754161199860848,0.0869611384001949,-0.1108947236700714,stratified_coverage,11.091662946869192,13.627376097872279,10,9.80551884373,6789554.53748,6789554.53748,1.00000000,0.99533690,0.99122327,width2_d1_m8,1
6,191,5,127.74322045639938,8.861814217300605,0.49938219304332154,0.6470834534457675,0.29059784489487783,1.5235338833572334,-0.6490386922396967,-0.6440238508780741,-0.4102432638389926,-0.5782738153755622,0.4970016681884697,-0.5067151487716209,0.11965183168830579,0.20552134324118482,stratified_coverage,6.696735102548223,13.038215584044215,8,9.63459550166,6664094.24593,6664094.24593,1.00000000,0.98500317,0.97122028,width2_d1_m8,1
6,191,6,122.11707281989432,9.063906261328594,1.916874233881936,0.24671696690708034,0.4553090173214416,0.3578773663261374,-0.37373065885625456,0.5257251237919021,-0.5228251769863701,-0.13920316063618077,0.037764226211503216,-0.09018443805560533,-0.15316373729109306,-0.04376484916986628,global_random,7.170826870029356,12.325753087115057,10,10.0694742702,6241899.06305,6241899.06305,1.00000000,0.98532607,0.97210764,width2_d1_m8,1
6,192,1,122.14927520753686,10.72269999027702,0.7518653537240394,1.173332803005628,-0.830825500334587,-1.3007874860261774,-0.6002388900860158,0.855454974287706,-0.030342848407231116,-0.023671422294606836,0.40855507005521674,-0.19824443857726165,-0.18363431626682403,-0.02338740601965933,stratified_coverage,7.174772512783579,13.038437829113164,10,10.0932553051,9234022.66172,9234022.66172,1.00000000,0.98250413,0.96517054,width2_d1_m8,1
6,192,2,124.07329377060422,11.315273436212927,-0.2970521189820823,-0.7327088836699789,0.7323627820143155,-0.5960256597824061,-0.31134154785153456,-0.37090925782489026,-0.3579322845239823,-0.03616989359642098,0.07102603921857376,-0.019446439618476363,0.4446640003045677,-0.33295791985991596,stratified_coverage,9.310427237958825,12.912865341898737,7,8.756512135,100221.465377,100221.465377,1.00000000,0.99616444,0.96797596,width2_d1_m8,1
6,192,3,127.21202570366175,13.48315242526371,-0.6063586735763976,-0.7497647728158484,-0.03739316555868111,0.28524889627072414,0.0010345127180539926,0.2343790910182605,-0.08147505917155548,0.2051349796021384,-0.16227177503640056,0.05863345837073747,-0.09215645406492957,0.002723917527540365,stratified_coverage,12.2328764828852,14.63622687247869,5,8.13992530376,94091.3701676,94091.3701676,1.00000000,0.99678706,0.97008264,width2_d1_m8,1
6,192,4,127.2520210260085,9.758052676766507,-0.518660058620841,-1.3114532674133537,-0.6275026132037931,0.17474325805716484,0.8382745619153837,-0.8643980978468235,-0.13827172350663164,0.13565552024881078,-0.11558904381015139,-0.3465665478605243,-0.4033891582960501,-0.1951365297049783,global_random,7.780386136706309,12.55278420820695,5,8.72987440297,100729.481445,100729.481445,1.00000000,0.99231714,0.96801940,width2_d1_m8,1
6,192,5,128.420471815507,8.022029313364884,-0.1557910741842404,-0.08404781392609603,-0.14813117517141244,0.06435108368783649,-0.03285674749143485,-0.2085256728805583,0.5227717737750769,-0.1748360713188309,-0.1024393901073977,0.06388672482228244,0.06840513471192786,0.06897580810410757,highQ_anchor,7.146086704378814,8.835037672671623,8,9.60607783292,39277882.0228,39277882.0228,1.00000000,0.99848170,0.99845501,apodized_d3_m10,1
6,192,6,125.54820653443457,10.245477789914524,-0.6231254516992164,0.8598557092265668,-0.23883511007149338,-0.2911575067185601,-0.15920787102985945,0.23595480793514545,-0.7529186419233858,0.17159856265879658,0.2916276146838779,0.39911494621835,0.2519897183358227,0.2607651685282211,stratified_coverage,7.958639014616122,12.581449947682225,9,9.79789043429,4258449.36816,4258449.36816,1.00000000,0.98938187,0.98076754,width2_d1_m8,1
6,193,1,126.52574394504792,11.11241540169474,0.26768838243802984,0.8658330389307851,1.2577068476777649,-0.775591709179736,-1.0770896723841417,-0.26251231375307615,-0.21261419761518763,-0.07201656910889809,0.24139911192901042,-0.19738195918921336,0.06843683505934922,0.24207598787819534,stratified_coverage,7.6696339374803175,12.809284461621468,9,9.73410364904,6838182.81894,6838182.81894,1.00000000,0.98480071,0.97051917,width2_d1_m8,1
6,193,2,129.55505825863932,12.391699402893904,-0.1689113117048784,0.22652384033447737,0.1096872727469913,0.018261099270404424,-0.23897332768248614,-0.4032863635332846,-0.09798905385156897,-0.21504457529585252,-0.0352301430236599,-0.12323472065496038,0.36576854204016035,-0.39334000006156605,stratified_coverage,11.069906093282038,13.440034009232857,5,8.18636443991,94821.6175812,94821.6175812,1.00000000,0.99897395,0.97826772,width2_d1_m8,1
6,193,3,123.12347850849565,8.270091859625685,0.6671747792662006,-0.08188596549989091,-0.023953925472095294,-0.1699603127703604,0.36883791026641966,-0.35381844574387866,0.5869057344583337,-0.20757754277949303,0.40668026310454175,0.42768926019616627,0.3493847181095579,-0.44381163219751085,stratified_coverage,6.637244297386664,10.732583017904613,10,10.0334728843,4536041.65296,4536041.65296,1.00000000,0.99025365,0.98197453,apodized_d3_m10,1
6,193,4,125.86850931582813,9.895888670402607,2.079533630696874,-0.3888827068832432,0.4109772482387337,-0.238656991349665,-0.5115312607935637,-0.41700682432062275,-0.11209944247991588,-0.4257322409177725,0.3243876237225053,0.28064983122209664,0.04590954075574338,0.16511683475479771,stratified_coverage,7.311372886331651,12.824325540778247,8,9.7840115429,4713030.87266,4713030.87266,1.00000000,0.98388283,0.96821216,width2_d1_m8,1
6,193,5,126.55765333806848,10.385396623749248,-0.26696683821254474,0.22199903467831694,-0.5326656473911071,-0.1871111004950159,-0.0657174478928535,-0.2999722814494157,-0.318843523223922,0.6275683734469861,0.11042532969131458,0.23643126457363106,0.36944209026641145,-0.3910533426150455,stratified_coverage,8.949441975321836,12.243470395360667,8,9.73597193369,3475887.64134,3475887.64134,1.00000000,0.99102154,0.98295383,width2_d1_m8,1
6,193,6,129.06653625094742,11.032954223531746,-0.49026298417550995,1.4942034038779468,-0.28730990884824004,0.031640452272440944,-0.020207588674190147,-0.000774047241322684,0.7586182222303008,-0.4538792408194791,0.026180950498071565,-0.40028516681468657,-0.034769938791329724,-0.24164056159715877,stratified_coverage,8.123358112598101,13.209715767177281,8,9.56885843047,10098939.5529,10098939.5529,1.00000000,0.99050675,0.98313696,apodized_d3_m10,1
6,194,1,122.63564480427766,10.434004186037736,0.4429060949089654,1.844993760979058,0.5851110527023542,-0.20314464986321346,-0.00931973278798881,-0.16082225066482758,0.10102117772592967,0.6381871861750941,-0.2763826833376604,0.38251778094279465,-0.09977327439198258,0.17097053669866785,global_random,7.60174941616892,12.955743405705398,10,10.045730381,8589551.41638,8589551.41638,1.00000000,0.98502996,0.97044579,width2_d1_m8,1
6,194,2,125.92252459394038,8.742623210200296,1.8450344212354857,0.6178727630107068,-0.16701747369625575,-0.3519999189909073,-0.35750912842510707,-0.8992434952166715,0.26390652262994485,-0.3837970006898038,0.027456202967350296,-0.24904715313687092,0.2357647666940102,-0.32039819050026763,stratified_coverage,6.583272331709353,11.82820004626891,10,9.79437101616,6649438.02644,6649438.02644,1.00000000,0.98164555,0.96298748,width2_d1_m8,1
6,194,3,126.2006014427637,9.765235480499664,-1.5547939096825196,0.2022546079778733,-0.0756841009022875,0.9854851306820607,-0.13400821436417976,-0.2052607581700736,-0.23823606531126684,-0.05314015979949094,0.4580633614658498,0.08652380109192825,-0.430723038825147,0.04594236184575157,stratified_coverage,7.600715983694615,12.945738152748419,8,9.75438671999,410215.128186,410215.128186,1.00000000,0.95436532,0.91051562,width2_d1_m8,1
6,194,4,129.21427922518401,10.254524629225084,-1.6919340292394818,-0.490632326103535,-0.9646522415944664,0.022037185677341142,0.018353288464381556,0.7904410045954195,0.42853559157476306,-0.5177006939260341,-0.10771784062173273,0.29897191774707865,-0.43334140421288553,-0.33622485841637934,stratified_coverage,7.490982361309029,13.174852871689643,8,9.54719152743,2104279.75607,2104279.75607,1.00000000,0.97882766,0.95748473,width2_d1_m8,1
6,194,5,122.04678766631663,11.253965034909255,1.0191626447449869,-0.6171006733482123,0.6304473024360935,-0.04031257686533851,-0.3461072048261744,0.15613355098789716,0.45357053791647917,0.3233069216192357,-0.23487839327258497,-0.01684604595637007,0.13610597681075837,-0.374844124242382,stratified_coverage,9.003611837159022,13.00106041193145,10,10.1162366486,3303159.07062,3303159.07062,1.00000000,0.98853726,0.97669661,apodized_d3_m10,1
6,194,6,126.89356734285785,10.558974895398176,-1.5484990140301025,-2.1661739124804233,-0.1302609711103797,-0.11546977788368928,-0.35177221293911864,0.9879459126190322,-0.40779842518028797,0.33169774815824704,-0.04819014027697377,0.26333027823823674,0.022907797781727746,0.39951341600625306,global_random,7.367683551557149,13.44378515310649,8,9.6932756077,2577955.3152,2577955.3152,1.00000000,0.97098752,0.94438207,width2_d1_m8,1
6,195,1,128.6516015162825,9.820294065558798,2.042804177259792,0.2673152608634637,0.31385402955461195,-0.2918899936510124,-0.18662228935935388,-0.5961483572312094,-0.14307313109325293,-0.15245917495814376,-0.4565913714898507,0.4943403169387979,0.2103850550865482,-0.303353089806352,global_random,7.3192287828717575,12.63159652377265,10,9.58258898196,546692.663705,546692.663705,1.00000000,0.95850040,0.91846676,width2_d1_m8,1
6,195,2,128.6704665227075,9.687738741930415,0.21715379006465163,0.9974322828453213,-0.3285914240356529,-0.6392991939857993,-0.057297921972217614,1.056528516852059,-0.7395484768790512,0.45448085013900963,0.07946168583646462,-0.2456335709276457,0.1832807953249796,-0.11025483850897705,stratified_coverage,7.97025919068617,12.585304847806643,10,9.55840642188,2207409.48315,2207409.48315,1.00000000,0.98448843,0.97064781,width2_d1_m8,1
6,195,3,123.58750307305728,10.386885460162354,0.17935819312940904,1.1272929261848073,1.2588485819578221,1.0073303469715602,-0.5942669901056575,0.9314773973291088,-0.021797582229885593,-0.3194224171897229,0.32365911945393855,0.5394706597734333,0.11068517854275545,-0.3057762351528884,stratified_coverage,8.139070922949204,13.208539142415765,10,9.97539341729,5189644.22805,5189644.22805,1.00000000,0.98428707,0.96898067,width2_d1_m8,1
6,195,4,122.3848086329453,9.979649633986396,-2.129143748470412,0.7050408409250659,-0.3953137398384623,0.8170344063566846,0.5349865955939745,-0.5248382793781265,0.17966834540584087,-0.4260080925722616,0.008685707704476076,0.34646241033779235,-0.44129311405687965,0.4176339835181901,global_random,6.579267090203696,12.635501225413,10,10.0822586049,1583564.54136,1583564.54136,1.00000000,0.96979354,0.93998036,width2_d1_m8,1
6,195,5,127.0835249412272,12.301935834256454,-0.6327695008098075,0.4656184540747439,-0.4756565011815231,0.6259048611889649,0.3196697358709176,-0.10818870952485349,0.11314384508075276,-0.008765040107804378,0.12694639728196416,0.0030704596561174358,0.1020788536329856,0.0023214106685451597,stratified_coverage,10.476223987274233,13.391494397697697,10,9.69623894191,12492141.3592,12492141.3592,1.00000000,0.99644773,0.99289285,width2_d1_m8,1
6,195,6,128.3939159775443,8.197669563538328,0.38942591631877166,0.24444743672011393,0.5436848967353847,-0.2855185573073231,0.5039298724412811,-0.5006377071494132,-0.21666995054364724,0.021218529789039153,0.05926430239123648,-0.22870431200457608,0.3102587434836153,0.003033386569065266,stratified_coverage,6.609802314618653,10.02143011531507,8,9.57936043054,9584665.05261,9584665.05261,1.00000000,0.99371962,0.98838821,width2_d1_m8,1
6,196,1,122.47507868114253,9.136478555703457,-1.9021328040341103,-0.5113669412479727,-0.23617797714645827,1.6408172780676111,-0.4094851229887694,-0.6827317707752643,0.31810161900324685,0.10446999490394937,0.044715124645893556,-0.06884778749334874,-0.06629320278265544,0.05015750227562926,stratified_coverage,6.675049425568233,13.159266605828472,10,10.0668102357,14514708.2315,14514708.2315,1.00000000,0.98024312,0.96056480,apodized_d3_m10,1
6,196,2,124.66340532263632,10.027941229793022,1.6942205845495772,-0.5536840790309403,1.6017103264247903,-0.3972596822464822,-0.8337426513508874,-0.11691478100282227,0.7966794456020159,0.38559098283349647,-0.5081889911595405,0.12229501173781798,-0.2388710390284576,-0.01592967289913444,stratified_coverage,6.8086457213442815,12.929614495141063,9,9.91882324288,4506226.52883,4506226.52883,1.00000000,0.97666652,0.95759323,apodized_d1_m10,1
6,196,3,126.19154851005885,11.26042258866741,-0.22618263135024064,-0.12386438814841139,0.7872065256590395,-0.12065910771929378,0.15867860166579706,-0.5787164737290111,0.29057950307799363,0.7769609191582021,0.0871307188775865,-0.12244404307037532,0.05307051106523125,-0.031376715561238555,stratified_coverage,9.7678037263207,13.363082399906645,10,9.76807655428,19415157.1641,19415157.1641,1.00000000,0.99597264,0.99162183,width2_d1_m8,1
6,196,4,128.56603454436205,12.723710787595095,-0.4387329079187361,-0.5453022492134774,0.043883468309010354,-0.5718748270038092,0.050099418070050694,0.02916784916318066,-0.06315773350896564,-0.18021851565013228,0.010686528367070514,0.071368024031145,-0.014698426634357054,0.13089950003610593,stratified_coverage,11.315197534308162,13.631233076575699,10,9.58252340851,6766618.64793,6766618.64793,1.00000000,0.99551091,0.99136339,width2_d1_m8,1
6,196,5,123.02763645677186,8.96457592072355,-1.6129296131355237,-0.20887123135999675,-1.0556686994723958,0.7798073820707245,0.744145663139262,0.24101995697709255,-0.03394598498115331,-0.4508068672186969,0.13644816086665645,0.053959895238544275,-0.434678210357689,0.30287344408749556,stratified_coverage,6.508137904460385,12.153286158736245,10,10.019474076,3593255.21832,3593255.21832,1.00000000,0.97919998,0.95886312,width2_d1_m8,1
6,197,1,128.15975692662835,8.47704767377437,0.4257049282193286,0.11468454405767209,0.024678648595115003,-0.035543084162104555,-0.2529994644493291,-0.2486974118728762,0.49705869986315837,-0.49344561982173707,-0.09524952764286086,-0.11606589942501386,0.021947638296628477,0.13249836915840513,highQ_anchor,7.2403808097225575,9.700804115224624,8,9.62560373491,25433005.0403,25433005.0403,1.00000000,0.99696671,0.99509922,apodized_d3_m10,1
6,197,2,129.50129835080457,11.050574777484156,-0.2563773369071707,-0.5407874782451212,-0.7092210371638428,-0.8958000753086698,-0.4330648092529469,0.6484591371715636,0.29216427694149716,-0.39849953766394375,-0.3097964781079542,0.3253773950257465,0.08809576896126808,-0.17402468664732357,stratified_coverage,8.74412106633078,12.926177763808331,8,9.5204415848,10798526.3153,10798526.3153,1.00000000,0.99259377,0.98482758,width2_d1_m8,1
6,197,3,122.82826445599343,13.222339652774446,0.20795562688866498,0.2717432139657925,0.2415873764124602,0.0018421978251254023,0.14042341139396208,0.05039609154561747,0.25278206209624293,0.059967601625923295,0.024141745374975015,-0.008220371544777588,0.13969746745972697,0.011329962513062508,stratified_coverage,12.681549901754657,14.248545991386996,5,8.47593468945,97231.4747576,97231.4747576,1.00000000,0.99953867,0.98075951,width2_d1_m8,1
6,197,4,124.2296246898891,8.981289831983403,0.48436906076255504,0.09513866379477687,0.1343633200266745,-0.5712210455085864,0.583367043378701,-0.9307965080454057,0.6271962923125223,0.005500613868272053,0.35026102483904353,-0.5070870418771403,-0.19535829203463412,0.2678047094712939,stratified_coverage,6.894230033562875,11.528985228628652,10,9.94289168118,4629502.55319,4629502.55319,1.00000000,0.98824066,0.97824596,apodized_d3_m10,1
6,197,5,129.60439853902298,10.524722382637602,0.11425378658172347,-0.674160601427289,0.47166068319306054,-0.5312445284853509,-0.14289714137607468,-0.4680928818526908,0.46046002567573807,-0.5188377477265279,-0.39639904673762727,-0.4496344257371208,-0.36375759184226275,0.23948163495659708,global_random,9.260566595113207,13.304127432325412,8,9.52661873136,4947974.94756,4947974.94756,1.00000000,0.99168694,0.98340294,apodized_d3_m10,1
6,197,6,128.28710039708884,10.2929930445881,-1.549433789355135,-0.4721897393119894,0.21793206803858367,-0.5025327042668821,0.2507875947585707,-0.3417210925409633,-0.5741138757018307,-0.026886683697841085,0.27561957190786535,-0.09923640327461575,0.18273830230790727,0.3913112799171738,stratified_coverage,7.744041943912375,12.723440986353241,8,9.59486520873,3458697.54233,3458697.54233,1.00000000,0.98628865,0.97393441,width2_d1_m8,1
6,198,1,122.06681792342837,11.399176606707156,1.0644015672284532,-1.7542219739114355,0.7972751496822321,0.62587455198362,-0.9569702034564435,-0.04077557902960294,-0.260716697054869,-0.7415402165523963,0.1941421992878416,0.08896007317071308,0.2117750035225346,-0.17011446270322417,stratified_coverage,6.811335562912021,13.491898527171236,10,10.0957034431,5071920.2695,5071920.2695,1.00000000,0.97440263,0.95006325,width2_d1_m8,1
6,198,2,124.04610400630544,13.01885860418513,-0.7285344508808189,-0.3879305208913673,-0.4148180781816859,-0.47405373810950124,0.3165346971667141,-0.06202946075258592,-0.008663946625772023,0.1305445854376997,-0.11135026998132506,-0.012877518821848594,0.06917813481261806,0.11997269067585756,stratified_coverage,11.463953152976254,14.243176793109514,5,8.43731762914,96755.7409,96755.7409,1.00000000,0.99852570,0.97534378,width2_d1_m8,1
6,198,3,126.45533040354843,8.096603566758175,0.8983141129988961,0.4005377867527926,0.49459413108311456,-0.038768579118849456,0.5458789554829797,-0.11263884688736481,-0.07977868527977294,-0.26673140545317175,0.2948554078132466,-0.3609812967458147,0.09873647736621732,-0.3427247811241917,stratified_coverage,6.7713435312973305,10.841379518534474,8,9.73270922144,8147907.27412,8147907.27412,1.00000000,0.99200036,0.98462260,width2_d1_m8,1
6,198,4,128.21381903217278,9.685973765990704,1.4974496307781515,0.9282239085802484,0.7490544637533734,0.9315632308214299,0.683301257366058,-0.6273900695581673,-0.19173706849554828,0.1101810011005947,-0.1519130970740632,0.13251831257141122,-0.21077737774038052,-0.2893055190645245,stratified_coverage,7.199959479264207,12.604777778013997,10,9.60048000524,2440854.04845,2440854.04845,1.00000000,0.97888621,0.95889184,width2_d1_m8,1
6,198,5,123.34909368227187,10.547340123909034,-0.4754694058740381,0.24187466698079918,0.6221553030947853,1.1590090575696579,0.37599782221668754,-0.3015103909833944,0.6828572300527433,0.28543296067412216,-0.3569784630934855,-0.1976178345274287,-0.023736419934160258,0.045657253579161505,stratified_coverage,7.912919444168338,12.936046164284367,10,10.0077178356,22337090.4832,22337090.4832,1.00000000,0.99201086,0.98583082,apodized_d3_m10,1
6,198,6,125.62146500403387,11.00509966102163,0.15264145539803087,1.1256509302338684,0.002061891235832336,-1.458781217448992,-0.2547955253841795,0.8113509751549872,0.5843699719603159,0.5660512304123329,-0.07387526581843001,-0.04886880202383048,-0.3105221090313991,-0.22700966251501822,stratified_coverage,7.151506468553877,13.113981082035995,6,8.58617226059,100607.469675,100607.469675,1.00000000,0.99478461,0.97717708,width2_d1_m8,1
6,199,1,127.60395271110315,12.881438771511082,-0.5915620828149425,0.24133996963558801,0.4280821629665149,-0.2806941829378602,0.21315058813507848,0.3094382167902353,-0.23346369170744283,-0.14504839992692697,-0.06440238708966861,0.10372741704033428,-0.13228667616925413,-0.046682131030728616,stratified_coverage,11.972525321805936,14.654478668112445,10,9.65356646726,3813232.36687,3813232.36687,1.00000000,0.99258578,0.98575828,width2_d1_m8,1
6,199,2,128.24506350246205,8.371742787090458,0.3230564274412404,-1.4465611945906998,-0.44737812585684456,-0.6405314943090037,-0.7998043773710752,-0.1846544592982985,0.09009717386952132,0.29308491011673343,0.3892833635102394,-0.31232388512755327,0.0012109055869695684,0.40687074791669026,stratified_coverage,6.576906024068948,11.533286053039216,8,9.61091534235,6137931.66388,6137931.66388,1.00000000,0.98630116,0.97260748,width2_d1_m8,1
6,199,3,122.97483260778252,9.74713709469349,-0.21105799890218147,1.9908720782919147,-0.9441504862103879,-1.350284830025422,-0.2605291407786513,0.23345289292445615,-0.16577466720150869,0.3974249890865058,0.5189408490958256,0.46720124739576585,0.3199941871475254,0.10276469607491473,stratified_coverage,7.052896743871399,13.101960056402522,8,10.018967032,1693287.95582,1693287.95582,1.00000000,0.97311523,0.94731468,width2_d1_m8,1
6,199,4,125.29964295484504,10.115945521646085,-0.19811740812126288,-0.26408319042091577,-0.2923298666260683,0.7634628327865818,0.5952719920737746,-0.31568243767116566,0.6434788072897362,0.6553958505420157,-0.1428520566327095,-0.03549931881539348,-0.2520097656339747,0.3506516322904735,stratified_coverage,8.117477225274442,11.8560630007933,6,8.79957611018,102586.830189,102586.830189,1.00000000,0.99938639,0.98974629,width2_d1_m8,1
6,199,5,122.9623185957761,11.461832139925562,0.6575104239564586,-0.24888653357830348,1.4382913205287886,-0.6331586811351955,-0.21585748784112135,0.7150448266735765,-0.11240174430292671,-0.05929400320503453,0.02840318241725781,0.050000561272140254,-0.040396135449877746,0.06987881004070157,global_random,9.008573282449312,13.347507531282819,10,10.0130499476,12147710.7367,12147710.7367,1.00000000,0.99131734,0.98335661,width2_d1_m8,1
6,199,6,128.92747842168515,12.890192343804523,-0.049015241822113476,-0.3568798434686101,-0.5421621303171887,-0.037332451907719166,-0.10541428310320727,0.2908562205520867,0.05500953484747295,-0.22177337262788832,0.08278803673216079,0.026222766858919222,-0.0038717624487942803,0.05965714591930693,stratified_coverage,12.250972900213327,14.133062177970464,10,9.55489982359,14557430.3441,14557430.3441,1.00000000,0.99825378,0.99674734,width2_d1_m8,1
6,200,1,123.51535326996182,8.366186378693216,0.4275494586676296,-0.2198051846373712,-1.0829254393484904,0.22002202237156765,-0.43587571199170505,0.4891073484597279,0.04237734910160973,-0.698962109990497,-0.3867319050968647,-0.5259911400475351,-0.2422752845801802,0.11485786550678528,stratified_coverage,6.519513900646612,11.211798604582263,10,9.9737405449,6665474.38416,6665474.38416,1.00000000,0.98855641,0.97744309,width2_d1_m8,1
6,200,2,124.60671572252762,9.788805794509559,0.4045242519135481,0.2668029264917773,-0.3442805585211286,0.9740446797221802,-0.9120173448641666,-0.04855741898760946,0.33351539600420455,0.5364050039191623,0.06115681599863165,-0.49102325433336497,0.0759027050670737,-0.23613506205530352,stratified_coverage,7.5285122826659645,12.242830582898549,8,9.90276547506,5422116.28809,5422116.28809,1.00000000,0.98986205,0.97965420,apodized_d3_m10,1
6,200,3,126.15982192032166,10.586695186096117,-0.04318396828712734,-1.3218632029434416,0.14674626186143236,0.00814573383933781,0.2046102331962356,1.0824931980157264,0.05943081180537124,-0.2616466805882496,-0.19014024952999198,0.4643425966707522,0.09172813259027851,0.025165382457064622,stratified_coverage,8.440374127964807,13.059584753666984,8,9.76364197109,10468867.3195,10468867.3195,1.00000000,0.99047824,0.98129196,width2_d1_m8,1
6,200,4,124.01690159322297,9.572472604880142,-0.6393677866933449,-0.1848938132987259,1.5187113590365928,0.6277130305479306,0.8466118779120628,-0.6799443785520844,0.22033582565708,0.15807053028384188,-0.22816814669458774,-0.3991988793159985,0.1483904215753618,0.31539957447936245,global_random,6.588452403880019,12.767989041402146,5,8.93725218259,104018.461058,104018.461058,1.00000000,0.99602847,0.95920677,width2_d1_m8,1
6,200,5,123.63725877467431,13.208117808631208,-0.14944043514310057,-0.08904609682884268,0.19573329865126843,0.17105375154506042,-0.04471405736301243,-0.03797157816206731,0.07628862186052843,0.25832199648881843,-0.12975010097029988,0.12464424854214884,0.09975924077826179,-0.0422821530433614,stratified_coverage,12.662267642669885,13.930440261941946,5,8.43916688413,96667.7422724,96667.7422724,1.00000000,0.99975395,0.97786621,width2_d1_m8,1
6,200,6,125.62092593619641,8.447831769165091,0.25501979077609516,0.8237794706872608,1.3766812579405985,-0.14272248098316975,0.27608267313572776,1.0982201128690692,-0.14124789602345889,0.23745781341954975,0.3831367077799406,0.22876728349214737,-0.08524765492593239,0.3365313735203905,stratified_coverage,6.79507911452497,11.799697487234102,9,9.80026362271,7434853.87594,7434853.87594,1.00000000,0.98625996,0.97326323,width2_d1_m8,1
6,201,1,126.89692519866855,9.640480927076355,1.2542290992786342,-1.1178645265050327,1.0978921884730262,-0.17977693114522486,0.6299377402135276,0.49102831127643465,0.467419503524924,-0.6880184042009057,-0.3727068356710205,0.2791689205473932,0.13766378348754288,0.1070497614749783,stratified_coverage,7.431751500565019,12.873370481355611,10,9.71905501539,7051706.49184,7051706.49184,1.00000000,0.98361686,0.96691012,apodized_d3_m10,1
6,201,2,128.34846999105892,10.408712081869895,-0.697101593318864,-0.8159857999261757,0.13978533261717385,-1.677152302964937,0.6969621283052234,-0.9625820220399129,0.1820815261403984,0.020738145595376012,0.3145601066883098,-0.4373174397892327,-0.34255723370995694,-0.17813243286931918,stratified_coverage,6.5506219402584165,13.147908599902316,8,9.61753591084,4299045.94883,4299045.94883,1.00000000,0.97766181,0.95548995,apodized_d3_m10,1
6,201,3,122.03167417087468,11.442321260086437,0.7697797784810665,0.27982730024830715,-0.02976706482180358,0.018891356984794827,0.1707439475708048,-0.09241161919989271,-0.7267596371134446,0.7606498742987482,0.12445378459510659,0.21900159163799815,0.239203681392474,0.07519602424280031,stratified_coverage,9.597303627736975,13.032060804321375,10,10.0865939427,3732425.55213,3732425.55213,1.00000000,0.98990965,0.98170007,width2_d1_m8,1
6,201,4,125.59407437684553,13.316823250696693,0.4849539873962918,0.034885981158494395,0.013761445929873384,-0.1619848367227107,-0.19178262443783342,0.17871433998437825,-0.23330245710932188,0.01829967240214525,-0.03079110771946722,-0.03126750550767746,-0.15602599659701377,0.02684969521754177,stratified_coverage,12.61160805826758,14.149830912998874,5,8.30888315892,95151.2750547,95151.2750547,1.00000000,0.99904825,0.97198825,width2_d1_m8,1
6,201,5,126.97091864281333,8.608153069479055,0.6026495867643145,-0.07085209158846281,-0.16454659389253065,0.9874803543653621,-0.005118701125093134,0.05106765664978596,0.3019552613712966,0.2366830831957511,0.007063370334638709,0.05346784273537666,0.13726602593525195,0.12212551887566234,highQ_anchor,6.693748585799491,10.093357738204075,9,9.70902271569,23453166.565,23453166.565,1.00000000,0.99393460,0.98767175,apodized_d3_m10,1
6,201,6,129.79442489481605,9.468792739031597,-2.0044479400341655,0.9195748921413522,1.005894522170774,-0.5068649122390698,-0.2041222013028564,0.3113746025216495,0.09335055580856344,0.5482981576009671,-0.01802771146584159,0.3669583197476791,0.2543314199427397,0.40672053711355965,stratified_coverage,6.618219593680706,13.048967089756538,10,9.49497998831,4256626.30441,4256626.30441,1.00000000,0.97936756,0.95929032,width2_d1_m8,1
6,202,1,122.9706784531555,10.175448119840551,-0.7062806335886616,0.05496803290423857,-0.8749494010700342,-0.43539260324303486,0.32043872373256144,1.0849178571695233,-0.3337382994609593,0.5624314089118354,0.5013384194347057,0.5285318035867752,-0.2332751793238918,0.25145347533380696,stratified_coverage,7.001459383453167,12.879165931601676,10,10.0203851477,3583151.66068,3583151.66068,1.00000000,0.98369958,0.96858947,width2_d1_m8,1
6,202,2,125.14082268353457,11.13482822914394,-0.09304207077719928,1.0527699798997592,1.4231359955865026,0.21436983528883613,-0.4634266253669972,0.8276893445717746,-0.21848550133745648,0.24609545908680497,-0.04137397115501673,0.015931023351957174,0.3386323435341761,0.09387881973366347,stratified_coverage,8.875065482921665,13.34649541719532,10,9.84162412368,4772321.8083,4772321.8083,1.00000000,0.98723434,0.97544587,width2_d1_m8,1
6,202,3,126.46488262592692,10.838222409774005,-0.2387070392518038,0.8465274689360749,0.5044496294695942,1.3151445064368745,0.41227717394881314,-0.32441185383728044,0.7135287487208188,-0.2674066795837675,-0.5107324265227998,-0.4497924818328575,0.33572819205146837,0.34395853211001665,global_random,7.209446988607856,13.18354435464901,9,9.77402025653,3882593.70672,3882593.70672,1.00000000,0.98240196,0.96667331,apodized_d3_m10,1
6,202,4,129.6942221609448,8.963230708316395,0.6213712538152252,-0.8148261740675153,-0.15288348553648423,-1.3008102246893873,0.7459950654452039,0.2775125974774939,-0.08405885281720327,-0.28765708170280824,-0.09634685349664718,0.14097300972800164,-0.182569741939211,-0.04030458609641735,stratified_coverage,6.624703972028421,11.168017272693076,8,9.49229147102,11559760.2334,11559760.2334,1.00000000,0.98636624,0.97319290,width2_d1_m8,1
6,202,5,122.15085464173688,9.028587688134785,-0.4808371141057435,-0.43556031261371864,-1.7664843695643735,-1.0223392533079583,0.5487737130538535,-0.0747527620000914,-0.11957115608696012,0.26683830781192386,-0.18268161931390858,0.5293180334109056,0.36892740192045564,-0.2389737518944775,stratified_coverage,6.6731106076995585,12.02988800134875,10,10.0880283519,3452201.01163,3452201.01163,1.00000000,0.97936286,0.95950445,width2_d1_m8,1
6,202,6,125.67561504067339,10.063836863754565,1.1416077552676716,-1.1458430794312857,0.4567502617247159,-0.45095887957211733,-0.09281006328414998,0.7567777982926693,-0.6178269241905924,-0.27818988679115264,0.285826426811733,0.009670113360130017,-0.1721690912517974,-0.33090111921884285,stratified_coverage,7.223149199182772,12.035121943450973,8,9.7824150332,3352875.7289,3352875.7289,1.00000000,0.98192301,0.96604942,width2_d1_m8,1
6,203,1,127.40310796120089,11.115867591767845,-0.3792925212308216,0.1653726318957256,1.3049356321575443,-0.06311504909024679,0.06835812398404695,-0.895212502995953,0.6434906636349991,-0.5290005955072605,0.009426796428382955,0.43584340950475964,-0.30829408698315863,0.07928081801747805,stratified_coverage,8.75849096467426,13.197311487895517,9,9.6917686368,5450730.35918,5450730.35918,1.00000000,0.98810640,0.97663925,apodized_d3_m10,1
6,203,2,128.5200187078282,13.389135074553158,0.4592635330024841,-0.6640265471736804,0.5096972073497416,-0.08668145500690794,-0.25570044150759397,0.04086435643368286,-0.12866020884657164,0.17720830358718892,0.023271709780313787,0.07832325640655269,0.12246103680508122,0.14711462086275703,stratified_coverage,11.898826197002457,14.834075313290063,5,8.07852427138,93493.3498937,93493.3498937,1.00000000,0.99761663,0.97163417,width2_d1_m8,1
6,203,3,122.29496000215119,8.986771738603524,-0.21236651265805118,-0.22875212505155962,-0.29867180218802813,-0.9426359935519627,-0.05938551131419989,0.5729265868313591,0.3764261176079391,-0.46254155186834933,0.09865733544669009,0.22550470692158142,0.17831215331251776,-0.18335277380808673,stratified_coverage,6.912932671048447,10.84079649519391,10,10.0858869885,8654153.90792,8654153.90792,1.00000000,0.99213322,0.98432729,apodized_d3_m10,1
6,203,4,124.58744591871877,9.59587529717327,-0.6402291199266708,0.10463059391104723,0.3828964222809257,-1.6253646792101684,-0.9354778518078716,0.5652109416160584,-0.09215297172973658,0.4645773565990803,0.07267982020091424,-0.02301205485514002,0.4314262277128181,-0.44206159815076557,stratified_coverage,7.1259691789482655,12.43436062811655,5,8.93296523477,104239.502282,104239.502282,1.00000000,0.98786748,0.95246741,width2_d1_m8,1
6,203,5,126.36141800450807,10.64714173310051,0.5612712312339059,-0.07957744547420509,1.3169582326069376,-1.1424137650768253,-0.31878238018181004,0.5292189107439202,-0.308716674995876,0.22033989467200787,-0.330968737197904,-0.10486135793769275,-0.05374676947887491,0.4170041025494792,stratified_coverage,8.067105350658284,13.06178785930943,8,9.75120948874,4208121.8805,4208121.8805,1.00000000,0.98519526,0.97131960,width2_d1_m8,1
6,203,6,128.69921282880722,11.19660125986526,0.5782083375990079,0.7506939858326573,-1.1814343075605693,-0.9371364909759075,0.19089944547415816,0.8382665601268655,0.4051462500242513,-0.20384686617965286,0.09699301125681858,0.5059617865937227,-0.15807483905823339,-0.306546655617419,stratified_coverage,7.269420648536494,13.4799103164552,5,8.34810702316,97666.6390703,97666.6390703,1.00000000,0.99919045,0.97526019,width2_d1_m8,1
6,204,1,122.78836238738019,13.259836638097994,0.3250940700618383,-0.7198015465606651,-0.18954959285523582,0.02342768547194163,0.18137807671293982,-0.11829622827300534,0.158431130228684,0.038714380992432296,0.12323485061284278,0.07742886629005996,0.059329086449454616,-0.08128369513919391,stratified_coverage,12.306703615682961,14.274979149799115,5,8.46880236165,97181.7673714,97181.7673714,1.00000000,0.99795062,0.97445524,width2_d1_m8,1
6,204,2,125.65517219047857,10.056787709250209,1.0402488519147313,-1.4778824054528448,0.9789696711884421,0.4143763812584187,0.0874885220577426,0.6287504343539796,-0.22826821738485137,0.3602367714462842,-0.2631243965240543,0.32140666995469314,0.33884969396519543,-0.27563548582640374,global_random,6.554148757801468,12.412182534157425,8,9.79586630627,1854404.44448,1854404.44448,1.00000000,0.97411540,0.94982637,width2_d1_m8,1
6,204,3,123.76630969445668,9.155921891339776,0.24753891489787083,0.2553559513223531,-0.4976173076623822,0.4878825771154711,0.2663699438841498,-1.0230019281381209,-0.1681953321892069,0.2179219916692845,0.22907885643620918,0.21911099493505581,0.35389484911398433,0.39936203059460745,global_random,6.785653964317783,11.090932259726813,10,9.95399730619,3178792.28312,3178792.28312,1.00000000,0.98685384,0.97441522,width2_d1_m8,1
6,204,4,128.13546963195247,10.616306893353732,0.5072083907283602,0.9227651638094643,0.6182785752031956,0.6818732557946883,0.48944483908581526,-0.29778674152804663,-0.13796562706657145,-0.7941030217614815,0.4720356311303233,0.019096440777360835,-0.18098280373837033,0.39548206816444725,stratified_coverage,7.662372562656885,12.83514515643384,8,9.61676688447,3792089.1533,3792089.1533,1.00000000,0.98550952,0.97180366,width2_d1_m8,1
6,204,5,123.69062579945776,11.12729341083782,0.7703125154708834,-0.06298152123276779,0.2214382249238549,-0.6900385968778027,-0.39021934885321186,0.9552819927249065,0.025862828335583843,-0.45631841908019644,0.46029968343619965,-0.3328767501048834,-0.09357843026354373,-0.29702882755673243,stratified_coverage,9.258355117897919,12.98430331477364,10,9.96796130149,5003116.69828,5003116.69828,1.00000000,0.98990308,0.97999676,width2_d1_m8,1
6,204,6,124.50759545120245,13.070853506790854,-0.3156468446254869,0.011378301291579795,0.29369591068481693,-0.49607522057431175,-0.14211410396947705,0.07589631418777443,-0.0940808490882166,-0.06640108829501079,-0.11319437884375803,0.15425665565328867,0.0514181449730132,-0.07677485369219059,stratified_coverage,12.384873523438872,14.30183927087735,5,8.41386883781,96337.4350387,96337.4350387,1.00000000,0.99945879,0.97575790,width2_d1_m8,1
6,205,1,126.84117130309056,8.756050564159809,-0.6112608950391594,0.38992105571863656,0.595182677760792,-0.28928280999337774,1.0912108809631529,0.9002485059619421,-0.400039803905427,-0.3938236476867252,0.2522356155477883,-0.1823391782291265,0.2911603857631499,-0.10942918638082821,stratified_coverage,6.693719527060561,11.7800532627146,10,9.70215439317,6040675.80022,6040675.80022,1.00000000,0.98717877,0.97550195,width2_d1_m8,1
6,205,2,129.34086301941235,9.128918718707874,-1.1319953271358818,-1.0416590555685956,-0.8782647021554777,0.07072133743414266,-0.037198504822797185,0.42611146067678596,0.45386635541904274,0.3060154306772662,-0.4043276965443743,0.11517395592182134,0.4260349651731246,-0.34154432399254064,stratified_coverage,7.0618035850145,11.506875641143562,8,9.54196225321,4598335.15373,4598335.15373,1.00000000,0.98437891,0.96869864,apodized_d3_m10,1
6,205,3,123.95270891097897,10.377245110766461,0.8373031316735484,-0.266337388563302,-1.505072527964241,0.5366143537305585,-0.7243862513712398,0.9518490873883025,-0.32051157451843243,0.13311566757530235,-0.28202949246031,0.085329334727683,-0.36306301403415003,-0.2342686777613908,stratified_coverage,7.877460308938378,13.275193108131234,10,9.93464524403,4045042.91488,4045042.91488,1.00000000,0.98366266,0.96873081,width2_d1_m8,1
6,205,4,127.27606706406101,10.506906478124039,-1.2157983412543498,-0.18317405833911105,-0.8811230997822056,0.42621766451875787,-0.2809111495918156,0.06694937094254483,0.12022215828730842,0.09499136047081902,-0.1962334580694649,-0.17128053911905583,-0.17169306677898183,0.4270450548158629,global_random,7.659254312290527,12.537921212946499,5,8.60612904737,100049.290137,100049.290137,1.00000000,0.99517049,0.97693198,width2_d1_m8,1
6,205,5,126.20298817064501,12.446468422405468,0.5956906527759731,-0.7259913358849122,-0.08248544666399904,0.35449810759747713,0.12197134696355982,-0.014933880454177706,-0.22485551611122345,0.22670999994103097,0.09527747635725031,0.049568832444017163,0.12899316229652255,-0.07468794384310681,stratified_coverage,11.06460465942528,13.536584259912097,10,9.75887383167,5709423.11892,5709423.11892,1.00000000,0.99425554,0.98920689,width2_d1_m8,1
6,205,6,128.07875378180307,8.68522290050557,0.7970194823175825,1.3383394786475011,-0.15625510808590826,1.2452750198119162,-1.0428793780870684,0.14546390760412375,0.758224576781394,-0.1160076772552514,0.17009724365230883,0.16261789600849408,0.19851676680779312,0.1462138303698069,stratified_coverage,6.5435652678231,12.58465721962469,8,9.64909145106,14389882.5661,14389882.5661,1.00000000,0.98409003,0.97295300,apodized_d1_m10,1
6,206,1,122.52144737616119,9.766162598358436,1.811231524566855,0.3384838875006779,-0.7811584305934018,0.28744690844495024,-0.7529406315487396,-0.31460776312338423,-0.2424948521328011,0.43798295150419353,0.3247225647492171,0.3912686793840804,0.25920150090565824,-0.18877547522148697,stratified_coverage,7.367474037847801,12.538080883176569,9,10.0514605095,3127679.65726,3127679.65726,1.00000000,0.98101405,0.96286734,width2_d1_m8,1
6,206,2,124.54255846341033,10.888922490907907,0.04548165352281153,1.4609061395847682,-1.1268759699396167,-0.3538550993980487,-0.5056530720961073,0.8368987890546131,-0.13976220171754916,-0.03921160344743302,0.004299650803781918,-0.35585930309547065,0.10096309571166556,0.18482350607286085,stratified_coverage,8.178767345093682,13.457146322025329,10,9.89470039956,7588666.76064,7588666.76064,1.00000000,0.98773252,0.97585691,width2_d1_m8,1
6,206,3,127.80638177500533,11.3363970681153,-0.19267355211709347,-0.7333820140517116,-0.6102788526062473,0.5496427018860335,-0.07518982880199565,-0.9407819636532313,-0.055590557086354186,-0.2483215338005007,0.37130370988103223,0.012175927235194672,0.10166755236993502,0.29647775316535546,stratified_coverage,9.415796453142645,13.187505242895421,10,9.64357806647,5982808.10845,5982808.10845,1.00000000,0.99206448,0.98435261,width2_d1_m8,1
6,206,4,128.5071252329939,12.250453253029479,-0.32425122555141733,0.3855332598342096,0.6241307962777473,0.5527454110797075,0.15690526909166413,-0.05334887056436699,0.1450910151542219,-0.13258432426398506,-0.09331265181796629,0.06717438719412688,-0.13759558806655536,0.0643025586114312,stratified_coverage,10.428898490870925,13.192547333318213,10,9.58931812928,9675852.57339,9675852.57339,1.00000000,0.99621987,0.99238936,width2_d1_m8,1
6,206,5,122.74681143071184,8.966730150416165,0.9534252202598203,-1.0597920213992167,-0.1847859155195417,-1.3564507044075649,-1.0140442683761868,0.41871228716712405,-0.6508226638246916,-0.3142644712510306,0.02635717662179371,0.06593600338787742,0.082175006169041,0.2770754537435481,stratified_coverage,6.563718620275487,13.266265969206918,10,10.0211060423,5668479.02904,5668479.02904,1.00000000,0.98346915,0.96868880,width2_d1_m8,1
6,206,6,124.08903597199374,9.284181048166605,-1.0463766220547495,1.0693838265325564,0.21411179919097845,0.7805466514942438,-0.7492231639829834,0.7148984951188322,0.4962907812715731,-0.6558111819919527,0.34652061441293025,0.29595153332126223,-0.20960098078573056,0.09177566741988824,stratified_coverage,6.5348874935885615,12.400329464221722,10,9.95076907791,2110650.03046,2110650.03046,1.00000000,0.97809910,0.95756041,apodized_d3_m10,1
6,207,1,123.27098326053957,10.179728131091494,0.23004431682495996,-0.9596329736856988,1.3597261593927794,0.28159033498687003,0.7523677452428088,-0.5111926574086558,0.024844470316719103,-0.2501001456179369,-0.4299112067227263,0.3156365072378421,0.3047161454500487,0.10715889821548502,global_random,8.050031055421353,12.441630302736911,10,9.99727966593,5909334.17106,5909334.17106,1.00000000,0.98660452,0.97366566,width2_d1_m8,1
6,207,2,123.42752960542096,10.436197547859871,-0.9415851324941584,-0.9198565938116798,-1.066586325571917,-1.131446681651109,-0.36105905990616805,0.10755084362353973,0.19280386263186278,0.4607026328763233,0.1515353171643038,-0.41750343441930793,0.030027419720913218,0.2554040268391384,global_random,7.685683249344908,13.435893053424634,10,9.98870858092,6856286.36874,6856286.36874,1.00000000,0.98563451,0.97126374,width2_d1_m8,1
6,207,3,128.20646087956015,9.40510398729536,0.3478900717042275,1.5010968177862662,-0.34682509092705693,0.09117402052696799,1.044136804065392,0.6804020157502706,0.21151481034923525,0.38359321249278366,0.4357498442070623,-0.10057458766017952,-0.15083217961046902,-0.1005755883450627,global_random,6.584614166598557,11.623422146137566,10,9.61796535931,5532522.44636,5532522.44636,1.00000000,0.98367213,0.96707649,width2_d1_m8,1
6,207,4,129.69167337229783,8.256720278279163,1.0623282622044976,-0.21376599778478195,0.2280350541489725,0.005918147199482471,-0.012500123532622268,0.2742794750332507,0.37558126213066456,-0.2141881129107973,0.24085901975462481,0.17869829172673504,0.2370614443740072,0.13777352449188443,highQ_anchor,6.797359794369621,10.435037064477543,8,9.50649039189,16417823.5027,16417823.5027,1.00000000,0.99356315,0.98707964,apodized_d3_m10,1
6,207,5,128.02080368079305,8.45069088198781,0.9235640392634695,-0.7793701606986849,0.6597431108592402,-0.3990030907950426,0.0002955683039141399,0.03243849619776158,0.3086528584715855,0.29986911592245913,-0.031080056850831365,-0.08424601165766615,-0.27459719837336255,-0.12877968868042847,highQ_anchor,6.740080545616544,10.415844446109594,8,9.62954108399,12742290.8756,12742290.8756,1.00000000,0.99131482,0.98213761,apodized_d3_m10,1
6,207,6,128.55675930107716,10.695030599173737,-1.1240380060212125,-1.2425134533951332,0.7802592330619038,-1.4204054412237594,-0.5979961225962339,0.4444786860083543,-0.10085140793881209,0.06233477830649137,-0.3458897763616594,-0.49566866438893264,-0.24137096179312786,0.3906283376917837,stratified_coverage,7.729341921155102,13.364948283609746,8,9.58653950172,2995349.39041,2995349.39041,1.00000000,0.97746340,0.95596473,width2_d1_m8,1
6,208,1,123.31591273397099,11.514189725758056,0.046289651051561354,1.197387145892197,0.6995563953305941,-0.4420991544188906,-0.6432209145900609,-0.7462825220223936,-0.1609355448598928,0.3728210984538065,-0.07816076290839374,0.5139269985745893,0.15558706035653652,0.24805594084957067,stratified_coverage,7.9420944107816265,12.983996796666725,5,8.73914598224,99972.2355833,99972.2355833,1.00000000,0.99784565,0.97162565,width2_d1_m8,1
6,208,2,124.92227315334017,12.541722304923093,-0.06027143800434487,-0.6039386348738374,0.330962728523964,0.06841162651234489,-0.22004680096750148,-0.10191790478935503,0.24605429093793235,0.03858225298047263,-0.17555370698541928,-0.019160675206002203,0.054542757604813946,-0.10296221164988695,stratified_coverage,11.399883575924244,13.646386918636813,10,9.86740984001,6957281.51049,6957281.51049,1.00000000,0.99610693,0.99196196,width2_d1_m8,1
6,208,3,127.92840696531083,8.360093549571332,-0.16619639546481357,-0.3484328907726728,-0.08373823530602853,0.9217903205974374,-0.5231772316414542,-0.726181529958134,-0.5733656361862363,-0.0024277880648948535,0.4737510436317456,-0.21283975185738319,0.2656723719857083,-0.02235697458567526,stratified_coverage,7.01250640640956,10.813514351573891,8,9.61063181014,6787913.7686,6787913.7686,1.00000000,0.99039028,0.98237923,width2_d1_m8,1
6,208,4,128.76287437994293,9.591349601840363,-1.0609523315550415,-0.8864716097162129,0.3065926957240521,0.5233729588874609,-0.7827318564986768,-0.38511549563025516,0.7751912271576775,0.19178075950666373,0.49550121212393217,0.30574456119175264,0.4014258839958265,0.3589248146586554,stratified_coverage,7.082606154869259,12.803588486771485,10,9.60237264599,3270186.76184,3270186.76184,1.00000000,0.98379903,0.97054441,apodized_d2_m10,1
6,208,5,123.95389556818522,10.227703693922738,0.1722408380492535,-0.8410689309526427,-0.9307795300498078,1.3189491779195006,-0.6455398788158708,-0.229839912809379,0.2709288629256552,0.3894745284956609,-0.10996998541223602,0.33360551266754845,-0.0560225849601812,-0.19877729759714707,stratified_coverage,6.775879571421211,12.011121357347784,9,9.95341183219,9411751.67479,9411751.67479,1.00000000,0.98529788,0.97035598,apodized_d3_m10,1
6,208,6,122.20900971427528,10.258983787398009,-1.7954981553129559,-1.2910139513579328,-0.5276959301409165,0.3832270536363127,-0.1748763952557496,1.0231669012258027,-0.163794895407382,0.6767596452184257,0.05891231989946322,0.35924067392521686,-0.3283561823993064,-0.44729837012235685,global_random,6.809158039620644,13.235498182012485,10,10.0856334091,2404236.44549,2404236.44549,1.00000000,0.97219049,0.94579639,width2_d1_m8,1
6,209,1,127.71919175528883,10.10921722650166,-0.025278055466123828,-1.5833644009427263,-0.7247364482616154,-0.5972247980421628,-0.16473550902088774,-0.5540946871013923,-0.5552195729710553,-0.09586132370672451,-0.16359761007829837,-0.4060572875880515,-0.2176111824607016,-0.37520112972160413,global_random,7.064808603072239,12.57594524041098,8,9.63342534135,2727083.44632,2727083.44632,1.00000000,0.98208786,0.96587606,width2_d1_m8,1
6,209,2,128.32872233406806,8.528328043751872,0.08473387960460999,0.28589937369973617,-0.24773381566266295,-0.18852042205490704,-0.9151229786603055,0.0038254979146714607,-0.41793288177412613,0.3070545977288608,-0.06311359056751104,-0.016803085307780186,0.30412603737728333,0.10642922021869244,stratified_coverage,7.11405020108464,10.30834595647522,8,9.58252578812,8582487.7533,8582487.7533,1.00000000,0.99361781,0.98847526,width2_d1_m8,1
6,209,3,122.08197344413263,9.543324974409238,-1.306261367055948,1.838851940630497,0.5501173728884907,-1.2255016091175246,0.42416952041615996,0.6848121368452751,0.7670047400381725,0.09609416603394405,-0.44062654284557334,-0.29406491952803115,-0.1738815841405414,-0.1173479728909434,stratified_coverage,6.525105907778311,13.003513782937604,6,8.90623681122,106766.485437,106766.485437,1.00000000,0.96840852,0.90961074,width2_d1_m8,1
6,209,4,125.55554208429473,10.013333614276053,-0.10650554649087862,-0.8344478910159994,-1.6857213600249539,1.0353476578090988,-0.8375296938744354,0.10609772729599354,-0.04212316914605263,-0.5839663874322263,0.14177247310634622,-0.11794875933451093,-0.08030708959601635,-0.005938715359632474,stratified_coverage,7.339463508554917,12.85320664848441,8,9.8039647665,10332016.9452,10332016.9452,1.00000000,0.98461918,0.97003316,width2_d1_m8,1
6,209,5,126.37902912689019,11.054727682978497,0.7316757696884921,0.34041384037452493,1.0385240821891555,0.9407336720737869,-0.2959903122259826,-0.28257647439028133,0.29102233788622067,0.49007629183306034,0.0921018556284462,-0.1496926074436129,-0.37341156388183616,-0.2191975039715084,stratified_coverage,8.955989765028962,13.41019268270262,9,9.76685156306,3857022.02015,3857022.02015,1.00000000,0.98776076,0.97502677,width2_d1_m8,1
6,209,6,128.4657913276361,12.68306696979578,0.19514246878584585,0.47891910015536965,0.13711801289491088,0.16657973086947342,-0.35040733201955865,-0.3384752554993495,0.2649781301824056,0.11821615771446242,0.15110665749986496,-0.07235669541753886,0.059673507705662904,0.1330578091611003,stratified_coverage,11.568358695266133,13.940820469742821,10,9.59559354822,7773177.45204,7773177.45204,1.00000000,0.99641097,0.99254216,width2_d1_m8,1
6,210,1,128.53823264150395,10.951315880177638,1.0210216957696177,1.4095873897928533,0.368186522148122,-1.142387146484716,0.16571488714131255,-0.23547461064679076,-0.1819971234652037,-0.786966813695711,-0.25520198910614905,0.4203486584148708,-0.020500715168426387,0.07813993407859571,global_random,7.772836548828056,13.344908597074198,8,9.58098733227,8568047.46725,8568047.46725,1.00000000,0.98380783,0.96852761,width2_d1_m8,1
6,210,2,124.10191990024128,9.602835356646779,-1.4328599354694234,0.45141485652229596,0.31022419164962733,1.2205353188730086,0.20951009281389577,-0.45220712487875514,0.6602908745978364,-0.7295666589719803,-0.019146500454413684,0.44935906754276445,0.4103130751468234,-0.07703376426009406,stratified_coverage,6.811677094810314,12.315744438616269,5,8.85331145694,106345.881023,106345.881023,1.00000000,0.97383922,0.90032763,width2_d1_m8,1
6,210,3,126.7355969957177,10.588287220655669,-1.916208899871668,0.26432600994453903,0.5549797989961849,-0.5643164910589322,0.5410127363384847,0.1123865294502513,0.571948703712853,-0.6251806358084333,-0.1314372821820612,-0.45835390216456273,-0.07740004911929688,0.08016387817395071,stratified_coverage,7.683327119850833,13.307018828292797,9,9.74130509428,12669315.9116,12669315.9116,1.00000000,0.98590693,0.97328438,apodized_d3_m10,1
6,210,4,128.50313248270265,8.0,-0.19945522744486013,-0.9443048377965753,-0.5524604575398425,0.1896351258652615,-0.07435704071756417,0.19326368296467153,0.3633646716048361,0.026384506789846288,-0.11569163285938187,-0.0023015565442529103,-0.13034021422185352,-0.1861793698932025,highQ_anchor,6.728771065252529,10.188693025875605,8,9.59266057184,22677995.3871,22677995.3871,1.00000000,0.99480327,0.98948311,apodized_d3_m10,1
6,210,5,123.62171298252991,13.367111699709898,0.10493888975651555,0.6166320102428271,0.10694481816926416,0.12109786503644748,0.21055632469402863,0.36294623788543945,0.18825275569317074,-0.2078813555499738,-0.13197278542532825,-0.04696781698313418,-0.09553046494580608,-0.05128222534674606,stratified_coverage,12.021568206426604,14.212623821488025,5,8.39238264274,96444.1127446,96444.1127446,1.00000000,0.99883148,0.97676893,width2_d1_m8,1
6,210,6,124.77473470024188,8.346680593201926,0.3715179033750289,0.6151361623035236,0.6485249999618807,0.5901083432537881,0.393912232703302,0.10968582260818671,-0.4718228578736808,0.7348206878592902,0.02151837452522254,0.4977896860330817,-0.3848327683150387,-0.030793131992564282,stratified_coverage,6.531619777510784,11.53906103005938,10,9.8570576836,5198214.65057,5198214.65057,1.00000000,0.98891839,0.97941090,width2_d1_m8,1
6,211,1,127.23075804351227,9.710196068877597,-0.29322924331543065,0.23251005749463305,1.359122289843307,-1.2123228571877025,-0.870597298964942,0.043582313277332974,-0.2592308878634395,-0.14342429807996981,-0.05894890073413295,-0.06604491556332709,-0.19704746318424188,0.12231546212820815,stratified_coverage,7.065316529064275,12.375931673103276,10,9.67465771751,770559.447484,770559.447484,1.00000000,0.96968592,0.94035026,width2_d1_m8,1
6,211,2,129.30154854488038,10.14118050504925,-1.2502709740466105,-0.11933890971571959,-0.05690483531305701,0.9511812019656556,0.9169431465462741,0.2967486932299872,0.2001664549230795,-0.29862371776640284,-0.1442378185636679,0.08224827630230758,-0.1570672360140684,-0.24795958223886747,stratified_coverage,7.096344938660173,12.805542097453179,8,9.53835262617,5167319.67272,5167319.67272,1.00000000,0.98745752,0.97434866,width2_d1_m8,1
6,211,3,122.10887133356275,11.039637189121288,-1.041310778438746,-0.95351947580952,-0.5424732328534065,-0.6937690640963061,0.1338817226609672,0.31166549460784077,-0.6532874076616006,0.1868875467263038,-0.3028817850688418,-0.161864066202348,0.1298188858763814,0.3286181707017833,stratified_coverage,8.755597739690389,13.103567506856992,10,10.0816158022,3244682.83381,3244682.83381,1.00000000,0.98541738,0.97269173,width2_d1_m8,1
6,211,4,125.50893621125712,12.592473334941316,-0.16274270214119657,-0.29488640605535543,-0.37523836980304204,-0.09083416641285613,-0.26448897748786926,0.044582451274249424,-0.19827750552796167,-0.24402968539705394,-0.07861166864452472,-0.1859248433038103,-0.104182896038295,0.05687681396903854,stratified_coverage,11.276405865077448,13.447736293110074,10,9.81285030747,5845289.17137,5845289.17137,1.00000000,0.99541025,0.99150091,width2_d1_m8,1
6,211,5,126.00035108050194,10.043846105088974,-1.2221688408352491,-1.610385779936653,-0.7868320659288952,-0.4845685516731615,0.35161165176114517,0.19930016025287567,0.6961298098432984,0.18657857867340444,-0.17763755323668817,-0.3131929552589997,0.39743398096673294,-0.11385796880132587,global_random,6.940554245946694,13.27875957369333,5,8.65920035058,102463.785254,102463.785254,1.00000000,0.98584661,0.96711278,width2_d1_m8,1
6,211,6,128.03276477145056,9.253699740428965,-0.7489031971491302,0.383059005504891,-0.4033321339447533,-0.922372605573323,-0.6562924317676382,-0.16341713958828608,0.11423939080332668,0.09558172454949787,0.30330628334031373,-0.39957574833260445,0.21482124927261498,0.04843877825755316,stratified_coverage,6.851882523456687,10.914248149880802,10,9.6252403961,10211059.5275,10211059.5275,1.00000000,0.99002553,0.97992313,width2_d1_m8,1
6,212,1,122.09922691191807,10.350829059178345,-0.22917199487704587,-0.7604273055466013,-0.23677422681108307,1.5927942787272305,-0.49327546047851945,-1.0259797609094163,0.16102248831661847,0.14492529493471107,-0.49662993147657997,0.042720688911293436,-0.36332740400156965,0.41861366053760446,global_random,7.152855626272775,13.416872742976231,7,8.94880972373,103312.630548,103312.630548,1.00000000,0.99545244,0.96501803,width2_d1_m8,1
6,212,2,129.40136340042906,9.944827070097062,-0.6982323487761495,-0.2655751994018791,1.3723830248326168,-0.4661468029898461,0.09662828254272116,0.49270185707244085,-0.26964444699984225,0.15938326344971043,0.4239499554173317,0.06534299803502674,-0.2725393704118539,0.14323790042987478,global_random,7.864461056290238,12.676021075591839,8,9.51141999287,1317112.83128,1317112.83128,1.00000000,0.97979988,0.96057455,width2_d1_m8,1
6,212,3,127.09421166740393,12.623755429953214,-0.3119996138036625,-0.2865174189858867,0.09019736569638703,-0.45636449796805034,0.06708532504103693,-0.26617407072854216,0.02976181563598973,0.2311258742479843,-0.01933534066476203,0.1213454522404428,0.018314762800814788,0.007982002001154731,stratified_coverage,11.326954617990374,13.350154025003095,10,9.69269509836,20785773.1933,20785773.1933,1.00000000,0.99874518,0.99773659,width2_d1_m8,1
6,212,4,126.41213994245089,10.283911898416964,1.3006790517240665,-0.9033930915368091,0.7592271995759259,0.27409058860022584,0.6818586489229181,0.31460580525667825,-0.7139345481153829,-0.6519515645759397,-0.4516067762892092,-0.09167615937396728,0.25554860632262005,-0.3297773869297783,global_random,7.19284287143623,13.13362038781202,8,9.73075448514,3076283.98404,3076283.98404,1.00000000,0.98074108,0.96391404,width2_d1_m8,1
6,212,5,122.280296670305,9.269463920202385,-0.29251268977681666,-1.9443717638972595,-0.07776082139853191,-1.631896368841622,-0.8864546073500846,0.4572848751860856,0.3153804864791625,-0.4981084752019953,-0.18441565312272556,0.14160926591852385,0.01872488813537193,-0.43286670330609733,stratified_coverage,6.512659000609813,12.89581398990661,10,10.0878281954,3172093.99412,3172093.99412,1.00000000,0.97371517,0.94741849,width2_d1_m8,1
6,212,6,124.6211072938813,10.566487228368764,-1.0075944029854302,-0.4092417801905399,1.3608370473901135,-0.6586737329470715,0.8353035129839346,-0.44469933042650867,-0.7131591490332415,-0.1431327702326144,-0.006310684586543158,-0.3209855308135756,-0.18022377421021846,0.04017994995020935,stratified_coverage,7.844265855743754,12.947009808407334,9,9.87016398627,6875273.60082,6875273.60082,1.00000000,0.98544237,0.97280983,width2_d1_m8,1
6,213,1,124.07993384858949,10.19745885978373,-1.0041114928264483,-1.6581875785498712,-0.18910290072168912,0.8355805664330445,-0.5727342956498215,0.23398369259475116,0.0657590872850502,-0.28812101190182593,-0.01506285827722742,0.44816566717645145,-0.3634127716379588,-0.07702474256739089,global_random,7.035261341512638,12.693598992623397,9,9.93511841693,4349111.16551,4349111.16551,1.00000000,0.98240177,0.96504538,width2_d1_m8,1
6,213,2,128.99305530925693,12.9748952605808,0.5033368537940133,-0.21507762241444128,-0.274200805408445,-0.3308544256345712,-0.004054502676514249,-0.06006466177692715,-0.19508475385274932,-0.0525253253547828,-0.17903708749665045,-0.010290067409225445,0.06271258802035712,0.14318184048274638,stratified_coverage,12.122403381779797,14.319455887340101,10,9.55105702351,3504181.34993,3504181.34993,1.00000000,0.99243640,0.98537183,width2_d1_m8,1
6,213,3,122.64223923459873,8.912311989891537,-1.4807443342803053,0.8615289612728874,-0.46904880882110866,-1.2445732418869686,0.5284095985723938,0.35433127219067884,0.04286786970017731,0.46518379248384245,-0.31629024863757627,-0.19879667788052868,-0.3249540730077541,0.15301483759730722,stratified_coverage,6.792781857060557,12.68627917924371,10,10.052777845,4421134.72051,4421134.72051,1.00000000,0.98289804,0.96582126,width2_d1_m8,1
6,213,4,124.71458718323623,9.044461049580548,0.44546813796085694,1.4599223084541775,-0.371511956920348,0.9984196982783098,0.2722962495663179,0.5037946285727537,-0.7694797266824169,0.30652788932029074,0.037461340004723676,-0.48970976959310425,-0.1702734184926437,-0.31196294965408555,stratified_coverage,6.805398870841838,12.959210128235547,10,9.86392001526,4020036.99053,4020036.99053,1.00000000,0.98381526,0.96958977,width2_d1_m8,1
6,213,5,124.20222902769345,10.480394224153475,0.05999545219705915,0.4716264692245984,1.745127306927529,0.6388789154108812,-0.5734320997226515,0.10873386961965648,-0.5345988039603757,-0.07589571191481836,0.31404988864851224,-0.23903909253305267,0.4171066695089673,0.11043850915021797,global_random,7.5131523055160185,12.540992505377199,10,9.90639371106,3418573.68814,3418573.68814,1.00000000,0.98060836,0.96344143,width2_d1_m8,1
6,213,6,129.19850512582795,11.456653338307905,-0.814844729733964,-0.01404725225539405,-0.5970779189371951,1.3778274627250473,0.15824014920984086,-0.22612908109378105,0.5278627793100126,0.1965546237069704,0.3943343724811639,0.2760725506491982,0.23285060545554742,0.21431723360553817,stratified_coverage,8.344744258166426,13.465914181973794,9,9.55578111758,6630530.35794,6630530.35794,1.00000000,0.98917549,0.97893272,apodized_d3_m10,1
6,214,1,128.3385971375265,10.377036540787703,-0.21920711035873497,1.2401154751941106,-0.8898115897396067,-0.2500569472171774,0.5366315529365484,0.4251180857757153,0.11515512742700551,-0.040246511686353736,-0.40569248332516084,-0.1473530379455007,-0.3634243061484326,-0.4306540589030655,global_random,8.298353143693529,13.413219120252707,8,9.61123921754,3378280.29836,3378280.29836,1.00000000,0.98702913,0.97402700,width2_d1_m8,1
6,214,2,124.33129684885172,8.776465565611659,-0.36631624549496733,-1.1249118923128374,-0.046910584398889954,-0.20511090634418339,0.1254328530398896,-0.6954150335389194,0.3670139110802493,0.3014433543786257,0.13096593000773205,-0.4580116913681646,-0.2205083884732559,0.04739745186899019,stratified_coverage,6.747529659293013,10.937272591892691,10,9.92151536616,12015614.7998,12015614.7998,1.00000000,0.99073872,0.98182548,apodized_d3_m10,1
6,214,3,126.54552633537156,9.053085974611653,0.8333458672561171,1.1783055253660706,0.357787298634906,1.0528016774155262,-0.13412498838518627,-0.3222820868929387,-0.46692945194718194,0.7789066563171179,-0.15069198585970034,0.23381212391207895,-0.44015372816047155,0.15418664884603578,stratified_coverage,6.885031055080686,12.727882544229237,10,9.72301055429,4353267.79256,4353267.79256,1.00000000,0.98365800,0.96887365,width2_d1_m8,1
6,214,4,129.8162756891987,10.974454137167175,-0.24580700739772188,0.03270333369269629,1.6726722007644386,-1.4858526789812976,0.6732643022068059,-0.6454063260418339,-0.4326321609938679,0.013070101881154983,-0.08142993231558804,0.4679702110476993,0.4120972704342815,-0.33148761598185483,stratified_coverage,7.252491046323383,13.487066792719283,9,9.48770131393,2870925.88294,2870925.88294,1.00000000,0.97527807,0.95253729,width2_d1_m8,1
6,214,5,127.8312996397387,8.192677462668458,1.5502421003781977,-0.6026292076196955,0.993900804027964,-0.8946521377473157,0.3204196298765325,-0.6831261773276643,-0.18909025019219639,-0.6796864211794784,-0.41317382499991295,-0.28791190518215887,-0.016374409909843513,-0.008516935509187973,global_random,6.797709061987848,13.112811552001567,8,9.62757642502,10892851.3233,10892851.3233,1.00000000,0.98677830,0.97433918,width2_d1_m8,1
6,214,6,124.83122465915477,13.00637247330422,-0.5313955816047128,-0.3150797856440347,0.07711868817300405,0.1454580865808367,-0.32307797556893936,0.16903322298264345,-0.1546049602210361,-0.09689496101016029,-0.046176492555091486,0.06359659903696302,-0.1453090091268289,-0.12964229467597366,stratified_coverage,11.877637744893192,13.996029674545765,5,8.40509528107,96390.924258,96390.924258,1.00000000,0.99815301,0.97222603,width2_d1_m8,1
6,215,1,122.01699635422196,8.280613685363374,0.3031062791524919,0.07168017237116997,0.25536407110706993,0.45211471978685824,0.36326122793090043,-0.43346787094059047,-0.09182037319872605,-0.15306228411056055,0.30714379540823655,-0.5160779156003652,0.15887006900834816,0.23163250222110926,global_random,6.709562601518304,9.707066306622881,10,10.0906924738,7249916.1242,7249916.1242,1.00000000,0.99341474,0.98733161,width2_d1_m8,1
6,215,2,129.89693752197172,9.110338968424244,-0.8205785710941025,-1.6481263647471618,-0.5190492686640729,0.3740360365990558,-0.09780387969890647,-0.40487418126740293,0.27975750133966737,0.7366667962654889,0.2799495442845109,0.28239093845487506,-0.04151935785969857,0.19036012368545535,stratified_coverage,6.595274797920974,11.758392706684884,8,9.49602449199,11745581.5738,11745581.5738,1.00000000,0.98590624,0.97191633,apodized_d3_m10,1
6,215,3,123.62142247184863,10.69298896360256,-1.0920888611393673,-0.21573162838721793,0.1719244024879334,-0.6922305050809707,0.07186050192062932,-0.1932415731527347,0.7121452191164417,0.5150614559909596,-0.02221728296476766,-0.11780131307986802,0.3282577397341578,-0.04451158300950958,stratified_coverage,8.297555841552304,13.010734426508197,10,9.98919786791,7825938.85299,7825938.85299,1.00000000,0.99162485,0.98502389,apodized_d3_m10,1
6,215,4,124.19118249638122,11.090660052965086,0.3010353153382246,-0.5601072425176552,-0.5064225813053826,-0.911344574594976,1.029733914938757,-0.4210076894332603,-0.3746456604128248,-0.1950434825640357,0.07472469539939541,0.2701404193758793,0.2911810607971956,0.383888248878359,stratified_coverage,8.70082175615508,13.078872121216033,10,9.92949344829,2507524.9644,2507524.9644,1.00000000,0.98419025,0.96932427,width2_d1_m8,1
6,215,5,126.55651777641017,12.922400123732267,-0.6816488148211913,-0.09616922222730839,-0.528985870419812,0.07170415916426587,0.3725611429317317,0.3121977164270361,0.17888912411980695,0.047078703890465756,-0.04465873877660875,0.15794433879391195,-0.12493914260134317,-0.020278312877774957,stratified_coverage,11.682318467625594,14.206310201902348,10,9.74010809809,4117462.34193,4117462.34193,1.00000000,0.99283991,0.98549944,width2_d1_m8,1
6,215,6,129.2203508955754,8.990490626361057,0.9299193069355556,0.6143159712287107,0.6104117564627545,-0.4635419099177971,1.0993265662218707,-0.2793348205866326,-0.36644748732242277,0.686492162439782,0.02959537811118318,-0.24589591970357982,-0.3334016395592543,0.07788991578912147,stratified_coverage,6.609365600815545,11.185407658029366,8,9.51957283929,5126147.72979,5126147.72979,1.00000000,0.98435647,0.97020116,width2_d1_m8,1
6,216,1,123.03444103053589,9.872446151923874,0.3724643894729418,-1.2304577516750133,0.5121685581514688,-0.08292663185838656,-0.9199054947253404,0.47473615187784746,0.47488572215136915,-0.4385120405441363,0.07173388822898119,0.025355204606910875,0.13188284787150079,-0.09580692541127078,stratified_coverage,6.896666822926716,11.758140491135546,9,10.0228137013,9941055.32184,9941055.32184,1.00000000,0.98747862,0.97500103,apodized_d3_m10,1
6,216,2,124.05068629745794,10.16940382997797,-1.0844555697076468,0.7232896956562556,0.6736217498828097,-1.4862090928994196,-0.8135982853047626,-0.212919214608848,0.35578845505933043,0.11932776921288579,0.1047560087498669,-0.009200355487657075,0.04230763272457694,0.08238664860911943,stratified_coverage,7.339901906476246,13.177220649747841,9,9.93938924371,18330892.2319,18330892.2319,1.00000000,0.98653947,0.97266326,apodized_d3_m10,1
6,216,3,126.96154543988376,11.07953356107096,-0.4537852404790075,0.9232840578810722,0.22688963358147185,0.1274813004953801,0.780791409977412,-0.10863142041132678,0.3283004851814104,0.13369925863934795,0.20663781544885196,-0.2927190393691543,0.17993487034695427,0.06820163245791827,stratified_coverage,8.834274239909485,12.951919060997172,9,9.7129308531,12600064.9209,12600064.9209,1.00000000,0.99441936,0.98826572,width2_d1_m8,1
6,216,4,129.8041193324839,12.970373022190987,0.5051521489065887,0.32055243559770186,-0.4343404201011912,-0.02570951725015025,-0.1480601627001697,0.05916329844987267,-0.0341942935575662,0.17150829004418394,-0.1700397974767326,-0.1901604502697976,0.03709710065948743,-0.00174812328577037,stratified_coverage,11.990579006770393,13.981611796329602,10,9.48999688633,15049609.0671,15049609.0671,1.00000000,0.99811629,0.99660471,width2_d1_m8,1
6,216,5,122.12888728221269,8.856936661864054,-1.46105535695775,0.6576173940966759,-0.3398672811624701,0.05218988229550203,0.8863751103359621,0.15412352167830212,-0.5507949072993394,-0.5925669989925949,0.4224380170712434,0.31157629453974156,0.3550197264019907,0.33333366779772206,stratified_coverage,6.775110493673871,12.023267516125621,10,10.0850775414,3012424.18509,3012424.18509,1.00000000,0.98188954,0.96520030,width2_d1_m8,1
6,216,6,124.15148008457588,9.339507162129276,-1.41917078673922,-0.6307045995183345,-0.31784329503814734,0.07714567263741645,-0.2941082194972281,0.9501152390029848,-0.2604968032250664,-0.5428010616868228,0.12154776228846198,0.3646241838161247,0.23840876700426955,0.08430313585201349,stratified_coverage,6.857658288578052,11.819853722667927,10,9.91410324563,1711729.84056,1711729.84056,1.00000000,0.97936920,0.95986617,width2_d1_m8,1
6,217,1,128.26444751311033,9.523929468730282,-0.7268448095845679,0.4940059020142056,-0.3745960210715289,0.058709526242854526,0.8843977964375787,-0.41944016007210083,0.5900292925688493,-0.006529053704493415,-0.18647045472203033,-0.5389977624238499,0.34511547113778923,-0.3180499246410311,global_random,7.026119769159708,12.302386790166624,10,9.63449797788,2053500.25223,2053500.25223,1.00000000,0.98425194,0.97027788,apodized_d3_m10,1
6,217,2,124.69583106936115,10.778258488596212,1.0171303404827765,1.2681450561646983,1.2874898333888953,-0.7633740006507908,0.19382042739810723,0.5152244070409875,-0.670705361643862,-0.6760189620010639,-0.24617242764579778,0.10177061860280934,0.1412671939203019,-0.3541775249719962,global_random,7.824104831916633,13.168220320375656,9,9.86926303632,3776221.3739,3776221.3739,1.00000000,0.97962554,0.96133529,width2_d1_m8,1
6,217,3,123.01404274328982,13.029307746316952,-0.2653741614230526,0.5383632100461146,0.4835918616778735,-0.05072530535369657,0.3681837850262357,-0.2874484154994993,-0.24165656897349264,-0.19580366047267034,0.06057352689669837,0.15455829207512856,-0.09700413759503788,0.13070787965617467,stratified_coverage,11.150387329623959,14.126003045856011,5,8.53838670822,97282.6164697,97282.6164697,1.00000000,0.99884835,0.96984947,width2_d1_m8,1
6,217,4,125.71285104803661,8.87214175719389,-0.04861369306068575,1.8728458180953007,0.29955666354175103,-0.7735040749179753,0.0767586898912036,-0.17258470780309143,0.5735397514549103,-0.4545493400422975,-0.1557527661358621,0.027326612985236753,-0.22114929329457128,-0.3996010004662102,stratified_coverage,6.517730123162252,11.659169073367545,10,9.81985124659,7520193.36228,7520193.36228,1.00000000,0.98161126,0.96482857,apodized_d3_m10,1
6,217,5,129.43989097100823,8.995376489198994,0.19417569809378277,-0.33836072685780905,1.2365044307316404,-0.019636019982308905,-0.1532700041189483,-0.41956075167684426,0.2983618628578948,-0.14631825762365502,0.25454818222351905,0.3413773670436473,0.3428146103957808,-0.3112870630378829,global_random,7.099839688543977,11.269343752919669,8,9.52457300159,7076431.12086,7076431.12086,1.00000000,0.99045498,0.98063258,width2_d1_m8,1
6,217,6,124.0152107113039,8.60193331072203,0.17151524464906176,0.0991057447560828,0.2991445688100789,1.197586662435574,-0.5097974961684325,0.8959618362834105,-0.12121654527945869,0.015047364430709864,-0.2748848172123809,0.24230043928626444,-0.23416607916485746,-0.20121460747828593,global_random,6.656149342661362,11.729515738665535,10,9.93322933322,8569071.16892,8569071.16892,1.00000000,0.98995009,0.98016994,width2_d1_m8,1
6,218,1,125.63004496637454,9.00407332034129,0.7165518383254654,-0.9203906032202853,0.16781729537470258,0.6408463687501509,0.025153285726861707,0.24321008857893234,0.2156977234342219,0.3921087060153641,-0.23110741816527464,-0.11977744981690586,0.07852232320594249,-0.24279051059019607,global_random,6.709675034308887,10.351023346482206,10,9.811535359,9787260.68157,9787260.68157,1.00000000,0.99071247,0.98102831,width2_d1_m8,1
6,218,2,128.62534401330348,10.141571564628313,0.6714187405679928,0.8043546292611179,-1.0589085580272752,1.0778476814901021,0.25816136471981443,-0.04782494525296355,0.06538773897336425,0.3772674738217119,0.342667314012994,-0.1905193344513802,0.029047464989415295,0.2660403150351081,global_random,7.184629234027052,12.690832499964012,8,9.57681949571,6559092.59836,6559092.59836,1.00000000,0.98654691,0.97342462,width2_d1_m8,1
6,218,3,127.33815193719354,8.939381430551178,0.2946985964112101,-1.235465680745621,1.6157900209168947,0.04088777808976474,1.0030226353348288,-0.24556633621836765,0.41146367553029206,-0.6935544500437358,0.17338853948284716,0.04533650622362473,0.05579631166848059,-0.1382407807236405,stratified_coverage,6.710890519835036,12.928702351399908,10,9.68073545589,14432830.3281,14432830.3281,1.00000000,0.98198123,0.96367170,width2_d1_m8,1
6,218,5,123.3319476617185,10.239091238293273,-1.692639474152728,-0.47938446994349126,0.4864570036456428,-0.10224954795758445,-0.036033813405411674,-0.36680357679723175,-0.6261245321790243,0.547795480249117,-0.1651872060971944,0.4712634861079761,0.15867825370558036,0.09599989403603354,stratified_coverage,7.993043714153247,12.760346833211077,9,9.97391737853,6164169.22812,6164169.22812,1.00000000,0.98642160,0.97470208,width2_d1_m8,1
6,218,6,124.71021149442473,11.494209687527363,-0.10079208655147864,-0.5685115143202861,-0.06497155754021766,0.18156519631851675,-0.8594400958393812,0.26032067917938617,-0.052294810511715695,-0.4258599347147561,0.4528955450478207,-0.424018416229464,0.10705049797484673,-0.2381196102784327,stratified_coverage,9.440809766707641,13.179992102273513,10,9.8849551722,4785999.23119,4785999.23119,1.00000000,0.99145979,0.98333230,width2_d1_m8,1
6,219,1,127.29289298531783,8.0,0.37088707214910427,-0.36972306120520776,-0.020733615081892726,0.45374928827356575,0.33250789978554296,-0.32470982277907606,0.190349807145514,-0.05746654262110519,0.06769511334797783,0.04697460977973488,-0.17577194754476913,-0.1009423370552414,highQ_anchor,6.748092574305745,8.914882025729142,8,9.67911355364,20682034.6229,20682034.6229,1.00000000,0.99643751,0.99242967,width2_d1_m8,1
6,219,2,128.00942633083335,8.988777698327324,1.0266508812821415,-0.5406977084899185,-0.2415455934611639,0.9158094065175268,0.14055607219317579,0.4219330485878552,0.27609225295495676,-0.1869410175380226,-0.4486916418095886,-0.5300570604538939,0.12329287861430632,-0.046785222464536425,stratified_coverage,6.579406590610288,11.23280211541978,10,9.63354108169,10719951.0452,10719951.0452,1.00000000,0.98889617,0.97726281,width2_d1_m8,1
6,219,3,128.4245955185613,10.378886088788066,-0.7700821937887976,0.5967180662856513,1.1160622832042575,-0.6874636038881263,-0.42519344582167995,0.850279170461469,-0.46163115580142,0.310385294699453,-0.11542326769417965,0.09844301972709713,0.12735680176423597,-0.26205902724499275,global_random,8.154560568662546,13.411447068034244,8,9.57845834378,6630096.57257,6630096.57257,1.00000000,0.98865264,0.97880120,width2_d1_m8,1
6,219,4,124.80412167460688,10.933690674432803,-1.9309910672343715,0.07161476877293449,-0.9990734490578553,0.8972186619241447,-0.06965999378527732,0.6347464411045622,-0.370041989358826,0.45195472231245626,0.019128906308209515,-0.32157607009666445,-0.07916083397289786,0.3140154360857062,stratified_coverage,6.663167236113236,13.112826122775576,10,9.86361674494,4308171.16377,4308171.16377,1.00000000,0.97441859,0.95058692,width2_d1_m8,1
6,219,5,129.25104611717643,8.648729823184892,0.8159337115376192,0.4821057553329455,0.31055384911860295,-0.0028791901565031752,-0.18231398365116033,-0.01730985265069912,0.4132712869652064,-0.18895481439542805,0.26623743911057063,0.13815247640605388,-0.169060442740199,-0.06443557820739895,highQ_anchor,7.255773852688523,10.103351683525533,8,9.53988407973,21180175.6906,21180175.6906,1.00000000,0.99509325,0.99041024,apodized_d3_m10,1
6,219,6,128.65980610870352,12.399710782552063,0.7337291148656198,-0.2385292596303067,-0.0525811588617775,-0.032138821321734734,-0.3819032361040769,-0.1854011068941488,-0.2496339806315322,0.19936948975818458,-0.021485791988866354,-0.12991586870022967,-0.11058997644930056,0.1483743700803117,stratified_coverage,11.170023024076478,13.844005581882353,10,9.5723885827,6378659.15699,6378659.15699,1.00000000,0.99530097,0.99130627,width2_d1_m8,1
6,220,1,122.2215858344354,8.40406859621684,0.6719757246150211,-0.29719936218408916,-0.31362667149030443,-0.7579473154641228,-0.840975404946743,-0.1373097959753975,-0.1078420961460822,0.6664246587650704,0.5168134822725372,0.17021192018382558,0.31085623962308967,0.24687433053710833,stratified_coverage,6.58923103369789,11.999361586715796,10,10.0826880913,5574922.79529,5574922.79529,1.00000000,0.98968604,0.97970304,width2_d1_m8,1
6,220,2,125.62019918623659,9.888639618738434,0.2873773486107165,0.5854202344418789,0.5716667010476637,-0.5208543174217639,-0.19596672723992425,-0.5705727557693235,0.579279217905244,-0.09566777502776047,-0.23360335740974503,0.2576159448906896,0.33283264883501745,0.23787277837642756,stratified_coverage,8.119460638299408,11.51461092256531,8,9.82504663093,4477450.20291,4477450.20291,1.00000000,0.99064560,0.98194410,apodized_d3_m10,1
6,220,3,126.761836338562,10.259254908444781,1.2717942371506457,-0.8443348620957782,0.34565213937957107,-0.4676738141482746,-0.22852394088269412,-0.2003770259316182,-0.7870518845620134,-0.011815140190644335,0.3159250544790041,-0.1995323477610072,0.4368653963060564,0.29865385605384126,stratified_coverage,7.579529385764341,13.339258049862087,8,9.70581880313,2630126.02929,2630126.02929,1.00000000,0.98367816,0.96956318,width2_d1_m8,1
6,220,4,128.8239021261705,11.077202393946171,-0.6431248553457067,1.7421580088404425,0.29474737485405034,0.3774899520427424,0.19991754125206906,-0.12249875075192418,-0.0709055432328487,0.6777741768234997,0.5428457992819322,0.28170744414443005,-0.20261637775912014,-0.2578284204287289,stratified_coverage,8.056688515817722,13.191524790409616,8,9.5683794642,4773674.05822,4773674.05822,1.00000000,0.98414758,0.96887636,width2_d1_m8,1
6,220,5,123.78354134753587,12.621410437151726,0.3902862798327913,0.24953960030043687,-0.29168456032175705,-0.062379699339937034,-0.3201035857668171,-0.27291353509835675,-0.12532357359765373,-0.11117256339508824,-0.0764102223082658,-0.03172967254428982,0.10343242712833997,0.09556362829340834,stratified_coverage,11.975036547164546,13.758913928560567,10,9.9545763615,2581076.08138,2581076.08138,1.00000000,0.98993123,0.98015494,width2_d1_m8,1
6,220,6,128.08907298439152,8.74707044305071,0.17985037776346757,-0.5804866401953467,-0.40451074897775574,-0.04678379780487747,0.051887841281745825,-0.28428253136018655,0.387618767729817,-0.1261043774780271,-0.3663458799724393,0.02910066070975952,-0.03264645335364772,-0.034398255134086016,highQ_anchor,7.3010557969595675,10.061668371662805,8,9.62627941155,25924242.8225,25924242.8225,1.00000000,0.99685307,0.99386894,apodized_d3_m10,1
6,221,1,127.22037601437769,9.986602794214065,0.6059684900748841,-0.12852868268845796,-1.2253437676597447,-0.1341531306963617,0.00901555363176021,-0.2284498532553314,0.5999752985325362,0.6857512441738083,0.040677918678896585,-0.3466069007060477,-0.42233005572183463,0.340202419318457,stratified_coverage,7.226583298275747,12.52357199916713,5,8.6478290884,101821.05585,101821.05585,1.00000000,0.99839829,0.97071938,width2_d1_m8,1
6,221,2,128.29429379413452,10.180849849502653,1.0078147901746188,-0.27618593728692375,-1.0998436018056745,-0.6774327749147047,0.5769975693188387,0.6974329954179861,-0.025016345725127787,-0.007578438349316152,0.24314575723964893,-0.22909051761742893,-0.125247857698789,-0.06560841691390085,stratified_coverage,6.964138817879541,12.696446251218468,5,8.60070188085,99754.3673013,99754.3673013,1.00000000,0.99730584,0.97753012,width2_d1_m8,1
6,221,3,122.96923967381333,11.244192618485947,0.19146101762144552,0.759585602855541,1.0750937066336046,1.1098597216283148,-0.12669492483195266,-0.8476540450032684,-0.2405566685429127,-0.29895183419340554,-0.35637820673001097,0.09896614628927547,-0.17805561385056967,-0.019618601994171037,stratified_coverage,7.823024737363164,13.019708288840953,10,10.0147988686,6328035.52643,6328035.52643,1.00000000,0.98581396,0.97264981,width2_d1_m8,1
6,221,4,129.6109813483298,9.767097045129601,1.2859489415423977,0.27816965272103333,0.6029310592678574,-1.2561986183107032,-0.2794973621176655,0.3984136229621782,-0.20416928839663662,-0.16967084938612564,-0.4079198782257967,-0.36755510280343895,-0.293794248069676,-0.033018003114006544,global_random,6.580595485304875,12.812493179214217,10,9.50881423028,3009262.06097,3009262.06097,1.00000000,0.98220159,0.96467129,width2_d1_m8,1
6,221,5,127.92758353817169,8.935862372539553,-0.7229068243633237,-0.04008871643988465,0.201110104487898,0.6500951283629492,0.9211196065991722,-0.47066321233138586,0.5641508891252789,0.6096881245303214,0.45173851594697956,-0.1423858256508495,0.016646664720216586,0.20989793213533176,stratified_coverage,6.692739736405796,11.437753351999293,10,9.65413925735,9193155.45185,9193155.45185,1.00000000,0.98903130,0.98029748,apodized_d3_m10,1
6,221,6,128.4519019047573,9.047446757161243,0.16133190601889558,0.4749257474518891,0.9667066337975176,-1.0858644405324398,0.5617689316769736,0.5689741118507121,-0.5832034575493236,0.48850396700019405,-0.07065096245786373,-0.13603371669829334,-0.029532482454657172,-0.019579222640612515,global_random,6.524821358930542,11.786976995390875,10,9.56916492914,9102152.39557,9102152.39557,1.00000000,0.98688888,0.97551390,width2_d1_m8,1
6,222,1,123.0360138555846,10.999764083934588,0.31688658905537803,1.5973654513312172,0.3886968954977619,-0.04020627990802672,0.8386965404935267,0.3701194050338521,0.16600541743282515,0.12845792741894613,0.02775234778758595,-0.24732615323774593,0.10528868445470446,-0.20830346645515904,stratified_coverage,8.545364588727058,13.24761280591019,10,10.020648146,8054537.75347,8054537.75347,1.00000000,0.98993364,0.97968063,width2_d1_m8,1
6,222,2,124.06722007126181,11.01697279643525,0.8251675390990831,-0.6888919075522086,-1.1771105708288099,-0.17627018396803962,0.9312893138960345,-0.704950524530296,-0.0819337551850261,0.6172265821381389,0.17456877434226303,-0.1278987155939515,0.15700631513093194,0.3941456270073153,stratified_coverage,6.814986162252884,12.586067623131886,7,8.76957390113,100861.331254,100861.331254,1.00000000,0.99699756,0.97380143,width2_d1_m8,1
6,222,3,126.8121249361254,13.46538086661184,0.12291637385064369,-0.3534234580211447,0.35425310976516766,-0.5864478690225672,0.1266690692100534,0.2667109710326053,-0.09500369559729133,0.24314880958232804,-0.06130512005031091,-0.027233981049810563,0.11876266216842571,0.025212324612161635,stratified_coverage,11.968998955260327,14.377331630318663,5,8.18447913796,94181.824049,94181.824049,1.00000000,0.99929808,0.97540376,width2_d1_m8,1
6,222,4,128.00606187702272,8.52122777265428,0.06207647277172379,-0.6532624574167882,-0.7108104995343507,-0.5541980505655282,0.4530338454593028,0.5758991558182749,0.033986182121696684,0.781705029658029,0.10872832988565817,-0.10717604326162,0.24326408562146545,-0.2135323717511434,stratified_coverage,6.708177684376032,11.192426707755589,8,9.62122075149,8524074.80301,8524074.80301,1.00000000,0.99056070,0.98133795,width2_d1_m8,1
6,222,5,123.04854113100868,9.891056717218294,-0.009680419403723661,-0.9372315261463617,0.38040721851720494,1.211331253787882,0.5011156457648884,0.5412176332558307,0.6168613076606189,0.7491660933109727,-0.00045306571114756,0.4251019368168465,0.02360715252549611,0.06986763525403489,stratified_coverage,7.743231546759969,12.754784070915827,9,10.0334012459,12110595.8597,12110595.8597,1.00000000,0.98857832,0.97885592,apodized_d3_m10,1
6,222,6,127.57052739176773,10.366699284439743,1.6089169612305945,0.1675404491365402,-0.5381213259631519,0.5983281909744178,-0.3498912583526831,1.0828551761094771,0.30364396494180346,-0.46931509415038486,0.04701898101786728,0.3188890549391378,0.23272599337725935,-0.062687243542562,global_random,7.012716415722259,12.792417211368715,8,9.66866812571,6231685.35909,6231685.35909,1.00000000,0.98396651,0.96747985,width2_d1_m8,1
